0 1 0 0 0 0 0 0 0 0 1 0 1 0 0 0 0 0 0 0 0
1 0 1 1 2 3 1 0 0 1 1 0 1 1 f 2 f 8 f 3 f
2 0 1 3 3 4 1 0 0 1 1 0 1 8 f 8 f 9 f 4 f
2 0 1 4 3 3 1 0 0 1 1 0 1 9 f 8 f a f 8 f
3 0 1 3 4 0 0 0 0 1 1 0 1 a f 9 f 0 0 0 0
4 0 1 0 1 2 1 0 0 1 1 0 1 0 f 1 f b f 2 f
4 0 1 1 2 3 1 0 0 1 1 0 1 1 f b f c f a f
4 0 1 2 3 4 1 0 0 1 1 0 1 b f c f d f 9 f
4 0 1 3 4 5 1 0 0 1 1 0 1 c f d f e f 5 f
4 0 1 4 5 6 1 0 0 1 1 0 1 d f e f f f 6 f
4 0 1 5 6 7 1 0 0 0 1 1 1 e f f f 0 0 0 0
4 0 1 6 7 0 1 0 0 0 1 1 1 f f 7 f 0 0 0 0
5 0 1 0 0 1 1 1 3 0 1 1 1 0 f 0 f 0 0 0 0
5 0 1 0 0 2 1 0 0 1 1 0 1 0 f 0 f 3 f b f
6 0 1 1 6 3 1 1 4 0 1 1 1 1 f f f 0 0 0 0
6 0 1 5 6 7 0 0 c 1 1 0 1 e f f f 0 0 0 0
6 0 1 7 6 5 1 1 8 1 1 0 1 7 f f f 4 f e f
6 0 1 5 5 3 1 1 2 1 1 0 1 4 f 4 f 8 f c f
6 0 1 3 7 1 1 1 a 1 1 0 1 8 f 7 f 2 f 1 f
6 0 1 3 7 4 1 0 b 1 1 0 1 8 f 7 f a f d f
6 0 1 2 1 2 1 1 9 0 1 1 1 3 f 2 f 0 0 0 0
6 0 0 7 2 6 0 0 5 0 1 0 1 0 0 0 0 0 0 0 0
6 0 1 2 0 4 1 1 5 1 1 0 1 3 f 0 f 9 f a f
6 0 1 3 4 5 1 0 6 1 1 0 1 8 f 9 f 5 f 4 f
6 0 1 6 2 6 1 0 6 0 1 1 1 f f 3 f 0 0 0 0
6 0 1 0 7 2 0 0 f 1 1 0 1 0 f 7 f 0 0 0 0
6 0 1 2 4 5 1 0 4 0 1 1 1 3 f 9 f 0 0 0 0
6 0 1 1 5 2 1 1 6 0 1 1 1 2 f 5 f 0 0 0 0
6 0 1 6 2 6 1 1 b 1 1 0 1 f f 3 f 6 f f f
6 0 1 1 4 5 1 1 e 1 1 0 1 2 f 9 f b f 5 f
6 0 1 4 3 0 1 0 c 1 1 0 1 9 f 8 f e f 0 f
6 0 1 4 6 7 1 1 c 0 1 1 1 9 f 6 f 0 0 0 0
6 0 1 0 3 6 1 1 1 1 1 0 1 e f 8 f c f 6 f
6 0 1 2 1 4 1 1 d 1 1 0 1 3 f 2 f 1 f 9 f
6 0 1 2 3 0 1 1 a 1 1 0 1 3 f 8 f d f e f
6 0 1 1 5 1 1 0 6 1 1 0 1 2 f b f a f 2 f
6 0 1 0 4 3 1 0 c 0 1 1 1 d f 1 f 0 0 0 0
6 0 1 1 4 7 0 0 1 1 1 0 1 a f 1 f 0 0 0 0
6 0 1 3 6 1 1 0 c 0 1 1 1 8 f c f 0 0 0 0
6 0 1 5 2 2 0 0 5 1 1 0 1 b f 3 f 0 0 0 0
6 0 1 4 5 2 1 0 6 0 1 1 1 1 f b f 0 0 0 0
6 0 1 1 5 7 1 0 1 0 1 1 1 a f b f 0 0 0 0
6 0 1 7 7 4 1 0 4 0 1 1 1 7 f 7 f 0 0 0 0
6 0 1 0 3 0 0 0 3 1 1 0 1 d f 8 f 0 0 0 0
6 0 0 1 1 4 1 0 b 0 1 0 1 0 0 0 0 0 0 0 0
6 0 0 5 1 6 1 0 5 0 1 0 1 0 0 0 0 0 0 0 0
6 0 1 7 3 6 1 1 4 0 1 1 1 7 f 8 f 0 0 0 0
6 0 1 7 7 7 0 0 f 1 1 0 1 7 f 7 f 0 0 0 0
6 0 0 4 3 4 0 0 f 0 1 0 1 0 0 0 0 0 0 0 0
6 0 1 0 4 0 0 0 9 1 1 0 1 d f 1 f 0 0 0 0
6 0 1 4 6 6 1 0 e 1 1 0 1 1 f c f 4 f c f
6 0 1 2 2 7 0 0 2 1 1 0 1 3 f 3 f 0 0 0 0
6 0 1 6 3 0 0 0 6 1 1 0 1 4 f 8 f 0 0 0 0
6 0 1 2 2 0 0 0 5 1 1 0 1 3 f 3 f 0 0 0 0
6 0 1 4 6 2 1 1 f 0 1 1 1 1 f 4 f 0 0 0 0
6 0 1 7 5 0 0 0 8 1 1 0 1 7 f b f 0 0 0 0
6 0 1 4 2 5 1 1 5 1 1 0 1 1 f 3 f f f b f
6 0 0 3 1 1 1 1 0 0 1 0 1 0 0 0 0 0 0 0 0
6 0 0 4 6 7 1 0 5 0 1 0 1 0 0 0 0 0 0 0 0
6 0 0 4 6 4 1 0 2 0 1 0 1 0 0 0 0 0 0 0 0
6 0 1 7 2 5 0 0 a 1 1 0 1 7 f 3 f 0 0 0 0
6 0 1 1 0 5 1 1 6 1 1 0 1 a f d f 5 f f f
6 0 1 7 2 3 1 0 f 1 1 0 1 7 f 3 f 0 f 8 f
6 0 1 5 6 4 0 1 9 1 1 0 1 5 f 4 f 0 0 0 0
6 0 0 4 1 2 1 1 e 0 1 0 1 0 0 0 0 0 0 0 0
6 0 1 0 7 1 1 1 2 1 1 0 1 d f 7 f 6 f a f
6 0 1 3 1 2 1 1 c 1 1 0 1 0 f 6 f 9 f 3 f
6 0 1 7 6 1 1 1 b 1 1 0 1 7 f 4 f e f 6 f
6 0 1 4 0 6 1 1 f 1 1 0 1 1 f d f 2 f 4 f
6 0 1 6 2 0 1 1 8 1 1 0 1 2 f 9 f c f d f
6 0 0 5 7 1 1 0 c 0 1 0 1 0 0 0 0 0 0 0 0
6 0 1 0 2 6 1 1 a 1 1 0 1 c f 9 f b f 2 f
6 0 0 1 3 0 1 1 3 0 1 0 1 0 0 0 0 0 0 0 0
6 0 1 2 6 6 1 0 7 1 1 0 1 9 f b f f f b f
6 0 1 1 4 3 0 1 6 1 1 0 1 e f 1 f 0 0 0 0
6 0 1 5 6 7 1 0 e 1 1 0 1 5 f f f 8 f 7 f
6 0 1 4 3 4 1 0 b 1 1 0 1 1 f 0 f a f 1 f
6 0 1 3 4 1 0 1 4 1 1 0 1 0 f a f 0 0 0 0
6 0 1 2 2 4 1 1 d 1 1 0 1 9 f 9 f 3 f a f
6 0 0 6 5 5 1 0 6 0 1 0 1 0 0 0 0 0 0 0 0
6 0 1 2 5 5 0 1 2 1 1 0 1 9 f 5 f 0 0 0 0
6 0 1 2 3 1 1 0 f 1 1 0 1 9 f 0 f 6 f e f
6 0 1 5 2 4 1 1 b 1 1 0 1 5 f 9 f 4 f 3 f
6 0 1 2 0 1 1 0 9 1 1 0 1 9 f c f d f 6 f
6 0 1 7 0 3 1 0 9 1 1 0 1 8 f c f 2 f 0 f
6 0 1 2 2 3 1 1 7 1 1 0 1 9 f 9 f b f 2 f
6 0 1 4 3 4 1 1 1 1 1 0 1 4 f b f 7 f 4 f
6 0 0 2 2 0 1 1 a 0 1 0 1 0 0 0 0 0 0 0 0
6 0 0 0 0 7 1 0 9 0 1 0 1 0 0 0 0 0 0 0 0
6 0 1 7 1 6 0 0 6 1 1 0 1 8 f d f 0 0 0 0
6 0 1 0 0 6 1 0 6 1 1 0 1 c f c f 1 f f f
6 0 0 6 5 1 1 1 e 0 1 0 1 0 0 0 0 0 0 0 0
6 0 1 7 5 2 1 1 3 1 1 0 1 8 f 5 f a f 9 f
6 0 0 1 7 1 1 0 a 0 1 0 1 0 0 0 0 0 0 0 0
6 0 0 4 0 2 1 1 6 0 1 0 1 0 0 0 0 0 0 0 0
6 0 0 5 2 4 1 1 0 0 1 0 1 0 0 0 0 0 0 0 0
6 0 1 5 4 1 1 1 2 1 1 0 1 5 f 7 f e f d f
6 0 1 4 2 6 1 1 4 1 1 0 1 7 f a f 3 f 1 f
6 0 1 0 2 6 1 1 f 1 1 0 1 c f a f 6 f 3 f
6 0 1 4 3 3 1 0 d 1 1 0 1 7 f b f 0 f b f
6 0 1 7 4 2 1 0 2 1 1 0 1 8 f 7 f 2 f a f
6 0 1 4 0 1 0 1 9 1 1 0 1 7 f c f 0 0 0 0
6 0 1 7 7 5 1 0 b 1 1 0 1 8 f 8 f 4 f 5 f
6 0 0 6 5 2 1 1 d 0 1 0 1 0 0 0 0 0 0 0 0
6 0 1 7 6 0 0 0 2 1 1 0 1 8 f 6 f 0 0 0 0
6 0 1 6 3 6 1 0 1 1 1 0 1 6 f 0 f f f 6 f
6 0 0 2 4 6 1 0 5 0 1 0 1 0 0 0 0 0 0 0 0
6 0 1 4 7 4 1 0 3 1 1 0 1 7 f 8 f 9 f 7 f
6 0 0 0 6 5 1 1 1 0 1 0 1 0 0 0 0 0 0 0 0
6 0 1 2 4 7 1 0 d 1 1 0 1 2 f 9 f d f 8 f
6 0 1 1 6 2 1 1 3 1 1 0 1 e f f f 1 f 2 f
6 0 1 2 2 4 1 0 7 1 1 0 1 1 f 1 f 3 f 9 f
6 0 1 3 6 3 1 1 b 0 1 1 1 0 f f f 0 0 0 0
6 0 1 0 6 0 1 1 a 1 1 0 1 c f f f b f c f
6 0 1 5 7 3 1 0 3 1 1 0 1 4 f d f a f 0 f
6 0 0 3 2 2 1 1 5 0 1 0 1 0 0 0 0 0 0 0 0
6 0 1 5 7 0 0 1 6 1 1 0 1 4 f d f 0 0 0 0
6 0 1 6 5 5 1 1 7 1 1 0 1 f f 4 f 5 f 4 f
6 0 0 5 4 4 1 0 5 0 1 0 1 0 0 0 0 0 0 0 0
6 0 1 1 3 2 1 1 8 1 1 0 1 e f a f 6 f 1 f
6 0 0 5 7 1 1 0 0 0 1 0 1 0 0 0 0 0 0 0 0
6 0 1 5 0 2 1 1 2 1 1 0 1 5 f b f 7 f 6 f
6 0 1 1 7 5 0 1 9 1 1 0 1 e f d f 0 0 0 0
6 0 1 2 5 3 1 0 f 1 1 0 1 7 f 5 f 8 f a f
6 0 1 6 3 4 1 0 4 1 1 0 1 f f 8 f 2 f 3 f
6 0 1 3 7 4 1 1 c 1 1 0 1 8 f d f 9 f 2 f
6 0 1 1 0 4 1 1 0 1 1 0 1 e f b f c f 9 f
6 0 1 2 7 3 1 0 a 1 1 0 1 7 f d f 0 f 8 f
6 0 1 7 3 6 1 1 4 0 1 1 1 d f 0 f 0 0 0 0
6 0 1 1 5 6 1 1 1 1 1 0 1 e f 5 f 4 f f f
6 0 1 1 2 6 1 0 4 1 1 0 1 e f 7 f 1 f 4 f
6 0 1 2 3 7 1 1 6 0 1 1 1 7 f 0 f 0 0 0 0
6 0 1 4 1 2 1 0 e 1 1 0 1 c f e f 6 f 7 f
6 0 1 6 4 5 1 1 a 0 1 1 1 1 f c f 0 0 0 0
6 0 1 0 6 2 1 1 3 1 1 0 1 b f 1 f a f 6 f
6 0 1 2 7 5 1 0 9 1 1 0 1 a f d f 3 f 5 f
6 0 1 2 5 4 1 0 5 0 1 1 1 a f 3 f 0 0 0 0
6 0 1 3 0 0 1 1 2 0 1 1 1 0 f b f 0 0 0 0
6 0 1 1 3 1 1 0 4 1 1 0 1 e f 0 f 2 f e f
6 0 1 1 5 0 1 1 9 0 1 1 1 2 f 3 f 0 0 0 0
6 0 0 2 2 5 1 0 2 0 1 0 1 0 0 0 0 0 0 0 0
6 0 1 3 6 0 0 0 f 1 1 0 1 0 f 1 f 0 0 0 0
6 0 1 6 3 7 1 0 6 1 1 0 1 1 f 0 f 9 f d f
6 0 1 1 5 7 1 1 8 0 1 1 1 2 f 3 f 0 0 0 0
6 0 0 4 0 3 1 1 f 0 1 0 1 0 0 0 0 0 0 0 0
6 0 0 1 6 6 1 0 2 0 1 0 1 0 0 0 0 0 0 0 0
6 0 1 4 2 3 0 0 1 1 1 0 1 c f a f 0 0 0 0
6 0 1 0 2 1 0 0 8 1 1 0 1 b f a f 0 0 0 0
6 0 1 3 2 0 1 1 4 1 1 0 1 0 f a f 8 f b f
6 0 1 3 0 1 1 0 3 1 1 0 1 0 f 8 f f f 2 f
6 0 1 6 5 0 1 0 7 1 1 0 1 1 f 3 f 4 f 8 f
6 0 1 7 4 2 1 0 5 0 1 1 1 9 f c f 0 0 0 0
6 0 0 3 6 0 1 0 d 0 1 0 1 0 0 0 0 0 0 0 0
6 0 1 5 2 5 1 1 7 0 1 1 1 3 f a f 0 0 0 0
6 0 1 3 7 0 1 0 d 1 1 0 1 0 f 9 f 7 f 4 f
6 0 1 4 1 5 1 0 1 0 1 1 1 c f f f 0 0 0 0
6 0 1 1 6 6 1 1 6 0 1 1 1 f f 1 f 0 0 0 0
6 0 1 0 5 0 0 1 5 1 1 0 1 7 f 3 f 0 0 0 0
6 0 1 4 0 3 1 0 6 1 1 0 1 c f 7 f 6 f 0 f
6 0 0 3 2 1 0 0 4 0 1 0 1 0 0 0 0 0 0 0 0
6 0 0 4 4 2 1 1 e 0 1 0 1 0 0 0 0 0 0 0 0
6 0 1 1 4 1 1 1 d 1 1 0 1 f f c f 5 f f f
6 0 1 4 1 7 1 1 b 1 1 0 1 c f 5 f e f 9 f
6 0 0 4 3 4 0 0 0 0 1 0 1 0 0 0 0 0 0 0 0
6 0 1 6 2 3 1 0 5 1 1 0 1 1 f a f d f 6 f
6 0 1 7 1 3 0 0 d 1 1 0 1 e f 5 f 0 0 0 0
6 0 0 5 7 5 1 0 c 0 1 0 1 0 0 0 0 0 0 0 0
6 0 1 0 4 1 1 0 4 1 1 0 1 7 f c f b f 5 f
6 0 1 6 0 6 0 0 0 1 1 0 1 1 f 7 f 0 0 0 0
6 0 1 6 4 6 1 0 b 0 1 1 1 1 f c f 0 0 0 0
6 0 1 2 4 1 1 1 2 0 1 1 1 a f c f 0 0 0 0
6 0 1 1 2 1 1 0 1 1 1 0 1 b f a f 2 f b f
6 0 1 2 0 0 1 1 8 0 1 1 1 a f 7 f 0 0 0 0
6 0 1 7 6 4 0 1 4 1 1 0 1 e f 1 f 0 0 0 0
6 0 1 6 7 3 1 1 0 1 1 0 1 1 f e f 8 f d f
6 0 1 1 7 4 0 0 5 1 1 0 1 2 f e f 0 0 0 0
6 0 0 4 6 2 1 0 1 0 1 0 1 0 0 0 0 0 0 0 0
6 0 0 1 7 3 0 1 f 0 1 0 1 0 0 0 0 0 0 0 0
6 0 1 0 6 3 1 0 4 1 1 0 1 7 f 1 f 4 f 8 f
6 0 1 5 1 0 1 0 c 1 1 0 1 3 f 2 f 0 f 7 f
6 0 1 5 7 6 1 0 0 1 1 0 1 3 f e f f f 1 f
6 0 0 7 2 1 1 0 2 0 1 0 1 0 0 0 0 0 0 0 0
6 0 1 1 5 2 1 0 7 0 1 1 1 2 f 3 f 0 0 0 0
6 0 1 1 0 6 1 1 9 0 1 1 1 2 f 0 f 0 0 0 0
6 0 1 5 5 4 0 1 6 1 1 0 1 3 f 3 f 0 0 0 0
6 0 1 5 0 1 1 0 a 1 1 0 1 3 f 0 f 9 f 2 f
6 0 1 4 5 1 0 0 0 1 1 0 1 c f 3 f 0 0 0 0
6 0 1 7 0 4 1 1 5 1 1 0 1 e f 0 f 6 f c f
6 0 1 3 4 0 1 0 9 1 1 0 1 4 f 6 f 5 f 0 f
6 0 1 5 2 0 0 0 a 1 1 0 1 3 f a f 0 0 0 0
6 0 1 6 0 1 1 1 b 0 1 1 1 f f 5 f 0 0 0 0
6 0 1 5 2 4 1 0 f 1 1 0 1 3 f a f b f 6 f
6 0 0 2 0 7 1 1 d 0 1 0 1 0 0 0 0 0 0 0 0
6 0 1 6 3 3 0 0 8 1 1 0 1 f f 4 f 0 0 0 0
6 0 0 3 5 0 1 1 8 0 1 0 1 0 0 0 0 0 0 0 0
6 0 1 4 0 2 1 1 7 1 1 0 1 b f 5 f d f a f
6 0 1 2 4 6 1 0 f 1 1 0 1 d f b f 8 f f f
6 0 1 1 2 5 1 0 4 1 1 0 1 9 f d f 7 f 3 f
6 0 1 5 7 6 1 0 6 0 1 1 1 7 f e f 0 0 0 0
6 0 1 2 4 0 1 1 1 0 1 1 1 d f b f 0 0 0 0
6 0 1 5 6 0 1 1 2 1 1 0 1 7 f 8 f 1 f 5 f
6 0 1 2 5 6 1 0 7 1 1 0 1 d f 7 f 2 f 8 f
6 0 1 7 3 4 1 0 b 0 1 1 1 e f 4 f 0 0 0 0
6 0 1 2 4 0 1 0 e 0 1 1 1 d f b f 0 0 0 0
6 0 1 5 4 6 1 0 e 0 1 1 1 7 f b f 0 0 0 0
6 0 1 4 1 0 0 1 c 1 1 0 1 b f 9 f 0 0 0 0
6 0 1 1 7 5 1 1 0 1 1 0 1 9 f e f c f 7 f
6 0 1 3 2 7 1 0 c 1 1 0 1 4 f d f 0 f e f
6 0 1 5 3 3 1 1 6 0 1 1 1 c f 4 f 0 0 0 0
6 0 0 7 1 7 1 0 0 0 1 0 1 0 0 0 0 0 0 0 0
6 0 1 3 4 4 1 1 a 1 1 0 1 4 f b f 6 f b f
6 0 1 7 4 0 1 1 f 1 1 0 1 0 f 6 f a f 1 f
6 0 1 2 6 5 1 0 8 1 1 0 1 d f 2 f f f c f
6 0 0 7 4 7 1 0 b 0 1 0 1 0 0 0 0 0 0 0 0
6 0 1 2 1 7 1 1 3 0 1 1 1 d f 9 f 0 0 0 0
6 0 1 4 5 2 1 0 b 1 1 0 1 6 f f f 3 f d f
6 0 0 2 4 4 1 0 a 0 1 0 1 0 0 0 0 0 0 0 0
6 0 0 4 3 0 1 1 5 0 1 0 1 0 0 0 0 0 0 0 0
6 0 1 3 7 2 1 0 7 1 1 0 1 4 f 0 f 5 f 3 f
6 0 1 2 4 0 1 1 8 0 1 1 1 5 f 6 f 0 0 0 0
6 0 0 0 2 1 0 0 2 0 1 0 1 0 0 0 0 0 0 0 0
6 0 1 2 1 2 1 1 7 1 1 0 1 5 f 9 f 8 f 5 f
6 0 1 4 1 1 1 0 f 1 1 0 1 6 f 9 f 7 f 9 f
6 0 0 1 1 2 1 0 5 0 1 0 1 0 0 0 0 0 0 0 0
6 0 1 2 0 7 1 1 e 0 1 1 1 8 f a f 0 0 0 0
6 0 0 2 4 7 0 0 f 0 1 0 1 0 0 0 0 0 0 0 0
6 0 0 6 0 3 0 1 b 0 1 0 1 0 0 0 0 0 0 0 0
6 0 1 0 3 0 1 1 1 1 1 0 1 a f 4 f e f a f
6 0 1 4 7 4 1 0 a 1 1 0 1 6 f 0 f b f 6 f
6 0 1 5 7 7 1 1 c 1 1 0 1 f f 0 f 1 f 0 f
6 0 1 1 5 2 0 0 b 1 1 0 1 7 f f f 0 0 0 0
6 0 1 3 3 1 1 1 d 1 1 0 1 4 f 4 f c f 7 f
6 0 1 7 2 6 1 1 3 1 1 0 1 1 f 8 f d f 2 f
6 0 1 5 2 7 1 0 b 1 1 0 1 f f 8 f 3 f 1 f
6 0 1 0 6 3 1 0 1 0 1 1 1 e f d f 0 0 0 0
6 0 1 7 0 7 1 0 9 0 1 1 1 3 f e f 0 0 0 0
6 0 1 4 4 4 1 1 5 0 1 1 1 b f b f 0 0 0 0
6 0 1 5 1 3 1 1 9 1 1 0 1 f f c f 5 f 4 f
6 0 1 7 4 4 0 0 4 1 1 0 1 3 f b f 0 0 0 0
6 0 1 1 7 5 1 0 7 1 1 0 1 c f 3 f 9 f f f
6 0 1 2 5 5 1 0 c 0 1 1 1 8 f 9 f 0 0 0 0
6 0 1 7 1 3 1 1 a 0 1 1 1 3 f c f 0 0 0 0
6 0 1 7 5 6 1 1 6 1 1 0 1 3 f 9 f a f d f
6 0 1 4 6 0 1 1 0 1 1 0 1 b f a f 6 f e f
6 0 1 3 0 0 1 0 7 1 1 0 1 5 f 6 f 0 f 6 f
6 0 1 1 3 7 1 1 7 0 1 1 1 c f 5 f 0 0 0 0
6 0 1 7 1 1 1 0 6 1 1 0 1 3 f c f 7 f c f
6 0 1 4 6 7 1 1 2 0 1 1 1 b f a f 0 0 0 0
6 0 1 1 7 0 1 0 6 1 1 0 1 7 f 3 f 2 f 0 f
6 0 1 6 4 0 0 1 1 1 1 0 1 a f b f 0 0 0 0
6 0 1 2 2 2 1 0 9 1 1 0 1 8 f 8 f 1 f 8 f
6 0 1 6 3 7 1 0 5 0 1 1 1 a f 5 f 0 0 0 0
6 0 1 3 6 4 1 1 4 0 1 1 1 5 f a f 0 0 0 0
6 0 1 3 5 0 1 0 a 1 1 0 1 5 f 9 f 4 f 2 f
6 0 1 3 5 3 0 1 f 1 1 0 1 5 f 9 f 0 0 0 0
6 0 1 0 7 7 1 1 d 1 1 0 1 4 f 3 f f f 3 f
6 0 1 3 7 6 0 0 c 1 1 0 1 5 f f f 0 0 0 0
6 0 1 6 1 0 1 0 5 1 1 0 1 a f 7 f d f 4 f
6 0 1 6 4 7 1 1 e 0 1 1 1 a f b f 0 0 0 0
6 0 1 2 1 5 1 0 a 1 1 0 1 1 f 7 f e f 9 f
6 0 1 6 0 7 1 0 5 0 1 1 1 a f d f 0 0 0 0
6 0 1 7 0 2 1 1 6 0 1 1 1 f f d f 0 0 0 0
6 0 1 4 3 6 1 0 9 1 1 0 1 b f 5 f 6 f a f
6 0 1 1 7 7 1 0 b 0 1 1 1 7 f f f 0 0 0 0
6 0 1 7 4 3 1 0 a 0 1 1 1 f f b f 0 0 0 0
6 0 1 7 6 3 1 1 c 0 1 1 1 f f 6 f 0 0 0 0
6 0 1 2 2 2 1 0 7 1 1 0 1 1 f 1 f c f 1 f
6 0 1 3 1 3 1 1 0 0 1 1 1 5 f 7 f 0 0 0 0
6 0 1 6 6 4 1 0 8 1 1 0 1 6 f 6 f 0 f b f
6 0 1 1 5 4 1 0 d 0 1 1 1 7 f e f 0 0 0 0
6 0 1 2 6 0 1 0 9 0 1 1 1 c f 6 f 0 0 0 0
6 0 1 7 2 3 1 0 9 0 1 1 1 f f c f 0 0 0 0
6 0 0 2 5 3 1 1 8 0 1 0 1 0 0 0 0 0 0 0 0
6 0 1 2 7 0 1 1 2 1 1 0 1 c f f f 8 f d f
6 0 0 5 2 4 1 0 7 0 1 0 1 0 0 0 0 0 0 0 0
6 0 0 3 1 3 1 0 5 0 1 0 1 0 0 0 0 0 0 0 0
6 0 1 4 0 3 1 0 c 1 1 0 1 0 f 8 f 2 f 5 f
6 0 1 7 4 6 1 0 c 0 1 1 1 f f 0 f 0 0 0 0
6 0 1 2 6 4 1 0 a 0 1 1 1 c f 6 f 0 0 0 0
6 0 0 2 1 4 1 1 3 0 1 0 1 0 0 0 0 0 0 0 0
6 0 1 5 1 3 1 1 4 1 1 0 1 e f 7 f 3 f 2 f
6 0 1 5 4 4 0 1 9 1 1 0 1 e f 0 f 0 0 0 0
6 0 1 0 5 0 1 0 0 1 1 0 1 8 f e f 4 f 8 f
6 0 0 7 1 7 0 0 6 0 1 0 1 0 0 0 0 0 0 0 0
6 0 0 4 2 5 1 0 f 0 1 0 1 0 0 0 0 0 0 0 0
6 0 0 0 1 1 0 1 a 0 1 0 1 0 0 0 0 0 0 0 0
6 0 1 0 6 6 0 1 1 1 1 0 1 4 f 6 f 0 0 0 0
6 0 1 5 3 4 1 1 b 1 1 0 1 e f 3 f 9 f 0 f
6 0 0 5 2 0 0 0 3 0 1 0 1 0 0 0 0 0 0 0 0
6 0 1 4 2 7 1 0 f 1 1 0 1 9 f c f a f f f
6 0 0 5 0 6 0 1 d 0 1 0 1 0 0 0 0 0 0 0 0
6 0 1 6 6 1 0 1 5 1 1 0 1 6 f 6 f 0 0 0 0
6 0 1 5 5 2 1 0 2 1 1 0 1 e f e f 1 f c f
6 0 0 7 6 6 1 0 d 0 1 0 1 0 0 0 0 0 0 0 0
6 0 1 2 5 2 1 0 2 1 1 0 1 1 f e f b f 1 f
6 0 1 0 7 0 0 1 2 1 1 0 1 4 f a f 0 0 0 0
6 0 0 0 2 1 1 0 8 0 1 0 1 0 0 0 0 0 0 0 0
6 0 1 1 6 2 1 0 2 1 1 0 1 7 f 6 f d f b f
6 0 1 4 1 2 1 1 8 1 1 0 1 9 f 7 f 5 f d f
6 0 0 5 5 1 1 0 9 0 1 0 1 0 0 0 0 0 0 0 0
6 0 1 3 4 4 1 0 e 1 1 0 1 3 f 9 f 2 f 9 f
6 0 1 6 1 1 1 0 8 1 1 0 1 6 f 7 f 8 f 7 f
6 0 0 1 0 0 1 0 6 0 1 0 1 0 0 0 0 0 0 0 0
6 0 1 1 3 1 1 1 0 0 1 1 1 8 f 3 f 0 0 0 0
6 0 1 6 2 3 0 0 9 1 1 0 1 6 f 5 f 0 0 0 0
6 0 1 2 2 4 1 1 f 1 1 0 1 5 f 5 f 0 f 2 f
6 0 1 0 4 0 1 1 c 1 1 0 1 4 f 0 f f f 4 f
6 0 1 1 2 6 1 1 1 1 1 0 1 8 f 5 f c f 6 f
6 0 0 4 2 7 1 0 6 0 1 0 1 0 0 0 0 0 0 0 0
6 0 1 3 5 7 1 0 8 1 1 0 1 3 f e f 1 f a f
6 0 1 1 0 4 1 0 f 0 1 1 1 8 f f f 0 0 0 0
6 0 1 0 4 2 1 0 1 0 1 1 1 f f 0 f 0 0 0 0
6 0 1 4 0 6 1 0 7 0 1 1 1 0 f f f 0 0 0 0
6 0 0 1 0 3 1 0 b 0 1 0 1 0 0 0 0 0 0 0 0
6 0 1 2 4 6 1 1 b 0 1 1 1 5 f 0 f 0 0 0 0
6 0 1 6 4 6 1 0 e 1 1 0 1 c f 0 f b f c f
6 0 1 7 5 4 1 1 d 0 1 1 1 1 f e f 0 0 0 0
6 0 1 2 0 0 0 1 9 1 1 0 1 5 f f f 0 0 0 0
6 0 1 5 5 1 1 0 e 1 1 0 1 e f e f d f 8 f
6 0 1 1 7 5 1 1 7 1 1 0 1 d f 1 f 9 f e f
6 0 1 2 1 5 1 0 e 1 1 0 1 5 f d f 7 f 9 f
6 0 1 0 4 7 1 1 2 0 1 1 1 f f 0 f 0 0 0 0
6 0 1 3 7 7 0 0 1 1 1 0 1 3 f 1 f 0 0 0 0
6 0 1 0 6 6 1 0 1 1 1 0 1 f f b f 2 f b f
6 0 1 3 3 3 0 1 4 1 1 0 1 3 f 3 f 0 0 0 0
6 0 1 5 7 4 1 1 6 1 1 0 1 7 f 1 f 4 f 0 f
6 0 1 6 6 5 0 1 a 1 1 0 1 2 f 2 f 0 0 0 0
6 0 1 4 3 5 1 1 c 1 1 0 1 4 f 3 f 6 f 7 f
6 0 1 0 0 2 1 1 8 1 1 0 1 f f f f a f 5 f
6 0 1 4 7 1 1 1 e 1 1 0 1 4 f 1 f c f d f
6 0 1 6 7 4 1 1 9 1 1 0 1 2 f 1 f 8 f 4 f
6 0 1 3 3 3 1 0 0 1 1 0 1 3 f 3 f e f 3 f
6 0 0 4 6 6 1 1 b 0 1 0 1 0 0 0 0 0 0 0 0
6 0 1 5 1 2 1 0 7 1 1 0 1 6 f c f 9 f a f
6 0 1 6 6 3 1 0 3 1 1 0 1 2 f 2 f b f e f
6 0 1 2 5 4 0 1 0 1 1 0 1 9 f 6 f 0 0 0 0
6 0 0 3 7 5 1 1 7 0 1 0 1 0 0 0 0 0 0 0 0
6 0 1 5 6 2 1 0 1 1 1 0 1 6 f 2 f 0 f 9 f
6 0 1 0 6 3 1 1 5 1 1 0 1 f f 2 f 7 f b f
6 0 1 4 2 1 1 1 d 1 1 0 1 8 f 0 f 5 f c f
6 0 1 5 4 2 0 0 b 1 1 0 1 6 f 8 f 0 0 0 0
6 0 1 5 7 6 0 0 b 1 1 0 1 6 f 1 f 0 0 0 0
6 0 1 2 3 5 1 1 4 1 1 0 1 0 f 7 f d f 6 f
6 0 1 1 1 5 1 1 3 1 1 0 1 5 f 5 f 4 f d f
6 0 1 5 0 4 1 0 0 1 1 0 1 4 f f f 3 f 8 f
6 0 0 7 0 0 1 1 a 0 1 0 1 0 0 0 0 0 0 0 0
6 0 1 5 7 0 0 1 e 1 1 0 1 4 f 1 f 0 0 0 0
6 0 1 6 2 7 1 1 9 1 1 0 1 2 f 0 f a f 1 f
6 0 1 0 0 2 1 0 2 1 1 0 1 f f f f e f 0 f
6 0 0 4 4 5 1 1 b 0 1 0 1 0 0 0 0 0 0 0 0
6 0 0 7 1 6 1 0 3 0 1 0 1 0 0 0 0 0 0 0 0
6 0 1 4 0 3 1 0 f 1 1 0 1 3 f f f 9 f 7 f
6 0 1 1 5 5 1 1 c 1 1 0 1 5 f 4 f b f 4 f
6 0 1 7 4 0 1 0 f 1 1 0 1 a f 3 f c f f f
6 0 1 0 1 1 1 1 6 0 1 1 1 c f 5 f 0 0 0 0
6 0 1 3 2 0 0 1 d 1 1 0 1 9 f e f 0 0 0 0
6 0 1 2 7 6 0 0 5 1 1 0 1 e f a f 0 0 0 0
6 0 1 5 0 0 1 1 8 1 1 0 1 b f c f 6 f c f
6 0 1 3 2 7 1 0 d 1 1 0 1 9 f e f d f a f
6 0 1 5 7 1 0 0 f 1 1 0 1 b f d f 0 0 0 0
6 0 1 2 0 0 1 0 2 1 1 0 1 e f 6 f 8 f 6 f
6 0 1 2 3 7 1 0 b 0 1 1 1 e f 9 f 0 0 0 0
6 0 1 7 5 0 0 0 b 1 1 0 1 d f b f 0 0 0 0
6 0 1 6 1 3 1 1 1 0 1 1 1 2 f 5 f 0 0 0 0
6 0 1 5 5 4 1 1 0 1 1 0 1 b f b f 1 f 3 f
6 0 1 1 7 7 1 0 8 1 1 0 1 5 f d f 0 f d f
6 0 1 1 3 2 1 1 7 0 1 1 1 5 f 9 f 0 0 0 0
6 0 1 1 4 5 0 1 4 1 1 0 1 5 f 1 f 0 0 0 0
6 0 1 2 1 6 1 0 c 1 1 0 1 e f 5 f 7 f 2 f
6 0 0 3 2 1 1 0 7 0 1 0 1 0 0 0 0 0 0 0 0
6 0 0 0 6 6 1 1 f 0 1 0 1 0 0 0 0 0 0 0 0
6 0 1 6 3 2 1 0 9 1 1 0 1 7 f 9 f 4 f e f
6 0 1 0 7 2 1 0 5 1 1 0 1 8 f 0 f f f 4 f
6 0 1 1 0 6 0 1 c 1 1 0 1 5 f 8 f 0 0 0 0
6 0 0 6 7 6 1 0 4 0 1 0 1 0 0 0 0 0 0 0 0
6 0 1 5 4 7 1 0 2 1 1 0 1 b f 1 f c f 0 f
6 0 0 3 1 6 1 1 a 0 1 0 1 0 0 0 0 0 0 0 0
6 0 1 2 4 3 1 1 6 1 1 0 1 f f 1 f a f 9 f
6 0 0 6 5 1 1 0 8 0 1 0 1 0 0 0 0 0 0 0 0
6 0 1 0 2 5 1 1 3 1 1 0 1 8 f f f 6 f b f
6 0 0 2 4 3 1 0 e 0 1 0 1 0 0 0 0 0 0 0 0
6 0 1 5 4 7 1 1 d 1 1 0 1 6 f 1 f 3 f c f
6 0 1 6 6 4 1 1 2 1 1 0 1 7 f 7 f d f 1 f
6 0 1 5 1 1 1 0 f 1 1 0 1 6 f 5 f 2 f 5 f
6 0 1 1 6 1 0 0 e 1 1 0 1 2 f 7 f 0 0 0 0
6 0 0 1 3 3 1 0 2 0 1 0 1 0 0 0 0 0 0 0 0
6 0 0 3 1 6 1 1 e 0 1 0 1 0 0 0 0 0 0 0 0
6 0 0 7 1 4 1 1 4 0 1 0 1 0 0 0 0 0 0 0 0
6 0 1 6 0 0 0 0 c 1 1 0 1 7 f 8 f 0 0 0 0
6 0 1 3 2 2 1 0 6 1 1 0 1 a f f f e f f f
6 0 1 3 0 4 1 0 f 1 1 0 1 a f 8 f 4 f d f
6 0 1 3 1 2 0 1 0 1 1 0 1 a f 2 f 0 0 0 0
6 0 1 4 5 4 1 1 9 1 1 0 1 4 f 6 f 0 f 4 f
6 0 1 1 4 6 1 1 b 1 1 0 1 2 f 0 f 9 f 7 f
6 0 0 3 3 2 1 1 c 0 1 0 1 0 0 0 0 0 0 0 0
6 0 1 5 1 7 1 0 a 1 1 0 1 6 f 2 f b f 3 f
6 0 1 5 0 2 1 0 4 1 1 0 1 6 f 8 f c f e f
6 0 0 7 0 5 1 0 a 0 1 0 1 0 0 0 0 0 0 0 0
6 0 1 3 0 3 1 0 9 0 1 1 1 a f 8 f 0 0 0 0
6 0 1 7 1 2 0 0 9 1 1 0 1 b f 2 f 0 0 0 0
6 0 1 2 6 5 1 0 b 0 1 1 1 c f 9 f 0 0 0 0
6 0 1 2 4 1 1 1 1 0 1 1 1 c f 0 f 0 0 0 0
6 0 1 7 6 1 1 0 4 1 1 0 1 b f 9 f 1 f 2 f
6 0 1 6 0 5 0 0 9 1 1 0 1 9 f 8 f 0 0 0 0
6 0 0 5 4 1 1 0 9 0 1 0 1 0 0 0 0 0 0 0 0
6 0 1 1 7 5 1 1 5 0 1 1 1 1 f b f 0 0 0 0
6 0 1 7 0 3 0 1 f 1 1 0 1 b f 8 f 0 0 0 0
6 0 1 4 7 1 1 1 d 1 1 0 1 0 f b f 5 f 1 f
6 0 1 6 4 2 0 0 c 1 1 0 1 9 f 0 f 0 0 0 0
6 0 1 5 2 3 1 0 2 1 1 0 1 6 f c f f f a f
6 0 0 1 4 2 1 0 5 0 1 0 1 0 0 0 0 0 0 0 0
6 0 1 1 5 0 1 0 9 1 1 0 1 5 f 6 f d f 8 f
6 0 1 1 6 2 1 1 4 0 1 1 1 5 f 9 f 0 0 0 0
6 0 0 7 5 4 1 0 9 0 1 0 1 0 0 0 0 0 0 0 0
6 0 1 0 6 6 1 0 f 1 1 0 1 d f 9 f 4 f 9 f
6 0 1 2 0 0 1 0 1 0 1 1 1 c f d f 0 0 0 0
6 0 1 1 2 0 1 0 6 0 1 1 1 5 f c f 0 0 0 0
6 0 0 3 6 7 1 1 7 0 1 0 1 0 0 0 0 0 0 0 0
6 0 1 7 5 1 0 0 0 1 1 0 1 b f 6 f 0 0 0 0
6 0 1 3 7 0 1 1 3 1 1 0 1 f f b f 7 f d f
6 0 1 4 2 1 1 0 d 1 1 0 1 0 f c f 3 f 5 f
6 0 0 1 5 6 0 0 5 0 1 0 1 0 0 0 0 0 0 0 0
6 0 1 4 0 0 1 1 e 0 1 1 1 0 f 7 f 0 0 0 0
6 0 1 3 0 7 1 1 2 1 1 0 1 f f 7 f e f b f
6 0 0 5 3 2 1 1 1 0 1 0 1 0 0 0 0 0 0 0 0
6 0 1 5 7 2 1 0 8 1 1 0 1 6 f e f 2 f c f
6 0 1 7 4 1 1 1 a 1 1 0 1 e f 0 f 1 f 3 f
6 0 1 7 5 7 1 0 f 1 1 0 1 e f 6 f a f e f
6 0 0 0 2 3 1 1 8 0 1 0 1 0 0 0 0 0 0 0 0
6 0 1 2 4 2 1 1 9 1 1 0 1 2 f 0 f 8 f 2 f
6 0 1 6 4 1 1 1 d 1 1 0 1 4 f 0 f 9 f 1 f
6 0 1 1 6 5 1 1 5 1 1 0 1 9 f 4 f d f 6 f
6 0 1 0 7 1 1 1 b 1 1 0 1 7 f a f 5 f 9 f
6 0 1 7 4 5 1 0 4 1 1 0 1 a f 0 f b f d f
6 0 1 0 2 7 1 1 c 0 1 1 1 7 f 8 f 0 0 0 0
6 0 0 6 5 5 1 1 3 0 1 0 1 0 0 0 0 0 0 0 0
6 0 1 0 2 7 0 0 f 1 1 0 1 7 f 8 f 0 0 0 0
6 0 1 0 2 4 1 0 a 1 1 0 1 7 f 8 f c f 0 f
6 0 1 6 1 7 1 1 e 1 1 0 1 4 f 5 f 3 f a f
6 0 1 7 7 1 1 1 2 1 1 0 1 3 f 3 f e f 5 f
6 0 1 2 4 0 1 0 9 1 1 0 1 8 f c f 2 f 7 f
6 0 1 0 0 0 1 1 1 0 1 1 1 2 f 2 f 0 0 0 0
6 0 1 0 1 1 1 0 a 1 1 0 1 2 f e f 1 f e f
6 0 0 3 7 7 1 1 6 0 1 0 1 0 0 0 0 0 0 0 0
6 0 0 2 6 1 0 0 6 0 1 0 1 0 0 0 0 0 0 0 0
6 0 1 1 6 7 1 0 5 1 1 0 1 1 f 4 f 6 f 3 f
6 0 1 0 0 1 1 0 e 0 1 1 1 2 f 2 f 0 0 0 0
6 0 1 2 1 2 1 0 e 0 1 1 1 8 f 1 f 0 0 0 0
6 0 0 6 4 7 1 0 3 0 1 0 1 0 0 0 0 0 0 0 0
6 0 1 5 3 2 0 0 b 1 1 0 1 b f f f 0 0 0 0
6 0 1 0 1 2 1 0 c 0 1 1 1 2 f 1 f 0 0 0 0
6 0 1 2 6 4 1 0 9 0 1 1 1 8 f 4 f 0 0 0 0
6 0 1 6 4 3 0 1 9 1 1 0 1 4 f c f 0 0 0 0
6 0 1 5 0 1 1 0 3 1 1 0 1 b f 2 f 9 f 1 f
6 0 1 6 0 7 1 0 1 0 1 1 1 4 f 2 f 0 0 0 0
6 0 1 7 1 5 0 0 e 1 1 0 1 6 f 9 f 0 0 0 0
6 0 1 2 3 7 1 0 d 0 1 1 1 8 f f f 0 0 0 0
6 0 1 3 4 6 1 0 5 0 1 1 1 f f c f 0 0 0 0
6 0 1 0 4 7 1 0 2 0 1 1 1 2 f c f 0 0 0 0
6 0 1 5 4 7 1 0 a 0 1 1 1 b f c f 0 0 0 0
6 0 1 2 7 3 0 0 e 1 1 0 1 8 f 6 f 0 0 0 0
6 0 0 6 2 0 0 1 d 0 1 0 1 0 0 0 0 0 0 0 0
6 0 1 5 5 2 1 1 0 1 1 0 1 b f b f d f 8 f
6 0 1 2 3 7 1 0 b 1 1 0 1 d f f f 0 f 6 f
6 0 1 2 6 5 1 0 c 0 1 1 1 d f 4 f 0 0 0 0
6 0 0 0 2 2 1 1 a 0 1 0 1 0 0 0 0 0 0 0 0
6 0 0 3 3 7 0 0 3 0 1 0 1 0 0 0 0 0 0 0 0
6 0 0 4 5 3 1 1 5 0 1 0 1 0 0 0 0 0 0 0 0
6 0 0 7 6 6 1 0 0 0 1 0 1 0 0 0 0 0 0 0 0
6 0 0 7 5 7 1 1 7 0 1 0 1 0 0 0 0 0 0 0 0
6 0 1 4 2 2 1 0 f 1 1 0 1 c f d f a f d f
6 0 1 4 3 0 1 1 e 1 1 0 1 c f f f 5 f 2 f
6 0 1 3 1 4 1 1 3 1 1 0 1 f f 9 f 7 f c f
6 0 1 7 0 2 0 1 1 1 1 0 1 0 f 5 f 0 0 0 0
6 0 1 2 0 6 1 0 3 1 1 0 1 a f 5 f e f 4 f
6 0 1 7 5 0 1 0 4 1 1 0 1 0 f b f 3 f 5 f
6 0 1 4 0 0 1 1 8 1 1 0 1 7 f 3 f 1 f 3 f
6 0 1 2 4 3 1 0 0 1 1 0 1 a f 7 f 8 f f f
6 0 1 2 4 4 1 0 e 0 1 1 1 a f 7 f 0 0 0 0
6 0 1 1 4 0 1 0 a 0 1 1 1 9 f 7 f 0 0 0 0
6 0 1 1 3 0 1 1 6 0 1 1 1 9 f 8 f 0 0 0 0
6 0 1 7 2 3 1 1 d 1 1 0 1 0 f a f 6 f 8 f
6 0 1 5 3 2 1 1 2 1 1 0 1 b f 6 f d f a f
6 0 1 6 2 4 1 0 6 1 1 0 1 e f d f 2 f 7 f
6 0 1 4 3 2 1 1 c 0 1 1 1 2 f 6 f 0 0 0 0
6 0 1 1 3 7 1 0 c 1 1 0 1 9 f 6 f c f 0 f
6 0 1 7 1 7 1 0 f 0 1 1 1 c f 9 f 0 0 0 0
6 0 1 1 1 7 1 0 1 0 1 1 1 9 f 9 f 0 0 0 0
6 0 0 1 4 7 1 1 4 0 1 0 1 0 0 0 0 0 0 0 0
6 0 1 6 3 7 1 1 5 1 1 0 1 e f 6 f 4 f c f
6 0 1 2 0 4 0 1 3 1 1 0 1 d f 1 f 0 0 0 0
6 0 0 3 7 2 1 1 f 0 1 0 1 0 0 0 0 0 0 0 0
6 0 1 4 6 7 1 0 a 1 1 0 1 2 f e f 5 f 4 f
6 0 1 0 6 5 1 0 7 1 1 0 1 1 f e f 3 f b f
6 0 1 7 2 7 1 0 9 1 1 0 1 5 f d f f f 5 f
6 0 0 2 0 4 1 0 2 0 1 0 1 0 0 0 0 0 0 0 0
6 0 1 7 4 0 1 0 5 0 1 1 1 f f 2 f 0 0 0 0
6 0 1 7 5 2 1 0 1 0 1 1 1 f f 3 f 0 0 0 0
6 0 1 3 6 3 1 0 a 0 1 1 1 6 f e f 0 0 0 0
6 0 0 5 7 5 1 0 0 0 1 0 1 0 0 0 0 0 0 0 0
6 0 1 7 1 5 1 0 8 0 1 1 1 f f 9 f 0 0 0 0
6 0 1 6 4 3 0 1 8 1 1 0 1 e f 2 f 0 0 0 0
6 0 1 3 2 2 1 0 e 1 1 0 1 6 f d f 8 f d f
6 0 0 7 3 7 0 1 a 0 1 0 1 0 0 0 0 0 0 0 0
6 0 1 6 4 3 1 1 7 1 1 0 1 e f 2 f a f 6 f
6 0 1 2 5 5 1 1 0 1 1 0 1 8 f 3 f 7 f 3 f
6 0 0 4 1 7 1 1 c 0 1 0 1 0 0 0 0 0 0 0 0
6 0 1 6 3 5 1 0 3 1 1 0 1 e f a f 0 f 7 f
6 0 0 6 1 6 1 1 4 0 1 0 1 0 0 0 0 0 0 0 0
6 0 1 0 3 0 1 1 b 1 1 0 1 1 f a f c f 1 f
6 0 1 3 2 2 0 0 e 1 1 0 1 a f 8 f 0 0 0 0
6 0 0 2 1 2 1 0 5 0 1 0 1 0 0 0 0 0 0 0 0
6 0 1 7 7 5 1 1 5 1 1 0 1 f f f f 4 f 0 f
6 0 1 6 5 5 1 1 d 1 1 0 1 e f 4 f b f 4 f
6 0 1 0 7 4 1 1 6 1 1 0 1 c f f f 5 f 2 f
6 0 1 5 0 3 1 1 3 1 1 0 1 b f c f d f a f
6 0 1 2 7 3 1 0 e 1 1 0 1 8 f f f 6 f d f
6 0 1 6 7 3 1 0 0 1 1 0 1 e f f f 3 f 6 f
6 0 1 1 2 4 1 0 c 0 1 1 1 9 f 8 f 0 0 0 0
6 0 1 2 0 6 0 0 e 1 1 0 1 8 f c f 0 0 0 0
6 0 1 5 1 2 1 1 7 0 1 1 1 b f 9 f 0 0 0 0
6 0 1 1 0 6 1 0 a 1 1 0 1 9 f c f 7 f e f
6 0 1 5 7 1 1 0 4 0 1 1 1 b f f f 0 0 0 0
6 0 1 6 5 6 0 0 e 1 1 0 1 7 f b f 0 0 0 0
6 0 1 6 7 7 1 1 1 0 1 1 1 7 f f f 0 0 0 0
6 0 1 1 0 2 1 0 2 1 1 0 1 9 f c f 1 f 8 f
6 0 1 5 1 2 1 1 0 0 1 1 1 b f 9 f 0 0 0 0
6 0 1 1 2 7 1 0 3 1 1 0 1 9 f 1 f 0 f f f
6 0 0 5 4 7 1 1 4 0 1 0 1 0 0 0 0 0 0 0 0
6 0 1 1 4 1 0 0 9 1 1 0 1 9 f 5 f 0 0 0 0
6 0 1 5 2 4 1 1 2 1 1 0 1 b f 1 f 4 f 5 f
6 0 1 6 7 2 1 0 d 1 1 0 1 7 f 0 f 2 f 1 f
6 0 1 4 1 5 0 1 a 1 1 0 1 4 f 9 f 0 0 0 0
6 0 1 4 4 1 0 0 8 1 1 0 1 4 f 4 f 0 0 0 0
6 0 1 3 2 5 1 1 d 1 1 0 1 3 f 2 f a f b f
6 0 1 3 4 3 0 1 6 1 1 0 1 3 f 4 f 0 0 0 0
6 0 0 4 2 2 0 1 e 0 1 0 1 0 0 0 0 0 0 0 0
6 0 1 3 3 6 1 1 8 1 1 0 1 3 f 3 f d f 7 f
6 0 1 5 1 3 0 0 6 1 1 0 1 a f 9 f 0 0 0 0
6 0 1 1 4 6 1 0 b 1 1 0 1 9 f 4 f 6 f d f
6 0 1 5 1 2 1 1 f 1 1 0 1 a f 9 f e f 2 f
6 0 0 2 3 6 1 0 3 0 1 0 1 0 0 0 0 0 0 0 0
6 0 0 1 1 3 0 1 5 0 1 0 1 0 0 0 0 0 0 0 0
6 0 1 6 1 4 1 0 3 1 1 0 1 6 f 9 f 8 f 4 f
6 0 1 1 5 2 1 1 1 1 1 0 1 9 f a f f f e f
6 0 1 3 0 5 0 0 8 1 1 0 1 3 f c f 0 0 0 0
6 0 0 7 6 7 0 1 b 0 1 0 1 0 0 0 0 0 0 0 0
6 0 1 7 0 6 0 0 f 1 1 0 1 0 f c f 0 0 0 0
6 0 0 1 5 7 1 1 7 0 1 0 1 0 0 0 0 0 0 0 0
6 0 0 0 0 4 1 1 d 0 1 0 1 0 0 0 0 0 0 0 0
6 0 1 7 0 6 0 0 6 1 1 0 1 0 f c f 0 0 0 0
6 0 1 2 0 7 1 0 e 1 1 0 1 f f c f 5 f 0 f
6 0 1 2 0 6 0 1 2 1 1 0 1 f f c f 0 0 0 0
6 0 0 4 7 5 0 1 4 0 1 0 1 0 0 0 0 0 0 0 0
6 0 0 6 0 0 1 0 5 0 1 0 1 0 0 0 0 0 0 0 0
6 0 1 6 4 7 1 0 9 1 1 0 1 6 f 8 f 1 f 5 f
6 0 1 0 1 2 1 0 e 1 1 0 1 c f 9 f b f f f
6 0 1 1 0 4 1 1 e 1 1 0 1 9 f c f 7 f 8 f
6 0 1 5 5 5 0 0 9 1 1 0 1 a f a f 0 0 0 0
6 0 1 2 2 5 1 1 0 1 1 0 1 b f b f d f a f
6 0 1 5 2 0 1 0 2 1 1 0 1 d f b f 2 f c f
6 0 1 1 6 4 1 1 5 1 1 0 1 9 f 6 f 4 f 7 f
6 0 1 1 0 1 1 1 f 1 1 0 1 9 f 2 f e f 9 f
6 0 1 2 6 4 1 1 8 1 1 0 1 b f 6 f 0 f 4 f
6 0 0 3 5 0 0 1 a 0 1 0 1 0 0 0 0 0 0 0 0
6 0 1 2 0 7 1 0 a 1 1 0 1 b f 2 f 5 f 1 f
6 0 1 1 0 4 1 0 4 1 1 0 1 e f 2 f f f 0 f
6 0 1 5 3 4 1 0 6 1 1 0 1 d f 3 f 8 f f f
6 0 1 2 0 4 1 0 d 1 1 0 1 b f 2 f a f 8 f
6 0 0 5 4 6 1 0 d 0 1 0 1 0 0 0 0 0 0 0 0
6 0 1 1 3 5 1 0 0 0 1 1 1 e f 3 f 0 0 0 0
6 0 0 7 4 6 1 0 d 0 1 0 1 0 0 0 0 0 0 0 0
6 0 1 5 2 0 1 1 c 0 1 1 1 d f b f 0 0 0 0
6 0 1 4 1 7 1 1 7 1 1 0 1 a f e f c f 5 f
6 0 1 1 7 5 1 0 7 1 1 0 1 e f c f 7 f d f
6 0 1 3 2 5 1 1 9 0 1 1 1 3 f b f 0 0 0 0
6 0 1 7 5 0 0 1 4 1 1 0 1 c f 7 f 0 0 0 0
6 0 1 6 3 3 1 0 0 1 1 0 1 6 f 3 f 9 f 3 f
6 0 1 6 2 7 1 1 1 1 1 0 1 6 f b f 4 f c f
6 0 0 1 3 2 1 0 d 0 1 0 1 0 0 0 0 0 0 0 0
6 0 1 2 2 1 1 0 e 1 1 0 1 b f b f 1 f e f
6 0 1 1 4 0 1 1 0 0 1 1 1 1 f a f 0 0 0 0
6 0 1 1 7 0 1 0 c 1 1 0 1 1 f 4 f 0 f 2 f
6 0 1 7 1 0 1 1 f 0 1 1 1 4 f 1 f 0 0 0 0
6 0 1 4 1 4 1 1 8 1 1 0 1 a f 1 f f f a f
6 0 1 2 6 1 1 1 5 1 1 0 1 b f 6 f 8 f 1 f
6 0 1 2 1 2 1 0 7 1 1 0 1 b f 8 f 5 f b f
6 0 1 3 5 1 0 0 b 1 1 0 1 9 f 7 f 0 0 0 0
6 0 0 3 6 3 1 1 d 0 1 0 1 0 0 0 0 0 0 0 0
6 0 1 6 7 4 1 0 c 1 1 0 1 6 f 4 f d f f f
6 0 1 2 4 4 1 1 3 0 1 1 1 5 f d f 0 0 0 0
6 0 1 4 6 7 0 0 3 1 1 0 1 d f 6 f 0 0 0 0
6 0 1 4 0 6 1 1 c 1 1 0 1 d f 0 f 3 f 6 f
6 0 1 3 0 3 0 0 9 1 1 0 1 9 f 0 f 0 0 0 0
6 0 0 3 4 0 1 1 e 0 1 0 1 0 0 0 0 0 0 0 0
6 0 1 6 2 1 1 0 c 1 1 0 1 3 f 5 f c f 8 f
6 0 1 7 0 1 0 0 f 1 1 0 1 4 f 0 f 0 0 0 0
6 0 1 2 1 3 0 1 2 1 1 0 1 5 f c f 0 0 0 0
6 0 1 1 4 7 1 0 e 1 1 0 1 c f d f e f 4 f
6 0 1 3 5 4 1 0 2 1 1 0 1 9 f 7 f 2 f d f
6 0 1 3 2 2 1 0 5 0 1 1 1 9 f 5 f 0 0 0 0
6 0 1 5 5 1 1 0 e 0 1 1 1 7 f 7 f 0 0 0 0
6 0 1 5 4 5 1 0 9 0 1 1 1 7 f 2 f 0 0 0 0
6 0 1 0 6 4 1 0 6 0 1 1 1 0 f 3 f 0 0 0 0
6 0 1 7 0 3 1 1 a 0 1 1 1 e f 0 f 0 0 0 0
6 0 0 1 5 7 0 1 1 0 1 0 1 0 0 0 0 0 0 0 0
6 0 1 0 4 4 0 0 2 1 1 0 1 0 f 2 f 0 0 0 0
6 0 1 6 7 5 1 0 6 1 1 0 1 3 f e f a f 7 f
6 0 1 1 2 4 1 0 8 1 1 0 1 c f 5 f 1 f 2 f
6 0 1 7 6 4 1 0 d 0 1 1 1 e f 3 f 0 0 0 0
6 0 1 6 4 5 1 1 b 0 1 1 1 3 f 1 f 0 0 0 0
6 0 1 3 2 6 1 0 3 1 1 0 1 9 f 5 f b f 3 f
6 0 0 0 3 4 1 0 4 0 1 0 1 0 0 0 0 0 0 0 0
6 0 1 6 4 1 0 0 9 1 1 0 1 b f 1 f 0 0 0 0
6 0 1 1 6 5 1 1 f 0 1 1 1 c f b f 0 0 0 0
6 0 0 2 3 3 1 0 7 0 1 0 1 0 0 0 0 0 0 0 0
6 0 0 3 4 2 1 0 e 0 1 0 1 0 0 0 0 0 0 0 0
6 0 1 0 3 5 1 1 6 1 1 0 1 0 f 9 f f f a f
6 0 1 5 7 1 1 0 a 1 1 0 1 f f e f 6 f c f
6 0 1 3 5 7 1 1 8 0 1 1 1 9 f f f 0 0 0 0
6 0 1 1 0 2 1 0 8 1 1 0 1 6 f 0 f 8 f 5 f
6 0 0 4 3 6 1 1 4 0 1 0 1 0 0 0 0 0 0 0 0
6 0 1 5 5 1 0 1 d 1 1 0 1 f f f f 0 0 0 0
6 0 0 0 2 7 1 0 0 0 1 0 1 0 0 0 0 0 0 0 0
6 0 1 6 4 4 1 1 7 1 1 0 1 b f 1 f 4 f 1 f
6 0 1 5 6 7 1 1 2 1 1 0 1 f f b f d f e f
6 0 1 5 2 5 1 1 3 1 1 0 1 f f 8 f 7 f f f
6 0 1 7 0 4 1 0 0 1 1 0 1 d f 0 f 2 f 4 f
6 0 1 0 7 5 1 0 e 1 1 0 1 0 f d f 3 f 7 f
6 0 1 6 6 3 1 1 a 0 1 1 1 b f b f 0 0 0 0
6 0 1 0 1 4 1 0 6 1 1 0 1 0 f 6 f a f 2 f
6 0 1 5 6 1 1 0 f 0 1 1 1 3 f b f 0 0 0 0
6 0 1 6 5 4 1 1 c 0 1 1 1 b f 3 f 0 0 0 0
6 0 1 6 3 7 1 1 5 1 1 0 1 b f 9 f c f d f
6 0 1 5 6 4 1 0 e 1 1 0 1 3 f b f 5 f a f
6 0 1 4 0 6 1 0 4 0 1 1 1 5 f 0 f 0 0 0 0
6 0 1 0 3 1 0 0 c 1 1 0 1 0 f 9 f 0 0 0 0
6 0 1 6 6 6 1 0 f 0 1 1 1 b f b f 0 0 0 0
6 0 1 2 0 6 1 1 1 0 1 1 1 8 f 0 f 0 0 0 0
6 0 1 3 2 6 0 1 e 1 1 0 1 9 f 8 f 0 0 0 0
6 0 1 0 1 6 1 0 d 1 1 0 1 0 f 6 f 1 f b f
6 0 1 5 7 3 0 0 1 1 1 0 1 3 f c f 0 0 0 0
6 0 1 6 5 7 1 0 9 1 1 0 1 1 f 3 f e f c f
6 0 1 4 1 2 1 1 f 0 1 1 1 5 f 6 f 0 0 0 0
6 0 1 5 7 6 1 0 5 1 1 0 1 3 f e f f f 1 f
6 0 1 7 1 6 0 1 4 1 1 0 1 e f 6 f 0 0 0 0
6 0 1 4 0 7 1 0 e 1 1 0 1 5 f 0 f 4 f e f
6 0 0 4 0 5 1 0 7 0 1 0 1 0 0 0 0 0 0 0 0
6 0 1 5 6 2 1 1 7 0 1 1 1 3 f f f 0 0 0 0
6 0 1 2 4 5 1 0 1 1 1 0 1 8 f 5 f 7 f 3 f
6 0 1 7 2 0 1 1 2 0 1 1 1 4 f 8 f 0 0 0 0
6 0 1 3 0 2 1 0 9 1 1 0 1 9 f 0 f 2 f 8 f
6 0 1 6 5 7 1 1 d 0 1 1 1 f f 7 f 0 0 0 0
6 0 0 2 0 1 1 0 1 0 1 0 1 0 0 0 0 0 0 0 0
6 0 1 4 1 5 1 1 a 1 1 0 1 5 f 6 f d f 7 f
6 0 1 3 4 0 0 0 a 1 1 0 1 9 f 5 f 0 0 0 0
6 0 1 2 5 6 0 0 b 1 1 0 1 2 f d f 0 0 0 0
6 0 1 3 1 7 1 0 f 1 1 0 1 9 f 6 f a f 4 f
6 0 1 3 0 0 1 0 4 0 1 1 1 9 f 0 f 0 0 0 0
6 0 1 3 6 1 1 1 b 0 1 1 1 9 f f f 0 0 0 0
6 0 1 2 4 1 0 1 c 1 1 0 1 2 f 5 f 0 0 0 0
6 0 1 6 7 7 1 1 1 1 1 0 1 f f a f b f a f
6 0 1 1 1 6 0 0 8 1 1 0 1 6 f 6 f 0 0 0 0
6 0 1 2 0 5 1 1 e 1 1 0 1 2 f 0 f c f d f
6 0 1 1 2 2 1 0 5 1 1 0 1 6 f 2 f 1 f 2 f
6 0 0 7 4 6 1 0 4 0 1 0 1 0 0 0 0 0 0 0 0
6 0 1 3 6 7 0 0 c 1 1 0 1 9 f f f 0 0 0 0
6 0 1 0 5 7 1 1 3 1 1 0 1 0 f c f e f b f
6 0 1 6 4 4 1 0 7 1 1 0 1 f f 5 f 3 f 5 f
6 0 1 0 0 5 1 0 a 0 1 1 1 0 f 0 f 0 0 0 0
6 0 1 3 5 7 1 0 d 0 1 1 1 9 f c f 0 0 0 0
6 0 1 2 4 4 0 0 6 1 1 0 1 1 f 3 f 0 0 0 0
6 0 1 2 5 4 1 0 3 0 1 1 1 1 f c f 0 0 0 0
6 0 1 5 2 4 1 0 e 0 1 1 1 c f 1 f 0 0 0 0
6 0 1 5 3 0 1 1 8 0 1 1 1 c f 9 f 0 0 0 0
6 0 1 4 1 1 1 0 0 1 1 0 1 3 f 6 f 8 f 6 f
6 0 1 7 5 2 1 0 b 0 1 1 1 e f c f 0 0 0 0
6 0 1 0 3 3 1 0 0 0 1 1 1 0 f 9 f 0 0 0 0
6 0 1 4 0 3 1 0 e 0 1 1 1 3 f 0 f 0 0 0 0
6 0 1 0 3 2 1 0 b 0 1 1 1 0 f 9 f 0 0 0 0
6 0 1 0 3 5 0 0 e 1 1 0 1 0 f 9 f 0 0 0 0
6 0 1 2 2 2 1 0 4 0 1 1 1 1 f 1 f 0 0 0 0
6 0 0 2 3 2 1 0 5 0 1 0 1 0 0 0 0 0 0 0 0
6 0 1 1 2 0 1 0 6 0 1 1 1 8 f 1 f 0 0 0 0
6 0 1 1 5 2 0 1 7 1 1 0 1 8 f c f 0 0 0 0
6 0 0 2 0 4 1 0 4 0 1 0 1 0 0 0 0 0 0 0 0
6 0 1 6 6 7 1 0 a 1 1 0 1 f f f f 7 f e f
6 0 1 0 1 1 1 1 4 0 1 1 1 0 f 8 f 0 0 0 0
6 0 1 1 4 1 1 0 8 1 1 0 1 8 f 3 f 4 f 8 f
6 0 1 4 6 4 1 1 a 0 1 1 1 3 f f f 0 0 0 0
6 0 1 4 1 0 1 1 d 1 1 0 1 3 f 4 f a f 0 f
6 0 0 4 1 3 1 1 2 0 1 0 1 0 0 0 0 0 0 0 0
6 0 1 0 6 1 1 1 b 1 1 0 1 a f f f d f 4 f
6 0 1 3 5 5 0 0 7 1 1 0 1 9 f c f 0 0 0 0
6 0 1 6 6 7 1 0 0 1 1 0 1 f f f f 2 f 7 f
6 0 1 2 5 1 1 0 d 1 1 0 1 1 f c f b f d f
6 0 1 2 3 6 1 1 5 0 1 1 1 1 f 9 f 0 0 0 0
6 0 1 6 1 7 1 0 c 1 1 0 1 f f b f 5 f 2 f
6 0 0 6 7 6 1 0 e 0 1 0 1 0 0 0 0 0 0 0 0
6 0 1 1 4 2 1 0 2 0 1 1 1 b f 3 f 0 0 0 0
6 0 1 6 0 7 0 0 5 1 1 0 1 f f a f 0 0 0 0
6 0 0 6 7 1 1 0 9 0 1 0 1 0 0 0 0 0 0 0 0
6 0 0 7 7 1 1 1 6 0 1 0 1 0 0 0 0 0 0 0 0
6 0 1 0 4 0 1 1 e 1 1 0 1 a f 3 f 6 f a f
6 0 1 7 3 5 1 1 8 1 1 0 1 5 f 9 f e f c f
6 0 1 7 3 0 1 0 0 1 1 0 1 5 f 9 f 8 f 6 f
6 0 1 3 1 2 1 1 0 0 1 1 1 9 f b f 0 0 0 0
6 0 0 1 5 0 1 0 7 0 1 0 1 0 0 0 0 0 0 0 0
6 0 1 5 2 7 1 1 4 1 1 0 1 e f 1 f 0 f 5 f
6 0 1 6 2 3 0 0 b 1 1 0 1 f f 1 f 0 0 0 0
6 0 0 6 1 7 1 0 7 0 1 0 1 0 0 0 0 0 0 0 0
6 0 1 2 7 0 1 0 f 1 1 0 1 1 f 0 f 4 f 8 f
6 0 1 1 0 0 0 0 a 1 1 0 1 b f 4 f 0 0 0 0
6 0 1 4 3 3 1 0 2 0 1 1 1 3 f 9 f 0 0 0 0
6 0 1 6 5 1 1 0 e 0 1 1 1 f f e f 0 0 0 0
6 0 1 0 0 6 1 1 7 0 1 1 1 4 f 4 f 0 0 0 0
6 0 0 5 6 4 1 1 d 0 1 0 1 0 0 0 0 0 0 0 0
6 0 1 0 2 3 1 1 2 1 1 0 1 4 f 1 f 7 f 9 f
6 0 1 0 1 4 0 1 a 1 1 0 1 4 f b f 0 0 0 0
6 0 1 1 2 0 1 1 c 1 1 0 1 b f 1 f d f 4 f
6 0 0 7 7 0 1 1 6 0 1 0 1 0 0 0 0 0 0 0 0
6 0 1 1 0 4 0 0 2 1 1 0 1 b f d f 0 0 0 0
6 0 0 5 1 4 0 0 8 0 1 0 1 0 0 0 0 0 0 0 0
6 0 1 6 6 6 1 0 4 1 1 0 1 f f f f 2 f f f
6 0 0 3 7 6 1 1 5 0 1 0 1 0 0 0 0 0 0 0 0
6 0 1 0 1 0 1 0 8 1 1 0 1 d f b f a f d f
6 0 1 7 7 1 1 1 8 1 1 0 1 0 f 0 f c f b f
6 0 1 2 6 7 1 0 a 1 1 0 1 1 f 2 f 6 f 0 f
6 0 1 5 4 0 1 1 9 1 1 0 1 e f 3 f 5 f a f
6 0 1 0 1 4 1 0 3 1 1 0 1 5 f c f 8 f 3 f
6 0 1 6 3 0 1 0 9 1 1 0 1 2 f 7 f 9 f 5 f
6 0 1 1 7 0 1 0 0 0 1 1 1 c f 6 f 0 0 0 0
6 0 0 4 7 3 1 0 9 0 1 0 1 0 0 0 0 0 0 0 0
6 0 0 1 0 5 1 0 6 0 1 0 1 0 0 0 0 0 0 0 0
6 0 1 6 2 5 1 0 4 0 1 1 1 2 f 1 f 0 0 0 0
6 0 1 6 3 6 1 1 4 0 1 1 1 2 f 7 f 0 0 0 0
6 0 1 7 3 0 1 1 f 1 1 0 1 6 f 7 f 4 f 9 f
6 0 1 2 7 4 1 0 a 1 1 0 1 1 f 6 f f f 8 f
6 0 1 6 2 4 1 1 d 0 1 1 1 2 f 1 f 0 0 0 0
6 0 1 5 3 6 0 0 b 1 1 0 1 e f 7 f 0 0 0 0
6 0 1 3 5 4 1 0 a 1 1 0 1 7 f e f d f f f
6 0 1 1 3 0 1 1 b 0 1 1 1 c f 7 f 0 0 0 0
6 0 1 4 3 2 1 1 0 1 1 0 1 d f 7 f b f 1 f
6 0 1 3 5 1 1 1 a 1 1 0 1 7 f e f 0 f c f
6 0 1 4 5 6 1 1 3 1 1 0 1 d f e f a f 2 f
6 0 0 3 5 6 1 1 5 0 1 0 1 0 0 0 0 0 0 0 0
6 0 1 5 1 5 1 0 0 1 1 0 1 e f 0 f 3 f e f
6 0 1 6 5 3 1 1 9 1 1 0 1 a f 3 f 5 f 7 f
6 0 0 7 1 1 1 1 8 0 1 0 1 0 0 0 0 0 0 0 0
6 0 1 4 4 2 1 1 f 1 1 0 1 d f d f 9 f b f
6 0 1 3 0 7 1 0 0 1 1 0 1 5 f 4 f 8 f 6 f
6 0 1 4 1 0 1 0 e 1 1 0 1 d f 0 f f f 4 f
6 0 0 7 3 2 1 0 f 0 1 0 1 0 0 0 0 0 0 0 0
6 0 1 5 2 4 1 0 7 0 1 1 1 3 f 9 f 0 0 0 0
6 0 1 3 5 6 1 0 a 0 1 1 1 5 f 3 f 0 0 0 0
6 0 1 5 4 7 0 0 6 1 1 0 1 3 f d f 0 0 0 0
6 0 0 1 5 4 1 0 f 0 1 0 1 0 0 0 0 0 0 0 0
6 0 0 0 3 5 1 0 2 0 1 0 1 0 0 0 0 0 0 0 0
6 0 1 0 1 1 1 1 1 0 1 1 1 f f 0 f 0 0 0 0
6 0 1 3 5 4 1 0 d 1 1 0 1 5 f 3 f 1 f d f
6 0 1 6 7 1 1 1 c 0 1 1 1 a f 8 f 0 0 0 0
6 0 1 2 0 6 1 1 2 1 1 0 1 9 f f f c f a f
6 0 1 3 4 1 1 1 e 1 1 0 1 5 f 1 f 2 f 0 f
6 0 1 7 1 1 1 0 7 1 1 0 1 8 f 2 f e f 2 f
6 0 1 0 3 7 1 0 e 0 1 1 1 f f 5 f 0 0 0 0
6 0 1 4 7 6 1 0 2 0 1 1 1 1 f 8 f 0 0 0 0
6 0 1 6 4 7 1 0 c 0 1 1 1 c f 1 f 0 0 0 0
6 0 1 5 2 3 1 0 8 0 1 1 1 3 f 9 f 0 0 0 0
6 0 1 6 2 2 1 0 1 0 1 1 1 c f 9 f 0 0 0 0
6 0 1 3 6 6 1 0 f 0 1 1 1 5 f c f 0 0 0 0
6 0 1 7 3 4 1 1 7 0 1 1 1 8 f 5 f 0 0 0 0
6 0 0 3 3 5 0 0 0 0 1 0 1 0 0 0 0 0 0 0 0
6 0 1 2 4 6 1 1 b 1 1 0 1 9 f 1 f 7 f c f
6 0 0 2 0 7 1 0 4 0 1 0 1 0 0 0 0 0 0 0 0
6 0 1 7 4 3 1 0 0 1 1 0 1 8 f 1 f b f 5 f
6 0 1 4 4 4 1 1 6 0 1 1 1 1 f 1 f 0 0 0 0
6 0 1 6 3 7 1 0 c 1 1 0 1 7 f b f 6 f 8 f
6 0 1 7 7 6 0 1 4 1 1 0 1 6 f 6 f 0 0 0 0
6 0 0 1 4 7 0 0 8 0 1 0 1 0 0 0 0 0 0 0 0
6 0 1 5 0 0 0 1 d 1 1 0 1 3 f f f 0 0 0 0
6 0 0 5 6 4 1 1 a 0 1 0 1 0 0 0 0 0 0 0 0
6 0 1 4 3 5 1 0 1 1 1 0 1 1 f b f 4 f 3 f
6 0 0 1 0 7 0 1 0 0 1 0 1 0 0 0 0 0 0 0 0
6 0 1 0 4 1 1 0 1 1 1 0 1 f f 1 f d f e f
6 0 1 4 2 4 1 1 2 1 1 0 1 1 f 9 f a f 1 f
6 0 1 6 5 1 1 1 c 1 1 0 1 7 f 4 f 0 f d f
6 0 0 2 1 3 1 0 2 0 1 0 1 0 0 0 0 0 0 0 0
6 0 0 2 1 0 1 1 5 0 1 0 1 0 0 0 0 0 0 0 0
6 0 1 4 5 7 1 0 2 1 1 0 1 a f 4 f 2 f 6 f
6 0 1 0 5 6 1 0 b 1 1 0 1 f f 4 f c f 7 f
6 0 0 4 3 1 1 0 6 0 1 0 1 0 0 0 0 0 0 0 0
6 0 1 4 4 1 1 0 0 1 1 0 1 a f a f 5 f 0 f
6 0 1 4 4 7 1 0 b 0 1 1 1 a f a f 0 0 0 0
6 0 1 4 5 5 1 1 8 0 1 1 1 a f 4 f 0 0 0 0
6 0 1 6 4 0 0 1 3 1 1 0 1 c f a f 0 0 0 0
6 0 1 2 7 5 1 0 0 1 1 0 1 9 f 2 f 8 f 4 f
6 0 1 2 1 2 1 0 6 1 1 0 1 9 f 5 f 3 f 9 f
6 0 1 3 5 0 1 0 0 0 1 1 1 b f 8 f 0 0 0 0
6 0 0 4 7 6 1 0 e 0 1 0 1 0 0 0 0 0 0 0 0
6 0 1 5 2 4 1 1 e 0 1 1 1 8 f 3 f 0 0 0 0
6 0 1 2 5 5 1 0 f 1 1 0 1 3 f 8 f e f 8 f
6 0 1 2 2 5 1 0 1 0 1 1 1 3 f 3 f 0 0 0 0
6 0 1 7 4 1 0 1 1 1 1 0 1 2 f a f 0 0 0 0
6 0 1 3 7 2 1 0 7 1 1 0 1 b f 2 f 1 f 3 f
6 0 1 3 6 7 1 0 d 0 1 1 1 b f c f 0 0 0 0
6 0 0 0 0 6 0 0 0 0 1 0 1 0 0 0 0 0 0 0 0
6 0 1 7 6 1 1 0 d 0 1 1 1 2 f c f 0 0 0 0
6 0 1 7 0 5 1 1 d 0 1 1 1 2 f f f 0 0 0 0
6 0 0 3 1 3 1 1 6 0 1 0 1 0 0 0 0 0 0 0 0
6 0 1 7 6 2 1 1 7 1 1 0 1 2 f c f d f 1 f
6 0 1 0 6 3 1 1 0 1 1 0 1 f f c f 6 f b f
6 0 1 7 7 2 1 0 e 1 1 0 1 2 f 2 f 7 f d f
6 0 0 5 7 3 1 0 0 0 1 0 1 0 0 0 0 0 0 0 0
6 0 0 2 7 0 1 1 4 0 1 0 1 0 0 0 0 0 0 0 0
6 0 1 5 0 3 1 0 0 1 1 0 1 e f f f 0 f 6 f
6 0 1 6 7 5 1 1 9 1 1 0 1 c f 2 f 4 f e f
6 0 1 7 7 6 0 1 8 1 1 0 1 2 f 2 f 0 0 0 0
6 0 1 5 2 0 1 1 3 1 1 0 1 4 f 7 f 9 f f f
6 0 1 1 2 6 1 0 c 1 1 0 1 5 f 7 f 8 f c f
6 0 1 3 7 4 1 0 f 1 1 0 1 0 f 2 f 3 f a f
6 0 0 2 2 7 1 0 6 0 1 0 1 0 0 0 0 0 0 0 0
6 0 1 3 7 0 1 0 d 0 1 1 1 0 f 2 f 0 0 0 0
6 0 1 1 6 6 1 0 4 0 1 1 1 5 f 8 f 0 0 0 0
6 0 1 2 1 4 1 0 0 0 1 1 1 7 f 5 f 0 0 0 0
6 0 1 3 3 0 0 1 1 1 1 0 1 0 f 0 f 0 0 0 0
6 0 0 4 1 7 1 0 6 0 1 0 1 0 0 0 0 0 0 0 0
6 0 1 0 6 3 0 0 c 1 1 0 1 9 f 8 f 0 0 0 0
6 0 1 1 5 3 0 0 4 1 1 0 1 5 f 4 f 0 0 0 0
6 0 1 7 7 2 1 0 4 1 1 0 1 2 f 2 f 1 f 7 f
6 0 1 4 3 5 0 1 b 1 1 0 1 3 f 0 f 0 0 0 0
6 0 1 7 5 0 0 1 d 1 1 0 1 2 f 4 f 0 0 0 0
6 0 1 5 0 6 1 0 3 1 1 0 1 4 f 9 f b f 8 f
6 0 1 5 2 6 1 1 6 1 1 0 1 4 f 1 f d f b f
6 0 1 7 0 5 1 0 1 1 1 0 1 2 f 9 f 6 f 4 f
6 0 1 6 5 3 1 1 e 0 1 1 1 d f 6 f 0 0 0 0
6 0 0 4 4 7 1 1 f 0 1 0 1 0 0 0 0 0 0 0 0
6 0 1 4 6 6 0 0 2 1 1 0 1 3 f d f 0 0 0 0
6 0 1 0 2 5 1 0 b 1 1 0 1 9 f 1 f e f 6 f
6 0 0 3 6 6 1 0 2 0 1 0 1 0 0 0 0 0 0 0 0
6 0 1 7 1 7 1 0 8 1 1 0 1 2 f 5 f f f 2 f
6 0 1 1 1 1 1 1 c 0 1 1 1 5 f 5 f 0 0 0 0
6 0 1 6 3 5 1 0 f 1 1 0 1 d f 0 f c f e f
6 0 1 2 7 3 1 0 9 0 1 1 1 1 f f f 0 0 0 0
6 0 1 1 5 6 1 1 a 0 1 1 1 5 f c f 0 0 0 0
6 0 1 7 6 4 1 0 9 1 1 0 1 f f d f a f 3 f
6 0 1 0 5 7 0 1 7 1 1 0 1 9 f c f 0 0 0 0
6 0 1 6 6 6 0 1 8 1 1 0 1 d f d f 0 0 0 0
6 0 0 5 0 2 1 1 b 0 1 0 1 0 0 0 0 0 0 0 0
6 0 1 2 7 7 1 1 4 1 1 0 1 1 f f f 7 f f f
6 0 0 4 3 6 1 1 6 0 1 0 1 0 0 0 0 0 0 0 0
6 0 1 4 5 2 1 1 2 1 1 0 1 a f c f 8 f 1 f
6 0 0 2 6 6 1 0 9 0 1 0 1 0 0 0 0 0 0 0 0
6 0 1 4 7 3 0 0 e 1 1 0 1 a f 7 f 0 0 0 0
6 0 0 3 7 4 1 0 0 0 1 0 1 0 0 0 0 0 0 0 0
6 0 1 3 4 2 1 0 2 1 1 0 1 0 f a f b f 8 f
6 0 1 0 3 7 1 1 e 1 1 0 1 9 f 0 f 4 f 7 f
6 0 1 7 2 7 0 0 b 1 1 0 1 4 f b f 0 0 0 0
6 0 0 1 7 1 1 1 3 0 1 0 1 0 0 0 0 0 0 0 0
6 0 1 5 1 0 1 1 f 1 1 0 1 c f 5 f 6 f 9 f
6 0 0 3 0 2 1 1 1 0 1 0 1 0 0 0 0 0 0 0 0
6 0 1 1 4 1 1 0 3 1 1 0 1 5 f a f 2 f 5 f
6 0 1 0 4 0 1 0 4 1 1 0 1 6 f a f e f 6 f
6 0 1 4 5 5 1 1 8 1 1 0 1 a f c f 3 f c f
6 0 1 3 1 1 1 1 7 1 1 0 1 0 f 2 f f f 2 f
6 0 1 4 6 1 0 1 9 1 1 0 1 a f d f 0 0 0 0
6 0 0 5 4 3 1 0 9 0 1 0 1 0 0 0 0 0 0 0 0
6 0 0 6 2 5 1 0 d 0 1 0 1 0 0 0 0 0 0 0 0
6 0 0 6 5 7 1 0 f 0 1 0 1 0 0 0 0 0 0 0 0
6 0 0 6 1 1 1 1 5 0 1 0 1 0 0 0 0 0 0 0 0
6 0 1 6 2 4 1 0 2 1 1 0 1 d f b f 1 f a f
6 0 1 2 2 0 1 1 6 1 1 0 1 b f b f 8 f e f
6 0 1 2 0 1 1 0 2 1 1 0 1 b f 8 f 7 f f f
6 0 1 1 4 7 1 0 f 1 1 0 1 7 f 1 f 9 f 4 f
6 0 1 7 7 4 1 0 5 1 1 0 1 9 f 9 f 5 f 1 f
6 0 0 4 5 4 1 1 c 0 1 0 1 0 0 0 0 0 0 0 0
6 0 1 2 5 1 1 0 c 1 1 0 1 b f 3 f 6 f 7 f
6 0 1 0 1 6 1 1 2 1 1 0 1 8 f 6 f c f d f
6 0 1 0 4 5 1 0 f 1 1 0 1 8 f 5 f 2 f 3 f
6 0 0 1 7 4 1 1 a 0 1 0 1 0 0 0 0 0 0 0 0
6 0 1 1 0 6 1 0 e 1 1 0 1 6 f 8 f a f c f
6 0 1 1 1 2 1 0 a 0 1 1 1 6 f 6 f 0 0 0 0
6 0 0 6 2 7 1 1 e 0 1 0 1 0 0 0 0 0 0 0 0
6 0 1 5 1 3 1 1 f 1 1 0 1 2 f 6 f e f 0 f
6 0 1 6 6 4 1 0 0 1 1 0 1 a f a f f f 5 f
6 0 0 4 7 1 0 1 4 0 1 0 1 0 0 0 0 0 0 0 0
6 0 0 3 7 6 1 0 a 0 1 0 1 0 0 0 0 0 0 0 0
6 0 1 6 5 2 1 1 1 1 1 0 1 a f 2 f 4 f b f
6 0 1 0 6 6 1 0 8 1 1 0 1 8 f a f 1 f a f
6 0 1 0 3 6 0 0 6 1 1 0 1 8 f e f 0 0 0 0
6 0 1 1 0 7 0 0 c 1 1 0 1 6 f 8 f 0 0 0 0
6 0 1 0 0 4 0 0 b 1 1 0 1 8 f 8 f 0 0 0 0
6 0 1 1 6 6 1 0 d 0 1 1 1 6 f 1 f 0 0 0 0
6 0 1 1 7 1 0 0 1 1 1 0 1 6 f 9 f 0 0 0 0
6 0 1 3 6 5 1 1 7 0 1 1 1 e f 1 f 0 0 0 0
6 0 1 6 3 7 1 1 d 1 1 0 1 1 f e f 7 f 9 f
6 0 1 5 4 1 1 1 3 1 1 0 1 2 f f f d f 6 f
6 0 1 1 4 0 0 1 c 1 1 0 1 d f f f 0 0 0 0
6 0 1 3 4 2 1 1 0 1 1 0 1 e f f f 3 f 4 f
6 0 1 7 3 7 1 0 e 1 1 0 1 7 f e f c f 7 f
6 0 1 1 2 2 1 1 5 1 1 0 1 d f 3 f 0 f 3 f
6 0 1 6 4 2 1 1 b 1 1 0 1 1 f f f 5 f 0 f
6 0 1 0 2 3 1 0 4 1 1 0 1 8 f 5 f b f e f
6 0 1 2 0 4 0 1 a 1 1 0 1 5 f 8 f 0 0 0 0
6 0 0 1 3 1 0 1 9 0 1 0 1 0 0 0 0 0 0 0 0
6 0 1 0 2 5 1 0 7 1 1 0 1 8 f 5 f a f 2 f
6 0 1 3 2 5 1 0 7 1 1 0 1 b f 5 f 9 f a f
6 0 1 7 6 5 1 1 6 0 1 1 1 c f 1 f 0 0 0 0
6 0 1 3 1 4 1 0 3 1 1 0 1 b f d f 6 f f f
6 0 1 4 3 6 1 0 1 0 1 1 1 6 f b f 0 0 0 0
6 0 1 0 5 2 1 0 c 0 1 1 1 8 f 9 f 0 0 0 0
6 0 1 4 7 6 1 1 4 0 1 1 1 6 f c f 0 0 0 0
6 0 1 4 2 2 1 1 7 1 1 0 1 6 f 5 f 4 f 5 f
6 0 1 7 4 6 1 0 1 1 1 0 1 c f 6 f 7 f 1 f
6 0 1 7 1 0 1 1 3 0 1 1 1 c f d f 0 0 0 0
6 0 1 7 5 2 1 1 0 1 1 0 1 c f 9 f 3 f 4 f
6 0 0 0 1 2 0 0 9 0 1 0 1 0 0 0 0 0 0 0 0
6 0 1 3 5 6 0 1 e 1 1 0 1 b f 9 f 0 0 0 0
6 0 1 4 7 1 1 0 3 1 1 0 1 6 f c f 0 f d f
6 0 1 5 3 7 0 1 2 1 1 0 1 9 f b f 0 0 0 0
6 0 1 7 0 2 1 1 a 1 1 0 1 c f 8 f e f 3 f
6 0 1 7 0 5 0 1 f 1 1 0 1 c f 8 f 0 0 0 0
6 0 1 6 3 0 0 0 5 1 1 0 1 7 f b f 0 0 0 0
6 0 1 0 3 0 1 1 5 1 1 0 1 8 f b f 2 f 8 f
6 0 1 0 5 1 1 0 c 1 1 0 1 2 f 9 f a f 0 f
6 0 1 0 6 0 1 0 5 1 1 0 1 2 f 7 f f f 2 f
6 0 1 5 6 1 1 0 0 1 1 0 1 9 f 7 f 5 f a f
6 0 1 0 5 3 1 0 2 0 1 1 1 f f 9 f 0 0 0 0
6 0 1 3 0 5 0 0 5 1 1 0 1 b f f f 0 0 0 0
6 0 0 0 1 3 1 0 d 0 1 0 1 0 0 0 0 0 0 0 0
6 0 0 6 3 5 1 0 f 0 1 0 1 0 0 0 0 0 0 0 0
6 0 1 6 4 1 0 0 b 1 1 0 1 7 f 6 f 0 0 0 0
6 0 1 7 7 1 1 1 1 0 1 1 1 c f c f 0 0 0 0
6 0 0 0 4 2 0 1 4 0 1 0 1 0 0 0 0 0 0 0 0
6 0 1 5 0 7 1 1 d 1 1 0 1 9 f f f 1 f c f
6 0 1 1 1 7 1 0 3 1 1 0 1 5 f 5 f 4 f 1 f
6 0 1 7 3 1 1 0 c 1 1 0 1 4 f b f d f 5 f
6 0 1 2 4 3 1 0 5 0 1 1 1 e f 6 f 0 0 0 0
6 0 1 2 1 3 0 0 c 1 1 0 1 e f d f 0 0 0 0
6 0 0 1 3 2 1 0 6 0 1 0 1 0 0 0 0 0 0 0 0
6 0 1 3 4 7 1 1 3 0 1 1 1 b f 6 f 0 0 0 0
6 0 1 5 6 3 1 1 8 1 1 0 1 9 f 7 f 3 f b f
6 0 0 4 5 0 1 0 d 0 1 0 1 0 0 0 0 0 0 0 0
6 0 1 0 3 3 0 1 0 1 1 0 1 f f 3 f 0 0 0 0
6 0 0 7 1 2 1 0 8 0 1 0 1 0 0 0 0 0 0 0 0
6 0 0 7 0 7 1 1 2 0 1 0 1 0 0 0 0 0 0 0 0
6 0 0 5 1 1 1 1 a 0 1 0 1 0 0 0 0 0 0 0 0
6 0 0 6 3 6 0 1 c 0 1 0 1 0 0 0 0 0 0 0 0
6 0 1 6 0 6 1 1 1 1 1 0 1 7 f f f 8 f 7 f
6 0 1 4 4 7 1 0 f 1 1 0 1 6 f 6 f 0 f 4 f
6 0 1 7 2 6 1 0 b 1 1 0 1 0 f e f 2 f 8 f
6 0 1 3 7 1 1 0 8 1 1 0 1 3 f 0 f a f d f
6 0 1 0 3 5 1 1 5 1 1 0 1 f f 3 f c f 9 f
6 0 1 4 5 2 1 1 b 1 1 0 1 6 f c f 1 f e f
6 0 1 7 7 0 1 0 2 1 1 0 1 0 f 0 f 5 f f f
6 0 0 2 0 3 1 0 8 0 1 0 1 0 0 0 0 0 0 0 0
6 0 1 7 5 0 1 1 7 1 1 0 1 0 f c f b f 5 f
6 0 1 5 5 0 1 1 4 1 1 0 1 c f c f 7 f b f
6 0 1 0 7 5 0 1 8 1 1 0 1 7 f 0 f 0 0 0 0
6 0 1 2 7 5 1 0 3 1 1 0 1 1 f 0 f 4 f c f
6 0 1 6 3 0 0 1 d 1 1 0 1 2 f 3 f 0 0 0 0
6 0 0 4 5 0 1 0 7 0 1 0 1 0 0 0 0 0 0 0 0
6 0 1 6 5 6 0 1 9 1 1 0 1 2 f 4 f 0 0 0 0
6 0 0 1 5 2 1 1 e 0 1 0 1 0 0 0 0 0 0 0 0
6 0 1 5 6 6 1 0 4 1 1 0 1 4 f 2 f 8 f 2 f
6 0 1 7 4 3 1 1 f 1 1 0 1 0 f 6 f d f 3 f
6 0 1 3 5 0 1 1 5 1 1 0 1 d f 4 f 9 f 7 f
6 0 1 5 0 5 1 1 b 1 1 0 1 4 f 9 f e f 4 f
6 0 1 1 2 3 1 1 c 1 1 0 1 a f 1 f f f d f
6 0 1 2 1 0 0 1 2 1 1 0 1 1 f a f 0 0 0 0
6 0 0 1 5 4 1 0 b 0 1 0 1 0 0 0 0 0 0 0 0
6 0 1 5 1 2 1 0 3 1 1 0 1 e f a f 5 f 1 f
6 0 1 7 7 4 1 0 1 1 1 0 1 0 f 0 f b f 6 f
6 0 1 3 1 2 1 0 d 1 1 0 1 f f a f c f 5 f
6 0 1 4 3 3 1 0 a 1 1 0 1 b f f f 2 f f f
6 0 0 7 2 3 1 1 3 0 1 0 1 0 0 0 0 0 0 0 0
6 0 1 3 5 3 0 0 f 1 1 0 1 2 f e f 0 0 0 0
6 0 1 2 4 1 1 0 8 1 1 0 1 c f b f 3 f a f
6 0 1 1 5 2 1 1 7 0 1 1 1 3 f e f 0 0 0 0
6 0 1 7 2 7 1 0 2 1 1 0 1 0 f c f 7 f 0 f
6 0 1 5 6 7 1 1 4 0 1 1 1 e f 8 f 0 0 0 0
6 0 1 4 2 7 1 0 6 1 1 0 1 b f c f 4 f 7 f
6 0 1 5 7 3 1 1 d 0 1 1 1 e f 4 f 0 0 0 0
6 0 1 3 5 4 1 0 1 1 1 0 1 2 f e f d f b f
6 0 0 5 0 7 1 0 0 0 1 0 1 0 0 0 0 0 0 0 0
6 0 1 6 4 7 1 1 1 0 1 1 1 8 f d f 0 0 0 0
6 0 1 7 5 6 1 1 6 1 1 0 1 4 f e f 1 f 8 f
6 0 1 7 5 0 1 1 5 1 1 0 1 4 f e f 6 f 9 f
6 0 1 4 3 2 1 1 f 1 1 0 1 d f 2 f 5 f c f
6 0 1 7 7 0 1 0 e 1 1 0 1 4 f 4 f f f 6 f
6 0 0 1 6 1 0 1 a 0 1 0 1 0 0 0 0 0 0 0 0
6 0 1 5 4 6 1 0 7 1 1 0 1 e f d f a f 1 f
6 0 1 3 3 6 1 1 0 0 1 1 1 2 f 2 f 0 0 0 0
6 0 1 5 0 3 1 1 7 1 1 0 1 e f f f 0 f 2 f
6 0 1 2 1 7 1 0 c 1 1 0 1 5 f 3 f 7 f 4 f
6 0 1 3 3 0 1 1 b 0 1 1 1 0 f 0 f 0 0 0 0
6 0 1 3 3 7 1 0 0 1 1 0 1 0 f 0 f b f 7 f
6 0 0 3 2 0 1 1 8 0 1 0 1 0 0 0 0 0 0 0 0
6 0 1 5 0 6 1 0 6 1 1 0 1 e f f f 8 f a f
6 0 0 1 2 5 1 1 9 0 1 0 1 0 0 0 0 0 0 0 0
6 0 1 4 0 6 1 0 a 1 1 0 1 d f f f 9 f 8 f
6 0 1 0 5 7 1 1 c 0 1 1 1 f f e f 0 0 0 0
6 0 1 1 0 3 1 1 6 1 1 0 1 3 f f f c f 0 f
6 0 1 6 7 2 0 0 e 1 1 0 1 9 f b f 0 0 0 0
6 0 1 5 7 4 1 1 1 1 1 0 1 e f b f 6 f d f
6 0 1 4 1 4 0 0 e 1 1 0 1 6 f 3 f 0 0 0 0
6 0 1 2 0 5 1 0 8 1 1 0 1 5 f f f 1 f e f
6 0 1 7 5 7 1 1 2 0 1 1 1 b f 1 f 0 0 0 0
6 0 1 5 1 4 1 0 b 1 1 0 1 1 f 3 f 2 f 6 f
6 0 1 3 5 1 1 1 4 0 1 1 1 c f 1 f 0 0 0 0
6 0 1 4 3 3 0 1 7 1 1 0 1 2 f c f 0 0 0 0
6 0 1 2 1 4 0 1 a 1 1 0 1 5 f 3 f 0 0 0 0
6 0 1 7 3 4 1 0 8 1 1 0 1 b f c f 4 f 2 f
6 0 1 3 5 4 1 1 8 1 1 0 1 c f 1 f 7 f 4 f
6 0 0 2 1 0 1 0 d 0 1 0 1 0 0 0 0 0 0 0 0
6 0 1 2 1 2 0 1 0 1 1 0 1 5 f 3 f 0 0 0 0
6 0 0 6 1 5 1 1 d 0 1 0 1 0 0 0 0 0 0 0 0
6 0 1 2 7 1 0 1 e 1 1 0 1 5 f b f 0 0 0 0
6 0 1 3 5 4 1 0 9 1 1 0 1 c f 1 f a f 7 f
6 0 1 1 3 4 1 0 b 1 1 0 1 3 f c f 8 f a f
6 0 1 7 6 4 1 0 1 1 1 0 1 b f 9 f 0 f 8 f
6 0 1 1 4 3 1 1 6 1 1 0 1 3 f 0 f d f c f
6 0 1 4 1 4 1 1 2 1 1 0 1 0 f 3 f e f 0 f
6 0 1 6 7 5 0 0 8 1 1 0 1 9 f b f 0 0 0 0
6 0 0 0 6 7 1 0 d 0 1 0 1 0 0 0 0 0 0 0 0
6 0 1 5 2 6 1 1 4 1 1 0 1 1 f 5 f 6 f 9 f
6 0 1 3 3 4 1 1 7 1 1 0 1 d f d f 2 f e f
6 0 0 5 2 5 1 0 4 0 1 0 1 0 0 0 0 0 0 0 0
6 0 1 6 0 1 1 0 3 1 1 0 1 6 f f f 4 f 3 f
6 0 0 6 6 4 1 1 a 0 1 0 1 0 0 0 0 0 0 0 0
6 0 0 5 4 2 1 1 8 0 1 0 1 0 0 0 0 0 0 0 0
6 0 0 6 6 1 0 0 9 0 1 0 1 0 0 0 0 0 0 0 0
6 0 1 3 5 2 1 0 c 1 1 0 1 d f 1 f 7 f 5 f
6 0 0 1 6 7 0 1 c 0 1 0 1 0 0 0 0 0 0 0 0
6 0 0 4 3 1 0 0 d 0 1 0 1 0 0 0 0 0 0 0 0
6 0 1 1 2 7 1 0 7 1 1 0 1 4 f 7 f a f b f
6 0 1 7 4 0 1 0 2 1 1 0 1 a f 2 f 8 f f f
6 0 1 3 6 1 1 1 0 1 1 0 1 d f 6 f c f 4 f
6 0 1 2 2 7 1 1 9 1 1 0 1 7 f 7 f 0 f a f
6 0 1 1 2 4 0 1 e 1 1 0 1 c f 7 f 0 0 0 0
6 0 1 0 7 5 1 0 f 1 1 0 1 8 f 0 f 9 f 1 f
6 0 1 4 4 0 1 0 b 1 1 0 1 2 f 2 f e f 8 f
6 0 0 7 7 7 1 0 e 0 1 0 1 0 0 0 0 0 0 0 0
6 0 1 6 5 0 1 1 3 0 1 1 1 6 f 9 f 0 0 0 0
6 0 1 6 4 0 1 1 5 1 1 0 1 6 f 2 f 3 f e f
6 0 1 1 5 2 1 1 b 1 1 0 1 c f 9 f 5 f 7 f
6 0 1 4 6 4 1 1 f 1 1 0 1 2 f 6 f b f 2 f
6 0 1 1 6 5 1 0 0 1 1 0 1 c f 6 f f f 9 f
6 0 1 2 5 4 1 0 4 0 1 1 1 5 f f f 0 0 0 0
6 0 0 6 7 5 1 1 4 0 1 0 1 0 0 0 0 0 0 0 0
6 0 0 1 4 7 0 0 1 0 1 0 1 0 0 0 0 0 0 0 0
6 0 1 1 3 7 1 1 a 1 1 0 1 c f d f 4 f 0 f
6 0 1 7 5 7 1 0 3 1 1 0 1 4 f f f a f 4 f
6 0 1 4 7 6 1 1 1 0 1 1 1 b f a f 0 0 0 0
6 0 1 4 1 5 1 1 8 1 1 0 1 b f c f 1 f f f
6 0 1 7 2 0 1 0 4 1 1 0 1 a f 5 f 8 f 3 f
6 0 1 2 6 7 1 1 e 0 1 1 1 5 f 6 f 0 0 0 0
6 0 1 3 1 0 1 0 f 1 1 0 1 d f c f e f 8 f
6 0 1 2 6 7 1 1 7 0 1 1 1 5 f 6 f 0 0 0 0
6 0 1 2 4 1 1 0 8 1 1 0 1 5 f b f 7 f c f
6 0 1 6 3 7 1 0 c 0 1 1 1 6 f d f 0 0 0 0
6 0 1 0 7 1 1 1 2 0 1 1 1 e f a f 0 0 0 0
6 0 1 5 5 0 1 1 9 1 1 0 1 1 f 1 f 2 f e f
6 0 1 5 1 7 0 1 0 1 1 0 1 1 f 7 f 0 0 0 0
6 0 1 7 7 7 1 0 8 1 1 0 1 a f a f 9 f a f
6 0 1 3 5 6 1 0 7 1 1 0 1 d f 1 f 0 f 6 f
6 0 1 3 0 3 1 1 4 0 1 1 1 d f 2 f 0 0 0 0
6 0 1 2 4 1 1 0 2 1 1 0 1 5 f b f 4 f 7 f
6 0 1 2 6 2 1 1 f 0 1 1 1 5 f 0 f 0 0 0 0
6 0 0 7 4 2 1 1 3 0 1 0 1 0 0 0 0 0 0 0 0
6 0 1 2 4 4 0 1 8 1 1 0 1 5 f b f 0 0 0 0
6 0 1 5 1 2 1 0 6 1 1 0 1 1 f 4 f f f 5 f
6 0 1 4 6 5 1 1 c 1 1 0 1 b f 0 f 3 f 1 f
6 0 1 7 4 3 1 1 e 1 1 0 1 9 f b f 8 f d f
6 0 1 1 2 1 1 0 e 1 1 0 1 4 f f f c f 4 f
6 0 0 7 3 0 1 1 a 0 1 0 1 0 0 0 0 0 0 0 0
6 0 1 2 3 2 1 1 6 1 1 0 1 f f 8 f e f f f
6 0 1 0 7 0 1 1 7 1 1 0 1 2 f 9 f a f 2 f
6 0 0 0 7 7 1 0 b 0 1 0 1 0 0 0 0 0 0 0 0
6 0 1 3 1 5 1 0 c 1 1 0 1 8 f c f 6 f 3 f
6 0 1 2 1 1 1 1 5 1 1 0 1 e f c f 7 f c f
6 0 1 4 4 7 1 1 1 1 1 0 1 b f b f 5 f 9 f
6 0 1 2 2 2 1 1 d 1 1 0 1 e f e f 1 f e f
6 0 0 4 2 4 0 0 b 0 1 0 1 0 0 0 0 0 0 0 0
6 0 1 3 0 6 1 0 8 1 1 0 1 8 f a f d f 0 f
6 0 1 5 4 5 0 0 9 1 1 0 1 6 f b f 0 0 0 0
6 0 1 4 5 2 1 1 4 0 1 1 1 b f 6 f 0 0 0 0
6 0 1 3 4 5 1 0 1 1 1 0 1 8 f b f 4 f 6 f
6 0 1 2 6 6 1 0 0 0 1 1 1 1 f d f 0 0 0 0
6 0 1 7 5 2 1 1 f 0 1 1 1 5 f 4 f 0 0 0 0
6 0 1 1 0 7 1 0 b 1 1 0 1 7 f a f f f 5 f
6 0 1 1 3 0 1 0 5 0 1 1 1 7 f 8 f 0 0 0 0
6 0 1 5 5 5 1 1 2 0 1 1 1 4 f 4 f 0 0 0 0
6 0 1 4 5 3 1 1 3 1 1 0 1 b f 4 f 2 f 8 f
6 0 0 2 4 4 1 1 c 0 1 0 1 0 0 0 0 0 0 0 0
6 0 1 0 4 2 1 0 0 1 1 0 1 a f b f 3 f 1 f
6 0 0 0 6 3 1 1 9 0 1 0 1 0 0 0 0 0 0 0 0
6 0 1 6 3 6 1 1 e 1 1 0 1 d f 2 f c f d f
6 0 0 7 6 4 1 1 0 0 1 0 1 0 0 0 0 0 0 0 0
6 0 1 7 1 0 1 1 6 1 1 0 1 f f 7 f 9 f a f
6 0 0 2 4 2 1 0 4 0 1 0 1 0 0 0 0 0 0 0 0
6 0 1 7 5 0 0 0 b 1 1 0 1 f f 4 f 0 0 0 0
6 0 0 5 6 0 1 0 4 0 1 0 1 0 0 0 0 0 0 0 0
6 0 1 3 7 3 1 0 d 1 1 0 1 2 f f f e f 2 f
6 0 0 7 1 5 1 0 2 0 1 0 1 0 0 0 0 0 0 0 0
6 0 1 7 3 4 0 0 7 1 1 0 1 f f e f 0 0 0 0
6 0 1 2 5 7 1 1 5 1 1 0 1 3 f 4 f 0 f f f
6 0 1 5 1 4 1 1 8 1 1 0 1 4 f 7 f 6 f b f
6 0 1 2 4 4 0 0 f 1 1 0 1 3 f 6 f 0 0 0 0
6 0 1 2 6 2 1 0 c 1 1 0 1 3 f c f 5 f 3 f
6 0 0 4 2 5 1 0 b 0 1 0 1 0 0 0 0 0 0 0 0
6 0 1 3 5 6 1 1 1 1 1 0 1 e f 4 f 8 f c f
6 0 1 0 4 3 1 1 d 1 1 0 1 9 f 6 f 1 f e f
6 0 1 4 7 7 1 1 a 1 1 0 1 6 f 0 f d f 0 f
6 0 0 2 2 1 1 0 0 0 1 0 1 0 0 0 0 0 0 0 0
6 0 0 7 2 4 1 0 6 0 1 0 1 0 0 0 0 0 0 0 0
6 0 1 4 7 6 1 1 2 1 1 0 1 6 f d f a f 8 f
6 0 1 3 6 1 1 0 9 1 1 0 1 1 f a f 2 f 7 f
6 0 0 7 7 7 1 0 d 0 1 0 1 0 0 0 0 0 0 0 0
6 0 1 6 7 7 1 1 f 0 1 1 1 a f d f 0 0 0 0
6 0 1 3 3 1 0 1 b 1 1 0 1 1 f 1 f 0 0 0 0
6 0 1 5 4 1 1 0 7 1 1 0 1 4 f 6 f f f 2 f
6 0 1 4 2 7 1 0 7 1 1 0 1 6 f 5 f b f d f
6 0 1 1 5 5 0 0 1 1 1 0 1 f f 4 f 0 0 0 0
6 0 1 0 2 4 1 0 1 0 1 1 1 9 f 5 f 0 0 0 0
6 0 1 6 3 6 1 0 a 0 1 1 1 a f 1 f 0 0 0 0
6 0 1 5 5 6 1 1 3 0 1 1 1 4 f 4 f 0 0 0 0
6 0 1 5 2 5 1 1 c 1 1 0 1 4 f 5 f 3 f 4 f
6 0 0 4 4 3 1 1 e 0 1 0 1 0 0 0 0 0 0 0 0
6 0 1 7 1 2 1 0 9 1 1 0 1 b f f f c f 5 f
6 0 1 1 6 3 1 1 0 1 1 0 1 f f a f e f 1 f
6 0 1 1 4 5 0 0 3 1 1 0 1 f f 6 f 0 0 0 0
6 0 1 4 5 0 1 1 8 1 1 0 1 6 f 3 f 0 f 9 f
6 0 0 4 5 2 1 0 c 0 1 0 1 0 0 0 0 0 0 0 0
6 0 0 5 5 3 1 0 9 0 1 0 1 0 0 0 0 0 0 0 0
6 0 1 6 5 2 1 0 1 1 1 0 1 a f 3 f 8 f c f
6 0 1 7 2 5 1 1 7 0 1 1 1 b f 8 f 0 0 0 0
6 0 1 4 1 1 1 1 2 1 1 0 1 6 f f f 7 f f f
6 0 1 4 7 6 1 0 d 1 1 0 1 6 f b f 2 f a f
6 0 1 2 1 4 1 0 4 0 1 1 1 8 f 7 f 0 0 0 0
6 0 1 5 6 1 1 0 4 0 1 1 1 3 f 2 f 0 0 0 0
6 0 1 4 4 5 1 0 b 0 1 1 1 6 f 6 f 0 0 0 0
6 0 1 3 7 4 1 0 5 0 1 1 1 e f b f 0 0 0 0
6 0 1 2 7 6 1 0 3 0 1 1 1 8 f b f 0 0 0 0
6 0 1 2 6 7 1 0 f 0 1 1 1 8 f 2 f 0 0 0 0
6 0 1 6 4 6 1 0 d 0 1 1 1 2 f 6 f 0 0 0 0
6 0 1 5 6 3 1 0 8 0 1 1 1 3 f 2 f 0 0 0 0
6 0 1 7 7 0 1 1 d 0 1 1 1 b f b f 0 0 0 0
6 0 1 7 1 2 1 0 3 1 1 0 1 b f 7 f d f 8 f
6 0 1 2 0 2 1 1 4 0 1 1 1 d f 0 f 0 0 0 0
6 0 0 5 0 7 1 1 5 0 1 0 1 0 0 0 0 0 0 0 0
6 0 1 7 4 0 1 1 1 1 1 0 1 b f 6 f 4 f 0 f
6 0 0 6 7 7 1 0 8 0 1 0 1 0 0 0 0 0 0 0 0
6 0 1 7 1 5 1 1 9 1 1 0 1 b f 7 f 5 f 3 f
6 0 1 7 2 0 1 1 c 1 1 0 1 b f d f 1 f 4 f
6 0 1 5 3 7 1 1 f 1 1 0 1 5 f e f 9 f b f
6 0 1 5 3 5 1 1 a 1 1 0 1 5 f e f c f 5 f
6 0 0 0 0 2 0 1 8 0 1 0 1 0 0 0 0 0 0 0 0
6 0 1 2 2 2 1 1 0 1 1 0 1 d f d f f f d f
6 0 1 1 3 6 1 0 b 1 1 0 1 7 f e f a f 2 f
6 0 0 1 5 4 1 0 3 0 1 0 1 0 0 0 0 0 0 0 0
6 0 1 1 1 6 1 0 4 1 1 0 1 7 f 7 f 8 f a f
6 0 1 2 0 1 0 1 3 1 1 0 1 f f 1 f 0 0 0 0
6 0 1 4 7 3 1 0 1 1 1 0 1 6 f 9 f 0 f e f
6 0 0 3 4 6 1 0 c 0 1 0 1 0 0 0 0 0 0 0 0
6 0 1 0 5 7 1 0 e 1 1 0 1 1 f c f 3 f 9 f
6 0 1 5 4 6 0 0 5 1 1 0 1 c f 6 f 0 0 0 0
6 0 0 0 2 6 1 0 1 0 1 0 1 0 0 0 0 0 0 0 0
6 0 0 6 0 0 1 0 6 0 1 0 1 0 0 0 0 0 0 0 0
6 0 1 4 1 6 1 1 4 0 1 1 1 6 f 7 f 0 0 0 0
6 0 1 6 6 2 1 0 9 1 1 0 1 8 f 8 f 4 f f f
6 0 1 0 2 5 1 0 9 0 1 1 1 1 f 4 f 0 0 0 0
6 0 0 7 1 7 0 0 f 0 1 0 1 0 0 0 0 0 0 0 0
6 0 1 3 4 5 1 1 b 0 1 1 1 0 f 6 f 0 0 0 0
6 0 1 2 3 4 1 1 5 1 1 0 1 4 f 0 f b f 6 f
6 0 1 4 4 0 1 0 c 1 1 0 1 b f b f 5 f 1 f
6 0 1 3 1 7 1 1 d 0 1 1 1 0 f 7 f 0 0 0 0
6 0 0 1 2 7 1 1 2 0 1 0 1 0 0 0 0 0 0 0 0
6 0 1 0 7 3 1 1 a 1 1 0 1 5 f 3 f d f 0 f
6 0 0 0 5 1 0 1 e 0 1 0 1 0 0 0 0 0 0 0 0
6 0 1 2 6 2 1 1 9 1 1 0 1 4 f 8 f 2 f 4 f
6 0 1 6 4 6 1 0 5 1 1 0 1 8 f b f a f 8 f
6 0 1 7 6 6 1 1 f 1 1 0 1 3 f a f e f a f
6 0 0 4 3 5 1 1 6 0 1 0 1 0 0 0 0 0 0 0 0
6 0 1 3 6 1 1 1 1 1 1 0 1 d f e f 9 f 7 f
6 0 1 6 2 1 1 0 2 1 1 0 1 e f 2 f f f 9 f
6 0 1 1 7 5 1 1 0 1 1 0 1 f f 3 f 6 f c f
6 0 1 5 0 3 1 1 4 1 1 0 1 6 f 5 f 1 f d f
6 0 1 0 4 7 1 0 7 1 1 0 1 5 f b f 0 f 3 f
6 0 1 6 7 7 1 0 8 1 1 0 1 e f 0 f 4 f 0 f
6 0 1 0 0 3 1 0 0 0 1 1 1 5 f 5 f 0 0 0 0
6 0 1 2 6 6 1 1 8 0 1 1 1 2 f e f 0 0 0 0
6 0 1 6 2 0 1 0 8 1 1 0 1 e f 2 f 8 f 5 f
6 0 1 4 0 0 1 1 a 0 1 1 1 b f 8 f 0 0 0 0
6 0 1 0 2 6 1 1 7 1 1 0 1 8 f 2 f a f e f
6 0 1 1 6 5 1 0 e 1 1 0 1 f f a f 7 f 6 f
6 0 1 6 4 2 1 0 3 0 1 1 1 a f b f 0 0 0 0
6 0 0 6 3 7 0 0 a 0 1 0 1 0 0 0 0 0 0 0 0
6 0 0 3 0 3 0 0 d 0 1 0 1 0 0 0 0 0 0 0 0
6 0 1 2 6 6 1 0 a 0 1 1 1 2 f a f 0 0 0 0
6 0 1 7 1 7 1 0 e 0 1 1 1 4 f f f 0 0 0 0
6 0 0 3 7 1 1 1 9 0 1 0 1 0 0 0 0 0 0 0 0
6 0 1 0 7 5 1 0 a 1 1 0 1 8 f 4 f 9 f 7 f
6 0 1 5 2 4 1 1 c 0 1 1 1 9 f 2 f 0 0 0 0
6 0 1 3 6 0 1 1 d 1 1 0 1 1 f a f c f 8 f
6 0 1 7 1 1 1 0 c 1 1 0 1 4 f f f d f f f
6 0 1 5 0 3 1 1 3 0 1 1 1 9 f c f 0 0 0 0
6 0 1 2 0 4 1 0 f 1 1 0 1 2 f c f 3 f b f
6 0 1 5 0 3 1 1 0 0 1 1 1 9 f c f 0 0 0 0
6 0 1 5 0 2 0 1 5 1 1 0 1 9 f c f 0 0 0 0
6 0 1 0 2 3 1 0 4 1 1 0 1 c f 2 f 0 f 1 f
6 0 1 2 4 7 1 1 e 1 1 0 1 2 f 3 f 5 f 4 f
6 0 1 6 3 7 0 1 6 1 1 0 1 a f 0 f 0 0 0 0
6 0 1 7 2 2 1 1 7 1 1 0 1 5 f 2 f e f 2 f
6 0 1 2 3 6 1 0 1 1 1 0 1 e f 0 f 6 f a f
6 0 1 3 0 7 0 1 8 1 1 0 1 0 f c f 0 0 0 0
6 0 1 5 7 0 1 1 f 1 1 0 1 9 f 5 f 7 f c f
6 0 1 0 3 3 1 0 9 1 1 0 1 7 f 0 f 8 f 0 f
6 0 1 7 6 2 0 0 0 1 1 0 1 5 f 6 f 0 0 0 0
6 0 1 4 6 0 0 0 d 1 1 0 1 3 f 6 f 0 0 0 0
6 0 0 4 7 1 1 0 c 0 1 0 1 0 0 0 0 0 0 0 0
6 0 0 7 0 5 1 0 8 0 1 0 1 0 0 0 0 0 0 0 0
6 0 1 1 6 1 1 1 b 1 1 0 1 d f 6 f f f d f
6 0 1 3 5 4 1 1 1 1 1 0 1 8 f 9 f b f 3 f
6 0 1 0 0 6 1 1 4 1 1 0 1 7 f 7 f 1 f 6 f
6 0 1 0 3 5 1 0 1 1 1 0 1 7 f 8 f 4 f 9 f
6 0 1 2 5 3 1 1 2 0 1 1 1 e f 4 f 0 0 0 0
6 0 1 7 1 7 1 0 f 1 1 0 1 5 f f f 2 f 5 f
6 0 1 7 3 6 1 0 b 0 1 1 1 2 f 8 f 0 0 0 0
6 0 1 5 3 4 1 1 a 0 1 1 1 4 f 8 f 0 0 0 0
6 0 1 4 1 6 0 1 c 1 1 0 1 b f f f 0 0 0 0
6 0 1 7 0 0 1 0 7 1 1 0 1 2 f 7 f a f 7 f
6 0 1 7 6 7 1 0 3 1 1 0 1 2 f 1 f c f 2 f
6 0 1 0 7 3 0 0 8 1 1 0 1 a f c f 0 0 0 0
6 0 1 6 2 1 1 1 0 0 1 1 1 1 f e f 0 0 0 0
6 0 0 2 6 1 1 0 7 0 1 0 1 0 0 0 0 0 0 0 0
6 0 1 2 6 5 1 0 1 1 1 0 1 e f 1 f 0 f 4 f
6 0 0 7 4 3 0 0 d 0 1 0 1 0 0 0 0 0 0 0 0
6 0 1 4 3 5 0 1 d 1 1 0 1 b f 8 f 0 0 0 0
6 0 0 0 3 2 1 0 d 0 1 0 1 0 0 0 0 0 0 0 0
6 0 1 1 7 0 1 1 3 1 1 0 1 f f c f d f a f
6 0 0 2 0 5 0 0 5 0 1 0 1 0 0 0 0 0 0 0 0
6 0 1 0 3 3 1 1 6 1 1 0 1 d f 8 f 3 f 8 f
6 0 0 1 1 7 1 0 b 0 1 0 1 0 0 0 0 0 0 0 0
6 0 0 5 0 7 1 0 7 0 1 0 1 0 0 0 0 0 0 0 0
6 0 1 6 3 4 1 0 c 1 1 0 1 1 f 3 f 6 f b f
6 0 1 3 2 3 1 1 9 0 1 1 1 3 f e f 0 0 0 0
6 0 1 1 3 7 1 1 5 1 1 0 1 f f 3 f 9 f c f
6 0 1 1 2 5 0 1 7 1 1 0 1 f f e f 0 0 0 0
6 0 1 4 6 4 1 1 2 1 1 0 1 6 f 1 f 5 f 6 f
6 0 1 5 0 7 1 0 2 1 1 0 1 0 f d f 7 f 9 f
6 0 1 5 3 7 1 1 4 1 1 0 1 0 f 3 f 2 f 7 f
6 0 1 7 2 4 1 1 a 1 1 0 1 2 f e f 4 f 5 f
6 0 1 4 4 0 1 0 7 1 1 0 1 4 f 4 f a f d f
6 0 1 1 0 4 1 1 8 0 1 1 1 f f a f 0 0 0 0
6 0 1 4 7 7 1 1 b 1 1 0 1 4 f 2 f 8 f 2 f
6 0 1 4 0 1 1 1 c 1 1 0 1 4 f a f b f f f
6 0 1 1 3 4 1 0 2 1 1 0 1 b f 3 f c f 4 f
6 0 1 2 6 1 1 1 6 0 1 1 1 e f 1 f 0 0 0 0
6 0 1 0 0 3 1 1 9 1 1 0 1 a f a f 6 f 3 f
6 0 1 4 1 6 1 1 7 1 1 0 1 c f b f 9 f 1 f
6 0 1 0 3 6 1 0 e 1 1 0 1 a f 6 f 7 f 9 f
6 0 1 5 0 2 1 0 2 0 1 1 1 0 f a f 0 0 0 0
6 0 1 5 2 6 1 1 5 0 1 1 1 0 f e f 0 0 0 0
6 0 0 6 5 5 1 0 0 0 1 0 1 0 0 0 0 0 0 0 0
6 0 1 6 5 3 1 1 d 1 1 0 1 7 f 0 f 5 f 6 f
6 0 1 1 2 3 1 0 5 1 1 0 1 b f e f d f 5 f
6 0 1 3 1 6 1 0 0 0 1 1 1 d f b f 0 0 0 0
6 0 1 6 3 1 1 0 2 0 1 1 1 7 f d f 0 0 0 0
6 0 1 5 3 0 1 0 c 0 1 1 1 0 f d f 0 0 0 0
6 0 0 4 2 0 1 1 2 0 1 0 1 0 0 0 0 0 0 0 0
6 0 1 4 2 4 1 0 d 1 1 0 1 c f e f 2 f c f
6 0 1 7 0 6 0 0 2 1 1 0 1 8 f a f 0 0 0 0
6 0 1 2 7 0 1 1 f 0 1 1 1 e f 8 f 0 0 0 0
6 0 1 7 3 7 1 1 4 1 1 0 1 8 f d f f f 8 f
6 0 0 6 4 0 0 0 2 0 1 0 1 0 0 0 0 0 0 0 0
6 0 1 1 6 4 1 0 5 1 1 0 1 b f 7 f 4 f 2 f
6 0 0 4 6 7 1 1 3 0 1 0 1 0 0 0 0 0 0 0 0
6 0 1 5 4 7 0 1 1 1 1 0 1 0 f 4 f 0 0 0 0
6 0 1 2 1 2 1 0 b 1 1 0 1 e f b f 3 f e f
6 0 1 0 1 7 1 0 1 1 1 0 1 a f b f 1 f f f
6 0 0 1 3 6 1 0 1 0 1 0 1 0 0 0 0 0 0 0 0
6 0 1 3 2 0 1 1 9 0 1 1 1 d f 3 f 0 0 0 0
6 0 1 0 0 6 0 1 6 1 1 0 1 a f a f 0 0 0 0
6 0 0 2 1 0 1 0 9 0 1 0 1 0 0 0 0 0 0 0 0
6 0 1 3 1 7 1 0 d 1 1 0 1 d f b f 9 f 1 f
6 0 1 4 0 5 1 1 5 1 1 0 1 4 f a f 6 f 0 f
6 0 1 5 5 3 1 0 3 1 1 0 1 6 f 6 f 5 f d f
6 0 0 7 1 1 1 0 2 0 1 0 1 0 0 0 0 0 0 0 0
6 0 1 3 6 1 1 0 e 0 1 1 1 5 f 7 f 0 0 0 0
6 0 1 1 6 6 0 0 0 1 1 0 1 b f 7 f 0 0 0 0
6 0 1 0 2 3 1 0 8 0 1 1 1 a f 3 f 0 0 0 0
6 0 1 0 2 7 0 1 c 1 1 0 1 a f 3 f 0 0 0 0
6 0 0 1 1 2 0 0 0 0 1 0 1 0 0 0 0 0 0 0 0
6 0 1 7 6 7 0 0 9 1 1 0 1 9 f 7 f 0 0 0 0
6 0 0 7 1 4 1 1 8 0 1 0 1 0 0 0 0 0 0 0 0
6 0 1 0 0 5 1 0 a 1 1 0 1 a f a f c f 6 f
6 0 1 3 0 7 1 1 2 1 1 0 1 5 f a f 8 f 9 f
6 0 1 1 3 6 1 1 e 1 1 0 1 b f 5 f 2 f 7 f
6 0 1 7 4 5 1 0 b 1 1 0 1 8 f 4 f e f c f
6 0 0 5 3 2 1 1 f 0 1 0 1 0 0 0 0 0 0 0 0
6 0 0 1 1 7 1 0 9 0 1 0 1 0 0 0 0 0 0 0 0
6 0 1 5 3 0 1 1 1 1 1 0 1 e f 5 f f f a f
6 0 1 1 1 4 1 0 5 1 1 0 1 b f b f 1 f 4 f
6 0 1 5 4 0 1 1 0 0 1 1 1 e f 1 f 0 0 0 0
6 0 1 2 0 1 0 0 c 1 1 0 1 3 f f f 0 0 0 0
6 0 1 5 7 6 1 0 0 1 1 0 1 e f 8 f 0 f 2 f
6 0 1 1 5 5 1 1 d 0 1 1 1 b f e f 0 0 0 0
6 0 0 0 0 0 1 1 6 0 1 0 1 0 0 0 0 0 0 0 0
6 0 1 6 4 6 1 1 9 1 1 0 1 0 f 1 f d f 0 f
6 0 1 6 3 4 1 1 7 1 1 0 1 d f 5 f 6 f 1 f
6 0 1 7 0 1 1 1 c 1 1 0 1 8 f f f 9 f b f
6 0 1 1 7 3 1 0 e 1 1 0 1 9 f 8 f 7 f 5 f
6 0 1 2 7 5 1 0 7 1 1 0 1 3 f 8 f c f e f
6 0 0 4 3 2 1 0 a 0 1 0 1 0 0 0 0 0 0 0 0
6 0 1 4 4 6 1 0 0 0 1 1 1 6 f 6 f 0 0 0 0
6 0 1 5 2 7 0 0 9 1 1 0 1 c f 3 f 0 0 0 0
6 0 0 5 3 6 1 1 a 0 1 0 1 0 0 0 0 0 0 0 0
6 0 1 0 7 0 1 0 d 1 1 0 1 f f 8 f a f f f
6 0 1 3 3 3 1 0 f 0 1 1 1 7 f 7 f 0 0 0 0
6 0 1 2 7 2 1 0 1 0 1 1 1 3 f 8 f 0 0 0 0
6 0 0 7 5 6 1 0 6 0 1 0 1 0 0 0 0 0 0 0 0
6 0 0 5 3 6 1 0 6 0 1 0 1 0 0 0 0 0 0 0 0
6 0 1 4 5 1 1 1 4 0 1 1 1 6 f c f 0 0 0 0
6 0 1 6 5 1 1 0 1 1 1 0 1 d f c f 4 f 9 f
6 0 1 7 6 6 1 1 2 0 1 1 1 8 f d f 0 0 0 0
6 0 0 7 6 7 1 0 0 0 1 0 1 0 0 0 0 0 0 0 0
6 0 1 5 1 7 1 0 8 1 1 0 1 c f 4 f 2 f 8 f
6 0 0 4 7 0 0 0 8 0 1 0 1 0 0 0 0 0 0 0 0
6 0 1 2 4 4 1 1 0 0 1 1 1 3 f 6 f 0 0 0 0
6 0 1 3 2 4 1 1 1 1 1 0 1 7 f 3 f 0 f 6 f
6 0 1 7 2 2 1 0 0 1 1 0 1 2 f 3 f 1 f 3 f
6 0 1 4 7 1 1 1 b 0 1 1 1 0 f 2 f 0 0 0 0
6 0 1 4 5 6 0 1 5 1 1 0 1 0 f c f 0 0 0 0
6 0 0 0 0 5 1 0 7 0 1 0 1 0 0 0 0 0 0 0 0
6 0 1 6 0 5 0 0 b 1 1 0 1 d f a f 0 0 0 0
6 0 0 0 1 1 1 1 e 0 1 0 1 0 0 0 0 0 0 0 0
6 0 1 4 3 2 1 0 0 1 1 0 1 0 f 7 f b f 1 f
6 0 0 3 0 5 0 1 f 0 1 0 1 0 0 0 0 0 0 0 0
6 0 1 6 6 2 1 1 9 1 1 0 1 d f d f 5 f b f
6 0 1 4 0 6 1 0 2 1 1 0 1 0 f a f e f d f
6 0 0 0 5 2 1 0 5 0 1 0 1 0 0 0 0 0 0 0 0
6 0 1 2 4 5 1 1 8 1 1 0 1 5 f 0 f f f c f
6 0 1 0 3 6 1 1 6 1 1 0 1 a f 7 f 9 f e f
6 0 1 1 2 1 1 1 3 1 1 0 1 4 f 5 f 8 f 4 f
6 0 1 4 7 0 1 0 4 1 1 0 1 0 f 2 f 6 f a f
6 0 1 3 1 3 1 0 0 1 1 0 1 7 f 8 f 3 f 7 f
6 0 1 3 1 5 0 0 9 1 1 0 1 3 f 8 f 0 0 0 0
6 0 1 7 4 3 1 0 d 0 1 1 1 2 f 0 f 0 0 0 0
6 0 1 6 7 0 1 0 a 0 1 1 1 9 f 2 f 0 0 0 0
6 0 1 5 7 0 0 0 a 1 1 0 1 f f 2 f 0 0 0 0
6 0 1 0 5 7 1 0 2 0 1 1 1 6 f f f 0 0 0 0
6 0 1 5 7 6 0 0 7 1 1 0 1 f f 2 f 0 0 0 0
6 0 1 7 0 1 1 0 6 0 1 1 1 2 f 6 f 0 0 0 0
6 0 1 0 6 3 0 1 1 1 1 0 1 6 f 9 f 0 0 0 0
6 0 0 0 0 1 1 0 5 0 1 0 1 0 0 0 0 0 0 0 0
6 0 1 2 3 0 1 1 b 1 1 0 1 5 f 3 f 1 f 6 f
6 0 1 6 4 0 0 0 a 1 1 0 1 9 f 0 f 0 0 0 0
6 0 1 5 6 4 1 0 9 1 1 0 1 f f 9 f b f 0 f
6 0 1 2 6 4 1 1 d 0 1 1 1 5 f 9 f 0 0 0 0
6 0 0 7 4 3 1 1 c 0 1 0 1 0 0 0 0 0 0 0 0
6 0 1 5 0 1 1 1 e 1 1 0 1 f f 1 f d f 8 f
6 0 1 4 5 3 1 1 4 1 1 0 1 b f f f c f 3 f
6 0 1 0 2 7 1 1 a 1 1 0 1 1 f 5 f e f 2 f
6 0 1 6 5 6 1 1 7 1 1 0 1 9 f f f 4 f 9 f
6 0 1 0 1 1 1 1 6 1 1 0 1 1 f d f a f d f
6 0 1 7 4 7 1 0 8 1 1 0 1 e f b f 7 f e f
6 0 1 0 7 2 1 0 f 1 1 0 1 1 f 7 f 6 f 5 f
6 0 1 4 2 7 1 0 a 0 1 1 1 b f 6 f 0 0 0 0
6 0 1 6 7 3 1 0 6 0 1 1 1 4 f 7 f 0 0 0 0
6 0 1 3 2 0 1 0 d 0 1 1 1 c f 6 f 0 0 0 0
6 0 1 7 4 3 1 0 9 0 1 1 1 7 f b f 0 0 0 0
6 0 1 0 6 4 0 1 0 1 1 0 1 1 f 4 f 0 0 0 0
6 0 1 4 7 6 1 0 8 1 1 0 1 b f 7 f 0 f 4 f
6 0 0 1 7 1 1 1 8 0 1 0 1 0 0 0 0 0 0 0 0
6 0 1 3 0 3 0 0 b 1 1 0 1 c f 1 f 0 0 0 0
6 0 0 3 4 7 1 1 3 0 1 0 1 0 0 0 0 0 0 0 0
6 0 0 0 6 7 1 1 2 0 1 0 1 0 0 0 0 0 0 0 0
6 0 1 0 0 7 1 0 6 1 1 0 1 1 f 1 f 8 f 7 f
6 0 1 3 6 6 1 1 9 1 1 0 1 c f 0 f 3 f 0 f
6 0 1 2 3 6 1 0 3 1 1 0 1 6 f c f 2 f 3 f
6 0 1 3 1 1 0 0 8 1 1 0 1 c f a f 0 0 0 0
6 0 1 0 5 1 1 1 d 1 1 0 1 1 f f f 9 f a f
6 0 1 5 6 4 0 1 e 1 1 0 1 f f 2 f 0 0 0 0
6 0 1 6 6 2 1 1 5 1 1 0 1 2 f 2 f d f 6 f
6 0 1 1 6 4 1 0 9 1 1 0 1 9 f 2 f e f b f
6 0 1 5 4 4 1 1 4 1 1 0 1 f f e f 5 f e f
6 0 1 5 5 5 0 1 7 1 1 0 1 f f f f 0 0 0 0
6 0 0 2 1 7 1 1 0 0 1 0 1 0 0 0 0 0 0 0 0
6 0 1 0 1 7 1 1 3 1 1 0 1 1 f 9 f 4 f 8 f
6 0 0 5 6 3 1 0 6 0 1 0 1 0 0 0 0 0 0 0 0
6 0 0 3 0 4 1 1 a 0 1 0 1 0 0 0 0 0 0 0 0
6 0 1 7 2 6 0 1 6 1 1 0 1 4 f d f 0 0 0 0
6 0 1 0 5 3 0 0 8 1 1 0 1 1 f f f 0 0 0 0
6 0 1 5 6 1 1 0 9 1 1 0 1 f f 2 f 7 f 9 f
6 0 1 7 3 5 1 0 0 1 1 0 1 4 f c f 0 f f f
6 0 1 2 4 5 1 1 b 1 1 0 1 d f 5 f 3 f 0 f
6 0 0 0 2 2 1 0 a 0 1 0 1 0 0 0 0 0 0 0 0
6 0 1 3 5 5 1 1 e 1 1 0 1 c f 3 f a f 3 f
6 0 0 4 7 0 1 1 8 0 1 0 1 0 0 0 0 0 0 0 0
6 0 1 2 1 0 0 0 9 1 1 0 1 d f 7 f 0 0 0 0
6 0 1 3 1 6 0 0 8 1 1 0 1 c f 7 f 0 0 0 0
6 0 1 2 6 7 1 0 f 1 1 0 1 d f 2 f 6 f 4 f
6 0 1 3 5 2 1 1 9 1 1 0 1 c f a f b f d f
6 0 1 0 0 3 1 1 f 1 1 0 1 1 f 1 f e f c f
6 0 0 4 0 3 0 1 0 0 1 0 1 0 0 0 0 0 0 0 0
6 0 1 4 6 1 1 1 3 1 1 0 1 5 f 2 f 8 f 7 f
6 0 1 5 5 7 1 0 1 1 1 0 1 a f a f 9 f 6 f
6 0 1 7 1 2 1 0 2 1 1 0 1 9 f 8 f f f b f
6 0 1 4 0 5 1 0 1 1 1 0 1 5 f 1 f 0 f a f
6 0 1 1 3 5 1 0 9 1 1 0 1 8 f e f 3 f 0 f
6 0 1 7 4 3 1 0 2 0 1 1 1 9 f 5 f 0 0 0 0
6 0 1 0 6 3 1 0 3 0 1 1 1 1 f 2 f 0 0 0 0
6 0 0 7 0 7 1 1 4 0 1 0 1 0 0 0 0 0 0 0 0
6 0 0 1 5 1 1 0 d 0 1 0 1 0 0 0 0 0 0 0 0
6 0 1 2 5 0 1 0 6 1 1 0 1 f f 3 f 4 f 1 f
6 0 1 6 4 0 1 0 8 0 1 1 1 2 f 5 f 0 0 0 0
6 0 1 1 6 5 1 0 3 0 1 1 1 8 f 2 f 0 0 0 0
6 0 1 1 5 4 1 0 9 0 1 1 1 8 f 3 f 0 0 0 0
6 0 1 1 3 7 1 1 d 0 1 1 1 8 f e f 0 0 0 0
6 0 1 6 0 4 1 0 2 1 1 0 1 2 f 4 f d f 5 f
6 0 0 0 0 5 1 1 c 0 1 0 1 0 0 0 0 0 0 0 0
6 0 1 3 1 3 1 0 a 1 1 0 1 e f 8 f c f e f
6 0 1 7 3 7 1 0 3 0 1 1 1 9 f c f 0 0 0 0
6 0 0 1 2 0 1 1 7 0 1 0 1 0 0 0 0 0 0 0 0
6 0 1 3 3 5 1 0 b 1 1 0 1 c f c f 7 f 3 f
6 0 1 5 6 7 0 0 8 1 1 0 1 7 f 2 f 0 0 0 0
6 0 1 5 5 4 1 1 6 0 1 1 1 7 f 7 f 0 0 0 0
6 0 1 5 0 5 1 1 b 1 1 0 1 7 f 4 f 6 f 7 f
6 0 0 2 4 3 0 0 2 0 1 0 1 0 0 0 0 0 0 0 0
6 0 0 6 0 7 1 0 5 0 1 0 1 0 0 0 0 0 0 0 0
6 0 1 5 6 2 1 0 4 1 1 0 1 6 f 2 f b f f f
6 0 1 4 6 2 1 1 a 0 1 1 1 d f 2 f 0 0 0 0
6 0 1 4 4 3 1 0 2 1 1 0 1 d f d f a f c f
6 0 1 1 0 4 1 0 2 0 1 1 1 8 f 4 f 0 0 0 0
6 0 1 0 7 7 1 1 0 0 1 1 1 4 f 9 f 0 0 0 0
6 0 1 5 3 2 1 0 6 1 1 0 1 6 f a f 0 f b f
6 0 0 2 3 5 1 0 a 0 1 0 1 0 0 0 0 0 0 0 0
6 0 0 6 6 3 1 1 1 0 1 0 1 0 0 0 0 0 0 0 0
6 0 1 5 5 6 1 1 5 1 1 0 1 6 f 6 f 1 f 2 f
6 0 1 6 7 5 1 0 2 1 1 0 1 1 f 9 f 5 f 6 f
6 0 1 4 3 3 0 1 e 1 1 0 1 d f a f 0 0 0 0
6 0 1 2 6 7 1 1 3 1 1 0 1 0 f 1 f e f 9 f
6 0 0 5 0 4 1 0 1 0 1 0 1 0 0 0 0 0 0 0 0
6 0 0 0 2 7 1 0 c 0 1 0 1 0 0 0 0 0 0 0 0
6 0 1 3 6 1 0 0 9 1 1 0 1 a f 1 f 0 0 0 0
6 0 1 1 2 2 1 0 c 1 1 0 1 8 f 0 f 3 f 0 f
6 0 1 0 1 4 1 1 7 0 1 1 1 4 f 8 f 0 0 0 0
6 0 1 7 7 2 1 0 f 1 1 0 1 e f e f 7 f 3 f
6 0 1 2 0 1 1 1 f 0 1 1 1 7 f 4 f 0 0 0 0
6 0 0 1 7 6 0 1 c 0 1 0 1 0 0 0 0 0 0 0 0
6 0 1 6 5 5 1 0 f 1 1 0 1 1 f 5 f f f 5 f
6 0 1 2 1 6 1 0 3 1 1 0 1 7 f 8 f c f 1 f
6 0 1 6 6 6 1 0 4 0 1 1 1 c f c f 0 0 0 0
6 0 1 1 4 5 1 0 d 0 1 1 1 8 f d f 0 0 0 0
6 0 1 7 0 4 0 0 f 1 1 0 1 e f 4 f 0 0 0 0
6 0 1 4 7 3 1 0 a 0 1 1 1 d f e f 0 0 0 0
6 0 1 5 7 7 0 1 b 1 1 0 1 f f e f 0 0 0 0
6 0 1 7 1 7 0 1 2 1 1 0 1 e f 8 f 0 0 0 0
6 0 1 3 4 4 1 1 6 1 1 0 1 a f d f b f d f
6 0 1 4 7 1 1 1 9 1 1 0 1 b f e f 2 f 8 f
6 0 1 2 3 2 0 1 0 1 1 0 1 7 f a f 0 0 0 0
6 0 1 6 5 0 1 1 3 1 1 0 1 c f f f 6 f 4 f
6 0 0 2 3 1 1 1 5 0 1 0 1 0 0 0 0 0 0 0 0
6 0 0 6 0 0 1 0 8 0 1 0 1 0 0 0 0 0 0 0 0
6 0 1 5 0 2 1 0 9 1 1 0 1 f f 6 f 9 f 7 f
6 0 1 6 3 2 1 0 3 1 1 0 1 c f a f 0 f 9 f
6 0 1 0 7 1 0 0 6 1 1 0 1 6 f e f 0 0 0 0
6 0 1 2 7 6 1 1 1 1 1 0 1 0 f e f 3 f c f
6 0 1 3 4 3 1 1 d 1 1 0 1 a f b f 5 f a f
6 0 1 1 7 5 1 0 b 1 1 0 1 2 f e f 1 f f f
6 0 0 7 5 6 1 1 8 0 1 0 1 0 0 0 0 0 0 0 0
6 0 1 5 7 3 1 0 0 1 1 0 1 1 f e f d f 5 f
6 0 1 6 5 0 1 0 2 1 1 0 1 3 f 1 f 8 f 6 f
6 0 1 0 5 0 1 0 a 0 1 1 1 8 f 1 f 0 0 0 0
6 0 1 5 5 3 0 0 5 1 1 0 1 1 f 1 f 0 0 0 0
6 0 1 4 4 5 1 0 8 0 1 1 1 b f b f 0 0 0 0
6 0 1 3 0 1 1 0 9 0 1 1 1 d f 8 f 0 0 0 0
6 0 1 2 4 1 1 0 0 0 1 1 1 0 f b f 0 0 0 0
6 0 1 0 7 4 1 0 2 0 1 1 1 8 f e f 0 0 0 0
6 0 1 3 7 2 1 0 4 0 1 1 1 d f e f 0 0 0 0
6 0 1 2 3 6 1 0 b 0 1 1 1 0 f d f 0 0 0 0
6 0 1 3 6 0 0 0 4 1 1 0 1 d f 3 f 0 0 0 0
6 0 1 0 6 4 1 1 4 0 1 1 1 8 f 3 f 0 0 0 0
6 0 1 3 0 6 1 1 7 1 1 0 1 d f 8 f 4 f 3 f
6 0 1 7 3 1 1 0 3 1 1 0 1 e f d f 7 f 2 f
6 0 0 7 0 7 1 0 5 0 1 0 1 0 0 0 0 0 0 0 0
6 0 1 4 4 1 1 0 c 0 1 1 1 b f b f 0 0 0 0
6 0 1 3 5 0 1 0 c 0 1 1 1 d f 1 f 0 0 0 0
6 0 1 3 7 5 1 0 1 0 1 1 1 d f e f 0 0 0 0
6 0 0 7 4 0 1 0 4 0 1 0 1 0 0 0 0 0 0 0 0
6 0 1 6 6 2 1 0 0 0 1 1 1 4 f 4 f 0 0 0 0
6 0 0 4 5 3 0 0 9 0 1 0 1 0 0 0 0 0 0 0 0
6 0 1 4 4 1 1 0 a 0 1 1 1 b f b f 0 0 0 0
6 0 0 4 0 4 1 0 3 0 1 0 1 0 0 0 0 0 0 0 0
6 0 1 6 2 2 1 0 1 0 1 1 1 4 f 0 f 0 0 0 0
6 0 1 2 7 2 0 0 1 1 1 0 1 0 f e f 0 0 0 0
6 0 1 1 3 7 1 0 4 0 1 1 1 7 f d f 0 0 0 0
6 0 0 4 1 3 1 1 9 0 1 0 1 0 0 0 0 0 0 0 0
6 0 1 1 4 3 1 0 0 1 1 0 1 7 f b f 9 f d f
6 0 1 1 1 5 1 1 c 0 1 1 1 7 f 7 f 0 0 0 0
6 0 1 5 6 7 1 1 a 1 1 0 1 1 f 4 f c f e f
6 0 1 0 0 7 0 1 f 1 1 0 1 8 f 8 f 0 0 0 0
6 0 1 3 5 4 1 1 5 1 1 0 1 9 f 1 f a f b f
6 0 1 2 4 4 1 1 6 1 1 0 1 0 f a f f f a f
6 0 1 5 7 7 1 1 3 1 1 0 1 1 f c f 5 f c f
6 0 1 4 3 2 1 1 2 1 1 0 1 f f 9 f 6 f 0 f
6 0 1 0 4 4 1 0 2 1 1 0 1 8 f f f 3 f f f
6 0 0 4 5 5 1 0 c 0 1 0 1 0 0 0 0 0 0 0 0
6 0 1 4 0 2 1 0 7 1 1 0 1 3 f 8 f 2 f 6 f
6 0 1 3 4 3 1 0 6 0 1 1 1 9 f 3 f 0 0 0 0
6 0 1 7 5 3 1 0 2 0 1 1 1 5 f 1 f 0 0 0 0
6 0 1 4 4 2 1 0 8 0 1 1 1 3 f 3 f 0 0 0 0
6 0 1 5 5 1 1 1 d 0 1 1 1 1 f 1 f 0 0 0 0
6 0 1 0 2 6 1 0 0 1 1 0 1 8 f 2 f d f 4 f
6 0 1 6 1 2 1 1 e 0 1 1 1 d f 7 f 0 0 0 0
6 0 1 0 4 1 1 1 b 1 1 0 1 8 f 3 f e f 7 f
6 0 0 6 3 1 1 1 a 0 1 0 1 0 0 0 0 0 0 0 0
6 0 1 5 4 1 1 1 c 1 1 0 1 1 f 3 f b f e f
6 0 1 0 4 7 0 1 0 1 1 0 1 8 f 3 f 0 0 0 0
6 0 1 5 7 7 1 1 f 1 1 0 1 1 f 5 f a f 5 f
6 0 1 6 6 0 1 0 c 1 1 0 1 d f d f c f 8 f
6 0 0 4 6 4 0 1 6 0 1 0 1 0 0 0 0 0 0 0 0
6 0 1 4 5 5 1 0 7 1 1 0 1 3 f 1 f 0 f 1 f
6 0 1 4 5 1 0 0 4 1 1 0 1 3 f 0 f 0 0 0 0
6 0 0 4 6 0 1 1 4 0 1 0 1 0 0 0 0 0 0 0 0
6 0 1 2 4 4 1 0 b 1 1 0 1 2 f 3 f f f 3 f
6 0 1 3 1 6 0 0 3 1 1 0 1 9 f b f 0 0 0 0
6 0 1 3 1 0 1 0 7 1 1 0 1 9 f b f 6 f c f
6 0 1 7 3 5 0 1 7 1 1 0 1 a f 9 f 0 0 0 0
6 0 1 2 5 3 1 1 e 1 1 0 1 2 f 0 f 4 f 9 f
6 0 1 5 3 7 1 0 0 1 1 0 1 0 f 4 f 7 f a f
6 0 1 0 5 4 1 0 b 1 1 0 1 6 f 0 f e f f f
6 0 0 7 0 2 1 0 1 0 1 0 1 0 0 0 0 0 0 0 0
6 0 1 5 2 4 1 0 2 0 1 1 1 0 f 2 f 0 0 0 0
6 0 1 3 6 2 1 0 1 0 1 1 1 4 f d f 0 0 0 0
6 0 1 3 2 5 0 0 4 1 1 0 1 4 f 2 f 0 0 0 0
6 0 1 6 0 1 1 1 5 0 1 1 1 d f 6 f 0 0 0 0
6 0 1 3 2 3 0 1 8 1 1 0 1 4 f 2 f 0 0 0 0
6 0 1 4 2 4 0 0 e 1 1 0 1 e f 2 f 0 0 0 0
6 0 1 6 3 0 1 0 3 1 1 0 1 d f 4 f 5 f 6 f
6 0 1 6 1 7 1 0 f 1 1 0 1 d f b f 8 f 7 f
6 0 0 1 4 0 1 1 1 0 1 0 1 0 0 0 0 0 0 0 0
6 0 1 4 1 2 0 0 b 1 1 0 1 e f b f 0 0 0 0
6 0 1 2 4 3 1 0 2 1 1 0 1 2 f e f 1 f 4 f
6 0 1 2 2 3 1 0 4 0 1 1 1 2 f 2 f 0 0 0 0
6 0 0 6 2 1 1 0 7 0 1 0 1 0 0 0 0 0 0 0 0
6 0 0 7 4 4 0 1 3 0 1 0 1 0 0 0 0 0 0 0 0
6 0 1 3 7 2 1 0 4 1 1 0 1 1 f 8 f 3 f 2 f
6 0 1 6 1 5 1 0 5 0 1 1 1 d f b f 0 0 0 0
6 0 1 5 6 3 1 1 c 0 1 1 1 0 f d f 0 0 0 0
6 0 0 6 3 7 1 0 e 0 1 0 1 0 0 0 0 0 0 0 0
6 0 1 5 2 1 1 0 1 1 1 0 1 0 f 3 f c f b f
6 0 1 3 0 4 1 0 c 0 1 1 1 1 f 5 f 0 0 0 0
6 0 0 3 5 0 1 0 7 0 1 0 1 0 0 0 0 0 0 0 0
6 0 1 6 1 4 0 1 9 1 1 0 1 d f c f 0 0 0 0
6 0 0 2 5 0 1 0 0 0 1 0 1 0 0 0 0 0 0 0 0
6 0 1 3 5 4 1 0 8 1 1 0 1 1 f 0 f 9 f e f
6 0 0 1 5 5 1 0 0 0 1 0 1 0 0 0 0 0 0 0 0
6 0 1 4 6 0 0 0 f 1 1 0 1 9 f d f 0 0 0 0
6 0 1 1 7 2 1 0 b 0 1 1 1 c f 8 f 0 0 0 0
6 0 1 1 7 7 1 0 b 0 1 1 1 c f 8 f 0 0 0 0
6 0 1 6 7 4 1 1 a 0 1 1 1 d f 8 f 0 0 0 0
6 0 1 1 7 0 1 0 1 1 1 0 1 c f 8 f a f 5 f
6 0 1 7 5 6 0 0 e 1 1 0 1 8 f 0 f 0 0 0 0
6 0 1 2 2 3 1 1 f 0 1 1 1 3 f 3 f 0 0 0 0
6 0 1 2 4 1 1 1 6 1 1 0 1 3 f 9 f f f c f
6 0 1 1 4 5 1 0 e 1 1 0 1 f f 9 f 6 f 0 f
6 0 0 0 2 1 1 1 7 0 1 0 1 0 0 0 0 0 0 0 0
6 0 1 6 2 6 1 0 a 1 1 0 1 d f 3 f 7 f d f
6 0 1 0 2 7 1 1 4 0 1 1 1 a f 3 f 0 0 0 0
6 0 1 3 7 5 1 1 2 1 1 0 1 1 f 8 f 4 f 6 f
6 0 0 4 0 2 0 1 b 0 1 0 1 0 0 0 0 0 0 0 0
6 0 1 3 7 1 1 1 e 1 1 0 1 1 f 8 f 2 f f f
6 0 1 5 2 1 0 0 5 1 1 0 1 4 f 3 f 0 0 0 0
6 0 0 7 4 4 1 0 0 0 1 0 1 0 0 0 0 0 0 0 0
6 0 1 2 0 0 1 0 7 1 1 0 1 3 f a f b f a f
6 0 0 1 0 1 1 0 9 0 1 0 1 0 0 0 0 0 0 0 0
6 0 1 2 1 2 1 0 a 1 1 0 1 3 f 2 f e f 3 f
6 0 0 3 4 3 1 0 c 0 1 0 1 0 0 0 0 0 0 0 0
6 0 0 1 5 1 0 0 f 0 1 0 1 0 0 0 0 0 0 0 0
6 0 1 5 7 5 1 0 e 0 1 1 1 4 f 8 f 0 0 0 0
6 0 0 3 3 4 1 1 5 0 1 0 1 0 0 0 0 0 0 0 0
6 0 0 5 6 4 1 1 c 0 1 0 1 0 0 0 0 0 0 0 0
6 0 1 2 5 6 1 0 0 1 1 0 1 e f 4 f 5 f 7 f
6 0 1 4 0 6 1 0 9 1 1 0 1 9 f b f c f 5 f
6 0 1 0 6 6 1 0 8 0 1 1 1 b f c f 0 0 0 0
6 0 1 1 1 7 1 1 0 0 1 1 1 2 f 2 f 0 0 0 0
6 0 1 3 4 6 0 0 c 1 1 0 1 1 f 9 f 0 0 0 0
6 0 1 0 5 3 0 1 d 1 1 0 1 b f 4 f 0 0 0 0
6 0 1 3 7 0 1 0 2 1 1 0 1 1 f 8 f 0 f b f
6 0 1 6 0 1 1 1 6 1 1 0 1 c f 0 f d f 2 f
6 0 1 2 7 2 1 0 7 1 1 0 1 e f 8 f 6 f e f
6 0 1 3 6 5 1 0 f 0 1 1 1 1 f c f 0 0 0 0
6 0 0 4 6 2 0 1 f 0 1 0 1 0 0 0 0 0 0 0 0
6 0 1 2 1 4 1 0 4 1 1 0 1 6 f d f f f 9 f
6 0 1 3 6 3 1 0 9 0 1 1 1 1 f c f 0 0 0 0
6 0 1 2 4 7 1 1 a 0 1 1 1 6 f f f 0 0 0 0
6 0 1 5 2 4 1 0 c 1 1 0 1 4 f 6 f a f f f
6 0 0 7 6 7 1 1 3 0 1 0 1 0 0 0 0 0 0 0 0
6 0 0 0 3 4 1 1 7 0 1 0 1 0 0 0 0 0 0 0 0
6 0 1 4 0 4 1 1 5 1 1 0 1 a f 0 f 3 f a f
6 0 1 5 5 7 1 0 e 1 1 0 1 4 f 4 f 7 f 8 f
6 0 0 6 3 3 1 1 b 0 1 0 1 0 0 0 0 0 0 0 0
6 0 1 6 2 6 0 1 2 1 1 0 1 c f 6 f 0 0 0 0
6 0 1 6 0 5 1 0 a 1 1 0 1 c f 0 f 5 f 4 f
6 0 1 3 7 4 1 0 1 1 1 0 1 1 f 7 f b f 3 f
6 0 1 1 7 1 1 1 e 1 1 0 1 d f 7 f 2 f d f
6 0 1 3 2 3 1 0 1 1 1 0 1 1 f 6 f e f 1 f
6 0 1 5 6 0 1 1 9 0 1 1 1 5 f c f 0 0 0 0
6 0 0 0 0 2 1 0 6 0 1 0 1 0 0 0 0 0 0 0 0
6 0 1 6 4 7 0 0 a 1 1 0 1 c f b f 0 0 0 0
6 0 1 5 4 6 1 0 3 1 1 0 1 5 f b f 9 f c f
6 0 1 0 3 7 1 1 f 0 1 1 1 0 f e f 0 0 0 0
6 0 1 5 3 5 1 0 b 1 1 0 1 5 f e f f f 5 f
6 0 1 6 4 5 0 1 a 1 1 0 1 9 f b f 0 0 0 0
6 0 1 6 3 0 1 0 d 1 1 0 1 9 f e f a f 0 f
6 0 1 2 2 3 1 0 2 0 1 1 1 6 f 6 f 0 0 0 0
6 0 1 5 7 2 1 0 1 0 1 1 1 f f 7 f 0 0 0 0
6 0 0 6 4 5 1 1 8 0 1 0 1 0 0 0 0 0 0 0 0
6 0 1 1 1 3 1 1 4 1 1 0 1 2 f 2 f 8 f e f
6 0 1 3 1 2 1 0 4 1 1 0 1 8 f 2 f 4 f 6 f
6 0 1 3 6 7 1 1 3 0 1 1 1 8 f 9 f 0 0 0 0
6 0 1 4 0 3 0 0 b 1 1 0 1 b f a f 0 0 0 0
6 0 1 3 4 2 1 0 a 1 1 0 1 8 f b f 3 f 4 f
6 0 1 2 5 1 1 0 8 0 1 1 1 3 f f f 0 0 0 0
6 0 0 5 6 7 0 0 e 0 1 0 1 0 0 0 0 0 0 0 0
6 0 1 7 5 5 1 1 d 0 1 1 1 7 f f f 0 0 0 0
6 0 1 1 3 2 1 1 1 1 1 0 1 2 f 8 f d f 3 f
6 0 1 5 2 0 1 1 c 1 1 0 1 f f d f 1 f a f
6 0 1 6 7 0 1 0 4 1 1 0 1 9 f 7 f c f 1 f
6 0 1 0 6 4 1 0 f 0 1 1 1 c f 9 f 0 0 0 0
6 0 1 2 6 0 1 0 9 0 1 1 1 d f 9 f 0 0 0 0
6 0 1 7 6 2 1 0 a 0 1 1 1 7 f 9 f 0 0 0 0
6 0 1 5 7 6 1 0 2 0 1 1 1 f f 7 f 0 0 0 0
6 0 1 5 0 6 1 1 5 0 1 1 1 f f c f 0 0 0 0
6 0 1 1 0 1 1 0 9 1 1 0 1 2 f c f 5 f 2 f
6 0 1 2 4 6 1 1 0 0 1 1 1 d f b f 0 0 0 0
6 0 1 5 2 2 1 1 e 1 1 0 1 f f d f 0 f d f
6 0 1 4 5 3 1 0 9 1 1 0 1 b f f f e f 8 f
6 0 1 2 3 0 1 0 e 0 1 1 1 0 f e f 0 0 0 0
6 0 1 1 4 3 1 0 5 0 1 1 1 5 f b f 0 0 0 0
6 0 1 0 5 1 1 0 d 0 1 1 1 c f f f 0 0 0 0
6 0 0 3 7 1 1 1 6 0 1 0 1 0 0 0 0 0 0 0 0
6 0 1 4 1 6 1 0 0 1 1 0 1 b f 5 f 6 f 9 f
6 0 1 2 3 5 0 0 6 1 1 0 1 0 f e f 0 0 0 0
6 0 1 3 5 3 1 0 4 0 1 1 1 e f f f 0 0 0 0
6 0 1 3 5 1 1 0 7 0 1 1 1 e f f f 0 0 0 0
6 0 0 2 4 2 0 1 4 0 1 0 1 0 0 0 0 0 0 0 0
6 0 1 5 6 1 1 0 1 1 1 0 1 f f 6 f 4 f 5 f
6 0 1 3 3 0 1 1 3 0 1 1 1 e f e f 0 0 0 0
6 0 0 5 3 7 1 1 a 0 1 0 1 0 0 0 0 0 0 0 0
6 0 1 5 1 1 0 0 a 1 1 0 1 f f 4 f 0 0 0 0
6 0 1 6 1 7 0 0 6 1 1 0 1 6 f 4 f 0 0 0 0
6 0 1 1 1 3 1 0 d 1 1 0 1 4 f 4 f 3 f e f
6 0 1 3 6 4 1 1 1 1 1 0 1 3 f 6 f a f b f
6 0 1 6 5 7 1 1 2 1 1 0 1 6 f f f 1 f 7 f
6 0 1 4 6 2 1 0 7 1 1 0 1 a f 6 f 2 f 0 f
6 0 0 7 6 1 1 0 e 0 1 0 1 0 0 0 0 0 0 0 0
6 0 1 3 6 7 0 0 7 1 1 0 1 3 f 6 f 0 0 0 0
6 0 1 3 5 6 0 1 d 1 1 0 1 3 f f f 0 0 0 0
6 0 0 7 6 4 1 0 1 0 1 0 1 0 0 0 0 0 0 0 0
6 0 1 1 1 5 1 0 0 1 1 0 1 4 f 4 f d f f f
6 0 1 2 4 4 1 1 8 0 1 1 1 2 f a f 0 0 0 0
6 0 1 6 4 0 1 1 9 1 1 0 1 6 f a f 8 f c f
6 0 1 2 6 2 1 0 f 1 1 0 1 2 f 6 f 9 f 2 f
6 0 1 7 0 6 1 0 5 0 1 1 1 1 f 8 f 0 0 0 0
6 0 1 1 7 2 1 1 5 0 1 1 1 4 f 1 f 0 0 0 0
6 0 1 2 2 0 1 0 6 1 1 0 1 9 f 9 f 5 f 8 f
6 0 1 6 2 6 1 0 8 0 1 1 1 6 f 9 f 0 0 0 0
6 0 1 3 4 1 0 1 e 1 1 0 1 3 f a f 0 0 0 0
6 0 1 3 0 2 0 1 b 1 1 0 1 3 f 5 f 0 0 0 0
6 0 1 3 1 5 1 0 d 1 1 0 1 3 f 4 f e f d f
6 0 1 1 7 2 1 0 9 1 1 0 1 4 f 1 f b f 9 f
6 0 1 5 0 1 1 0 d 0 1 1 1 e f 5 f 0 0 0 0
6 0 0 5 7 4 1 0 6 0 1 0 1 0 0 0 0 0 0 0 0
6 0 1 2 3 7 1 0 e 0 1 1 1 b f 3 f 0 0 0 0
6 0 1 0 6 1 1 1 7 0 1 1 1 5 f 6 f 0 0 0 0
6 0 1 2 4 5 1 0 e 1 1 0 1 b f a f 7 f e f
6 0 1 7 0 6 1 1 0 0 1 1 1 1 f 5 f 0 0 0 0
6 0 1 5 5 6 0 1 f 1 1 0 1 7 f 7 f 0 0 0 0
6 0 1 5 4 6 1 0 9 1 1 0 1 7 f a f 0 f 6 f
6 0 1 3 6 3 1 1 c 1 1 0 1 3 f 0 f f f 3 f
6 0 1 0 7 5 1 1 2 1 1 0 1 5 f 1 f c f 7 f
6 0 1 2 6 3 0 1 8 1 1 0 1 b f 0 f 0 0 0 0
6 0 1 5 6 2 1 0 0 1 1 0 1 c f 0 f 2 f b f
6 0 1 4 2 6 1 0 f 1 1 0 1 a f 2 f 8 f 0 f
6 0 1 6 4 1 1 0 b 0 1 1 1 8 f a f 0 0 0 0
6 0 1 6 6 7 1 1 d 0 1 1 1 8 f 8 f 0 0 0 0
6 0 0 6 7 4 1 1 9 0 1 0 1 0 0 0 0 0 0 0 0
6 0 1 7 5 6 1 0 4 1 1 0 1 1 f c f d f 8 f
6 0 1 4 5 1 1 1 e 1 1 0 1 a f c f 9 f 4 f
6 0 0 1 6 6 1 0 4 0 1 0 1 0 0 0 0 0 0 0 0
6 0 0 4 3 3 1 0 1 0 1 0 1 0 0 0 0 0 0 0 0
6 0 0 6 6 0 1 0 f 0 1 0 1 0 0 0 0 0 0 0 0
6 0 1 4 2 7 0 0 a 1 1 0 1 a f 2 f 0 0 0 0
6 0 1 7 3 2 1 1 6 1 1 0 1 1 f f f e f 2 f
6 0 0 2 2 1 1 0 9 0 1 0 1 0 0 0 0 0 0 0 0
6 0 0 6 6 3 0 0 9 0 1 0 1 0 0 0 0 0 0 0 0
6 0 1 3 1 2 1 0 8 1 1 0 1 f f 9 f 6 f e f
6 0 0 4 0 3 1 0 1 0 1 0 1 0 0 0 0 0 0 0 0
6 0 1 5 3 5 1 1 3 0 1 1 1 c f f f 0 0 0 0
6 0 1 6 1 4 1 1 7 1 1 0 1 d f 9 f 3 f a f
6 0 1 3 1 3 1 1 b 1 1 0 1 f f 9 f 7 f f f
6 0 1 1 1 4 1 0 1 1 1 0 1 9 f 9 f b f 3 f
6 0 1 7 2 7 0 1 0 1 1 0 1 1 f 6 f 0 0 0 0
6 0 1 7 2 4 1 0 6 1 1 0 1 1 f 6 f 0 f b f
6 0 0 0 2 4 1 0 5 0 1 0 1 0 0 0 0 0 0 0 0
6 0 1 5 0 7 1 0 0 0 1 1 1 c f 5 f 0 0 0 0
6 0 1 6 6 0 1 1 8 0 1 1 1 d f d f 0 0 0 0
6 0 0 4 0 2 1 1 4 0 1 0 1 0 0 0 0 0 0 0 0
6 0 1 6 3 0 0 0 4 1 1 0 1 d f 7 f 0 0 0 0
6 0 1 5 7 4 1 1 2 1 1 0 1 c f 1 f 8 f 0 f
6 0 1 0 7 6 0 1 e 1 1 0 1 5 f 1 f 0 0 0 0
6 0 1 7 0 5 1 0 f 1 1 0 1 1 f 5 f 4 f c f
6 0 1 1 3 7 1 0 1 1 1 0 1 9 f 7 f 2 f 1 f
6 0 1 3 4 5 1 1 a 1 1 0 1 7 f 8 f e f 4 f
6 0 1 1 3 0 1 1 f 1 1 0 1 9 f 7 f a f 5 f
6 0 1 1 5 3 1 0 0 1 1 0 1 9 f e f f f 7 f
6 0 1 1 4 2 1 1 3 0 1 1 1 9 f 8 f 0 0 0 0
6 0 1 6 2 4 1 0 a 1 1 0 1 d f 6 f 3 f 8 f
6 0 1 7 3 3 1 1 b 0 1 1 1 2 f f f 0 0 0 0
6 0 1 2 3 5 1 0 2 1 1 0 1 6 f f f b f e f
6 0 1 0 6 6 0 0 d 1 1 0 1 a f d f 0 0 0 0
6 0 1 3 5 0 1 1 0 0 1 1 1 f f b f 0 0 0 0
6 0 1 3 2 6 0 0 b 1 1 0 1 f f 6 f 0 0 0 0
6 0 1 0 5 3 1 1 c 1 1 0 1 a f b f 0 f f f
6 0 1 0 1 2 1 1 1 1 1 0 1 a f 9 f c f 6 f
6 0 1 0 6 4 1 1 4 1 1 0 1 a f d f 1 f 3 f
6 0 1 6 5 7 1 0 5 1 1 0 1 d f b f 4 f 2 f
6 0 1 1 5 4 1 1 5 0 1 1 1 9 f b f 0 0 0 0
6 0 1 5 5 2 1 1 7 1 1 0 1 b f b f 5 f c f
6 0 0 7 7 4 0 0 f 0 1 0 1 0 0 0 0 0 0 0 0
6 0 1 5 2 5 1 1 8 1 1 0 1 b f 5 f 7 f b f
6 0 0 4 2 6 1 1 e 0 1 0 1 0 0 0 0 0 0 0 0
6 0 1 4 2 7 1 1 f 1 1 0 1 1 f 5 f 8 f 4 f
6 0 1 1 3 0 1 1 6 1 1 0 1 9 f 0 f e f a f
6 0 1 4 4 2 1 0 e 1 1 0 1 1 f 1 f f f 5 f
6 0 0 5 4 1 1 1 3 0 1 0 1 0 0 0 0 0 0 0 0
6 0 1 3 7 0 0 0 6 1 1 0 1 0 f 8 f 0 0 0 0
6 0 1 0 0 5 0 0 a 1 1 0 1 e f e f 0 0 0 0
6 0 1 5 4 3 0 1 2 1 1 0 1 7 f 1 f 0 0 0 0
6 0 1 2 1 0 1 1 c 1 1 0 1 f f 9 f 6 f e f
6 0 1 2 4 0 0 1 b 1 1 0 1 f f 1 f 0 0 0 0
6 0 1 7 0 5 1 0 b 1 1 0 1 8 f 6 f 3 f 7 f
6 0 1 7 7 4 1 0 e 1 1 0 1 8 f 8 f 2 f 1 f
6 0 1 3 5 6 1 0 3 1 1 0 1 0 f 3 f c f d f
6 0 0 1 6 3 1 1 4 0 1 0 1 0 0 0 0 0 0 0 0
6 0 1 0 7 2 1 0 e 1 1 0 1 6 f 8 f b f f f
6 0 1 6 6 5 1 1 a 1 1 0 1 c f c f 4 f 3 f
6 0 1 4 2 2 1 1 5 1 1 0 1 2 f b f a f b f
6 0 1 0 4 5 1 0 8 1 1 0 1 6 f 2 f 5 f 4 f
6 0 1 6 2 0 1 0 9 0 1 1 1 c f a f 0 0 0 0
6 0 1 0 0 5 0 0 7 1 1 0 1 6 f 6 f 0 0 0 0
6 0 1 6 0 5 1 1 e 0 1 1 1 c f 6 f 0 0 0 0
6 0 1 3 6 1 1 0 2 1 1 0 1 0 f c f e f 9 f
6 0 1 4 6 0 0 1 7 1 1 0 1 2 f c f 0 0 0 0
6 0 1 1 0 3 0 0 c 1 1 0 1 e f 6 f 0 0 0 0
6 0 1 6 6 5 1 1 1 1 1 0 1 c f c f 7 f 5 f
6 0 1 1 2 4 1 1 d 1 1 0 1 e f a f 1 f 2 f
6 0 1 4 3 0 1 0 f 1 1 0 1 1 f 0 f d f 6 f
6 0 1 4 7 7 0 0 9 1 1 0 1 1 f 8 f 0 0 0 0
6 0 1 6 2 1 1 1 f 0 1 1 1 c f a f 0 0 0 0
6 0 1 5 5 0 1 1 3 1 1 0 1 7 f 7 f f f d f
6 0 1 5 7 7 1 0 0 1 1 0 1 7 f 8 f 3 f 8 f
6 0 1 2 6 5 1 0 9 0 1 1 1 a f c f 0 0 0 0
6 0 1 0 5 4 1 0 7 0 1 1 1 f f 7 f 0 0 0 0
6 0 1 1 4 6 0 0 d 1 1 0 1 e f 1 f 0 0 0 0
6 0 0 0 7 0 1 0 c 0 1 0 1 0 0 0 0 0 0 0 0
6 0 1 4 3 5 1 1 b 0 1 1 1 1 f 0 f 0 0 0 0
6 0 1 2 4 5 1 1 4 1 1 0 1 a f 1 f b f 7 f
6 0 1 3 6 1 1 0 a 1 1 0 1 0 f c f 4 f e f
6 0 1 1 3 2 1 1 9 0 1 1 1 4 f 0 f 0 0 0 0
6 0 1 5 1 0 1 1 5 1 1 0 1 b f 4 f 9 f f f
6 0 0 1 2 0 1 0 1 0 1 0 1 0 0 0 0 0 0 0 0
6 0 1 0 1 1 0 0 0 1 1 0 1 9 f 4 f 0 0 0 0
6 0 0 2 5 1 1 1 2 0 1 0 1 0 0 0 0 0 0 0 0
6 0 1 1 0 4 1 1 6 1 1 0 1 4 f 9 f 5 f 1 f
6 0 1 3 7 5 1 1 d 1 1 0 1 0 f 3 f 2 f b f
6 0 0 0 5 2 0 0 c 0 1 0 1 0 0 0 0 0 0 0 0
6 0 1 7 5 7 1 1 8 1 1 0 1 3 f 2 f 6 f 3 f
6 0 1 0 1 4 0 1 7 1 1 0 1 9 f 4 f 0 0 0 0
6 0 1 6 2 6 0 1 e 1 1 0 1 c f a f 0 0 0 0
6 0 1 5 1 4 0 1 f 1 1 0 1 2 f 4 f 0 0 0 0
6 0 1 6 4 4 1 1 1 1 1 0 1 c f 5 f d f 5 f
6 0 1 4 2 5 0 0 0 1 1 0 1 d f a f 0 0 0 0
6 0 1 2 2 6 1 0 f 1 1 0 1 a f a f 8 f c f
6 0 1 2 7 7 1 0 d 1 1 0 1 a f 6 f 7 f 6 f
6 0 1 5 3 7 0 0 5 1 1 0 1 2 f 0 f 0 0 0 0
6 0 1 1 1 2 0 1 b 1 1 0 1 4 f 4 f 0 0 0 0
6 0 0 6 3 6 1 1 3 0 1 0 1 0 0 0 0 0 0 0 0
6 0 1 0 5 1 0 0 0 1 1 0 1 9 f 2 f 0 0 0 0
6 0 0 2 0 3 0 0 4 0 1 0 1 0 0 0 0 0 0 0 0
6 0 1 1 2 7 1 0 9 1 1 0 1 4 f a f e f 7 f
6 0 1 7 7 4 1 1 5 1 1 0 1 e f e f f f d f
6 0 1 1 2 3 1 1 c 1 1 0 1 4 f a f 1 f 0 f
6 0 1 3 6 1 1 0 0 1 1 0 1 1 f 8 f b f 4 f
6 0 1 1 3 0 0 0 f 1 1 0 1 b f 1 f 0 0 0 0
6 0 0 3 3 4 1 0 7 0 1 0 1 0 0 0 0 0 0 0 0
6 0 1 3 2 3 1 1 6 1 1 0 1 1 f a f 3 f 1 f
6 0 1 2 3 7 1 0 7 1 1 0 1 a f 3 f 5 f e f
6 0 1 1 6 6 1 1 7 1 1 0 1 b f 8 f c f 8 f
6 0 1 7 2 0 1 0 8 1 1 0 1 5 f a f 6 f 9 f
6 0 1 7 1 0 0 0 1 1 1 0 1 5 f b f 0 0 0 0
6 0 1 0 5 5 1 0 7 1 1 0 1 6 f 2 f 7 f 2 f
6 0 0 1 0 2 1 1 d 0 1 0 1 0 0 0 0 0 0 0 0
6 0 1 1 1 1 1 0 0 1 1 0 1 b f b f d f b f
6 0 0 0 7 6 1 0 2 0 1 0 1 0 0 0 0 0 0 0 0
6 0 1 1 6 1 1 0 8 0 1 1 1 d f c f 0 0 0 0
6 0 1 6 7 5 0 0 0 1 1 0 1 c f 5 f 0 0 0 0
6 0 1 5 0 7 0 1 0 1 1 0 1 7 f 6 f 0 0 0 0
6 0 1 1 7 4 1 1 4 1 1 0 1 d f 5 f 0 f f f
6 0 1 0 0 4 1 0 a 1 1 0 1 6 f 6 f 4 f 0 f
6 0 1 6 0 5 1 0 7 0 1 1 1 c f 6 f 0 0 0 0
6 0 0 2 7 1 1 0 9 0 1 0 1 0 0 0 0 0 0 0 0
6 0 1 6 6 5 1 1 1 0 1 1 1 c f c f 0 0 0 0
6 0 1 5 2 4 0 1 e 1 1 0 1 7 f a f 0 0 0 0
6 0 0 5 1 6 1 0 0 0 1 0 1 0 0 0 0 0 0 0 0
6 0 1 1 0 3 1 0 9 1 1 0 1 d f 6 f 1 f 3 f
6 0 1 7 5 5 1 0 1 1 1 0 1 5 f 7 f e f 7 f
6 0 1 2 1 1 1 0 4 0 1 1 1 a f d f 0 0 0 0
6 0 1 5 3 1 1 1 8 0 1 1 1 e f 1 f 0 0 0 0
6 0 1 7 4 0 1 1 9 1 1 0 1 5 f 4 f 8 f 6 f
6 0 1 7 7 3 1 1 2 1 1 0 1 5 f 5 f 9 f 1 f
6 0 0 1 3 2 0 0 9 0 1 0 1 0 0 0 0 0 0 0 0
6 0 1 1 0 1 1 0 a 1 1 0 1 d f 8 f 2 f d f
6 0 1 2 4 5 1 0 4 0 1 1 1 a f 4 f 0 0 0 0
6 0 1 2 2 7 1 1 b 0 1 1 1 a f a f 0 0 0 0
6 0 1 5 0 7 0 0 9 1 1 0 1 e f 8 f 0 0 0 0
6 0 1 7 5 2 0 1 f 1 1 0 1 5 f e f 0 0 0 0
6 0 1 4 4 2 1 1 0 1 1 0 1 4 f 4 f b f a f
6 0 0 0 1 2 1 0 b 0 1 0 1 0 0 0 0 0 0 0 0
6 0 1 4 3 5 1 1 3 1 1 0 1 4 f 9 f f f e f
6 0 0 0 6 0 1 0 d 0 1 0 1 0 0 0 0 0 0 0 0
6 0 1 1 5 0 1 0 0 1 1 0 1 2 f f f 0 f 8 f
6 0 0 4 4 2 0 0 8 0 1 0 1 0 0 0 0 0 0 0 0
6 0 1 5 1 5 1 1 7 1 1 0 1 f f 2 f 3 f f f
6 0 1 0 1 6 1 1 6 1 1 0 1 0 f 2 f 7 f c f
6 0 0 7 3 0 0 1 1 0 1 0 1 0 0 0 0 0 0 0 0
6 0 1 7 7 6 1 0 6 1 1 0 1 5 f 5 f 6 f 7 f
6 0 1 1 7 1 1 1 d 1 1 0 1 2 f 5 f 1 f 2 f
6 0 1 6 0 3 1 0 1 1 1 0 1 6 f 0 f d f 9 f
6 0 1 5 7 3 1 1 a 0 1 1 1 3 f 5 f 0 0 0 0
6 0 1 0 3 7 1 1 e 1 1 0 1 0 f d f a f 5 f
6 0 1 3 1 6 0 0 5 1 1 0 1 d f 1 f 0 0 0 0
6 0 1 3 5 5 0 0 c 1 1 0 1 d f 3 f 0 0 0 0
6 0 0 1 7 0 1 1 8 0 1 0 1 0 0 0 0 0 0 0 0
6 0 1 1 4 3 1 0 d 1 1 0 1 1 f 4 f e f d f
6 0 1 5 5 1 1 0 0 1 1 0 1 3 f 3 f 8 f 1 f
6 0 0 2 2 4 0 0 f 0 1 0 1 0 0 0 0 0 0 0 0
6 0 1 4 4 4 1 0 2 0 1 1 1 4 f 4 f 0 0 0 0
6 0 1 5 2 4 1 0 b 0 1 1 1 3 f b f 0 0 0 0
6 0 1 3 3 5 1 1 f 0 1 1 1 e f e f 0 0 0 0
6 0 1 2 5 2 1 0 d 1 1 0 1 b f 3 f f f b f
6 0 1 5 3 1 1 1 c 0 1 1 1 3 f e f 0 0 0 0
6 0 1 6 4 3 1 1 7 1 1 0 1 6 f 4 f c f e f
6 0 1 5 7 7 0 1 2 1 1 0 1 3 f a f 0 0 0 0
6 0 0 7 6 6 0 1 9 0 1 0 1 0 0 0 0 0 0 0 0
6 0 1 4 2 5 1 1 5 1 1 0 1 4 f f f 7 f 3 f
6 0 1 1 6 3 1 0 a 1 1 0 1 8 f 6 f 2 f c f
6 0 0 6 6 6 1 0 4 0 1 0 1 0 0 0 0 0 0 0 0
6 0 1 1 0 6 1 1 d 1 1 0 1 8 f 0 f 9 f 6 f
6 0 0 1 7 1 0 1 1 0 1 0 1 0 0 0 0 0 0 0 0
6 0 1 1 4 7 1 0 c 1 1 0 1 8 f 4 f 5 f a f
6 0 0 6 6 0 1 0 1 0 1 0 1 0 0 0 0 0 0 0 0
6 0 1 1 0 0 1 0 d 1 1 0 1 8 f 0 f d f 0 f
6 0 1 1 7 1 1 0 2 1 1 0 1 8 f 5 f 1 f 8 f
6 0 1 5 6 1 1 1 b 0 1 1 1 7 f 9 f 0 0 0 0
6 0 1 2 1 0 1 1 e 1 1 0 1 f f 1 f b f d f
6 0 1 6 1 3 1 0 8 1 1 0 1 9 f 1 f e f 2 f
6 0 1 2 5 3 1 0 1 0 1 1 1 f f 7 f 0 0 0 0
6 0 0 1 7 4 1 0 4 0 1 0 1 0 0 0 0 0 0 0 0
6 0 1 7 6 1 1 1 3 0 1 1 1 5 f 9 f 0 0 0 0
6 0 1 2 3 7 0 1 c 1 1 0 1 f f e f 0 0 0 0
6 0 1 5 1 0 1 0 6 1 1 0 1 7 f 1 f 3 f b f
6 0 0 2 3 6 1 0 0 0 1 0 1 0 0 0 0 0 0 0 0
6 0 0 0 7 5 1 0 8 0 1 0 1 0 0 0 0 0 0 0 0
6 0 1 5 2 0 1 0 b 1 1 0 1 7 f f f c f 3 f
6 0 1 0 6 1 1 0 3 0 1 1 1 c f 9 f 0 0 0 0
6 0 0 5 3 4 1 0 7 0 1 0 1 0 0 0 0 0 0 0 0
6 0 1 4 5 1 1 0 e 0 1 1 1 4 f 7 f 0 0 0 0
6 0 1 4 0 6 1 1 6 0 1 1 1 4 f c f 0 0 0 0
6 0 0 7 2 2 1 0 a 0 1 0 1 0 0 0 0 0 0 0 0
6 0 1 4 7 0 1 1 a 1 1 0 1 4 f 5 f 6 f c f
6 0 1 6 3 7 1 0 1 1 1 0 1 9 f e f a f 5 f
6 0 1 7 5 7 1 1 0 0 1 1 1 a f 7 f 0 0 0 0
6 0 1 4 4 6 1 1 8 1 1 0 1 4 f 4 f 0 f 9 f
6 0 1 2 5 6 1 0 5 1 1 0 1 f f 7 f 8 f 0 f
6 0 0 1 7 0 1 1 d 0 1 0 1 0 0 0 0 0 0 0 0
6 0 1 2 2 3 1 0 a 1 1 0 1 f f f f d f e f
6 0 1 3 7 5 1 1 2 0 1 1 1 d f a f 0 0 0 0
6 0 1 2 3 3 1 1 b 1 1 0 1 f f d f 2 f d f
6 0 0 1 5 1 1 0 9 0 1 0 1 0 0 0 0 0 0 0 0
6 0 1 4 0 2 1 0 4 1 1 0 1 4 f 6 f b f f f
6 0 0 1 7 6 1 1 3 0 1 0 1 0 0 0 0 0 0 0 0
6 0 1 5 4 1 1 0 2 1 1 0 1 7 f 4 f 3 f 1 f
6 0 0 6 5 4 1 0 2 0 1 0 1 0 0 0 0 0 0 0 0
6 0 1 7 6 4 1 0 c 0 1 1 1 a f 8 f 0 0 0 0
6 0 1 6 6 3 1 1 c 0 1 1 1 8 f 8 f 0 0 0 0
6 0 1 3 2 4 1 0 6 1 1 0 1 2 f b f c f 4 f
6 0 1 6 3 6 1 0 3 0 1 1 1 8 f 2 f 0 0 0 0
6 0 0 5 7 0 0 0 a 0 1 0 1 0 0 0 0 0 0 0 0
6 0 1 0 2 6 1 1 5 0 1 1 1 6 f b f 0 0 0 0
6 0 1 7 7 5 1 1 9 1 1 0 1 a f a f 5 f 7 f
6 0 1 2 4 7 1 0 b 1 1 0 1 b f c f 9 f a f
6 0 1 0 4 2 1 0 3 0 1 1 1 6 f c f 0 0 0 0
6 0 1 7 2 0 1 1 0 0 1 1 1 9 f b f 0 0 0 0
6 0 1 1 6 0 0 0 8 1 1 0 1 3 f 8 f 0 0 0 0
6 0 1 5 6 1 1 1 e 1 1 0 1 5 f 8 f 0 f 3 f
6 0 1 0 2 4 1 1 d 1 1 0 1 6 f b f e f c f
6 0 1 0 7 1 1 1 f 1 1 0 1 6 f 9 f d f 0 f
6 0 1 3 3 5 1 0 5 1 1 0 1 2 f 2 f f f 5 f
6 0 1 0 0 6 0 1 1 1 1 0 1 6 f 6 f 0 0 0 0
6 0 1 3 0 0 1 1 4 1 1 0 1 2 f 6 f 1 f 6 f
6 0 1 1 2 3 1 0 4 1 1 0 1 d f b f 4 f 2 f
6 0 1 2 3 6 1 1 7 0 1 1 1 b f 4 f 0 0 0 0
6 0 0 5 5 1 0 1 a 0 1 0 1 0 0 0 0 0 0 0 0
6 0 1 2 5 7 0 0 9 1 1 0 1 b f f f 0 0 0 0
6 0 0 7 7 6 0 0 a 0 1 0 1 0 0 0 0 0 0 0 0
6 0 1 1 2 3 1 0 d 1 1 0 1 d f b f 7 f 4 f
6 0 1 2 4 1 1 1 3 1 1 0 1 b f e f a f d f
6 0 1 1 7 5 1 0 c 1 1 0 1 a f 9 f 3 f f f
6 0 0 3 3 2 1 0 2 0 1 0 1 0 0 0 0 0 0 0 0
6 0 1 0 4 7 1 0 e 0 1 1 1 1 f e f 0 0 0 0
6 0 1 2 3 2 1 0 e 0 1 1 1 b f 7 f 0 0 0 0
6 0 0 7 0 4 1 0 a 0 1 0 1 0 0 0 0 0 0 0 0
6 0 1 0 7 2 0 0 0 1 1 0 1 1 f 9 f 0 0 0 0
6 0 1 2 3 0 1 1 c 0 1 1 1 b f 7 f 0 0 0 0
6 0 1 1 3 7 1 1 0 1 1 0 1 a f 7 f c f 9 f
6 0 1 4 6 5 0 1 5 1 1 0 1 e f 8 f 0 0 0 0
6 0 1 3 2 1 1 1 6 1 1 0 1 7 f b f 0 f a f
6 0 0 4 5 0 1 1 2 0 1 0 1 0 0 0 0 0 0 0 0
6 0 0 2 0 7 0 0 2 0 1 0 1 0 0 0 0 0 0 0 0
6 0 1 2 2 7 1 1 4 1 1 0 1 b f b f 5 f c f
6 0 1 2 4 6 0 1 d 1 1 0 1 b f e f 0 0 0 0
6 0 1 3 3 4 1 0 f 1 1 0 1 7 f 7 f 6 f e f
6 0 0 7 0 1 1 0 3 0 1 0 1 0 0 0 0 0 0 0 0
6 0 0 2 5 0 1 1 f 0 1 0 1 0 0 0 0 0 0 0 0
6 0 1 3 4 5 1 1 9 1 1 0 1 7 f 6 f 2 f 3 f
6 0 0 3 1 4 0 0 6 0 1 0 1 0 0 0 0 0 0 0 0
6 0 0 5 1 3 1 0 7 0 1 0 1 0 0 0 0 0 0 0 0
6 0 1 0 0 2 0 1 a 1 1 0 1 1 f 1 f 0 0 0 0
6 0 1 4 6 1 1 0 5 1 1 0 1 6 f 8 f 4 f 0 f
6 0 1 7 0 4 1 1 c 1 1 0 1 5 f 1 f d f 6 f
6 0 1 7 0 2 1 1 e 1 1 0 1 5 f 1 f f f b f
6 0 1 7 3 3 1 0 e 1 1 0 1 5 f 7 f 9 f 7 f
6 0 1 1 4 7 1 0 e 1 1 0 1 4 f d f a f 5 f
6 0 1 3 1 7 1 1 3 1 1 0 1 9 f 4 f c f a f
6 0 1 2 2 0 0 1 0 1 1 0 1 f f f f 0 0 0 0
6 0 1 7 5 0 1 0 2 1 1 0 1 c f 2 f e f 1 f
6 0 1 3 6 7 1 1 6 1 1 0 1 9 f 8 f 3 f c f
6 0 1 7 6 4 1 1 b 1 1 0 1 3 f 8 f 0 f d f
6 0 0 2 7 3 1 1 7 0 1 0 1 0 0 0 0 0 0 0 0
6 0 0 3 7 3 1 0 6 0 1 0 1 0 0 0 0 0 0 0 0
6 0 1 2 0 6 1 0 2 1 1 0 1 f f e f 6 f 8 f
6 0 1 2 6 6 1 1 5 1 1 0 1 f f 6 f b f 6 f
6 0 1 0 1 7 1 1 a 1 1 0 1 e f 4 f 7 f 3 f
6 0 1 6 2 5 1 1 1 1 1 0 1 b f f f 5 f 2 f
6 0 1 1 2 6 1 1 c 1 1 0 1 4 f f f a f b f
6 0 0 5 3 1 0 0 2 0 1 0 1 0 0 0 0 0 0 0 0
6 0 1 3 3 1 0 1 d 1 1 0 1 9 f 9 f 0 0 0 0
6 0 1 4 5 5 1 0 1 1 1 0 1 0 f 5 f 1 f 5 f
6 0 1 4 6 6 1 0 4 1 1 0 1 0 f a f c f a f
6 0 1 6 6 7 1 1 8 1 1 0 1 c f c f d f 7 f
6 0 0 5 1 0 1 1 6 0 1 0 1 0 0 0 0 0 0 0 0
6 0 1 3 3 6 1 1 3 1 1 0 1 9 f 9 f 8 f c f
6 0 0 1 1 4 1 0 e 0 1 0 1 0 0 0 0 0 0 0 0
6 0 0 7 1 6 0 0 e 0 1 0 1 0 0 0 0 0 0 0 0
6 0 1 2 2 5 1 1 2 1 1 0 1 f f f f 6 f 1 f
6 0 1 7 1 7 1 1 b 1 1 0 1 d f 4 f 3 f d f
6 0 1 7 4 1 1 0 e 1 1 0 1 3 f 0 f 2 f 4 f
6 0 1 5 2 5 1 1 5 1 1 0 1 6 f f f b f 6 f
6 0 1 7 4 0 1 0 c 1 1 0 1 3 f 0 f 5 f e f
6 0 1 3 7 5 1 0 d 0 1 1 1 9 f 3 f 0 0 0 0
6 0 0 1 2 0 1 1 a 0 1 0 1 0 0 0 0 0 0 0 0
6 0 1 4 5 3 1 0 d 1 1 0 1 0 f b f a f 9 f
6 0 0 6 6 0 0 0 d 0 1 0 1 0 0 0 0 0 0 0 0
6 0 1 2 1 0 0 0 0 1 1 0 1 f f 2 f 0 0 0 0
6 0 1 7 4 6 1 1 7 0 1 1 1 3 f 0 f 0 0 0 0
6 0 1 1 3 6 1 0 1 1 1 0 1 2 f a f 7 f 8 f
6 0 0 2 5 2 0 0 5 0 1 0 1 0 0 0 0 0 0 0 0
6 0 1 4 6 4 1 1 c 0 1 1 1 0 f 7 f 0 0 0 0
6 0 1 1 4 7 1 1 1 1 1 0 1 2 f 0 f c f 3 f
6 0 1 3 0 5 1 0 c 1 1 0 1 a f 5 f 1 f b f
6 0 0 2 5 1 0 0 e 0 1 0 1 0 0 0 0 0 0 0 0
6 0 1 0 7 1 1 1 d 0 1 1 1 5 f c f 0 0 0 0
6 0 1 2 5 4 1 1 4 1 1 0 1 f f 1 f d f 0 f
6 0 1 6 4 2 1 1 6 1 1 0 1 7 f d f 4 f f f
6 0 1 3 4 3 1 0 c 1 1 0 1 a f d f 6 f a f
6 0 1 4 3 7 1 1 e 0 1 1 1 d f 6 f 0 0 0 0
6 0 1 4 1 1 0 1 9 1 1 0 1 d f 2 f 0 0 0 0
6 0 1 0 4 0 1 0 7 1 1 0 1 5 f d f e f 5 f
6 0 1 3 1 7 1 1 8 1 1 0 1 6 f 2 f 9 f c f
6 0 1 4 6 3 0 0 7 1 1 0 1 d f 7 f 0 0 0 0
6 0 1 6 0 4 0 1 3 1 1 0 1 7 f e f 0 0 0 0
6 0 1 2 7 2 1 1 b 1 1 0 1 4 f 9 f 8 f 4 f
6 0 0 7 4 3 1 0 1 0 1 0 1 0 0 0 0 0 0 0 0
6 0 1 6 1 3 1 1 0 1 1 0 1 7 f 2 f 3 f 6 f
6 0 1 4 2 3 1 0 c 1 1 0 1 d f 8 f b f 3 f
6 0 1 1 0 3 1 0 1 1 1 0 1 2 f e f 0 f b f
6 0 1 7 5 7 0 0 f 1 1 0 1 9 f 1 f 0 0 0 0
6 0 1 1 1 7 0 0 c 1 1 0 1 2 f 2 f 0 0 0 0
6 0 1 5 5 6 1 1 f 0 1 1 1 1 f 1 f 0 0 0 0
6 0 1 0 4 2 1 1 a 1 1 0 1 e f d f f f 8 f
6 0 1 6 7 3 1 0 b 1 1 0 1 7 f 9 f a f 0 f
6 0 1 6 1 4 1 0 c 0 1 1 1 7 f 2 f 0 0 0 0
6 0 1 2 2 0 1 0 d 0 1 1 1 f f f f 0 0 0 0
6 0 1 7 7 0 1 1 5 0 1 1 1 9 f 9 f 0 0 0 0
6 0 1 2 1 7 1 1 c 1 1 0 1 f f 2 f 5 f 9 f
6 0 0 2 4 1 1 1 4 0 1 0 1 0 0 0 0 0 0 0 0
6 0 1 7 2 4 1 0 b 1 1 0 1 5 f f f c f d f
6 0 1 7 6 6 1 0 5 1 1 0 1 5 f 7 f 4 f 7 f
6 0 1 4 1 4 1 0 3 0 1 1 1 c f 2 f 0 0 0 0
6 0 1 7 3 4 1 0 9 0 1 1 1 5 f a f 0 0 0 0
6 0 1 7 7 2 1 0 d 0 1 1 1 5 f 5 f 0 0 0 0
6 0 1 1 1 3 1 1 6 0 1 1 1 2 f 2 f 0 0 0 0
6 0 0 0 5 7 1 1 3 0 1 0 1 0 0 0 0 0 0 0 0
6 0 1 3 3 7 1 1 b 1 1 0 1 a f a f 6 f 5 f
6 0 1 2 1 0 1 0 9 1 1 0 1 f f 2 f 3 f e f
6 0 1 2 5 0 1 0 7 1 1 0 1 f f 1 f b f 3 f
6 0 1 0 1 0 1 1 8 0 1 1 1 b f 2 f 0 0 0 0
6 0 0 0 5 3 1 1 0 0 1 0 1 0 0 0 0 0 0 0 0
6 0 0 1 0 0 1 0 d 0 1 0 1 0 0 0 0 0 0 0 0
6 0 1 6 1 0 1 1 9 1 1 0 1 4 f 2 f 8 f b f
6 0 0 6 7 0 1 0 9 0 1 0 1 0 0 0 0 0 0 0 0
6 0 1 5 2 1 1 0 7 1 1 0 1 1 f f f 0 f 2 f
6 0 1 7 0 0 1 1 d 1 1 0 1 6 f 8 f 9 f 8 f
6 0 0 4 3 5 1 0 4 0 1 0 1 0 0 0 0 0 0 0 0
6 0 1 4 0 6 1 0 f 1 1 0 1 c f 9 f d f 4 f
6 0 1 3 0 5 1 0 d 0 1 1 1 a f 9 f 0 0 0 0
6 0 0 4 7 6 1 1 7 0 1 0 1 0 0 0 0 0 0 0 0
6 0 1 2 5 4 1 1 5 1 1 0 1 f f 1 f 7 f c f
6 0 0 5 2 1 0 0 d 0 1 0 1 0 0 0 0 0 0 0 0
6 0 1 6 7 2 0 1 e 1 1 0 1 d f 6 f 0 0 0 0
6 0 1 7 4 3 1 0 d 1 1 0 1 6 f 7 f 5 f a f
6 0 1 4 3 3 0 0 d 1 1 0 1 7 f 5 f 0 0 0 0
6 0 1 6 7 6 1 1 3 1 1 0 1 d f 6 f e f d f
6 0 1 5 4 7 1 1 b 1 1 0 1 1 f 7 f 3 f 6 f
6 0 1 5 7 6 0 0 5 1 1 0 1 1 f 3 f 0 0 0 0
6 0 1 3 6 6 1 0 f 1 1 0 1 5 f e f b f e f
6 0 1 7 7 5 1 1 2 0 1 1 1 3 f 3 f 0 0 0 0
6 0 1 6 1 3 1 1 8 1 1 0 1 b f 0 f 2 f 5 f
6 0 1 6 2 4 0 0 5 1 1 0 1 b f f f 0 0 0 0
6 0 1 2 5 3 1 0 c 1 1 0 1 f f 1 f 8 f 2 f
6 0 1 5 5 7 1 1 4 0 1 1 1 1 f 1 f 0 0 0 0
6 0 1 0 5 6 1 0 c 1 1 0 1 9 f 1 f 4 f b f
6 0 1 5 6 2 1 0 6 0 1 1 1 1 f 4 f 0 0 0 0
6 0 1 7 7 2 0 0 3 1 1 0 1 3 f 3 f 0 0 0 0
6 0 1 5 7 7 1 0 7 0 1 1 1 1 f 3 f 0 0 0 0
6 0 1 6 4 5 0 0 4 1 1 0 1 4 f 7 f 0 0 0 0
6 0 1 1 6 3 1 1 c 0 1 1 1 0 f 4 f 0 0 0 0
6 0 1 6 3 6 1 0 6 1 1 0 1 4 f 8 f c f 4 f
6 0 1 1 7 6 1 1 a 0 1 1 1 0 f 3 f 0 0 0 0
6 0 1 7 7 1 1 1 d 1 1 0 1 3 f 3 f a f 0 f
6 0 1 2 6 1 1 1 6 1 1 0 1 f f c f d f a f
6 0 0 7 1 2 1 0 7 0 1 0 1 0 0 0 0 0 0 0 0
6 0 0 4 3 6 1 0 7 0 1 0 1 0 0 0 0 0 0 0 0
6 0 1 1 1 3 0 0 8 1 1 0 1 d f d f 0 0 0 0
6 0 1 2 5 2 1 1 e 1 1 0 1 f f 1 f 6 f f f
6 0 1 7 3 7 1 1 5 1 1 0 1 3 f 8 f e f 3 f
6 0 1 7 5 0 1 1 2 1 1 0 1 e f 1 f 5 f 9 f
6 0 1 2 6 3 0 0 e 1 1 0 1 6 f c f 0 0 0 0
6 0 1 6 5 4 1 1 b 1 1 0 1 c f 1 f 2 f 7 f
6 0 0 7 5 1 1 1 4 0 1 0 1 0 0 0 0 0 0 0 0
6 0 1 3 1 6 1 1 0 1 1 0 1 8 f d f b f c f
6 0 0 6 2 2 0 0 b 0 1 0 1 0 0 0 0 0 0 0 0
6 0 1 3 1 4 0 0 e 1 1 0 1 8 f d f 0 0 0 0
6 0 1 5 3 0 0 1 a 1 1 0 1 1 f 8 f 0 0 0 0
6 0 1 4 7 6 1 1 f 1 1 0 1 2 f e f 4 f b f
6 0 1 7 7 5 1 1 3 1 1 0 1 e f e f 0 f 1 f
6 0 1 5 2 7 1 0 8 1 1 0 1 0 f 6 f a f e f
6 0 1 3 7 5 1 0 a 1 1 0 1 8 f a f f f 0 f
6 0 1 3 6 0 1 1 9 1 1 0 1 8 f 4 f 3 f 5 f
6 0 1 5 1 4 1 0 f 1 1 0 1 f f d f 9 f 2 f
6 0 1 0 3 3 1 1 7 0 1 1 1 3 f 8 f 0 0 0 0
6 0 1 7 6 0 1 0 7 1 1 0 1 a f 4 f 7 f 3 f
6 0 1 4 1 2 1 1 c 0 1 1 1 9 f d f 0 0 0 0
6 0 1 0 6 3 1 0 a 1 1 0 1 7 f 4 f c f 8 f
6 0 1 4 6 2 1 0 e 0 1 1 1 9 f 4 f 0 0 0 0
6 0 1 5 0 1 0 1 b 1 1 0 1 f f 7 f 0 0 0 0
6 0 1 3 6 3 1 0 9 1 1 0 1 c f 4 f b f c f
6 0 1 2 0 0 1 1 1 0 1 1 1 6 f 7 f 0 0 0 0
6 0 0 4 1 7 1 0 c 0 1 0 1 0 0 0 0 0 0 0 0
6 0 1 4 0 5 1 1 e 1 1 0 1 9 f 7 f 1 f f f
6 0 1 4 3 7 1 0 0 1 1 0 1 9 f b f e f a f
6 0 0 7 1 3 1 0 7 0 1 0 1 0 0 0 0 0 0 0 0
6 0 1 6 3 6 1 0 1 0 1 1 1 4 f b f 0 0 0 0
6 0 1 0 6 3 0 1 0 1 1 0 1 7 f 4 f 0 0 0 0
6 0 1 0 1 4 1 0 a 1 1 0 1 7 f d f 0 f 9 f
6 0 1 4 0 7 1 0 e 0 1 1 1 0 f 7 f 0 0 0 0
6 0 1 3 0 7 1 0 d 0 1 1 1 b f 7 f 0 0 0 0
6 0 1 1 7 6 1 0 b 0 1 1 1 d f e f 0 0 0 0
6 0 1 3 6 4 1 0 a 0 1 1 1 b f 4 f 0 0 0 0
6 0 1 3 6 2 1 0 2 0 1 1 1 b f 4 f 0 0 0 0
6 0 1 4 1 5 1 0 4 0 1 1 1 0 f d f 0 0 0 0
6 0 1 4 3 7 1 0 5 0 1 1 1 0 f b f 0 0 0 0
6 0 1 6 1 4 0 1 5 1 1 0 1 4 f d f 0 0 0 0
6 0 1 4 0 1 1 1 2 1 1 0 1 0 f 7 f 5 f d f
6 0 0 0 3 5 1 1 3 0 1 0 1 0 0 0 0 0 0 0 0
6 0 1 0 0 1 1 1 8 1 1 0 1 7 f 7 f 2 f 5 f
6 0 0 3 4 0 1 0 5 0 1 0 1 0 0 0 0 0 0 0 0
6 0 1 6 6 4 0 1 c 1 1 0 1 4 f 4 f 0 0 0 0
6 0 1 0 1 1 1 0 d 1 1 0 1 7 f 2 f 3 f 2 f
6 0 1 5 7 5 1 1 f 1 1 0 1 1 f e f 8 f 1 f
6 0 1 6 1 7 1 1 a 1 1 0 1 4 f 3 f c f e f
6 0 1 6 4 4 1 0 8 1 1 0 1 4 f 0 f f f 0 f
6 0 1 5 7 2 1 0 2 1 1 0 1 8 f c f a f 6 f
6 0 1 3 5 3 1 0 2 0 1 1 1 b f 8 f 0 0 0 0
6 0 1 2 0 4 1 1 9 0 1 1 1 a f 7 f 0 0 0 0
6 0 0 1 7 5 0 0 b 0 1 0 1 0 0 0 0 0 0 0 0
6 0 0 1 1 3 0 0 f 0 1 0 1 0 0 0 0 0 0 0 0
6 0 1 6 7 1 1 0 6 1 1 0 1 4 f c f 9 f 3 f
6 0 1 5 2 0 1 1 d 0 1 1 1 8 f a f 0 0 0 0
6 0 1 2 5 3 1 1 5 1 1 0 1 a f 8 f d f b f
6 0 1 2 7 2 1 0 0 1 1 0 1 a f c f 5 f a f
6 0 0 0 4 5 1 1 2 0 1 0 1 0 0 0 0 0 0 0 0
6 0 1 1 7 4 1 1 1 1 1 0 1 9 f c f 2 f f f
6 0 1 6 1 5 1 0 c 1 1 0 1 4 f 9 f 1 f 8 f
6 0 1 7 3 4 0 1 e 1 1 0 1 c f d f 0 0 0 0
6 0 1 6 4 2 1 0 0 1 1 0 1 4 f 2 f e f 5 f
6 0 1 5 5 2 1 0 2 0 1 1 1 1 f 1 f 0 0 0 0
6 0 1 0 5 2 1 0 0 0 1 1 1 7 f 1 f 0 0 0 0
6 0 1 7 4 7 1 0 3 0 1 1 1 c f 2 f 0 0 0 0
6 0 1 7 2 2 1 1 0 0 1 1 1 c f e f 0 0 0 0
6 0 0 2 3 4 1 1 6 0 1 0 1 0 0 0 0 0 0 0 0
6 0 1 1 1 0 1 0 7 1 1 0 1 9 f 9 f 0 f 7 f
6 0 1 5 0 5 1 0 0 1 1 0 1 1 f 0 f 6 f 1 f
6 0 1 4 7 0 0 0 f 1 1 0 1 2 f c f 0 0 0 0
6 0 1 7 2 1 1 0 f 0 1 1 1 c f e f 0 0 0 0
6 0 1 1 4 3 1 0 8 0 1 1 1 9 f 2 f 0 0 0 0
6 0 1 7 7 0 1 1 3 0 1 1 1 c f c f 0 0 0 0
6 0 1 2 5 2 1 1 b 1 1 0 1 e f 6 f 3 f e f
6 0 1 4 0 1 1 0 1 1 1 0 1 2 f 0 f b f 9 f
6 0 1 1 5 3 1 0 4 0 1 1 1 b f 6 f 0 0 0 0
6 0 1 2 0 7 1 0 5 0 1 1 1 3 f 0 f 0 0 0 0
6 0 0 5 2 7 1 0 6 0 1 0 1 0 0 0 0 0 0 0 0
6 0 1 3 3 0 1 0 d 0 1 1 1 d f d f 0 0 0 0
6 0 1 4 2 2 1 1 a 0 1 1 1 2 f 3 f 0 0 0 0
6 0 1 3 3 5 1 0 4 1 1 0 1 d f d f a f 6 f
6 0 0 5 0 3 1 1 f 0 1 0 1 0 0 0 0 0 0 0 0
6 0 1 3 6 7 1 1 8 1 1 0 1 d f 4 f f f c f
6 0 0 5 2 4 1 1 5 0 1 0 1 0 0 0 0 0 0 0 0
6 0 1 7 2 3 1 0 6 1 1 0 1 f f 3 f 8 f d f
6 0 1 0 2 0 1 0 0 1 1 0 1 0 f 3 f 5 f 0 f
6 0 1 0 0 1 1 1 7 0 1 1 1 5 f 5 f 0 0 0 0
6 0 1 3 5 5 1 1 1 1 1 0 1 8 f a f 7 f a f
6 0 1 2 6 4 1 1 e 1 1 0 1 3 f 4 f 1 f 2 f
6 0 1 2 2 4 1 0 a 1 1 0 1 3 f 3 f e f 1 f
6 0 0 6 0 4 1 0 5 0 1 0 1 0 0 0 0 0 0 0 0
6 0 0 7 3 6 1 0 1 0 1 0 1 0 0 0 0 0 0 0 0
6 0 0 3 3 6 1 1 9 0 1 0 1 0 0 0 0 0 0 0 0
6 0 0 3 3 7 0 1 6 0 1 0 1 0 0 0 0 0 0 0 0
6 0 1 0 5 6 1 0 a 1 1 0 1 5 f 7 f 9 f 4 f
6 0 1 5 3 7 1 0 a 1 1 0 1 7 f 8 f 6 f f f
6 0 1 4 7 6 0 0 5 1 1 0 1 e f 6 f 0 0 0 0
6 0 0 0 4 6 1 0 3 0 1 0 1 0 0 0 0 0 0 0 0
6 0 1 6 0 1 1 0 e 0 1 1 1 9 f 5 f 0 0 0 0
6 0 1 7 2 2 1 1 c 0 1 1 1 6 f 3 f 0 0 0 0
6 0 1 6 0 4 1 0 6 1 1 0 1 9 f 5 f c f e f
6 0 1 5 6 6 1 1 d 0 1 1 1 7 f 9 f 0 0 0 0
6 0 0 2 3 7 0 0 c 0 1 0 1 0 0 0 0 0 0 0 0
6 0 1 5 7 3 1 0 7 1 1 0 1 7 f 6 f d f 8 f
6 0 1 5 2 7 1 0 0 0 1 1 1 7 f 3 f 0 0 0 0
6 0 0 1 7 0 1 0 c 0 1 0 1 0 0 0 0 0 0 0 0
6 0 0 2 4 0 1 1 0 0 1 0 1 0 0 0 0 0 0 0 0
6 0 1 6 0 2 0 0 5 1 1 0 1 9 f 5 f 0 0 0 0
6 0 1 3 5 6 1 0 7 1 1 0 1 d f 7 f 0 f 9 f
6 0 1 1 3 1 1 0 3 0 1 1 1 b f d f 0 0 0 0
6 0 1 0 7 3 0 1 a 1 1 0 1 5 f 6 f 0 0 0 0
6 0 1 5 1 4 1 0 0 1 1 0 1 7 f b f a f c f
6 0 1 5 0 1 1 0 d 0 1 1 1 7 f 5 f 0 0 0 0
6 0 1 4 4 7 1 1 2 0 1 1 1 a f a f 0 0 0 0
6 0 1 2 5 6 1 0 9 1 1 0 1 3 f 7 f 2 f 0 f
6 0 0 0 6 5 0 0 4 0 1 0 1 0 0 0 0 0 0 0 0
6 0 1 7 6 2 0 0 b 1 1 0 1 6 f 2 f 0 0 0 0
6 0 1 2 4 5 1 0 e 0 1 1 1 3 f a f 0 0 0 0
6 0 1 7 0 1 1 0 e 0 1 1 1 6 f 5 f 0 0 0 0
6 0 1 3 1 7 1 1 1 0 1 1 1 d f b f 0 0 0 0
6 0 1 0 0 7 1 0 6 1 1 0 1 5 f 5 f 1 f 6 f
6 0 1 2 5 7 1 0 7 0 1 1 1 3 f 7 f 0 0 0 0
6 0 1 2 2 2 1 1 4 0 1 1 1 3 f 3 f 0 0 0 0
6 0 1 3 4 3 1 0 e 1 1 0 1 d f a f 4 f d f
6 0 1 5 2 7 1 1 f 0 1 1 1 7 f 3 f 0 0 0 0
6 0 1 3 4 4 1 1 e 1 1 0 1 4 f a f f f a f
6 0 1 0 0 4 1 1 8 1 1 0 1 5 f 5 f e f f f
6 0 1 1 3 3 1 0 5 1 1 0 1 b f 4 f 8 f 4 f
6 0 1 1 3 2 1 1 9 0 1 1 1 b f 8 f 0 0 0 0
6 0 1 5 6 1 0 0 0 1 1 0 1 7 f 2 f 0 0 0 0
6 0 0 3 3 1 1 0 1 0 1 0 1 0 0 0 0 0 0 0 0
6 0 1 1 7 6 1 0 4 1 1 0 1 b f 1 f 9 f 2 f
6 0 1 4 6 4 1 1 c 0 1 1 1 e f 9 f 0 0 0 0
6 0 0 1 5 4 0 1 0 0 1 0 1 0 0 0 0 0 0 0 0
6 0 1 4 2 6 1 0 1 1 1 0 1 e f 3 f c f 9 f
6 0 1 1 2 5 0 0 7 1 1 0 1 b f 3 f 0 0 0 0
6 0 1 7 0 2 1 0 0 1 1 0 1 1 f 5 f 0 f 3 f
6 0 1 5 3 2 1 1 6 0 1 1 1 7 f 8 f 0 0 0 0
6 0 1 6 1 0 0 1 d 1 1 0 1 c f b f 0 0 0 0
6 0 1 3 4 7 0 0 c 1 1 0 1 8 f e f 0 0 0 0
6 0 1 5 6 5 1 0 9 1 1 0 1 7 f c f 6 f 7 f
6 0 1 3 2 2 1 0 e 1 1 0 1 8 f 0 f d f 0 f
6 0 1 4 0 2 1 0 8 0 1 1 1 e f 5 f 0 0 0 0
6 0 1 5 3 4 1 1 a 0 1 1 1 6 f 8 f 0 0 0 0
6 0 1 0 0 0 1 0 b 1 1 0 1 5 f 5 f a f 5 f
6 0 1 4 1 6 1 0 7 0 1 1 1 e f b f 0 0 0 0
6 0 1 6 0 7 1 0 c 0 1 1 1 c f a f 0 0 0 0
6 0 1 4 0 4 1 1 f 0 1 1 1 e f a f 0 0 0 0
6 0 1 2 2 4 1 0 0 1 1 0 1 d f d f f f e f
6 0 1 3 1 3 0 1 4 1 1 0 1 8 f b f 0 0 0 0
6 0 1 6 2 5 1 1 2 1 1 0 1 c f d f 4 f 6 f
6 0 0 4 5 0 1 0 d 0 1 0 1 0 0 0 0 0 0 0 0
6 0 1 7 0 5 1 1 9 1 1 0 1 1 f a f 2 f 4 f
6 0 1 7 0 0 0 0 f 1 1 0 1 1 f a f 0 0 0 0
6 0 1 4 4 7 1 1 3 1 1 0 1 f f f f 9 f 1 f
6 0 1 7 6 2 1 0 a 1 1 0 1 9 f c f 3 f d f
6 0 0 7 1 2 1 1 7 0 1 0 1 0 0 0 0 0 0 0 0
6 0 1 2 3 6 1 0 7 1 1 0 1 3 f 8 f 7 f c f
6 0 1 4 7 0 0 1 0 1 1 0 1 f f 9 f 0 0 0 0
6 0 1 5 5 6 1 0 6 1 1 0 1 2 f 2 f 0 f 7 f
6 0 1 0 0 6 0 0 5 1 1 0 1 a f a f 0 0 0 0
6 0 1 0 7 4 1 0 1 0 1 1 1 a f 9 f 0 0 0 0
6 0 0 0 2 3 1 1 5 0 1 0 1 0 0 0 0 0 0 0 0
6 0 1 4 4 7 1 0 2 1 1 0 1 f f f f 5 f 9 f
6 0 1 3 6 0 1 0 b 0 1 1 1 8 f 0 f 0 0 0 0
6 0 1 0 1 7 1 0 b 0 1 1 1 a f b f 0 0 0 0
6 0 1 5 1 4 1 0 6 0 1 1 1 2 f b f 0 0 0 0
6 0 1 6 4 7 1 1 e 0 1 1 1 0 f f f 0 0 0 0
6 0 1 5 7 2 0 1 6 1 1 0 1 2 f 5 f 0 0 0 0
6 0 1 4 2 5 0 0 7 1 1 0 1 f f 3 f 0 0 0 0
6 0 1 4 5 6 1 0 f 1 1 0 1 f f 2 f e f 0 f
6 0 1 1 4 7 1 0 5 1 1 0 1 b f f f 6 f 5 f
6 0 1 7 4 0 0 0 8 1 1 0 1 6 f f f 0 0 0 0
6 0 1 6 2 3 1 0 8 0 1 1 1 e f 3 f 0 0 0 0
6 0 0 0 0 2 0 0 0 0 1 0 1 0 0 0 0 0 0 0 0
6 0 1 6 2 1 1 0 4 0 1 1 1 e f 3 f 0 0 0 0
6 0 0 6 5 0 1 1 4 0 1 0 1 0 0 0 0 0 0 0 0
6 0 1 5 7 5 1 0 d 1 1 0 1 2 f 6 f 4 f 2 f
6 0 1 5 3 1 1 0 d 0 1 1 1 4 f 8 f 0 0 0 0
6 0 1 7 7 3 1 0 9 0 1 1 1 6 f 6 f 0 0 0 0
6 0 1 7 7 7 1 0 0 0 1 1 1 6 f 6 f 0 0 0 0
6 0 1 0 3 7 0 0 2 1 1 0 1 a f 8 f 0 0 0 0
6 0 1 0 6 1 1 1 1 0 1 1 1 a f e f 0 0 0 0
6 0 1 6 0 7 1 1 d 1 1 0 1 e f a f 1 f 6 f
6 0 0 7 5 6 0 1 c 0 1 0 1 0 0 0 0 0 0 0 0
6 0 1 3 4 4 1 1 7 1 1 0 1 8 f f f d f f f
6 0 0 0 3 6 1 0 4 0 1 0 1 0 0 0 0 0 0 0 0
6 0 1 7 2 4 1 0 7 1 1 0 1 1 f 3 f c f d f
6 0 1 4 7 1 0 0 4 1 1 0 1 c f 1 f 0 0 0 0
6 0 1 2 7 6 1 1 9 1 1 0 1 3 f 1 f 7 f e f
6 0 1 4 2 6 1 1 0 1 1 0 1 c f 3 f 9 f 7 f
6 0 1 1 6 1 1 1 5 1 1 0 1 b f 9 f 0 f b f
6 0 1 2 1 4 1 1 2 1 1 0 1 3 f 0 f 5 f c f
6 0 0 2 0 7 0 0 4 0 1 0 1 0 0 0 0 0 0 0 0
6 0 1 5 0 6 1 0 f 1 1 0 1 4 f a f 2 f 9 f
6 0 0 6 3 4 0 0 1 0 1 0 1 0 0 0 0 0 0 0 0
6 0 1 5 3 2 1 0 6 0 1 1 1 4 f 8 f 0 0 0 0
6 0 0 5 5 5 1 0 1 0 1 0 1 0 0 0 0 0 0 0 0
6 0 1 7 2 0 1 0 c 0 1 1 1 1 f 3 f 0 0 0 0
6 0 1 3 1 0 1 0 8 0 1 1 1 8 f 0 f 0 0 0 0
6 0 1 6 6 5 1 0 5 0 1 1 1 2 f 2 f 0 0 0 0
6 0 0 2 1 0 1 0 d 0 1 0 1 0 0 0 0 0 0 0 0
6 0 1 2 2 1 1 1 6 0 1 1 1 3 f 3 f 0 0 0 0
6 0 1 2 3 5 0 0 c 1 1 0 1 3 f 8 f 0 0 0 0
6 0 0 5 0 7 1 0 8 0 1 0 1 0 0 0 0 0 0 0 0
6 0 0 1 6 0 1 1 f 0 1 0 1 0 0 0 0 0 0 0 0
6 0 1 3 0 5 1 0 6 1 1 0 1 8 f a f 6 f 4 f
6 0 1 2 7 2 1 1 d 1 1 0 1 3 f 1 f f f 3 f
6 0 1 1 0 2 1 0 9 1 1 0 1 0 f a f d f f f
6 0 1 7 7 7 0 0 0 1 1 0 1 1 f 1 f 0 0 0 0
6 0 0 4 1 3 0 0 9 0 1 0 1 0 0 0 0 0 0 0 0
6 0 1 3 4 2 1 0 6 0 1 1 1 8 f 5 f 0 0 0 0
6 0 1 1 1 2 1 0 2 0 1 1 1 0 f 0 f 0 0 0 0
6 0 0 5 0 2 0 1 e 0 1 0 1 0 0 0 0 0 0 0 0
6 0 1 4 4 1 1 0 7 1 1 0 1 5 f 5 f e f 0 f
6 0 1 1 1 3 1 0 7 0 1 1 1 e f e f 0 0 0 0
6 0 0 7 6 3 1 0 0 0 1 0 1 0 0 0 0 0 0 0 0
6 0 1 1 6 5 1 0 0 0 1 1 1 e f 2 f 0 0 0 0
6 0 1 0 1 6 1 0 7 0 1 1 1 a f e f 0 0 0 0
6 0 1 7 0 4 1 0 3 0 1 1 1 1 f a f 0 0 0 0
6 0 0 1 0 0 1 1 7 0 1 0 1 0 0 0 0 0 0 0 0
6 0 1 4 1 4 1 1 b 1 1 0 1 5 f e f 7 f 5 f
6 0 1 7 0 0 0 0 2 1 1 0 1 1 f a f 0 0 0 0
6 0 1 0 1 1 1 0 2 1 1 0 1 a f e f b f e f
6 0 1 6 4 6 1 1 c 0 1 1 1 2 f 7 f 0 0 0 0
6 0 1 5 4 3 1 1 9 1 1 0 1 6 f 7 f c f 8 f
6 0 1 3 3 0 1 0 4 1 1 0 1 c f c f 9 f a f
6 0 1 2 1 5 1 0 0 0 1 1 1 d f b f 0 0 0 0
6 0 1 2 3 0 1 0 2 0 1 1 1 d f c f 0 0 0 0
6 0 1 0 5 4 0 0 1 1 1 0 1 9 f 6 f 0 0 0 0
6 0 1 2 0 0 1 0 6 0 1 1 1 d f 9 f 0 0 0 0
6 0 1 3 4 3 0 0 3 1 1 0 1 c f 7 f 0 0 0 0
6 0 1 7 0 4 1 1 4 0 1 1 1 1 f 9 f 0 0 0 0
6 0 1 1 6 6 1 0 1 1 1 0 1 b f 2 f 4 f 2 f
6 0 1 7 5 6 1 0 2 0 1 1 1 1 f 6 f 0 0 0 0
6 0 1 7 0 4 0 0 2 1 1 0 1 1 f 9 f 0 0 0 0
6 0 0 2 0 1 1 1 3 0 1 0 1 0 0 0 0 0 0 0 0
6 0 0 7 4 1 1 0 9 0 1 0 1 0 0 0 0 0 0 0 0
6 0 1 5 1 6 1 0 0 1 1 0 1 6 f b f 3 f 4 f
6 0 1 2 2 6 1 0 2 0 1 1 1 d f d f 0 0 0 0
6 0 0 2 5 1 1 0 4 0 1 0 1 0 0 0 0 0 0 0 0
6 0 1 0 4 1 1 0 d 0 1 1 1 9 f 7 f 0 0 0 0
6 0 1 6 6 5 0 1 f 1 1 0 1 3 f 3 f 0 0 0 0
6 0 1 2 4 0 1 0 0 1 1 0 1 d f 7 f f f 9 f
6 0 1 4 2 7 1 0 8 0 1 1 1 7 f d f 0 0 0 0
6 0 1 5 4 5 1 1 0 0 1 1 1 6 f 7 f 0 0 0 0
6 0 1 3 5 0 1 1 5 1 1 0 1 c f 6 f 0 f f f
6 0 1 2 4 5 0 0 d 1 1 0 1 d f 7 f 0 0 0 0
6 0 1 0 1 4 0 0 c 1 1 0 1 0 f b f 0 0 0 0
6 0 1 1 2 0 1 1 e 1 1 0 1 b f d f 5 f 0 f
6 0 1 7 5 0 1 1 8 1 1 0 1 1 f 6 f e f 5 f
6 0 0 0 7 6 1 0 8 0 1 0 1 0 0 0 0 0 0 0 0
6 0 1 1 5 4 1 1 a 1 1 0 1 b f 6 f 8 f 7 f
6 0 1 1 5 3 1 1 2 1 1 0 1 b f 6 f a f c f
6 0 1 4 6 1 0 0 b 1 1 0 1 8 f 3 f 0 0 0 0
6 0 1 6 5 2 1 1 4 1 1 0 1 3 f 6 f 2 f d f
6 0 1 1 3 5 1 1 9 1 1 0 1 b f a f 4 f 6 f
6 0 1 0 5 0 1 0 d 1 1 0 1 e f 4 f 9 f e f
6 0 1 5 1 1 0 0 6 1 1 0 1 4 f b f 0 0 0 0
6 0 1 5 3 3 1 0 e 0 1 1 1 4 f a f 0 0 0 0
6 0 1 3 1 0 1 1 f 0 1 1 1 a f b f 0 0 0 0
6 0 1 2 4 5 1 1 0 1 1 0 1 2 f 8 f f f 4 f
6 0 1 1 2 7 0 1 5 1 1 0 1 b f 2 f 0 0 0 0
6 0 1 4 3 6 1 0 b 1 1 0 1 8 f a f 0 f 3 f
6 0 1 3 0 3 1 0 d 1 1 0 1 a f 9 f 5 f a f
6 0 1 2 3 6 1 0 7 0 1 1 1 2 f 5 f 0 0 0 0
6 0 1 0 2 5 1 0 a 0 1 1 1 9 f 2 f 0 0 0 0
6 0 1 5 6 5 1 0 6 0 1 1 1 f f 0 f 0 0 0 0
6 0 0 4 0 2 1 1 7 0 1 0 1 0 0 0 0 0 0 0 0
6 0 0 7 3 0 0 1 c 0 1 0 1 0 0 0 0 0 0 0 0
6 0 1 1 5 6 1 0 3 1 1 0 1 b f f f 7 f 0 f
6 0 0 1 0 4 0 1 d 0 1 0 1 0 0 0 0 0 0 0 0
6 0 1 3 4 1 0 1 6 1 1 0 1 5 f 8 f 0 0 0 0
6 0 1 2 3 1 1 0 5 1 1 0 1 2 f 5 f c f b f
6 0 1 2 6 0 1 1 e 1 1 0 1 2 f 7 f d f 9 f
6 0 1 3 6 1 0 1 4 1 1 0 1 5 f 7 f 0 0 0 0
6 0 1 7 7 0 1 1 3 1 1 0 1 1 f 1 f 6 f d f
6 0 0 4 7 3 1 1 a 0 1 0 1 0 0 0 0 0 0 0 0
6 0 0 2 4 3 1 0 5 0 1 0 1 0 0 0 0 0 0 0 0
6 0 1 5 7 0 1 0 5 1 1 0 1 f f 1 f e f 6 f
6 0 1 5 1 7 0 0 b 1 1 0 1 f f c f 0 0 0 0
6 0 0 4 3 3 1 0 9 0 1 0 1 0 0 0 0 0 0 0 0
6 0 0 1 1 6 1 1 0 0 1 0 1 0 0 0 0 0 0 0 0
6 0 0 4 3 6 1 1 b 0 1 0 1 0 0 0 0 0 0 0 0
6 0 1 3 6 5 1 1 9 1 1 0 1 5 f 7 f 4 f f f
6 0 1 2 4 6 1 0 5 1 1 0 1 2 f 8 f 3 f 7 f
6 0 1 3 4 7 1 1 d 1 1 0 1 5 f 8 f a f 1 f
6 0 0 4 2 3 1 0 d 0 1 0 1 0 0 0 0 0 0 0 0
6 0 1 4 0 7 1 1 6 1 1 0 1 8 f e f 0 f a f
6 0 1 3 4 2 1 1 f 1 1 0 1 5 f 8 f b f 2 f
6 0 0 3 5 4 1 0 2 0 1 0 1 0 0 0 0 0 0 0 0
6 0 1 1 6 5 1 1 7 1 1 0 1 c f 3 f 9 f 4 f
6 0 1 3 0 5 1 0 8 1 1 0 1 5 f e f d f 9 f
6 0 1 7 7 3 1 0 4 1 1 0 1 0 f 0 f 6 f 5 f
6 0 1 6 4 1 1 0 9 1 1 0 1 3 f 8 f f f c f
6 0 1 5 3 6 1 0 b 1 1 0 1 d f 6 f 7 f 3 f
6 0 1 0 4 2 1 1 1 0 1 1 1 e f 8 f 0 0 0 0
6 0 1 4 2 0 1 0 2 1 1 0 1 8 f b f 1 f e f
6 0 1 6 4 0 1 0 a 0 1 1 1 7 f 8 f 0 0 0 0
6 0 1 7 7 6 1 0 0 0 1 1 1 0 f 0 f 0 0 0 0
6 0 1 2 7 4 1 0 d 0 1 1 1 b f 0 f 0 0 0 0
6 0 0 7 6 5 1 0 b 0 1 0 1 0 0 0 0 0 0 0 0
6 0 1 3 1 1 1 1 a 0 1 1 1 6 f f f 0 0 0 0
6 0 1 0 3 4 0 0 d 1 1 0 1 1 f 6 f 0 0 0 0
6 0 1 0 4 4 1 1 2 1 1 0 1 1 f 8 f a f 8 f
6 0 0 0 5 0 1 1 4 0 1 0 1 0 0 0 0 0 0 0 0
6 0 1 5 2 4 1 1 9 1 1 0 1 d f b f 2 f a f
6 0 1 5 0 1 0 1 5 1 1 0 1 d f 1 f 0 0 0 0
6 0 1 0 3 3 1 0 0 1 1 0 1 1 f 6 f 4 f 6 f
6 0 1 2 5 2 1 1 c 1 1 0 1 b f d f 9 f b f
6 0 1 6 3 6 1 1 3 1 1 0 1 7 f 4 f 5 f 7 f
6 0 1 1 3 0 0 1 e 1 1 0 1 f f 4 f 0 0 0 0
6 0 0 6 1 4 1 1 8 0 1 0 1 0 0 0 0 0 0 0 0
6 0 1 0 2 0 0 0 d 1 1 0 1 1 f 9 f 0 0 0 0
6 0 1 5 0 1 1 0 e 1 1 0 1 d f 1 f c f f f
6 0 0 2 7 1 0 0 f 0 1 0 1 0 0 0 0 0 0 0 0
6 0 1 2 0 1 1 1 a 1 1 0 1 9 f 1 f 3 f c f
6 0 1 6 4 4 1 0 c 1 1 0 1 5 f 2 f e f 2 f
6 0 1 1 6 5 1 1 6 1 1 0 1 3 f 5 f 8 f d f
6 0 1 2 3 4 1 1 b 1 1 0 1 9 f 4 f a f e f
6 0 0 4 6 6 0 0 6 0 1 0 1 0 0 0 0 0 0 0 0
6 0 1 4 4 6 1 1 7 1 1 0 1 a f a f 6 f 5 f
6 0 1 0 2 3 1 1 f 1 1 0 1 1 f 9 f b f 4 f
6 0 1 5 6 6 1 1 c 1 1 0 1 8 f 6 f 7 f 6 f
6 0 1 2 2 1 1 1 2 1 1 0 1 9 f 9 f f f 3 f
6 0 1 3 1 3 1 1 d 1 1 0 1 b f f f c f b f
6 0 1 2 6 2 1 0 2 1 1 0 1 9 f 7 f 2 f 9 f
6 0 1 5 1 0 1 1 e 1 1 0 1 8 f f f d f 1 f
6 0 1 3 4 4 1 0 3 1 1 0 1 c f a f e f a f
6 0 1 2 5 1 1 0 5 0 1 1 1 2 f 8 f 0 0 0 0
6 0 1 7 6 2 1 0 f 0 1 1 1 0 f 7 f 0 0 0 0
6 0 1 0 4 7 1 0 f 0 1 1 1 d f e f 0 0 0 0
6 0 1 6 4 4 1 1 5 0 1 1 1 7 f e f 0 0 0 0
6 0 1 0 6 4 1 0 1 1 1 0 1 d f 7 f 5 f e f
6 0 1 2 7 4 1 1 4 0 1 1 1 2 f 0 f 0 0 0 0
6 0 1 3 0 7 1 0 d 1 1 0 1 c f d f 4 f 0 f
6 0 1 7 3 3 1 1 6 0 1 1 1 4 f c f 0 0 0 0
6 0 1 1 2 1 1 0 a 1 1 0 1 f f 2 f 6 f f f
6 0 0 0 7 1 1 0 8 0 1 0 1 0 0 0 0 0 0 0 0
6 0 1 7 7 5 1 1 3 0 1 1 1 4 f 4 f 0 0 0 0
6 0 1 3 5 1 1 0 a 1 1 0 1 c f 8 f 3 f 6 f
6 0 1 1 1 6 1 0 6 0 1 1 1 3 f 3 f 0 0 0 0
6 0 1 0 3 4 0 1 b 1 1 0 1 d f c f 0 0 0 0
6 0 1 3 4 5 1 0 3 1 1 0 1 c f 5 f b f 8 f
6 0 1 5 7 7 1 0 4 0 1 1 1 b f 4 f 0 0 0 0
6 0 1 7 6 0 0 0 c 1 1 0 1 4 f 7 f 0 0 0 0
6 0 0 6 3 5 1 0 1 0 1 0 1 0 0 0 0 0 0 0 0
6 0 1 3 4 4 1 0 7 0 1 1 1 c f 5 f 0 0 0 0
6 0 1 2 7 5 0 0 2 1 1 0 1 2 f 4 f 0 0 0 0
6 0 1 6 7 1 1 0 4 0 1 1 1 7 f 4 f 0 0 0 0
6 0 0 2 7 7 0 1 9 0 1 0 1 0 0 0 0 0 0 0 0
6 0 1 0 0 4 1 1 1 1 1 0 1 d f d f 9 f 5 f
6 0 1 6 6 0 1 0 4 1 1 0 1 7 f 7 f 1 f d f
6 0 0 3 1 3 1 1 a 0 1 0 1 0 0 0 0 0 0 0 0
6 0 1 4 1 0 1 0 5 1 1 0 1 9 f 3 f a f 1 f
6 0 0 5 5 7 1 0 3 0 1 0 1 0 0 0 0 0 0 0 0
6 0 0 3 5 0 1 0 b 0 1 0 1 0 0 0 0 0 0 0 0
6 0 1 0 7 3 1 1 e 0 1 1 1 a f 4 f 0 0 0 0
6 0 1 6 4 7 1 0 9 1 1 0 1 7 f 9 f e f 4 f
6 0 1 0 1 6 1 0 2 0 1 1 1 a f 3 f 0 0 0 0
6 0 1 6 2 7 0 0 f 1 1 0 1 7 f 2 f 0 0 0 0
6 0 0 5 6 6 1 0 f 0 1 0 1 0 0 0 0 0 0 0 0
6 0 1 7 1 7 1 1 0 0 1 1 1 e f 3 f 0 0 0 0
6 0 1 5 2 0 1 0 8 1 1 0 1 b f 2 f 0 f a f
6 0 1 4 6 1 1 1 f 0 1 1 1 9 f 7 f 0 0 0 0
6 0 1 6 4 0 1 0 0 1 1 0 1 7 f 9 f f f 0 f
6 0 1 6 3 3 1 0 4 0 1 1 1 7 f c f 0 0 0 0
6 0 1 6 0 3 0 0 1 1 1 0 1 7 f f f 0 0 0 0
6 0 1 4 0 1 0 1 6 1 1 0 1 9 f f f 0 0 0 0
6 0 0 3 0 4 1 0 6 0 1 0 1 0 0 0 0 0 0 0 0
6 0 0 3 7 0 1 0 a 0 1 0 1 0 0 0 0 0 0 0 0
6 0 1 1 2 4 1 0 2 1 1 0 1 3 f 2 f 6 f 9 f
6 0 1 4 3 4 0 1 8 1 1 0 1 6 f c f 0 0 0 0
6 0 1 4 0 7 1 1 5 1 1 0 1 6 f f f 8 f e f
6 0 1 3 0 7 0 0 4 1 1 0 1 c f f f 0 0 0 0
6 0 0 2 4 7 1 1 d 0 1 0 1 0 0 0 0 0 0 0 0
6 0 1 6 3 4 1 0 3 1 1 0 1 7 f c f 5 f 6 f
6 0 1 5 4 2 0 0 8 1 1 0 1 b f 5 f 0 0 0 0
6 0 1 6 7 4 1 0 6 1 1 0 1 7 f 8 f d f 5 f
6 0 0 0 1 3 1 1 1 0 1 0 1 0 0 0 0 0 0 0 0
6 0 1 4 5 0 1 0 b 1 1 0 1 d f b f 1 f f f
6 0 1 1 5 2 1 1 4 0 1 1 1 3 f b f 0 0 0 0
6 0 1 3 4 0 0 1 a 1 1 0 1 c f d f 0 0 0 0
6 0 1 3 3 3 1 1 0 1 1 0 1 c f c f 4 f c f
6 0 0 6 3 7 1 0 c 0 1 0 1 0 0 0 0 0 0 0 0
6 0 1 1 1 7 1 0 a 1 1 0 1 3 f 3 f a f 8 f
6 0 0 7 6 5 1 1 9 0 1 0 1 0 0 0 0 0 0 0 0
6 0 0 4 6 5 1 1 e 0 1 0 1 0 0 0 0 0 0 0 0
6 0 1 2 3 7 1 1 6 1 1 0 1 2 f 4 f 0 f a f
6 0 0 2 5 5 1 0 2 0 1 0 1 0 0 0 0 0 0 0 0
6 0 1 7 0 6 0 0 a 1 1 0 1 0 f 1 f 0 0 0 0
6 0 1 2 3 4 1 1 5 1 1 0 1 2 f 4 f 9 f d f
6 0 1 6 2 6 1 1 f 1 1 0 1 7 f 2 f e f 7 f
6 0 1 7 6 4 1 1 c 1 1 0 1 0 f e f 6 f 9 f
6 0 1 6 4 0 1 1 8 1 1 0 1 e f 6 f 5 f 1 f
6 0 1 5 0 0 1 0 2 1 1 0 1 b f 5 f f f 5 f
6 0 1 7 5 3 1 1 a 1 1 0 1 0 f b f c f 4 f
6 0 1 4 3 0 1 1 d 1 1 0 1 6 f c f 8 f f f
6 0 1 4 2 6 1 1 7 1 1 0 1 6 f 2 f a f e f
6 0 1 3 0 3 1 0 1 1 1 0 1 c f 8 f d f c f
6 0 0 0 4 6 1 1 9 0 1 0 1 0 0 0 0 0 0 0 0
6 0 1 7 7 6 1 0 d 1 1 0 1 0 f 0 f 7 f a f
6 0 1 5 1 2 1 0 3 1 1 0 1 b f 3 f 9 f 2 f
6 0 0 6 6 0 0 0 d 0 1 0 1 0 0 0 0 0 0 0 0
6 0 0 4 7 2 1 0 3 0 1 0 1 0 0 0 0 0 0 0 0
6 0 1 2 5 3 1 1 1 0 1 1 1 9 f b f 0 0 0 0
6 0 1 2 3 0 0 1 5 1 1 0 1 9 f d f 0 0 0 0
6 0 1 7 5 5 1 1 4 1 1 0 1 0 f b f 1 f b f
6 0 1 0 6 1 0 0 5 1 1 0 1 8 f 7 f 0 0 0 0
6 0 1 6 2 1 1 0 2 1 1 0 1 7 f 9 f 5 f 3 f
6 0 0 2 2 2 1 0 3 0 1 0 1 0 0 0 0 0 0 0 0
6 0 1 7 0 0 1 1 f 1 1 0 1 0 f 8 f 4 f 8 f
6 0 0 1 0 5 1 1 e 0 1 0 1 0 0 0 0 0 0 0 0
6 0 1 0 1 6 0 1 c 1 1 0 1 4 f 5 f 0 0 0 0
6 0 1 1 1 4 1 1 a 1 1 0 1 5 f 5 f f f 6 f
6 0 1 4 2 2 1 1 2 1 1 0 1 f f 9 f e f 9 f
6 0 1 6 6 3 0 1 b 1 1 0 1 7 f 7 f 0 0 0 0
6 0 1 2 6 0 1 0 e 1 1 0 1 e f 7 f c f 4 f
6 0 1 7 0 4 1 1 3 1 1 0 1 0 f c f a f f f
6 0 1 1 3 3 1 0 7 1 1 0 1 5 f d f 2 f d f
6 0 1 5 3 4 1 1 8 1 1 0 1 1 f 2 f b f a f
6 0 1 7 5 5 0 0 0 1 1 0 1 0 f 1 f 0 0 0 0
6 0 1 6 0 2 1 1 6 1 1 0 1 7 f c f 3 f e f
6 0 1 5 5 5 1 1 9 1 1 0 1 1 f 1 f 8 f 1 f
6 0 1 0 0 3 0 0 a 1 1 0 1 c f c f 0 0 0 0
6 0 0 2 6 0 1 0 f 0 1 0 1 0 0 0 0 0 0 0 0
6 0 0 1 2 3 1 0 2 0 1 0 1 0 0 0 0 0 0 0 0
6 0 0 0 0 2 1 1 4 0 1 0 1 0 0 0 0 0 0 0 0
6 0 0 4 5 3 1 1 f 0 1 0 1 0 0 0 0 0 0 0 0
6 0 1 0 3 4 1 1 d 1 1 0 1 c f 2 f 6 f b f
6 0 1 7 7 1 1 1 a 1 1 0 1 0 f 0 f 9 f 5 f
6 0 1 4 7 0 1 0 e 1 1 0 1 6 f 0 f 4 f c f
6 0 1 5 5 1 1 0 f 1 1 0 1 8 f 8 f f f 9 f
6 0 1 1 7 3 0 0 c 1 1 0 1 f f 0 f 0 0 0 0
6 0 0 7 0 1 1 0 b 0 1 0 1 0 0 0 0 0 0 0 0
6 0 0 1 0 1 1 0 d 0 1 0 1 0 0 0 0 0 0 0 0
6 0 1 2 4 3 1 0 9 1 1 0 1 3 f 6 f d f 2 f
6 0 1 6 2 4 1 0 4 1 1 0 1 7 f 3 f a f 6 f
6 0 1 1 1 0 1 1 e 0 1 1 1 f f f f 0 0 0 0
6 0 1 7 0 6 1 0 8 1 1 0 1 0 f 4 f e f 7 f
6 0 1 4 7 1 1 1 1 0 1 1 1 a f 0 f 0 0 0 0
6 0 1 4 4 2 1 0 7 1 1 0 1 a f a f 1 f 3 f
6 0 1 0 3 5 1 1 b 0 1 1 1 4 f d f 0 0 0 0
6 0 0 7 7 6 0 0 5 0 1 0 1 0 0 0 0 0 0 0 0
6 0 1 1 3 7 1 1 5 1 1 0 1 f f d f b f 0 f
6 0 1 6 1 2 1 1 c 1 1 0 1 e f f f 5 f 1 f
6 0 1 1 6 6 0 0 3 1 1 0 1 f f e f 0 0 0 0
6 0 1 1 1 4 1 0 5 1 1 0 1 f f f f c f a f
6 0 1 4 7 0 1 0 d 0 1 1 1 c f b f 0 0 0 0
6 0 1 1 7 4 1 0 9 0 1 1 1 f f b f 0 0 0 0
6 0 1 3 5 4 1 1 9 0 1 1 1 d f 8 f 0 0 0 0
6 0 1 4 2 4 1 1 2 1 1 0 1 c f 5 f 9 f c f
6 0 1 7 6 2 1 1 6 1 1 0 1 b f e f 2 f 5 f
6 0 1 4 6 1 1 0 f 1 1 0 1 9 f e f 6 f f f
6 0 1 1 0 7 0 0 8 1 1 0 1 6 f 4 f 0 0 0 0
6 0 0 1 1 0 1 0 b 0 1 0 1 0 0 0 0 0 0 0 0
6 0 1 1 0 0 1 0 5 0 1 1 1 6 f 4 f 0 0 0 0
6 0 1 4 7 3 1 1 7 0 1 1 1 9 f b f 0 0 0 0
6 0 1 5 4 6 0 0 5 1 1 0 1 8 f 9 f 0 0 0 0
6 0 0 5 0 1 1 1 3 0 1 0 1 0 0 0 0 0 0 0 0
6 0 1 3 5 1 1 0 8 1 1 0 1 d f 8 f 7 f 6 f
6 0 1 5 3 1 1 1 0 1 1 0 1 8 f d f 3 f 7 f
6 0 1 4 1 0 0 0 d 1 1 0 1 9 f 3 f 0 0 0 0
6 0 0 7 7 6 0 1 1 0 1 0 1 0 0 0 0 0 0 0 0
6 0 1 3 6 4 0 0 7 1 1 0 1 d f e f 0 0 0 0
6 0 1 3 2 6 0 1 a 1 1 0 1 d f 2 f 0 0 0 0
6 0 1 7 2 6 1 0 2 1 1 0 1 b f 2 f 0 f e f
6 0 1 2 7 1 1 1 c 1 1 0 1 2 f b f 1 f 3 f
6 0 1 2 7 4 1 1 5 1 1 0 1 2 f b f a f 9 f
6 0 1 4 5 6 1 0 a 1 1 0 1 a f 8 f c f 0 f
6 0 1 5 3 7 1 0 3 1 1 0 1 8 f d f 5 f b f
6 0 1 3 1 6 1 1 f 0 1 1 1 d f 1 f 0 0 0 0
6 0 1 3 5 4 0 1 6 1 1 0 1 d f 8 f 0 0 0 0
6 0 0 3 2 4 1 1 7 0 1 0 1 0 0 0 0 0 0 0 0
6 0 1 1 3 7 1 1 e 1 1 0 1 1 f d f f f 5 f
6 0 0 3 1 2 1 1 3 0 1 0 1 0 0 0 0 0 0 0 0
6 0 1 3 7 3 1 0 f 1 1 0 1 d f f f 6 f d f
6 0 1 7 2 4 1 1 9 1 1 0 1 f f 2 f 7 f a f
6 0 1 5 7 3 0 1 0 1 1 0 1 8 f f f 0 0 0 0
6 0 0 1 6 0 1 0 1 0 1 0 1 0 0 0 0 0 0 0 0
6 0 0 2 0 1 1 1 b 0 1 0 1 0 0 0 0 0 0 0 0
6 0 1 2 2 4 1 0 1 1 1 0 1 2 f 2 f e f 7 f
6 0 1 5 0 1 1 0 c 1 1 0 1 8 f 4 f 3 f 1 f
6 0 1 3 3 3 1 0 e 1 1 0 1 6 f 6 f 9 f 6 f
6 0 1 5 4 7 1 1 5 1 1 0 1 8 f e f 0 f f f
6 0 1 6 1 2 1 1 d 1 1 0 1 c f 3 f b f 2 f
6 0 0 1 3 1 1 1 a 0 1 0 1 0 0 0 0 0 0 0 0
6 0 0 2 5 4 0 0 3 0 1 0 1 0 0 0 0 0 0 0 0
6 0 1 2 3 3 1 0 e 1 1 0 1 b f 9 f 5 f 9 f
6 0 1 1 0 7 1 1 7 1 1 0 1 3 f 4 f d f 0 f
6 0 0 3 0 2 1 0 3 0 1 0 1 0 0 0 0 0 0 0 0
6 0 1 2 5 6 1 0 f 1 1 0 1 b f 8 f a f c f
6 0 1 0 0 1 0 0 4 1 1 0 1 4 f 4 f 0 0 0 0
6 0 1 7 7 3 1 0 a 1 1 0 1 d f d f 7 f 5 f
6 0 1 6 4 3 1 1 1 0 1 1 1 a f e f 0 0 0 0
6 0 1 3 4 5 0 0 d 1 1 0 1 7 f e f 0 0 0 0
6 0 1 6 6 4 1 1 6 1 1 0 1 a f a f 1 f e f
6 0 1 4 6 1 1 1 f 1 1 0 1 1 f a f 6 f 3 f
6 0 1 0 0 7 1 1 2 1 1 0 1 4 f 4 f f f d f
6 0 1 3 6 1 1 0 d 1 1 0 1 7 f a f 2 f 6 f
6 0 1 5 1 0 1 0 b 0 1 1 1 8 f 2 f 0 0 0 0
6 0 1 0 0 7 0 1 9 1 1 0 1 4 f 4 f 0 0 0 0
6 0 1 0 6 5 1 1 0 1 1 0 1 4 f a f 9 f 8 f
6 0 1 1 5 4 1 1 c 1 1 0 1 2 f 9 f 0 f 1 f
6 0 1 5 4 4 1 1 5 1 1 0 1 9 f 0 f c f 0 f
6 0 1 4 5 5 1 1 e 1 1 0 1 c f 9 f 5 f 9 f
6 0 1 1 3 5 0 1 3 1 1 0 1 2 f 7 f 0 0 0 0
6 0 1 1 5 3 0 0 5 1 1 0 1 2 f 5 f 0 0 0 0
6 0 1 5 3 7 0 1 d 1 1 0 1 5 f 7 f 0 0 0 0
6 0 0 1 6 5 1 1 6 0 1 0 1 0 0 0 0 0 0 0 0
6 0 0 7 7 7 1 0 5 0 1 0 1 0 0 0 0 0 0 0 0
6 0 1 3 0 1 1 1 8 1 1 0 1 7 f 4 f e f 2 f
6 0 1 1 3 3 1 0 3 1 1 0 1 e f 7 f 3 f 7 f
6 0 1 3 5 7 1 1 1 1 1 0 1 3 f 5 f d f f f
6 0 1 6 1 5 1 1 0 1 1 0 1 a f e f 6 f 5 f
6 0 1 6 4 6 1 1 9 1 1 0 1 a f c f 8 f a f
6 0 1 1 5 3 1 1 2 1 1 0 1 e f 6 f 1 f 3 f
6 0 1 5 7 1 1 0 3 1 1 0 1 6 f d f 0 f e f
6 0 1 7 5 5 1 0 0 1 1 0 1 d f 6 f 9 f 6 f
6 0 1 0 4 2 1 1 7 1 1 0 1 4 f c f 2 f b f
6 0 0 3 4 0 1 0 2 0 1 0 1 0 0 0 0 0 0 0 0
6 0 1 3 5 5 1 1 f 1 1 0 1 1 f 9 f 7 f 9 f
6 0 1 2 7 7 1 1 5 1 1 0 1 2 f d f f f d f
6 0 1 6 4 3 1 1 a 1 1 0 1 8 f c f 5 f 1 f
6 0 1 6 0 3 1 0 b 1 1 0 1 8 f 4 f a f 5 f
6 0 1 0 1 1 1 1 3 0 1 1 1 4 f 0 f 0 0 0 0
6 0 0 7 5 5 0 0 8 0 1 0 1 0 0 0 0 0 0 0 0
6 0 1 2 2 7 1 0 d 1 1 0 1 2 f 2 f 3 f f f
6 0 1 6 5 1 1 0 0 0 1 1 1 8 f 7 f 0 0 0 0
6 0 1 2 6 0 1 0 3 0 1 1 1 2 f 8 f 0 0 0 0
6 0 1 5 7 7 1 0 1 0 1 1 1 7 f 3 f 0 0 0 0
6 0 1 0 7 7 1 0 c 0 1 1 1 4 f 3 f 0 0 0 0
6 0 0 6 6 5 1 0 6 0 1 0 1 0 0 0 0 0 0 0 0
6 0 1 5 6 4 1 0 3 0 1 1 1 7 f 8 f 0 0 0 0
6 0 1 7 2 5 1 0 b 0 1 1 1 3 f 2 f 0 0 0 0
6 0 0 1 1 3 1 0 8 0 1 0 1 0 0 0 0 0 0 0 0
6 0 0 3 0 4 1 0 7 0 1 0 1 0 0 0 0 0 0 0 0
6 0 1 6 5 3 1 0 9 0 1 1 1 8 f 7 f 0 0 0 0
6 0 1 1 2 2 1 0 1 0 1 1 1 0 f 2 f 0 0 0 0
6 0 1 1 0 4 1 1 e 0 1 1 1 0 f 4 f 0 0 0 0
6 0 0 0 1 0 1 0 9 0 1 0 1 0 0 0 0 0 0 0 0
6 0 0 1 6 1 1 0 a 0 1 0 1 0 0 0 0 0 0 0 0
6 0 0 6 0 6 1 1 6 0 1 0 1 0 0 0 0 0 0 0 0
6 0 1 3 0 2 0 0 4 1 1 0 1 a f 4 f 0 0 0 0
6 0 1 0 6 1 1 1 b 1 1 0 1 4 f 8 f e f 0 f
6 0 1 3 4 0 1 0 7 1 1 0 1 a f c f 6 f 4 f
6 0 1 5 7 0 1 1 9 1 1 0 1 7 f 3 f b f 6 f
6 0 1 7 2 5 0 0 a 1 1 0 1 3 f 2 f 0 0 0 0
6 0 0 2 1 4 1 1 d 0 1 0 1 0 0 0 0 0 0 0 0
6 0 1 0 1 0 1 0 a 1 1 0 1 b f e f 9 f b f
6 0 1 4 1 0 0 0 c 1 1 0 1 c f e f 0 0 0 0
6 0 0 3 1 3 1 1 1 0 1 0 1 0 0 0 0 0 0 0 0
6 0 1 6 3 7 1 1 5 1 1 0 1 8 f a f d f 3 f
6 0 1 5 5 5 0 1 f 1 1 0 1 7 f 7 f 0 0 0 0
6 0 1 4 7 7 0 0 a 1 1 0 1 c f d f 0 0 0 0
6 0 0 5 5 2 1 0 4 0 1 0 1 0 0 0 0 0 0 0 0
6 0 1 3 0 2 0 0 0 1 1 0 1 a f 9 f 0 0 0 0
6 0 1 7 3 0 1 1 0 1 1 0 1 d f a f 1 f 9 f
6 0 1 1 6 3 1 0 c 1 1 0 1 e f 8 f 5 f a f
6 0 1 1 3 0 1 0 0 1 1 0 1 e f 5 f f f 1 f
6 0 0 0 5 6 1 0 e 0 1 0 1 0 0 0 0 0 0 0 0
6 0 1 0 2 3 1 1 4 1 1 0 1 f f 2 f 0 f 5 f
6 0 1 6 7 1 1 0 0 1 1 0 1 8 f d f 4 f e f
6 0 1 1 2 2 1 1 6 0 1 1 1 4 f 2 f 0 0 0 0
6 0 1 3 2 2 1 0 f 1 1 0 1 0 f 2 f 6 f 2 f
6 0 1 2 1 6 1 0 b 0 1 1 1 6 f 4 f 0 0 0 0
6 0 1 6 0 2 1 1 b 0 1 1 1 8 f f f 0 0 0 0
6 0 1 0 4 4 1 0 c 1 1 0 1 f f c f b f c f
6 0 1 6 5 6 0 0 c 1 1 0 1 8 f 7 f 0 0 0 0
6 0 1 5 1 3 0 0 c 1 1 0 1 7 f 4 f 0 0 0 0
6 0 1 2 0 6 1 1 3 0 1 1 1 6 f f f 0 0 0 0
6 0 1 6 7 5 1 1 9 1 1 0 1 8 f d f 3 f 7 f
6 0 1 2 3 6 0 1 a 1 1 0 1 6 f 0 f 0 0 0 0
6 0 1 0 2 1 1 0 0 1 1 0 1 f f 6 f 9 f 4 f
6 0 0 2 3 1 1 0 6 0 1 0 1 0 0 0 0 0 0 0 0
6 0 0 7 3 1 1 0 b 0 1 0 1 0 0 0 0 0 0 0 0
6 0 0 0 2 7 1 1 1 0 1 0 1 0 0 0 0 0 0 0 0
6 0 1 2 2 6 1 1 5 1 1 0 1 6 f 6 f a f 8 f
6 0 1 0 4 0 0 0 4 1 1 0 1 f f b f 0 0 0 0
6 0 1 7 0 6 1 0 4 1 1 0 1 d f f f 1 f a f
6 0 1 1 1 5 1 1 e 1 1 0 1 9 f 9 f 5 f 3 f
6 0 1 6 4 7 1 0 5 1 1 0 1 1 f b f e f d f
6 0 1 2 1 4 1 1 2 0 1 1 1 6 f 9 f 0 0 0 0
6 0 1 3 1 0 1 1 c 1 1 0 1 0 f 9 f 2 f f f
6 0 0 4 2 2 1 0 9 0 1 0 1 0 0 0 0 0 0 0 0
6 0 0 0 4 5 1 0 e 0 1 0 1 0 0 0 0 0 0 0 0
6 0 1 4 2 1 0 1 7 1 1 0 1 b f 6 f 0 0 0 0
6 0 0 5 0 5 1 0 b 0 1 0 1 0 0 0 0 0 0 0 0
6 0 1 3 0 0 1 0 a 1 1 0 1 0 f 2 f c f 2 f
6 0 1 2 1 2 1 0 6 1 1 0 1 6 f 9 f 7 f 6 f
6 0 1 7 2 7 1 1 4 0 1 1 1 e f 7 f 0 0 0 0
6 0 1 6 3 2 1 1 8 1 1 0 1 1 f 0 f 4 f 7 f
6 0 1 1 7 1 1 0 2 1 1 0 1 9 f e f 8 f 9 f
6 0 1 5 0 2 0 1 a 1 1 0 1 5 f c f 0 0 0 0
6 0 1 5 5 5 1 0 4 1 1 0 1 5 f 5 f a f 5 f
6 0 1 5 6 6 1 0 8 0 1 1 1 a f 1 f 0 0 0 0
6 0 1 2 0 2 1 0 f 0 1 1 1 4 f c f 0 0 0 0
6 0 1 2 7 3 1 1 3 0 1 1 1 4 f e f 0 0 0 0
6 0 1 2 0 3 1 0 d 1 1 0 1 4 f c f 3 f 0 f
6 0 1 4 1 6 1 1 d 0 1 1 1 b f 8 f 0 0 0 0
6 0 0 5 6 3 1 1 f 0 1 0 1 0 0 0 0 0 0 0 0
6 0 1 1 6 2 1 0 f 1 1 0 1 8 f 1 f d f 4 f
6 0 1 0 2 0 1 0 d 1 1 0 1 c f d f f f c f
6 0 1 4 6 6 0 1 2 1 1 0 1 b f 1 f 0 0 0 0
6 0 0 1 3 7 0 1 6 0 1 0 1 0 0 0 0 0 0 0 0
6 0 1 2 3 0 1 1 7 1 1 0 1 d f 3 f 2 f f f
6 0 1 7 4 5 0 0 3 1 1 0 1 e f b f 0 0 0 0
6 0 0 2 0 3 1 1 9 0 1 0 1 0 0 0 0 0 0 0 0
6 0 1 6 5 4 1 0 0 1 1 0 1 1 f a f 6 f b f
6 0 1 5 0 3 1 0 1 1 1 0 1 a f 2 f 7 f 3 f
6 0 1 5 5 6 1 1 5 1 1 0 1 a f a f 9 f 1 f
6 0 0 6 3 0 1 1 0 0 1 0 1 0 0 0 0 0 0 0 0
6 0 1 3 5 4 1 0 8 1 1 0 1 7 f a f 5 f 6 f
6 0 1 4 7 6 1 0 f 1 1 0 1 5 f e f 0 f 9 f
6 0 1 2 7 3 0 0 b 1 1 0 1 d f e f 0 0 0 0
6 0 1 2 1 1 1 1 4 0 1 1 1 d f 8 f 0 0 0 0
6 0 1 4 7 5 1 0 1 1 1 0 1 5 f e f 4 f a f
6 0 1 0 0 1 1 0 2 0 1 1 1 2 f 2 f 0 0 0 0
6 0 1 3 6 7 1 1 c 0 1 1 1 7 f 0 f 0 0 0 0
6 0 1 0 5 3 1 0 5 1 1 0 1 2 f 4 f c f 7 f
6 0 0 3 0 6 1 0 5 0 1 0 1 0 0 0 0 0 0 0 0
6 0 1 2 5 1 1 1 f 0 1 1 1 d f 4 f 0 0 0 0
6 0 1 5 1 2 1 0 0 1 1 0 1 4 f 8 f f f d f
6 0 0 3 3 1 1 1 b 0 1 0 1 0 0 0 0 0 0 0 0
6 0 1 5 0 7 1 0 7 1 1 0 1 4 f 2 f b f e f
6 0 0 4 1 7 1 0 1 0 1 0 1 0 0 0 0 0 0 0 0
6 0 1 2 0 3 1 1 3 0 1 1 1 f f 2 f 0 0 0 0
6 0 1 6 2 7 1 0 2 1 1 0 1 0 f f f 3 f b f
6 0 1 5 1 1 0 0 3 1 1 0 1 4 f 8 f 0 0 0 0
6 0 1 6 0 4 1 1 1 0 1 1 1 0 f 2 f 0 0 0 0
6 0 1 1 5 2 1 0 c 1 1 0 1 8 f 4 f 1 f f f
6 0 1 1 4 7 1 0 3 0 1 1 1 8 f 5 f 0 0 0 0
6 0 1 0 2 2 1 1 6 0 1 1 1 2 f 1 f 0 0 0 0
6 0 1 6 3 2 0 0 7 1 1 0 1 0 f c f 0 0 0 0
6 0 0 7 5 3 1 0 a 0 1 0 1 0 0 0 0 0 0 0 0
6 0 1 4 7 7 1 0 d 1 1 0 1 5 f 3 f 6 f 3 f
6 0 0 4 0 6 0 0 8 0 1 0 1 0 0 0 0 0 0 0 0
6 0 0 0 1 5 1 0 2 0 1 0 1 0 0 0 0 0 0 0 0
6 0 0 2 0 4 1 1 9 0 1 0 1 0 0 0 0 0 0 0 0
6 0 1 3 3 4 1 0 1 1 1 0 1 c f c f 9 f 5 f
6 0 1 7 2 3 1 1 a 0 1 1 1 6 f 1 f 0 0 0 0
6 0 1 6 6 3 1 0 a 1 1 0 1 0 f 0 f a f c f
6 0 0 7 1 0 0 1 7 0 1 0 1 0 0 0 0 0 0 0 0
6 0 1 0 1 2 1 0 c 1 1 0 1 2 f 8 f 7 f 1 f
6 0 1 4 3 3 1 0 b 0 1 1 1 9 f a f 0 0 0 0
6 0 1 2 6 4 0 1 d 1 1 0 1 7 f 0 f 0 0 0 0
6 0 1 0 2 2 1 0 b 1 1 0 1 2 f 7 f d f 7 f
6 0 1 0 4 4 1 1 e 0 1 1 1 2 f 9 f 0 0 0 0
6 0 1 4 6 0 0 0 e 1 1 0 1 9 f 0 f 0 0 0 0
6 0 1 0 1 7 0 0 8 1 1 0 1 2 f 8 f 0 0 0 0
6 0 0 7 2 2 1 0 3 0 1 0 1 0 0 0 0 0 0 0 0
6 0 1 7 2 0 1 0 6 1 1 0 1 6 f d f e f 2 f
6 0 1 1 3 7 1 1 b 0 1 1 1 8 f a f 0 0 0 0
6 0 1 4 0 5 1 0 e 1 1 0 1 9 f e f b f 4 f
6 0 1 0 1 2 1 0 e 0 1 1 1 e f 8 f 0 0 0 0
6 0 1 7 5 6 1 1 f 0 1 1 1 6 f b f 0 0 0 0
6 0 1 3 7 7 0 1 3 1 1 0 1 a f 6 f 0 0 0 0
6 0 1 2 4 2 1 0 8 1 1 0 1 d f 9 f f f d f
6 0 1 4 2 1 0 0 3 1 1 0 1 9 f f f 0 0 0 0
6 0 1 4 0 2 0 1 5 1 1 0 1 9 f e f 0 0 0 0
6 0 1 0 3 0 0 0 5 1 1 0 1 e f a f 0 0 0 0
6 0 1 3 2 3 0 0 1 1 1 0 1 a f f f 0 0 0 0
6 0 0 7 5 1 1 0 5 0 1 0 1 0 0 0 0 0 0 0 0
6 0 1 6 4 3 1 1 c 1 1 0 1 0 f 9 f 3 f a f
6 0 1 4 2 1 1 0 4 1 1 0 1 9 f f f 5 f 8 f
6 0 1 3 1 4 0 1 1 1 1 0 1 3 f 5 f 0 0 0 0
6 0 0 6 6 6 1 0 a 0 1 0 1 0 0 0 0 0 0 0 0
6 0 1 0 7 0 1 0 3 1 1 0 1 e f 6 f c f e f
6 0 1 1 7 7 0 0 a 1 1 0 1 5 f 6 f 0 0 0 0
6 0 1 7 7 0 1 0 a 1 1 0 1 6 f 6 f 1 f c f
6 0 0 3 7 6 1 0 6 0 1 0 1 0 0 0 0 0 0 0 0
6 0 1 3 3 3 1 0 a 0 1 1 1 3 f 3 f 0 0 0 0
6 0 1 2 7 4 1 0 2 0 1 1 1 f f 6 f 0 0 0 0
6 0 1 5 7 7 1 1 7 0 1 1 1 b f 6 f 0 0 0 0
6 0 1 6 6 2 1 0 2 1 1 0 1 0 f 0 f 7 f f f
6 0 0 5 2 7 1 0 e 0 1 0 1 0 0 0 0 0 0 0 0
6 0 1 5 1 0 0 1 2 1 1 0 1 b f 5 f 0 0 0 0
6 0 1 6 0 5 1 0 c 1 1 0 1 0 f 1 f 2 f b f
6 0 0 0 7 4 1 0 8 0 1 0 1 0 0 0 0 0 0 0 0
6 0 1 1 5 3 1 0 2 0 1 1 1 5 f 2 f 0 0 0 0
6 0 1 0 1 6 1 1 4 0 1 1 1 1 f 5 f 0 0 0 0
6 0 1 7 2 4 1 1 d 1 1 0 1 6 f 7 f 4 f 9 f
6 0 1 6 4 0 0 0 f 1 1 0 1 0 f 4 f 0 0 0 0
6 0 1 3 3 7 1 0 9 1 1 0 1 3 f 3 f d f 6 f
6 0 1 5 4 2 0 1 a 1 1 0 1 2 f 4 f 0 0 0 0
6 0 1 7 5 5 1 0 6 1 1 0 1 d f 2 f a f 2 f
6 0 1 4 2 0 1 1 8 0 1 1 1 4 f 7 f 0 0 0 0
6 0 1 6 0 3 1 1 e 1 1 0 1 0 f 1 f 8 f 3 f
6 0 1 5 0 1 1 0 e 1 1 0 1 a f 1 f e f 5 f
6 0 1 1 5 6 1 0 c 0 1 1 1 e f a f 0 0 0 0
6 0 1 5 0 4 1 1 c 0 1 1 1 a f 1 f 0 0 0 0
6 0 1 5 4 3 1 0 d 1 1 0 1 a f 4 f c f 8 f
6 0 1 4 1 6 0 1 f 1 1 0 1 4 f e f 0 0 0 0
6 0 0 1 7 1 1 1 b 0 1 0 1 0 0 0 0 0 0 0 0
6 0 1 7 6 2 0 0 2 1 1 0 1 d f 0 f 0 0 0 0
6 0 1 2 3 1 1 1 9 1 1 0 1 7 f c f f f e f
6 0 1 2 2 4 1 0 0 1 1 0 1 7 f 7 f b f 4 f
6 0 1 7 3 5 0 0 1 1 1 0 1 d f c f 0 0 0 0
6 0 0 5 4 0 1 1 6 0 1 0 1 0 0 0 0 0 0 0 0
6 0 0 0 0 2 1 0 4 0 1 0 1 0 0 0 0 0 0 0 0
6 0 1 0 2 5 1 1 2 1 1 0 1 1 f 7 f 9 f a f
6 0 0 5 0 4 0 1 3 0 1 0 1 0 0 0 0 0 0 0 0
6 0 1 0 5 2 1 0 9 1 1 0 1 1 f 9 f 6 f 7 f
6 0 1 7 7 5 1 0 c 1 1 0 1 d f d f 2 f 9 f
6 0 1 1 5 2 1 0 b 1 1 0 1 f f 2 f 3 f 6 f
6 0 0 1 3 2 1 0 a 0 1 0 1 0 0 0 0 0 0 0 0
6 0 1 1 7 3 0 0 f 1 1 0 1 f f d f 0 0 0 0
6 0 1 1 4 4 1 1 5 0 1 1 1 f f b f 0 0 0 0
6 0 1 4 2 0 1 1 8 1 1 0 1 b f 3 f 5 f 1 f
6 0 1 7 7 0 1 0 8 1 1 0 1 d f d f 8 f 5 f
6 0 1 0 3 0 0 0 0 1 1 0 1 8 f c f 0 0 0 0
6 0 1 7 7 2 1 0 3 0 1 1 1 d f d f 0 0 0 0
6 0 1 4 3 7 1 1 e 0 1 1 1 b f c f 0 0 0 0
6 0 0 6 0 2 1 0 c 0 1 0 1 0 0 0 0 0 0 0 0
6 0 1 4 1 0 1 1 4 1 1 0 1 b f f f e f 8 f
6 0 1 5 4 7 1 0 3 1 1 0 1 2 f b f 4 f d f
6 0 1 4 1 6 1 0 6 0 1 1 1 b f f f 0 0 0 0
6 0 1 4 7 3 1 1 a 0 1 1 1 b f 4 f 0 0 0 0
6 0 1 2 6 4 1 0 3 1 1 0 1 3 f 0 f a f b f
6 0 0 2 3 5 1 1 7 0 1 0 1 0 0 0 0 0 0 0 0
6 0 1 4 1 5 1 0 4 1 1 0 1 a f f f 7 f 2 f
6 0 1 6 0 2 1 0 3 0 1 1 1 0 f e f 0 0 0 0
6 0 0 5 0 6 0 0 a 0 1 0 1 0 0 0 0 0 0 0 0
6 0 1 5 0 1 0 1 9 1 1 0 1 7 f e f 0 0 0 0
6 0 1 3 6 5 1 0 7 1 1 0 1 c f 0 f 9 f 7 f
6 0 1 7 3 5 1 1 6 0 1 1 1 4 f c f 0 0 0 0
6 0 1 6 1 1 1 0 4 1 1 0 1 0 f f f 6 f f f
6 0 1 0 3 7 1 1 1 0 1 1 1 e f c f 0 0 0 0
6 0 1 7 4 0 1 0 3 1 1 0 1 4 f a f 1 f e f
6 0 0 0 0 7 1 0 a 0 1 0 1 0 0 0 0 0 0 0 0
6 0 1 4 6 1 1 0 1 0 1 1 1 a f 0 f 0 0 0 0
6 0 1 0 3 2 1 0 e 0 1 1 1 1 f c f 0 0 0 0
6 0 1 1 2 3 1 0 2 0 1 1 1 6 f 3 f 0 0 0 0
6 0 0 0 6 1 1 1 5 0 1 0 1 0 0 0 0 0 0 0 0
6 0 0 5 0 7 0 0 3 0 1 0 1 0 0 0 0 0 0 0 0
6 0 0 3 2 0 0 0 b 0 1 0 1 0 0 0 0 0 0 0 0
6 0 1 6 6 4 1 1 8 1 1 0 1 0 f 0 f 5 f a f
6 0 1 3 7 4 0 1 d 1 1 0 1 c f 4 f 0 0 0 0
6 0 1 0 4 4 0 1 b 1 1 0 1 1 f 5 f 0 0 0 0
6 0 1 4 0 4 1 1 2 1 1 0 1 5 f 1 f 8 f 5 f
6 0 1 4 4 3 0 1 7 1 1 0 1 8 f 8 f 0 0 0 0
6 0 1 6 2 5 1 0 7 1 1 0 1 0 f 3 f d f 9 f
6 0 1 7 3 3 1 0 1 1 1 0 1 4 f c f b f c f
6 0 1 4 6 6 1 1 f 1 1 0 1 8 f 0 f 2 f 0 f
6 0 1 6 0 0 1 1 e 1 1 0 1 2 f 1 f 7 f 1 f
6 0 0 1 6 0 1 1 a 0 1 0 1 0 0 0 0 0 0 0 0
6 0 1 2 5 2 1 1 5 1 1 0 1 3 f d f f f 3 f
6 0 1 3 6 6 1 1 9 1 1 0 1 b f 2 f e f 2 f
6 0 1 6 1 6 1 1 c 1 1 0 1 e f 6 f a f e f
6 0 1 3 3 3 0 0 1 1 1 0 1 b f b f 0 0 0 0
6 0 0 3 1 1 1 1 0 0 1 0 1 0 0 0 0 0 0 0 0
6 0 1 0 6 1 1 0 9 1 1 0 1 7 f a f 5 f 6 f
6 0 1 5 1 7 1 0 5 1 1 0 1 d f 5 f 9 f 4 f
6 0 1 6 7 1 1 1 1 1 1 0 1 a f 9 f c f 5 f
6 0 1 6 5 5 1 1 3 1 1 0 1 a f d f 0 f d f
6 0 1 7 2 1 1 0 e 1 1 0 1 9 f f f 1 f c f
6 0 1 2 4 4 1 0 d 1 1 0 1 f f 8 f 3 f 8 f
6 0 1 6 4 6 1 1 2 0 1 1 1 a f 3 f 0 0 0 0
6 0 1 3 5 3 1 0 d 1 1 0 1 b f 0 f 2 f b f
6 0 1 2 2 5 1 0 a 0 1 1 1 f f f f 0 0 0 0
6 0 1 2 4 5 1 1 e 0 1 1 1 f f 3 f 0 0 0 0
6 0 0 6 1 1 0 0 f 0 1 0 1 0 0 0 0 0 0 0 0
6 0 1 3 5 2 1 0 8 1 1 0 1 2 f 0 f e f f f
6 0 0 5 0 6 1 0 9 0 1 0 1 0 0 0 0 0 0 0 0
6 0 1 4 1 4 1 0 5 0 1 1 1 3 f 1 f 0 0 0 0
6 0 1 0 5 1 1 0 0 0 1 1 1 7 f 0 f 0 0 0 0
6 0 1 4 3 3 1 0 9 0 1 1 1 3 f 2 f 0 0 0 0
6 0 1 5 5 0 1 1 6 0 1 1 1 0 f 0 f 0 0 0 0
6 0 1 0 1 0 1 0 a 1 1 0 1 7 f 1 f 6 f 7 f
6 0 1 4 2 1 1 1 4 0 1 1 1 3 f e f 0 0 0 0
6 0 1 1 6 6 1 0 1 1 1 0 1 1 f a f 4 f a f
6 0 1 1 2 5 1 1 5 0 1 1 1 1 f e f 0 0 0 0
6 0 0 5 2 1 1 0 4 0 1 0 1 0 0 0 0 0 0 0 0
6 0 0 3 7 0 1 1 d 0 1 0 1 0 0 0 0 0 0 0 0
6 0 1 3 2 0 1 0 4 1 1 0 1 2 f e f 5 f 6 f
6 0 1 3 3 7 0 0 8 1 1 0 1 2 f 2 f 0 0 0 0
6 0 1 6 1 0 0 0 5 1 1 0 1 4 f 1 f 0 0 0 0
6 0 0 0 0 4 1 0 1 0 1 0 1 0 0 0 0 0 0 0 0
6 0 1 4 5 3 1 0 b 1 1 0 1 3 f 0 f d f 2 f
6 0 1 5 3 4 1 1 c 0 1 1 1 0 f d f 0 0 0 0
6 0 1 0 1 0 1 0 3 1 1 0 1 5 f 1 f c f 5 f
6 0 0 0 5 3 1 1 8 0 1 0 1 0 0 0 0 0 0 0 0
6 0 0 1 0 7 0 0 4 0 1 0 1 0 0 0 0 0 0 0 0
6 0 1 5 2 6 1 1 b 1 1 0 1 0 f e f 8 f 4 f
6 0 0 4 5 7 1 1 f 0 1 0 1 0 0 0 0 0 0 0 0
6 0 1 3 4 5 1 0 3 1 1 0 1 d f 3 f b f 0 f
6 0 1 2 0 3 1 0 8 1 1 0 1 e f c f f f d f
6 0 1 1 4 4 1 0 1 0 1 1 1 1 f 3 f 0 0 0 0
6 0 1 3 2 2 1 1 7 0 1 1 1 f f e f 0 0 0 0
6 0 1 2 6 2 0 0 0 1 1 0 1 e f 8 f 0 0 0 0
6 0 1 2 2 1 0 0 2 1 1 0 1 e f e f 0 0 0 0
6 0 1 7 0 3 1 1 a 1 1 0 1 9 f c f 7 f f f
6 0 1 6 3 1 1 0 c 1 1 0 1 8 f 7 f a f 1 f
6 0 0 4 4 3 1 0 f 0 1 0 1 0 0 0 0 0 0 0 0
6 0 1 1 4 0 1 1 6 0 1 1 1 a f 3 f 0 0 0 0
6 0 1 6 6 1 0 1 2 1 1 0 1 8 f 8 f 0 0 0 0
6 0 1 5 2 7 1 0 5 1 1 0 1 b f e f 6 f 9 f
6 0 1 3 2 6 0 1 5 1 1 0 1 7 f e f 0 0 0 0
6 0 1 0 0 6 1 0 d 1 1 0 1 c f c f 2 f 8 f
6 0 0 3 2 0 1 1 4 0 1 0 1 0 0 0 0 0 0 0 0
6 0 1 0 2 5 1 1 0 1 1 0 1 c f e f 5 f b f
6 0 0 6 3 4 1 1 d 0 1 0 1 0 0 0 0 0 0 0 0
6 0 1 4 6 0 1 1 f 1 1 0 1 3 f 2 f 4 f c f
6 0 1 2 0 4 1 1 1 1 1 0 1 e f 4 f 0 f 3 f
6 0 1 2 1 4 1 0 9 1 1 0 1 e f a f d f 0 f
6 0 1 1 5 0 1 0 3 1 1 0 1 a f 5 f f f 4 f
6 0 0 1 6 3 1 0 2 0 1 0 1 0 0 0 0 0 0 0 0
6 0 0 7 1 6 1 0 3 0 1 0 1 0 0 0 0 0 0 0 0
6 0 1 1 1 5 1 1 9 1 1 0 1 a f a f 1 f 5 f
6 0 1 0 0 2 1 0 2 1 1 0 1 f f f f 9 f e f
6 0 1 0 2 1 1 1 8 0 1 1 1 f f 9 f 0 0 0 0
6 0 1 4 1 4 1 0 4 1 1 0 1 d f a f 8 f d f
6 0 1 7 6 6 0 0 f 1 1 0 1 6 f 2 f 0 0 0 0
6 0 1 6 2 1 1 1 b 0 1 1 1 2 f 9 f 0 0 0 0
6 0 0 0 5 2 1 0 5 0 1 0 1 0 0 0 0 0 0 0 0
6 0 1 2 2 0 1 1 c 1 1 0 1 9 f 9 f b f f f
6 0 0 5 5 1 0 0 3 0 1 0 1 0 0 0 0 0 0 0 0
6 0 1 6 2 0 0 1 3 1 1 0 1 2 f 9 f 0 0 0 0
6 0 1 0 6 2 1 1 0 1 1 0 1 b f 2 f c f 9 f
6 0 1 3 3 6 1 0 1 1 1 0 1 7 f 7 f 3 f 2 f
6 0 1 3 5 2 1 0 1 1 1 0 1 7 f 1 f 0 f c f
6 0 1 3 4 6 1 1 4 0 1 1 1 7 f 8 f 0 0 0 0
6 0 1 7 3 3 0 0 5 1 1 0 1 6 f 7 f 0 0 0 0
6 0 0 5 7 0 0 1 5 0 1 0 1 0 0 0 0 0 0 0 0
6 0 1 6 2 4 1 0 c 1 1 0 1 3 f 0 f 4 f 8 f
6 0 1 2 2 4 1 0 1 1 1 0 1 0 f 0 f 5 f 4 f
6 0 1 4 0 4 1 1 e 0 1 1 1 5 f b f 0 0 0 0
6 0 0 6 5 1 1 0 1 0 1 0 1 0 0 0 0 0 0 0 0
6 0 1 5 0 7 1 0 7 1 1 0 1 1 f b f e f 6 f
6 0 1 3 1 6 1 0 9 0 1 1 1 7 f a f 0 0 0 0
6 0 1 7 2 6 1 0 b 0 1 1 1 e f 0 f 0 0 0 0
6 0 1 4 5 4 1 0 b 0 1 1 1 5 f 1 f 0 0 0 0
6 0 1 6 2 4 1 0 c 0 1 1 1 3 f 0 f 0 0 0 0
6 0 1 4 4 0 1 0 8 0 1 1 1 5 f 5 f 0 0 0 0
6 0 1 1 3 6 0 0 b 1 1 0 1 a f 7 f 0 0 0 0
6 0 1 7 0 6 1 1 d 0 1 1 1 e f b f 0 0 0 0
6 0 1 5 7 0 1 0 b 1 1 0 1 1 f e f d f b f
6 0 0 2 1 0 0 0 e 0 1 0 1 0 0 0 0 0 0 0 0
6 0 1 5 6 5 0 1 f 1 1 0 1 1 f 3 f 0 0 0 0
6 0 0 5 4 6 1 0 2 0 1 0 1 0 0 0 0 0 0 0 0
6 0 1 0 6 7 1 1 9 1 1 0 1 d f 3 f f f e f
6 0 0 3 6 1 1 0 1 0 1 0 1 0 0 0 0 0 0 0 0
6 0 1 2 6 2 1 1 2 1 1 0 1 0 f 3 f 9 f 0 f
6 0 1 4 7 0 0 0 5 1 1 0 1 5 f f f 0 0 0 0
6 0 0 2 5 7 1 0 3 0 1 0 1 0 0 0 0 0 0 0 0
6 0 0 4 2 3 1 0 3 0 1 0 1 0 0 0 0 0 0 0 0
6 0 0 5 6 1 1 0 a 0 1 0 1 0 0 0 0 0 0 0 0
6 0 1 7 3 6 1 1 c 1 1 0 1 f f 7 f 2 f 3 f
6 0 1 2 1 3 1 1 8 1 1 0 1 9 f a f c f 7 f
6 0 0 3 3 3 1 1 4 0 1 0 1 0 0 0 0 0 0 0 0
6 0 1 2 6 5 1 0 1 1 1 0 1 9 f 2 f 8 f 1 f
6 0 1 0 7 6 0 1 6 1 1 0 1 d f f f 0 0 0 0
6 0 1 4 0 3 1 0 d 1 1 0 1 5 f d f 4 f c f
6 0 1 5 0 3 0 1 b 1 1 0 1 8 f d f 0 0 0 0
6 0 1 0 7 0 1 0 f 1 1 0 1 d f f f 6 f d f
6 0 1 7 6 0 1 1 e 1 1 0 1 f f 2 f b f 6 f
6 0 0 7 3 1 0 0 c 0 1 0 1 0 0 0 0 0 0 0 0
6 0 1 1 6 7 0 1 0 1 1 0 1 a f 2 f 0 0 0 0
6 0 1 3 5 3 1 0 4 1 1 0 1 4 f 8 f e f 4 f
6 0 1 1 6 7 1 0 b 1 1 0 1 a f 2 f 0 f f f
6 0 1 2 5 7 0 1 3 1 1 0 1 9 f 8 f 0 0 0 0
6 0 1 0 1 6 1 0 a 1 1 0 1 b f a f 3 f 2 f
6 0 1 7 1 3 1 0 9 0 1 1 1 0 f a f 0 0 0 0
6 0 0 4 0 2 1 0 8 0 1 0 1 0 0 0 0 0 0 0 0
6 0 1 6 0 5 1 1 7 0 1 1 1 3 f b f 0 0 0 0
6 0 1 6 4 6 1 0 1 1 1 0 1 3 f 5 f 7 f 3 f
6 0 1 1 2 5 1 0 9 0 1 1 1 a f 9 f 0 0 0 0
6 0 1 0 4 3 0 1 1 1 1 0 1 b f 5 f 0 0 0 0
6 0 1 5 0 3 1 0 a 1 1 0 1 8 f b f 1 f e f
6 0 1 5 4 7 1 0 7 0 1 1 1 8 f 5 f 0 0 0 0
6 0 1 4 4 5 1 1 c 0 1 1 1 5 f 5 f 0 0 0 0
6 0 1 2 2 4 1 0 7 1 1 0 1 9 f 9 f c f 5 f
6 0 1 3 2 6 1 1 d 0 1 1 1 1 f 9 f 0 0 0 0
6 0 1 2 4 0 1 0 5 1 1 0 1 9 f c f d f b f
6 0 0 3 7 7 0 0 a 0 1 0 1 0 0 0 0 0 0 0 0
6 0 0 7 7 3 1 0 8 0 1 0 1 0 0 0 0 0 0 0 0
6 0 1 2 4 3 1 0 6 0 1 1 1 9 f c f 0 0 0 0
6 0 1 5 7 7 1 0 9 0 1 1 1 8 f 0 f 0 0 0 0
6 0 1 1 2 2 0 1 6 1 1 0 1 a f 9 f 0 0 0 0
6 0 1 2 5 7 0 1 4 1 1 0 1 9 f 8 f 0 0 0 0
6 0 0 5 2 4 1 1 f 0 1 0 1 0 0 0 0 0 0 0 0
6 0 1 2 2 0 1 0 0 1 1 0 1 9 f 9 f 6 f d f
6 0 1 4 3 7 1 0 5 1 1 0 1 c f 1 f 4 f 0 f
6 0 1 1 4 1 0 0 d 1 1 0 1 a f c f 0 0 0 0
6 0 1 6 0 1 1 0 c 1 1 0 1 7 f 6 f f f a f
6 0 0 2 5 4 1 1 2 0 1 0 1 0 0 0 0 0 0 0 0
6 0 1 4 0 1 1 0 e 1 1 0 1 c f 6 f 2 f f f
6 0 1 6 4 0 1 0 a 0 1 1 1 7 f c f 0 0 0 0
6 0 1 2 1 7 1 1 3 0 1 1 1 9 f 2 f 0 0 0 0
6 0 1 5 1 6 1 1 e 1 1 0 1 8 f 2 f 3 f 7 f
6 0 0 0 2 3 1 1 5 0 1 0 1 0 0 0 0 0 0 0 0
6 0 1 1 4 1 1 0 b 1 1 0 1 2 f c f e f 2 f
6 0 1 2 3 3 1 0 1 1 1 0 1 9 f 1 f 5 f 1 f
6 0 1 2 6 7 1 1 b 0 1 1 1 9 f 3 f 0 0 0 0
6 0 0 5 4 3 1 0 7 0 1 0 1 0 0 0 0 0 0 0 0
6 0 1 6 6 0 1 1 d 1 1 0 1 3 f 3 f b f 6 f
6 0 1 2 2 6 1 0 a 1 1 0 1 9 f 9 f d f 3 f
6 0 1 7 2 2 1 0 8 0 1 1 1 4 f 9 f 0 0 0 0
6 0 0 6 6 7 1 1 0 0 1 0 1 0 0 0 0 0 0 0 0
6 0 1 1 7 1 1 0 6 1 1 0 1 e f 4 f 0 f e f
6 0 1 3 2 3 1 0 c 0 1 1 1 5 f 9 f 0 0 0 0
6 0 1 0 6 1 1 1 a 0 1 1 1 b f d f 0 0 0 0
6 0 1 7 7 4 0 0 7 1 1 0 1 4 f 4 f 0 0 0 0
6 0 1 0 6 3 0 0 e 1 1 0 1 b f d f 0 0 0 0
6 0 1 5 1 3 1 1 f 1 1 0 1 8 f 0 f a f 5 f
6 0 1 4 6 1 1 0 6 1 1 0 1 c f d f f f 0 f
6 0 1 6 2 2 1 0 1 0 1 1 1 d f 9 f 0 0 0 0
6 0 1 4 3 3 1 0 d 0 1 1 1 c f a f 0 0 0 0
6 0 1 4 0 3 1 1 7 0 1 1 1 c f b f 0 0 0 0
6 0 1 3 7 0 1 1 2 1 1 0 1 a f 4 f 7 f b f
6 0 1 3 7 5 1 0 a 1 1 0 1 a f 4 f 2 f 8 f
6 0 1 1 5 3 1 0 8 0 1 1 1 f f 2 f 0 0 0 0
6 0 1 3 3 4 1 0 d 0 1 1 1 a f a f 0 0 0 0
6 0 0 2 1 5 1 0 d 0 1 0 1 0 0 0 0 0 0 0 0
6 0 1 1 1 4 1 0 b 0 1 1 1 f f f f 0 0 0 0
6 0 0 7 1 0 1 0 4 0 1 0 1 0 0 0 0 0 0 0 0
6 0 0 7 3 2 1 1 1 0 1 0 1 0 0 0 0 0 0 0 0
6 0 1 3 0 5 1 1 6 1 1 0 1 a f 7 f 1 f 2 f
6 0 1 3 6 5 1 0 1 1 1 0 1 a f d f 6 f 1 f
6 0 1 1 3 3 1 0 4 0 1 1 1 f f a f 0 0 0 0
6 0 1 0 2 3 1 0 b 0 1 1 1 7 f 9 f 0 0 0 0
6 0 1 7 2 7 1 0 b 0 1 1 1 4 f 9 f 0 0 0 0
6 0 0 3 7 3 0 1 3 0 1 0 1 0 0 0 0 0 0 0 0
6 0 1 6 1 5 1 1 e 1 1 0 1 d f f f 3 f 6 f
6 0 1 7 0 4 1 1 5 1 1 0 1 4 f 7 f e f c f
6 0 1 0 0 1 1 0 b 1 1 0 1 7 f 7 f 5 f f f
6 0 1 7 6 7 1 0 d 0 1 1 1 4 f d f 0 0 0 0
6 0 1 2 6 2 1 1 0 0 1 1 1 9 f d f 0 0 0 0
6 0 1 7 7 1 1 0 c 1 1 0 1 4 f 4 f 0 f 5 f
6 0 1 0 2 4 1 1 b 0 1 1 1 7 f 9 f 0 0 0 0
6 0 1 2 4 7 1 0 b 1 1 0 1 9 f e f b f 4 f
6 0 1 3 5 6 1 0 6 0 1 1 1 a f 3 f 0 0 0 0
6 0 0 0 2 4 1 0 8 0 1 0 1 0 0 0 0 0 0 0 0
6 0 0 4 5 6 0 0 d 0 1 0 1 0 0 0 0 0 0 0 0
6 0 1 5 5 3 1 1 8 0 1 1 1 3 f 3 f 0 0 0 0
6 0 1 7 0 5 1 0 4 1 1 0 1 b f 7 f 8 f 3 f
6 0 1 6 7 4 1 0 e 0 1 1 1 d f b f 0 0 0 0
6 0 1 1 3 3 1 1 2 0 1 1 1 0 f a f 0 0 0 0
6 0 1 7 3 2 1 0 6 1 1 0 1 b f a f 2 f 9 f
6 0 1 5 1 6 1 1 1 0 1 1 1 8 f 0 f 0 0 0 0
6 0 1 1 4 7 1 0 3 1 1 0 1 0 f e f 1 f b f
6 0 1 6 0 3 1 0 3 0 1 1 1 d f 7 f 0 0 0 0
6 0 1 3 4 1 1 1 6 0 1 1 1 a f e f 0 0 0 0
6 0 1 3 4 2 1 0 6 1 1 0 1 a f e f 6 f 2 f
6 0 1 4 1 6 1 0 2 0 1 1 1 e f 0 f 0 0 0 0
6 0 1 1 7 0 1 0 a 0 1 1 1 0 f 1 f 0 0 0 0
6 0 1 1 4 6 1 1 c 0 1 1 1 0 f e f 0 0 0 0
6 0 0 3 5 5 1 1 f 0 1 0 1 0 0 0 0 0 0 0 0
6 0 1 0 3 1 1 1 5 1 1 0 1 7 f a f c f 0 f
6 0 1 0 6 6 1 1 4 1 1 0 1 7 f d f f f d f
6 0 1 0 4 5 1 1 3 1 1 0 1 7 f e f 5 f 8 f
6 0 0 3 2 4 1 0 6 0 1 0 1 0 0 0 0 0 0 0 0
6 0 1 1 5 1 1 0 8 1 1 0 1 c f 5 f 4 f c f
6 0 1 5 0 6 1 0 d 1 1 0 1 5 f 7 f 3 f f f
6 0 1 4 2 7 1 0 a 0 1 1 1 e f 6 f 0 0 0 0
6 0 1 1 7 4 0 0 4 1 1 0 1 4 f 1 f 0 0 0 0
6 0 1 5 1 2 1 1 9 0 1 1 1 5 f 4 f 0 0 0 0
