0 1 0 0 00 00 0 0 1 0 0 000 000 0 1
1 0 1 0 12 34 0 1 1 0 1 048 3ff 0 1
1 0 0 0 ff ff 1 1 1 0 1 049 3ff 0 1
1 0 0 0 ff ff 1 1 1 0 1 04a 3ff 0 1
1 0 0 0 ff ff 1 1 1 0 1 04b 3ff 0 1
1 0 0 0 ff ff 1 0 1 0 0 000 000 1 1
1 0 0 0 ff ff 1 0 1 0 0 000 000 0 1
1 0 0 0 ff ff 1 0 1 0 0 000 000 0 1
1 0 0 0 ff ff 1 0 1 0 0 000 000 0 1
2 0 1 1 55 aa 0 1 1 1 1 2a8 3ff 0 1
2 0 1 1 01 02 1 1 1 1 1 2a9 3ff 0 1
2 0 1 1 01 02 1 1 1 1 1 2aa 3ff 0 1
2 0 1 1 01 02 1 1 1 1 1 2ab 3ff 0 1
2 0 1 1 01 02 1 1 1 0 1 154 3ff 0 1
2 0 1 1 01 02 1 1 1 0 1 155 3ff 0 1
2 0 1 1 01 02 1 1 1 0 1 156 3ff 0 1
2 0 1 1 01 02 1 1 1 0 1 157 3ff 0 1
2 0 1 1 01 02 1 0 1 0 0 000 000 1 1
2 0 1 1 01 02 1 0 1 0 0 000 000 0 1
2 0 1 1 01 02 1 1 1 1 1 008 3ff 0 1
2 0 1 1 01 02 1 1 1 1 1 009 3ff 0 1
2 0 1 1 01 02 1 1 1 1 1 00a 3ff 0 1
3 0 1 1 70 71 0 1 1 1 1 00a 3ff 0 1
3 0 0 0 00 00 0 1 1 1 1 00a 3ff 0 1
3 0 0 0 00 00 0 1 1 1 1 00a 3ff 0 1
3 0 0 0 00 00 1 1 1 1 1 00b 3ff 0 1
3 0 0 0 00 00 0 1 1 1 1 00b 3ff 0 1
3 0 0 0 00 00 0 1 1 1 1 00b 3ff 0 1
3 0 0 0 00 00 1 1 1 0 1 004 3ff 0 1
3 0 0 0 00 00 0 1 1 0 1 004 3ff 0 1
3 0 0 0 00 00 0 1 1 0 1 004 3ff 0 1
3 0 0 0 00 00 1 1 1 0 1 005 3ff 0 1
3 0 0 0 00 00 0 1 1 0 1 005 3ff 0 1
3 0 0 0 00 00 0 1 1 0 1 005 3ff 0 1
3 0 0 0 00 00 1 1 1 0 1 006 3ff 0 1
3 0 0 0 00 00 0 1 1 0 1 006 3ff 0 1
3 0 0 0 00 00 0 1 1 0 1 006 3ff 0 1
3 0 0 0 00 00 1 1 1 0 1 007 3ff 0 1
3 0 0 0 00 00 0 1 1 0 1 007 3ff 0 1
3 0 0 0 00 00 0 1 1 0 1 007 3ff 0 1
3 0 0 0 00 00 1 0 1 0 0 000 000 1 1
3 0 0 0 00 00 0 0 1 0 0 000 000 0 1
3 0 0 0 00 00 0 0 1 0 0 000 000 0 1
3 0 0 0 00 00 1 0 1 0 0 000 000 0 1
3 0 0 0 00 00 0 0 1 0 0 000 000 0 1
3 0 0 0 00 00 0 0 1 0 0 000 000 0 1
3 0 0 0 00 00 1 0 1 0 0 000 000 0 1
3 0 0 0 00 00 0 0 1 0 0 000 000 0 1
3 0 0 0 00 00 0 0 1 0 0 000 000 0 1
3 0 0 0 00 00 1 0 1 0 0 000 000 0 1
3 0 0 0 00 00 0 0 1 0 0 000 000 0 1
3 0 0 0 00 00 0 0 1 0 0 000 000 0 1
3 0 0 0 00 00 1 0 1 0 0 000 000 0 1
4 0 0 1 cc 02 1 0 1 0 0 000 000 0 1
4 0 0 0 43 16 1 0 1 0 0 000 000 0 1
4 0 1 0 d0 b1 1 1 1 0 1 340 3ff 0 1
4 0 0 0 59 a5 1 1 1 0 1 341 3ff 0 1
4 0 1 1 95 30 0 1 1 0 1 341 3ff 0 1
4 0 0 0 f2 18 0 1 1 0 1 341 3ff 0 1
4 0 1 0 27 3f 0 1 1 0 1 341 3ff 0 1
4 0 0 1 04 40 1 1 1 0 1 342 3ff 0 1
4 0 1 0 19 4b 1 1 1 0 1 343 3ff 0 1
4 0 0 1 d9 5b 1 0 1 0 0 000 000 1 1
4 0 0 0 29 93 1 0 1 0 0 000 000 0 1
4 0 1 1 c0 bf 0 1 1 1 1 2fc 3ff 0 1
4 0 0 1 06 08 0 1 1 1 1 2fc 3ff 0 1
4 0 0 1 81 d1 1 1 1 1 1 2fd 3ff 0 1
4 0 1 1 24 fb 1 1 1 1 1 2fe 3ff 0 1
4 0 1 1 99 17 1 1 1 1 1 2ff 3ff 0 1
4 0 1 0 6c dd 1 1 1 0 1 300 3ff 0 1
4 0 0 1 7c 8c 0 1 1 0 1 300 3ff 0 1
4 0 0 0 37 74 1 1 1 0 1 301 3ff 0 1
4 0 0 1 4a af 1 1 1 0 1 302 3ff 0 1
4 0 1 0 57 99 0 1 1 0 1 302 3ff 0 1
4 0 0 1 8e d4 1 1 1 0 1 303 3ff 0 1
4 0 1 0 91 88 0 1 1 0 1 303 3ff 0 1
4 0 0 1 87 c4 1 0 1 0 0 000 000 1 1
4 0 1 0 60 52 1 0 1 0 0 000 000 0 1
4 0 0 1 1a 90 1 0 1 0 0 000 000 0 1
4 0 0 0 7f 29 1 0 1 0 0 000 000 0 1
4 0 0 1 e7 6f 1 0 1 0 0 000 000 0 1
4 0 0 0 9d d3 1 0 1 0 0 000 000 0 1
4 0 0 1 73 3c 1 0 1 0 0 000 000 0 1
4 0 1 0 c0 03 1 1 1 0 1 300 3ff 0 1
4 0 0 0 21 b9 0 1 1 0 1 300 3ff 0 1
4 0 0 1 fa 7a 1 1 1 0 1 301 3ff 0 1
4 0 0 0 1b a1 1 1 1 0 1 302 3ff 0 1
4 0 0 1 43 8f 0 1 1 0 1 302 3ff 0 1
4 0 0 1 41 5c 0 1 1 0 1 302 3ff 0 1
4 0 0 1 c4 a1 0 1 1 0 1 302 3ff 0 1
4 0 1 0 0f db 1 1 1 0 1 303 3ff 0 1
4 0 0 1 ad b0 1 0 1 0 0 000 000 1 1
4 0 1 0 d0 b1 1 0 1 0 0 000 000 0 1
4 0 0 0 55 ba 1 0 1 0 0 000 000 0 1
4 0 1 0 85 74 0 1 1 0 1 214 3ff 0 1
4 0 0 0 1c 8c 1 1 1 0 1 215 3ff 0 1
4 0 0 1 92 db 1 1 1 0 1 216 3ff 0 1
4 0 0 1 f2 c3 0 1 1 0 1 216 3ff 0 1
4 0 0 0 a5 bd 1 1 1 0 1 217 3ff 0 1
4 0 0 0 db dd 1 0 1 0 0 000 000 1 1
4 0 1 1 c0 ab 1 0 1 0 0 000 000 0 1
4 0 0 1 c7 31 1 0 1 0 0 000 000 0 1
4 0 0 0 da 7d 1 0 1 0 0 000 000 0 1
4 0 0 1 2f 63 0 0 1 0 0 000 000 0 1
4 0 0 0 8e 99 1 0 1 0 0 000 000 0 1
4 0 0 1 7a 93 1 0 1 0 0 000 000 0 1
4 0 0 0 96 2b 1 0 1 0 0 000 000 0 1
4 0 0 1 b2 e2 1 0 1 0 0 000 000 0 1
4 0 0 1 6c d7 1 0 1 0 0 000 000 0 1
4 0 0 0 f3 0a 0 0 1 0 0 000 000 0 1
4 0 1 0 ab 56 1 1 1 0 1 2ac 3ff 0 1
4 0 0 0 4e f5 0 1 1 0 1 2ac 3ff 0 1
4 0 0 0 46 b2 0 1 1 0 1 2ac 3ff 0 1
4 0 0 0 f9 8b 1 1 1 0 1 2ad 3ff 0 1
4 0 0 1 8c 04 0 1 1 0 1 2ad 3ff 0 1
4 0 0 0 79 91 1 1 1 0 1 2ae 3ff 0 1
4 0 0 0 83 2c 1 1 1 0 1 2af 3ff 0 1
4 0 1 0 c8 cb 1 0 1 0 0 000 000 1 1
4 0 0 1 12 1a 1 0 1 0 0 000 000 0 1
4 0 0 0 4d a9 1 0 1 0 0 000 000 0 1
4 0 0 0 1d 7b 1 0 1 0 0 000 000 0 1
4 0 0 1 24 2f 1 0 1 0 0 000 000 0 1
4 0 1 1 a5 c5 0 1 1 1 1 314 3ff 0 1
4 0 0 0 fb cd 0 1 1 1 1 314 3ff 0 1
4 0 0 1 18 2a 1 1 1 1 1 315 3ff 0 1
4 0 0 1 d7 2a 1 1 1 1 1 316 3ff 0 1
4 0 0 0 29 f6 0 1 1 1 1 316 3ff 0 1
4 0 0 0 09 82 1 1 1 1 1 317 3ff 0 1
4 0 1 1 60 06 0 1 1 1 1 317 3ff 0 1
4 0 0 0 30 d0 0 1 1 1 1 317 3ff 0 1
4 0 0 1 99 2e 0 1 1 1 1 317 3ff 0 1
4 0 1 0 49 c7 1 1 1 0 1 294 3ff 0 1
4 0 0 1 60 6d 1 1 1 0 1 295 3ff 0 1
4 0 0 1 ca 85 1 1 1 0 1 296 3ff 0 1
4 0 0 1 bb 71 0 1 1 0 1 296 3ff 0 1
4 0 1 0 b8 e7 0 1 1 0 1 296 3ff 0 1
4 0 1 1 fb 39 1 1 1 0 1 297 3ff 0 1
4 0 0 1 68 3b 1 0 1 0 0 000 000 1 1
4 0 0 0 d6 06 1 0 1 0 0 000 000 0 1
4 0 1 1 68 ee 0 1 1 1 1 3b8 3ff 0 1
4 0 0 1 27 88 1 1 1 1 1 3b9 3ff 0 1
4 0 0 1 dd bb 0 1 1 1 1 3b9 3ff 0 1
4 0 0 0 9d 3a 0 1 1 1 1 3b9 3ff 0 1
4 0 1 1 66 b9 0 1 1 1 1 3b9 3ff 0 1
4 0 0 1 cb 47 1 1 1 1 1 3ba 3ff 0 1
4 0 1 0 29 e2 1 1 1 1 1 3bb 3ff 0 1
4 0 1 1 5a 10 0 1 1 1 1 3bb 3ff 0 1
4 0 0 0 3f 67 1 1 1 0 1 1a0 3ff 0 1
4 0 1 0 f6 4a 1 1 1 0 1 1a1 3ff 0 1
4 0 0 0 12 1d 0 1 1 0 1 1a1 3ff 0 1
4 0 0 1 1d d9 0 1 1 0 1 1a1 3ff 0 1
4 0 1 0 a4 82 0 1 1 0 1 1a1 3ff 0 1
4 0 0 1 90 77 1 1 1 0 1 1a2 3ff 0 1
4 0 1 0 3d 21 0 1 1 0 1 1a2 3ff 0 1
4 0 0 1 c3 d4 1 1 1 0 1 1a3 3ff 0 1
4 0 0 1 f7 05 0 1 1 0 1 1a3 3ff 0 1
4 0 0 1 9b 64 1 0 1 0 0 000 000 1 1
4 0 0 0 8d ba 0 0 1 0 0 000 000 0 1
4 0 1 0 4f c8 1 1 1 0 1 13c 3ff 0 1
4 0 0 1 92 0c 1 1 1 0 1 13d 3ff 0 1
4 0 0 1 c7 c1 1 1 1 0 1 13e 3ff 0 1
4 0 0 1 c7 9c 0 1 1 0 1 13e 3ff 0 1
4 0 1 1 06 86 1 1 1 0 1 13f 3ff 0 1
4 0 0 0 fc 62 1 0 1 0 0 000 000 1 1
4 0 0 0 19 9e 0 0 1 0 0 000 000 0 1
4 0 0 0 16 c2 0 0 1 0 0 000 000 0 1
4 0 0 0 6f 36 0 0 1 0 0 000 000 0 1
4 0 0 1 5e 82 1 0 1 0 0 000 000 0 1
4 0 0 1 b8 b2 1 0 1 0 0 000 000 0 1
4 0 0 0 f6 10 0 0 1 0 0 000 000 0 1
4 0 1 1 ca 38 1 1 1 1 1 0e0 3ff 0 1
4 0 1 1 ff af 0 1 1 1 1 0e0 3ff 0 1
4 0 1 1 2a bf 0 1 1 1 1 0e0 3ff 0 1
4 0 0 0 e7 aa 1 1 1 1 1 0e1 3ff 0 1
4 0 0 0 73 ea 1 1 1 1 1 0e2 3ff 0 1
4 0 0 0 18 f0 1 1 1 1 1 0e3 3ff 0 1
4 0 0 0 ea d4 1 1 1 0 1 328 3ff 0 1
4 0 0 0 92 e9 1 1 1 0 1 329 3ff 0 1
4 0 1 1 5a 24 1 1 1 0 1 32a 3ff 0 1
4 0 0 1 79 f4 0 1 1 0 1 32a 3ff 0 1
4 0 0 0 dd 76 1 1 1 0 1 32b 3ff 0 1
4 0 0 1 91 d2 1 0 1 0 0 000 000 1 1
4 0 0 0 80 48 1 0 1 0 0 000 000 0 1
4 0 0 1 09 38 1 0 1 0 0 000 000 0 1
4 0 0 0 fe e0 1 0 1 0 0 000 000 0 1
4 0 0 0 32 46 1 0 1 0 0 000 000 0 1
4 0 1 1 4f 84 0 1 1 1 1 210 3ff 0 1
4 0 0 0 e9 93 0 1 1 1 1 210 3ff 0 1
4 0 0 1 77 b9 0 1 1 1 1 210 3ff 0 1
4 0 1 1 ce 46 0 1 1 1 1 210 3ff 0 1
4 0 0 1 29 56 0 1 1 1 1 210 3ff 0 1
4 0 0 1 0a 84 0 1 1 1 1 210 3ff 0 1
4 0 0 0 b7 08 1 1 1 1 1 211 3ff 0 1
4 0 0 1 9b e1 1 1 1 1 1 212 3ff 0 1
4 0 0 1 a8 cf 0 1 1 1 1 212 3ff 0 1
4 0 0 1 28 0b 1 1 1 1 1 213 3ff 0 1
4 0 0 1 84 bd 1 1 1 0 1 13c 3ff 0 1
4 0 1 1 52 c0 1 1 1 0 1 13d 3ff 0 1
4 0 0 0 c0 08 1 1 1 0 1 13e 3ff 0 1
4 0 1 1 c0 dc 0 1 1 0 1 13e 3ff 0 1
4 0 1 0 08 69 1 1 1 0 1 13f 3ff 0 1
4 0 0 1 61 9b 1 0 1 0 0 000 000 1 1
4 0 0 0 8f d2 1 0 1 0 0 000 000 0 1
4 0 1 0 c6 8c 1 1 1 0 1 318 3ff 0 1
4 0 0 1 bf 15 1 1 1 0 1 319 3ff 0 1
4 0 0 0 65 b3 1 1 1 0 1 31a 3ff 0 1
4 0 0 0 12 8f 0 1 1 0 1 31a 3ff 0 1
4 0 0 1 46 4b 0 1 1 0 1 31a 3ff 0 1
4 0 0 0 3d ab 1 1 1 0 1 31b 3ff 0 1
4 0 0 0 a5 75 0 1 1 0 1 31b 3ff 0 1
4 0 0 0 c7 22 1 0 1 0 0 000 000 1 1
4 0 0 1 f9 b6 0 0 1 0 0 000 000 0 1
4 0 1 1 4c c6 1 1 1 1 1 318 3ff 0 1
4 0 0 0 a9 67 0 1 1 1 1 318 3ff 0 1
4 0 0 0 af 59 1 1 1 1 1 319 3ff 0 1
4 0 0 1 6c a3 1 1 1 1 1 31a 3ff 0 1
4 0 1 0 22 6b 0 1 1 1 1 31a 3ff 0 1
4 0 1 1 dd a8 1 1 1 1 1 31b 3ff 0 1
4 0 1 0 ff ab 1 1 1 0 1 130 3ff 0 1
4 0 0 0 32 e5 1 1 1 0 1 131 3ff 0 1
4 0 1 1 ef 5e 0 1 1 0 1 131 3ff 0 1
4 0 0 1 b0 cd 0 1 1 0 1 131 3ff 0 1
4 0 1 1 24 c6 1 1 1 0 1 132 3ff 0 1
4 0 0 1 f5 df 1 1 1 0 1 133 3ff 0 1
4 0 0 1 0c 50 0 1 1 0 1 133 3ff 0 1
4 0 0 1 b7 34 1 0 1 0 0 000 000 1 1
4 0 0 1 32 81 0 0 1 0 0 000 000 0 1
4 0 1 1 f1 7d 1 1 1 1 1 1f4 3ff 0 1
4 0 0 1 24 ad 0 1 1 1 1 1f4 3ff 0 1
4 0 1 0 53 1b 1 1 1 1 1 1f5 3ff 0 1
4 0 0 0 55 29 0 1 1 1 1 1f5 3ff 0 1
4 0 0 0 6d 05 1 1 1 1 1 1f6 3ff 0 1
4 0 1 1 93 7d 1 1 1 1 1 1f7 3ff 0 1
4 0 1 1 a7 0b 0 1 1 1 1 1f7 3ff 0 1
4 0 0 0 93 b7 0 1 1 1 1 1f7 3ff 0 1
4 0 0 1 4e 33 0 1 1 1 1 1f7 3ff 0 1
4 0 0 0 d9 10 0 1 1 1 1 1f7 3ff 0 1
4 0 0 1 96 83 0 1 1 1 1 1f7 3ff 0 1
4 0 0 1 25 28 0 1 1 1 1 1f7 3ff 0 1
4 0 0 0 b2 e5 0 1 1 1 1 1f7 3ff 0 1
4 0 1 0 3f 3c 1 1 1 0 1 3c4 3ff 0 1
4 0 0 1 c7 79 1 1 1 0 1 3c5 3ff 0 1
4 0 0 0 e6 67 1 1 1 0 1 3c6 3ff 0 1
4 0 0 1 27 c9 1 1 1 0 1 3c7 3ff 0 1
4 0 0 0 aa aa 0 1 1 0 1 3c7 3ff 0 1
4 0 0 0 04 0c 1 0 1 0 0 000 000 1 1
4 0 0 0 1f 70 0 0 1 0 0 000 000 0 1
4 0 0 1 11 22 1 0 1 0 0 000 000 0 1
4 0 0 1 c2 ea 0 0 1 0 0 000 000 0 1
4 0 0 0 d7 7a 1 0 1 0 0 000 000 0 1
4 0 1 1 b6 36 1 1 1 1 1 0d8 3ff 0 1
4 0 1 0 57 3e 0 1 1 1 1 0d8 3ff 0 1
4 0 0 0 44 f4 0 1 1 1 1 0d8 3ff 0 1
4 0 0 0 2c af 0 1 1 1 1 0d8 3ff 0 1
4 0 0 0 06 6c 0 1 1 1 1 0d8 3ff 0 1
4 0 0 0 e6 6a 0 1 1 1 1 0d8 3ff 0 1
4 0 0 1 ec 39 1 1 1 1 1 0d9 3ff 0 1
4 0 1 0 d8 ee 1 1 1 1 1 0da 3ff 0 1
4 0 0 0 b7 bb 0 1 1 1 1 0da 3ff 0 1
4 0 0 0 c1 ef 1 1 1 1 1 0db 3ff 0 1
4 0 0 1 15 4b 1 1 1 0 1 2d8 3ff 0 1
4 0 0 1 82 8c 0 1 1 0 1 2d8 3ff 0 1
4 0 0 1 91 9c 0 1 1 0 1 2d8 3ff 0 1
4 0 0 1 6f 7c 1 1 1 0 1 2d9 3ff 0 1
4 0 0 0 13 f7 1 1 1 0 1 2da 3ff 0 1
4 0 0 0 09 4e 1 1 1 0 1 2db 3ff 0 1
4 0 0 0 e6 c8 1 0 1 0 0 000 000 1 1
4 0 0 0 62 60 1 0 1 0 0 000 000 0 1
4 0 0 1 fd cb 1 0 1 0 0 000 000 0 1
4 0 0 1 57 d9 0 0 1 0 0 000 000 0 1
4 0 0 0 52 f4 1 0 1 0 0 000 000 0 1
4 0 0 0 62 34 1 0 1 0 0 000 000 0 1
4 0 0 0 80 18 0 0 1 0 0 000 000 0 1
4 0 0 1 ea 12 1 0 1 0 0 000 000 0 1
4 0 0 0 ac 8e 1 0 1 0 0 000 000 0 1
4 0 0 0 96 ca 1 0 1 0 0 000 000 0 1
4 0 0 0 76 97 1 0 1 0 0 000 000 0 1
4 0 0 1 1c 05 0 0 1 0 0 000 000 0 1
4 0 0 0 a6 fc 1 0 1 0 0 000 000 0 1
4 0 1 1 11 61 1 1 1 1 1 184 3ff 0 1
4 0 0 0 e5 ad 1 1 1 1 1 185 3ff 0 1
4 0 1 0 c5 65 0 1 1 1 1 185 3ff 0 1
4 0 0 1 b1 88 1 1 1 1 1 186 3ff 0 1
4 0 0 1 c6 a4 0 1 1 1 1 186 3ff 0 1
4 0 0 1 4b ab 1 1 1 1 1 187 3ff 0 1
4 0 0 0 69 c1 1 1 1 0 1 044 3ff 0 1
4 0 1 0 d2 2b 1 1 1 0 1 045 3ff 0 1
4 0 0 0 a7 6e 1 1 1 0 1 046 3ff 0 1
4 0 1 1 59 98 0 1 1 0 1 046 3ff 0 1
4 0 0 0 49 e4 0 1 1 0 1 046 3ff 0 1
4 0 0 0 e8 f1 1 1 1 0 1 047 3ff 0 1
4 0 0 1 09 97 1 0 1 0 0 000 000 1 1
4 0 1 1 cf 1d 0 0 1 0 0 000 000 0 1
4 0 0 1 d5 b2 0 0 1 0 0 000 000 0 1
4 0 0 0 78 a2 1 0 1 0 0 000 000 0 1
4 0 1 1 15 5e 1 1 1 1 1 178 3ff 0 1
4 0 0 0 88 86 1 1 1 1 1 179 3ff 0 1
4 0 0 1 95 6d 1 1 1 1 1 17a 3ff 0 1
4 0 0 1 dc ac 1 1 1 1 1 17b 3ff 0 1
4 0 0 0 5b 81 1 1 1 0 1 054 3ff 0 1
4 0 0 0 8e 8f 0 1 1 0 1 054 3ff 0 1
4 0 1 0 59 53 1 1 1 0 1 055 3ff 0 1
4 0 0 0 a1 d3 0 1 1 0 1 055 3ff 0 1
4 0 0 1 72 2c 0 1 1 0 1 055 3ff 0 1
4 0 0 0 f9 65 0 1 1 0 1 055 3ff 0 1
4 0 0 0 00 36 1 1 1 0 1 056 3ff 0 1
4 0 0 1 dc 12 1 1 1 0 1 057 3ff 0 1
4 0 0 0 b6 c9 0 1 1 0 1 057 3ff 0 1
4 0 0 1 f3 3b 1 0 1 0 0 000 000 1 1
4 0 0 1 1c 5f 1 0 1 0 0 000 000 0 1
4 0 0 0 d8 cf 1 0 1 0 0 000 000 0 1
4 0 0 1 00 de 0 0 1 0 0 000 000 0 1
4 0 0 0 62 04 1 0 1 0 0 000 000 0 1
4 0 0 1 48 86 0 0 1 0 0 000 000 0 1
4 0 0 0 98 c6 1 0 1 0 0 000 000 0 1
4 0 0 0 9e 02 0 0 1 0 0 000 000 0 1
4 0 1 0 39 99 1 1 1 0 1 0e4 3ff 0 1
4 0 0 0 e8 70 1 1 1 0 1 0e5 3ff 0 1
4 0 0 0 22 c0 0 1 1 0 1 0e5 3ff 0 1
4 0 0 0 77 a5 1 1 1 0 1 0e6 3ff 0 1
4 0 0 0 61 fc 0 1 1 0 1 0e6 3ff 0 1
4 0 0 0 f5 f6 0 1 1 0 1 0e6 3ff 0 1
4 0 0 1 e5 0d 0 1 1 0 1 0e6 3ff 0 1
4 0 0 0 4a 13 1 1 1 0 1 0e7 3ff 0 1
4 0 1 0 1d 96 1 0 1 0 0 000 000 1 1
4 0 1 0 bf ef 1 0 1 0 0 000 000 0 1
4 0 0 0 f7 aa 0 0 1 0 0 000 000 0 1
4 0 0 0 d1 d7 1 0 1 0 0 000 000 0 1
4 0 0 1 4d f2 1 0 1 0 0 000 000 0 1
4 0 1 0 04 ff 0 1 1 0 1 010 3ff 0 1
4 0 0 1 3d c6 1 1 1 0 1 011 3ff 0 1
4 0 0 0 ff 9e 1 1 1 0 1 012 3ff 0 1
4 0 0 1 3f c7 1 1 1 0 1 013 3ff 0 1
4 0 0 0 1a a1 0 1 1 0 1 013 3ff 0 1
4 0 1 0 c6 90 0 1 1 0 1 013 3ff 0 1
4 0 0 1 72 34 0 1 1 0 1 013 3ff 0 1
4 0 0 1 7b 4a 1 0 1 0 0 000 000 1 1
4 0 0 1 c2 ff 1 0 1 0 0 000 000 0 1
4 0 1 0 29 56 1 1 1 0 1 0a4 3ff 0 1
4 0 1 0 bb cc 1 1 1 0 1 0a5 3ff 0 1
4 0 0 0 7d dd 1 1 1 0 1 0a6 3ff 0 1
4 0 0 0 02 61 0 1 1 0 1 0a6 3ff 0 1
4 0 0 0 ff 11 1 1 1 0 1 0a7 3ff 0 1
4 0 1 0 ed ee 1 0 1 0 0 000 000 1 1
4 0 0 1 92 6e 0 0 1 0 0 000 000 0 1
4 0 0 0 4a 0e 0 0 1 0 0 000 000 0 1
4 0 0 0 65 8a 1 0 1 0 0 000 000 0 1
4 0 0 1 f9 c5 1 0 1 0 0 000 000 0 1
4 0 0 1 79 f5 1 0 1 0 0 000 000 0 1
4 0 1 0 14 7a 1 1 1 0 1 050 3ff 0 1
4 0 0 0 ca ec 1 1 1 0 1 051 3ff 0 1
4 0 0 1 c3 a0 1 1 1 0 1 052 3ff 0 1
4 0 0 0 8f 10 1 1 1 0 1 053 3ff 0 1
4 0 1 1 a6 29 1 0 1 0 0 000 000 1 1
4 0 0 0 7e a9 1 0 1 0 0 000 000 0 1
4 0 0 1 45 7b 0 0 1 0 0 000 000 0 1
4 0 1 1 ab 40 1 1 1 1 1 100 3ff 0 1
4 0 1 1 eb d2 1 1 1 1 1 101 3ff 0 1
4 0 1 1 5c c5 0 1 1 1 1 101 3ff 0 1
4 0 0 1 cb ac 0 1 1 1 1 101 3ff 0 1
4 0 0 1 e0 36 1 1 1 1 1 102 3ff 0 1
4 0 0 1 b8 d0 0 1 1 1 1 102 3ff 0 1
4 0 0 1 8b 4f 1 1 1 1 1 103 3ff 0 1
4 0 1 1 a8 23 1 1 1 0 1 2ac 3ff 0 1
4 0 1 1 09 82 0 1 1 0 1 2ac 3ff 0 1
4 0 1 1 42 0c 1 1 1 0 1 2ad 3ff 0 1
4 0 0 0 cf 6c 1 1 1 0 1 2ae 3ff 0 1
4 0 1 1 d2 4b 0 1 1 0 1 2ae 3ff 0 1
4 0 1 0 b1 17 0 1 1 0 1 2ae 3ff 0 1
4 0 0 1 21 bb 0 1 1 0 1 2ae 3ff 0 1
4 0 0 0 cb f2 0 1 1 0 1 2ae 3ff 0 1
4 0 1 0 fb 51 0 1 1 0 1 2ae 3ff 0 1
4 0 1 0 a1 4d 1 1 1 0 1 2af 3ff 0 1
4 0 1 1 20 b0 1 0 1 0 0 000 000 1 1
4 0 1 0 a7 b4 0 0 1 0 0 000 000 0 1
4 0 0 0 f0 fe 1 0 1 0 0 000 000 0 1
4 0 0 1 f7 2b 0 0 1 0 0 000 000 0 1
4 0 0 0 30 a8 1 0 1 0 0 000 000 0 1
4 0 1 1 ac 92 1 1 1 1 1 248 3ff 0 1
4 0 1 0 a2 99 0 1 1 1 1 248 3ff 0 1
4 0 0 0 36 cc 0 1 1 1 1 248 3ff 0 1
4 0 0 0 6d ee 1 1 1 1 1 249 3ff 0 1
4 0 1 0 5c b8 1 1 1 1 1 24a 3ff 0 1
4 0 0 0 d6 d2 1 1 1 1 1 24b 3ff 0 1
4 0 0 1 29 2f 1 1 1 0 1 2b0 3ff 0 1
4 0 1 0 c0 fb 1 1 1 0 1 2b1 3ff 0 1
4 0 0 0 6e 2c 1 1 1 0 1 2b2 3ff 0 1
4 0 0 1 95 b0 1 1 1 0 1 2b3 3ff 0 1
4 0 0 1 c3 f9 1 0 1 0 0 000 000 1 1
4 0 1 0 3c 59 0 0 1 0 0 000 000 0 1
4 0 0 0 f0 f6 1 0 1 0 0 000 000 0 1
4 0 0 0 0f 37 1 0 1 0 0 000 000 0 1
4 0 0 1 23 16 1 0 1 0 0 000 000 0 1
4 0 0 0 f7 d2 1 0 1 0 0 000 000 0 1
4 0 0 0 ac f3 1 0 1 0 0 000 000 0 1
4 0 1 0 6d 98 1 1 1 0 1 1b4 3ff 0 1
4 0 0 1 a4 de 1 1 1 0 1 1b5 3ff 0 1
4 0 1 0 ff 19 1 1 1 0 1 1b6 3ff 0 1
4 0 0 0 71 14 1 1 1 0 1 1b7 3ff 0 1
4 0 1 1 24 6b 0 1 1 0 1 1b7 3ff 0 1
4 0 0 1 10 79 0 1 1 0 1 1b7 3ff 0 1
4 0 0 1 de 29 1 0 1 0 0 000 000 1 1
4 0 0 0 09 ab 1 0 1 0 0 000 000 0 1
4 0 1 0 28 69 0 1 1 0 1 0a0 3ff 0 1
4 0 0 1 81 c0 1 1 1 0 1 0a1 3ff 0 1
4 0 0 0 ce fd 0 1 1 0 1 0a1 3ff 0 1
4 0 0 1 4b e0 0 1 1 0 1 0a1 3ff 0 1
4 0 0 0 a2 df 1 1 1 0 1 0a2 3ff 0 1
4 0 0 1 c8 a6 0 1 1 0 1 0a2 3ff 0 1
4 0 0 0 1a 40 1 1 1 0 1 0a3 3ff 0 1
4 0 1 1 58 f6 1 0 1 0 0 000 000 1 1
4 0 0 1 6c 3b 0 0 1 0 0 000 000 0 1
4 0 0 1 1f b0 1 0 1 0 0 000 000 0 1
4 0 0 0 1c 88 1 0 1 0 0 000 000 0 1
4 0 0 0 5a d3 0 0 1 0 0 000 000 0 1
4 0 0 0 d3 fd 0 0 1 0 0 000 000 0 1
4 0 1 0 42 b5 1 1 1 0 1 108 3ff 0 1
4 0 1 1 7b 4e 1 1 1 0 1 109 3ff 0 1
4 0 0 1 e2 77 1 1 1 0 1 10a 3ff 0 1
4 0 0 1 ed e6 0 1 1 0 1 10a 3ff 0 1
4 0 0 1 2c 37 0 1 1 0 1 10a 3ff 0 1
4 0 1 1 5c d1 1 1 1 0 1 10b 3ff 0 1
4 0 0 1 35 16 1 0 1 0 0 000 000 1 1
4 0 0 1 dc 8e 1 0 1 0 0 000 000 0 1
4 0 0 0 63 fb 0 0 1 0 0 000 000 0 1
4 0 0 1 ed 39 1 0 1 0 0 000 000 0 1
4 0 0 0 26 94 1 0 1 0 0 000 000 0 1
4 0 0 1 54 97 1 0 1 0 0 000 000 0 1
4 0 1 1 bd 36 1 1 1 1 1 0d8 3ff 0 1
4 0 1 1 94 66 1 1 1 1 1 0d9 3ff 0 1
4 0 0 0 3a 7d 1 1 1 1 1 0da 3ff 0 1
4 0 0 0 ff bb 0 1 1 1 1 0da 3ff 0 1
4 0 1 0 ad 33 1 1 1 1 1 0db 3ff 0 1
4 0 1 0 78 7d 1 1 1 0 1 2f4 3ff 0 1
4 0 1 0 00 91 1 1 1 0 1 2f5 3ff 0 1
4 0 0 0 ee cb 1 1 1 0 1 2f6 3ff 0 1
4 0 0 0 40 4e 0 1 1 0 1 2f6 3ff 0 1
4 0 1 1 52 a8 1 1 1 0 1 2f7 3ff 0 1
4 0 0 0 20 00 1 0 1 0 0 000 000 1 1
4 0 1 0 82 78 1 0 1 0 0 000 000 0 1
4 0 0 0 40 3e 1 0 1 0 0 000 000 0 1
4 0 1 0 24 5e 1 1 1 0 1 090 3ff 0 1
4 0 0 0 e5 71 0 1 1 0 1 090 3ff 0 1
4 0 1 1 7f 18 0 1 1 0 1 090 3ff 0 1
4 0 1 0 43 98 1 1 1 0 1 091 3ff 0 1
4 0 0 0 ae 93 1 1 1 0 1 092 3ff 0 1
4 0 1 0 79 a6 1 1 1 0 1 093 3ff 0 1
4 0 0 0 5b a0 0 1 1 0 1 093 3ff 0 1
4 0 0 1 04 95 0 1 1 0 1 093 3ff 0 1
4 0 0 0 3a e7 1 0 1 0 0 000 000 1 1
4 0 0 0 33 3a 1 0 1 0 0 000 000 0 1
4 0 0 0 63 78 0 0 1 0 0 000 000 0 1
4 0 1 1 33 89 0 1 1 1 1 224 3ff 0 1
4 0 0 0 c7 96 1 1 1 1 1 225 3ff 0 1
4 0 0 1 eb 4f 1 1 1 1 1 226 3ff 0 1
4 0 0 1 a2 1b 1 1 1 1 1 227 3ff 0 1
4 0 0 0 7c 37 1 1 1 0 1 0cc 3ff 0 1
4 0 0 0 08 84 1 1 1 0 1 0cd 3ff 0 1
4 0 0 1 12 f8 0 1 1 0 1 0cd 3ff 0 1
4 0 1 0 3f 86 0 1 1 0 1 0cd 3ff 0 1
4 0 0 1 33 69 1 1 1 0 1 0ce 3ff 0 1
4 0 0 0 b3 24 1 1 1 0 1 0cf 3ff 0 1
4 0 1 0 b8 84 1 0 1 0 0 000 000 1 1
4 0 1 1 90 63 0 0 1 0 0 000 000 0 1
4 0 1 0 c3 e6 0 1 1 0 1 30c 3ff 0 1
4 0 0 1 90 a4 1 1 1 0 1 30d 3ff 0 1
4 0 0 0 70 a1 0 1 1 0 1 30d 3ff 0 1
4 0 0 0 e5 6f 1 1 1 0 1 30e 3ff 0 1
4 0 0 0 ac 88 0 1 1 0 1 30e 3ff 0 1
4 0 0 0 94 c7 1 1 1 0 1 30f 3ff 0 1
4 0 0 1 3b 79 0 1 1 0 1 30f 3ff 0 1
4 0 0 0 a4 14 1 0 1 0 0 000 000 1 1
4 0 0 0 3c 17 1 0 1 0 0 000 000 0 1
4 0 0 0 73 d1 1 0 1 0 0 000 000 0 1
4 0 0 1 60 2b 0 0 1 0 0 000 000 0 1
4 0 0 1 0e e6 0 0 1 0 0 000 000 0 1
4 0 0 0 ad 52 1 0 1 0 0 000 000 0 1
4 0 1 1 5f e0 1 1 1 1 1 380 3ff 0 1
4 0 0 1 0f a2 1 1 1 1 1 381 3ff 0 1
4 0 0 1 1a 74 0 1 1 1 1 381 3ff 0 1
4 0 0 1 e8 fd 1 1 1 1 1 382 3ff 0 1
4 0 0 1 4c 9d 1 1 1 1 1 383 3ff 0 1
4 0 1 1 1f f6 0 1 1 1 1 383 3ff 0 1
4 0 0 1 f7 7f 1 1 1 0 1 17c 3ff 0 1
4 0 0 1 31 41 0 1 1 0 1 17c 3ff 0 1
4 0 1 0 42 e0 1 1 1 0 1 17d 3ff 0 1
4 0 0 1 c2 a5 0 1 1 0 1 17d 3ff 0 1
4 0 0 1 8c 7a 1 1 1 0 1 17e 3ff 0 1
4 0 1 1 77 2e 0 1 1 0 1 17e 3ff 0 1
4 0 1 0 ba c8 1 1 1 0 1 17f 3ff 0 1
4 0 0 0 0c a5 0 1 1 0 1 17f 3ff 0 1
4 0 0 0 05 d3 0 1 1 0 1 17f 3ff 0 1
4 0 0 1 89 d0 0 1 1 0 1 17f 3ff 0 1
4 0 1 0 c2 d1 0 1 1 0 1 17f 3ff 0 1
4 0 0 1 95 17 0 1 1 0 1 17f 3ff 0 1
4 0 0 0 43 e7 0 1 1 0 1 17f 3ff 0 1
4 0 0 0 85 2d 1 0 1 0 0 000 000 1 1
4 0 0 0 ca 3b 0 0 1 0 0 000 000 0 1
4 0 0 1 83 e2 0 0 1 0 0 000 000 0 1
4 0 0 1 c9 40 0 0 1 0 0 000 000 0 1
4 0 0 1 ef ff 1 0 1 0 0 000 000 0 1
4 0 0 1 6b 75 0 0 1 0 0 000 000 0 1
4 0 0 1 8d 77 0 0 1 0 0 000 000 0 1
4 0 1 0 10 21 1 1 1 0 1 040 3ff 0 1
4 0 0 1 48 98 0 1 1 0 1 040 3ff 0 1
4 0 1 0 2e bc 0 1 1 0 1 040 3ff 0 1
4 0 0 0 4a 3c 1 1 1 0 1 041 3ff 0 1
4 0 0 0 4e 6f 1 1 1 0 1 042 3ff 0 1
4 0 1 1 35 2c 0 1 1 0 1 042 3ff 0 1
4 0 0 1 85 e2 0 1 1 0 1 042 3ff 0 1
4 0 1 0 4c 58 1 1 1 0 1 043 3ff 0 1
4 0 1 0 dc 9e 1 0 1 0 0 000 000 1 1
4 0 1 0 05 7b 0 0 1 0 0 000 000 0 1
4 0 1 0 a1 d8 0 1 1 0 1 284 3ff 0 1
4 0 0 0 b9 2d 0 1 1 0 1 284 3ff 0 1
4 0 0 0 ed 6a 1 1 1 0 1 285 3ff 0 1
4 0 1 0 e0 9a 0 1 1 0 1 285 3ff 0 1
4 0 1 1 fe 30 0 1 1 0 1 285 3ff 0 1
4 0 0 0 5d 8c 0 1 1 0 1 285 3ff 0 1
4 0 1 1 ea f9 0 1 1 0 1 285 3ff 0 1
4 0 0 0 fb f9 1 1 1 0 1 286 3ff 0 1
4 0 1 1 27 fd 0 1 1 0 1 286 3ff 0 1
4 0 1 0 f6 bb 1 1 1 0 1 287 3ff 0 1
4 0 0 1 9b e5 1 0 1 0 0 000 000 1 1
4 0 1 0 ca d2 1 0 1 0 0 000 000 0 1
4 0 0 0 ac a3 0 0 1 0 0 000 000 0 1
4 0 0 1 71 83 1 0 1 0 0 000 000 0 1
4 0 0 1 9b 8d 0 0 1 0 0 000 000 0 1
4 0 1 0 3e 41 1 1 1 0 1 0f8 3ff 0 1
4 0 0 0 d2 56 1 1 1 0 1 0f9 3ff 0 1
4 0 0 1 a1 da 1 1 1 0 1 0fa 3ff 0 1
4 0 1 1 56 c1 0 1 1 0 1 0fa 3ff 0 1
4 0 1 1 5e 27 0 1 1 0 1 0fa 3ff 0 1
4 0 1 1 f0 e1 0 1 1 0 1 0fa 3ff 0 1
4 0 1 0 66 16 0 1 1 0 1 0fa 3ff 0 1
4 0 1 1 2f 96 1 1 1 0 1 0fb 3ff 0 1
4 0 0 1 4a 77 1 0 1 0 0 000 000 1 1
4 0 1 1 6b 3f 1 0 1 0 0 000 000 0 1
4 0 0 1 0c 79 1 0 1 0 0 000 000 0 1
4 0 1 1 e9 a4 1 1 1 1 1 290 3ff 0 1
4 0 1 1 4c 10 0 1 1 1 1 290 3ff 0 1
4 0 0 1 30 c4 1 1 1 1 1 291 3ff 0 1
4 0 0 1 b3 e1 0 1 1 1 1 291 3ff 0 1
4 0 0 0 aa 52 0 1 1 1 1 291 3ff 0 1
4 0 0 0 59 28 0 1 1 1 1 291 3ff 0 1
4 0 1 0 c6 a9 0 1 1 1 1 291 3ff 0 1
4 0 0 0 0d ed 1 1 1 1 1 292 3ff 0 1
4 0 1 0 d8 14 1 1 1 1 1 293 3ff 0 1
4 0 0 0 46 57 0 1 1 1 1 293 3ff 0 1
4 0 0 1 50 4a 0 1 1 1 1 293 3ff 0 1
4 0 1 1 5c 88 1 1 1 0 1 3a4 3ff 0 1
4 0 1 0 b5 e9 1 1 1 0 1 3a5 3ff 0 1
4 0 1 0 ed 53 1 1 1 0 1 3a6 3ff 0 1
4 0 1 1 83 9c 1 1 1 0 1 3a7 3ff 0 1
4 0 0 1 14 c7 1 0 1 0 0 000 000 1 1
4 0 1 1 7a 35 1 0 1 0 0 000 000 0 1
4 0 0 0 2e 0c 1 0 1 0 0 000 000 0 1
4 0 0 0 ec 25 0 0 1 0 0 000 000 0 1
4 0 1 1 b9 e3 1 1 1 1 1 38c 3ff 0 1
4 0 1 0 c4 5d 1 1 1 1 1 38d 3ff 0 1
4 0 0 0 9e f5 1 1 1 1 1 38e 3ff 0 1
4 0 1 0 3f a3 1 1 1 1 1 38f 3ff 0 1
4 0 1 0 ff 29 1 1 1 0 1 2e4 3ff 0 1
4 0 0 1 a3 8b 1 1 1 0 1 2e5 3ff 0 1
4 0 1 1 78 f0 1 1 1 0 1 2e6 3ff 0 1
4 0 0 1 54 7b 1 1 1 0 1 2e7 3ff 0 1
4 0 0 1 7c 48 1 0 1 0 0 000 000 1 1
4 0 0 0 62 e9 0 0 1 0 0 000 000 0 1
4 0 0 0 29 57 1 0 1 0 0 000 000 0 1
4 0 0 0 67 b7 1 0 1 0 0 000 000 0 1
4 0 0 0 60 48 0 0 1 0 0 000 000 0 1
4 0 0 1 35 18 1 0 1 0 0 000 000 0 1
4 0 0 1 72 6c 0 0 1 0 0 000 000 0 1
4 0 1 1 cb 7e 0 1 1 1 1 1f8 3ff 0 1
4 0 0 0 85 15 1 1 1 1 1 1f9 3ff 0 1
4 0 1 1 c0 d5 1 1 1 1 1 1fa 3ff 0 1
4 0 0 1 29 5b 0 1 1 1 1 1fa 3ff 0 1
4 0 1 0 7e db 1 1 1 1 1 1fb 3ff 0 1
4 0 0 0 56 91 1 1 1 0 1 32c 3ff 0 1
4 0 1 1 b0 61 1 1 1 0 1 32d 3ff 0 1
4 0 0 1 b0 f9 1 1 1 0 1 32e 3ff 0 1
4 0 1 1 07 17 1 1 1 0 1 32f 3ff 0 1
4 0 1 1 1b 78 1 0 1 0 0 000 000 1 1
4 0 1 1 97 65 0 0 1 0 0 000 000 0 1
4 0 1 0 62 2b 1 1 1 0 1 188 3ff 0 1
4 0 0 1 8c 9e 0 1 1 0 1 188 3ff 0 1
4 0 0 0 72 19 1 1 1 0 1 189 3ff 0 1
4 0 1 0 43 dc 0 1 1 0 1 189 3ff 0 1
4 0 1 0 e7 5e 1 1 1 0 1 18a 3ff 0 1
4 0 0 0 44 bf 1 1 1 0 1 18b 3ff 0 1
4 0 0 0 0c 01 0 1 1 0 1 18b 3ff 0 1
4 0 0 0 76 03 1 0 1 0 0 000 000 1 1
4 0 1 0 1c 13 1 0 1 0 0 000 000 0 1
4 0 1 0 92 67 0 1 1 0 1 248 3ff 0 1
4 0 1 0 e5 8f 0 1 1 0 1 248 3ff 0 1
4 0 0 0 7d ab 0 1 1 0 1 248 3ff 0 1
4 0 1 0 ca 71 1 1 1 0 1 249 3ff 0 1
4 0 0 1 eb 22 1 1 1 0 1 24a 3ff 0 1
4 0 0 1 57 9a 0 1 1 0 1 24a 3ff 0 1
4 0 1 1 eb 95 0 1 1 0 1 24a 3ff 0 1
4 0 0 1 a8 ee 1 1 1 0 1 24b 3ff 0 1
4 0 0 0 fb 13 1 0 1 0 0 000 000 1 1
4 0 1 0 20 27 0 0 1 0 0 000 000 0 1
4 0 1 1 87 b8 1 1 1 1 1 2e0 3ff 0 1
4 0 0 0 55 27 1 1 1 1 1 2e1 3ff 0 1
4 0 1 1 03 82 0 1 1 1 1 2e1 3ff 0 1
4 0 1 0 90 73 1 1 1 1 1 2e2 3ff 0 1
4 0 0 1 0e 50 1 1 1 1 1 2e3 3ff 0 1
4 0 0 0 0a 09 1 1 1 0 1 21c 3ff 0 1
4 0 1 1 f4 dc 1 1 1 0 1 21d 3ff 0 1
4 0 0 0 e0 f6 1 1 1 0 1 21e 3ff 0 1
4 0 0 1 60 e6 1 1 1 0 1 21f 3ff 0 1
4 0 0 0 30 20 1 0 1 0 0 000 000 1 1
4 0 0 0 3a 90 1 0 1 0 0 000 000 0 1
4 0 1 1 1d d3 0 1 1 1 1 34c 3ff 0 1
4 0 0 0 7f cc 1 1 1 1 1 34d 3ff 0 1
4 0 1 1 77 5b 0 1 1 1 1 34d 3ff 0 1
4 0 0 0 88 88 0 1 1 1 1 34d 3ff 0 1
4 0 0 1 32 36 0 1 1 1 1 34d 3ff 0 1
4 0 0 0 30 fb 0 1 1 1 1 34d 3ff 0 1
4 0 1 0 e0 ff 1 1 1 1 1 34e 3ff 0 1
4 0 0 0 ff ce 0 1 1 1 1 34e 3ff 0 1
4 0 0 0 c7 f3 0 1 1 1 1 34e 3ff 0 1
4 0 1 0 36 36 0 1 1 1 1 34e 3ff 0 1
4 0 0 1 d9 06 1 1 1 1 1 34f 3ff 0 1
4 0 1 0 63 2a 1 1 1 0 1 074 3ff 0 1
4 0 1 0 e7 d3 1 1 1 0 1 075 3ff 0 1
4 0 0 1 c4 0e 1 1 1 0 1 076 3ff 0 1
4 0 0 1 71 50 0 1 1 0 1 076 3ff 0 1
4 0 0 0 3e 2b 1 1 1 0 1 077 3ff 0 1
4 0 1 1 55 a9 0 1 1 0 1 077 3ff 0 1
4 0 0 1 e1 38 1 0 1 0 0 000 000 1 1
4 0 0 1 7e 0d 1 0 1 0 0 000 000 0 1
4 0 1 0 2a c2 0 1 1 0 1 0a8 3ff 0 1
4 0 0 0 5e b7 1 1 1 0 1 0a9 3ff 0 1
4 0 0 0 8c 74 1 1 1 0 1 0aa 3ff 0 1
4 0 1 1 5f 42 1 1 1 0 1 0ab 3ff 0 1
4 0 0 0 e1 2e 0 1 1 0 1 0ab 3ff 0 1
4 0 0 0 99 6b 0 1 1 0 1 0ab 3ff 0 1
4 0 1 0 87 39 1 0 1 0 0 000 000 1 1
4 0 1 1 9b 27 0 0 1 0 0 000 000 0 1
4 0 1 1 3e 80 1 1 1 1 1 200 3ff 0 1
4 0 0 0 1a 8b 0 1 1 1 1 200 3ff 0 1
4 0 0 1 3f d3 0 1 1 1 1 200 3ff 0 1
4 0 1 0 95 07 1 1 1 1 1 201 3ff 0 1
4 0 0 1 81 b9 0 1 1 1 1 201 3ff 0 1
4 0 1 0 8b 2f 1 1 1 1 1 202 3ff 0 1
4 0 0 0 5e ce 1 1 1 1 1 203 3ff 0 1
4 0 0 1 bd 7e 0 1 1 1 1 203 3ff 0 1
4 0 0 0 55 82 0 1 1 1 1 203 3ff 0 1
4 0 1 1 ed c9 1 1 1 0 1 0f8 3ff 0 1
4 0 0 0 f6 39 0 1 1 0 1 0f8 3ff 0 1
4 0 0 0 e4 cf 1 1 1 0 1 0f9 3ff 0 1
4 0 0 0 0f 7d 1 1 1 0 1 0fa 3ff 0 1
4 0 0 0 56 c2 1 1 1 0 1 0fb 3ff 0 1
4 0 1 1 94 24 1 0 1 0 0 000 000 1 1
4 0 0 0 fa 8e 1 0 1 0 0 000 000 0 1
4 0 0 0 46 c8 1 0 1 0 0 000 000 0 1
4 0 1 0 60 76 0 1 1 0 1 180 3ff 0 1
4 0 0 0 43 a2 1 1 1 0 1 181 3ff 0 1
4 0 0 0 64 70 1 1 1 0 1 182 3ff 0 1
4 0 0 1 c3 b4 1 1 1 0 1 183 3ff 0 1
4 0 0 0 2f a0 1 0 1 0 0 000 000 1 1
4 0 0 1 7c cd 0 0 1 0 0 000 000 0 1
4 0 1 0 4c 31 0 1 1 0 1 130 3ff 0 1
4 0 1 0 08 a7 0 1 1 0 1 130 3ff 0 1
4 0 1 0 68 d5 0 1 1 0 1 130 3ff 0 1
4 0 0 1 8b bd 1 1 1 0 1 131 3ff 0 1
4 0 0 1 1c f2 0 1 1 0 1 131 3ff 0 1
4 0 0 1 98 86 0 1 1 0 1 131 3ff 0 1
4 0 0 1 11 7a 0 1 1 0 1 131 3ff 0 1
4 0 0 0 af 87 1 1 1 0 1 132 3ff 0 1
4 0 1 1 26 8b 0 1 1 0 1 132 3ff 0 1
4 0 1 1 16 83 0 1 1 0 1 132 3ff 0 1
4 0 1 0 d6 00 1 1 1 0 1 133 3ff 0 1
4 0 0 1 b4 b6 1 0 1 0 0 000 000 1 1
4 0 0 0 a0 17 1 0 1 0 0 000 000 0 1
4 0 0 1 fc 7a 1 0 1 0 0 000 000 0 1
4 0 0 1 c1 39 1 0 1 0 0 000 000 0 1
4 0 1 0 b5 55 1 1 1 0 1 2d4 3ff 0 1
4 0 0 1 60 46 0 1 1 0 1 2d4 3ff 0 1
4 0 0 0 fa eb 0 1 1 0 1 2d4 3ff 0 1
4 0 1 1 76 e3 0 1 1 0 1 2d4 3ff 0 1
4 0 0 0 d0 f0 1 1 1 0 1 2d5 3ff 0 1
4 0 1 1 ed de 1 1 1 0 1 2d6 3ff 0 1
4 0 0 1 0e 36 0 1 1 0 1 2d6 3ff 0 1
4 0 0 1 1d 03 0 1 1 0 1 2d6 3ff 0 1
4 0 0 1 43 51 1 1 1 0 1 2d7 3ff 0 1
4 0 0 0 5c e7 1 0 1 0 0 000 000 1 1
4 0 1 1 39 e1 1 0 1 0 0 000 000 0 1
4 0 1 0 73 a0 0 1 1 0 1 1cc 3ff 0 1
4 0 1 1 b5 78 0 1 1 0 1 1cc 3ff 0 1
4 0 0 0 1b 07 1 1 1 0 1 1cd 3ff 0 1
4 0 0 0 97 1e 1 1 1 0 1 1ce 3ff 0 1
4 0 0 1 b1 9b 1 1 1 0 1 1cf 3ff 0 1
4 0 0 0 74 6d 0 1 1 0 1 1cf 3ff 0 1
4 0 1 1 1a f0 1 0 1 0 0 000 000 1 1
4 0 0 1 df 30 1 0 1 0 0 000 000 0 1
4 0 1 1 87 c6 1 1 1 1 1 318 3ff 0 1
4 0 0 1 bc 32 1 1 1 1 1 319 3ff 0 1
4 0 1 1 0b f4 1 1 1 1 1 31a 3ff 0 1
4 0 0 1 8a 98 0 1 1 1 1 31a 3ff 0 1
4 0 1 1 a8 a5 1 1 1 1 1 31b 3ff 0 1
4 0 0 0 a9 83 1 1 1 0 1 21c 3ff 0 1
4 0 0 1 97 27 1 1 1 0 1 21d 3ff 0 1
4 0 0 1 37 5a 1 1 1 0 1 21e 3ff 0 1
4 0 0 0 1c 1d 0 1 1 0 1 21e 3ff 0 1
4 0 0 0 90 75 1 1 1 0 1 21f 3ff 0 1
4 0 1 1 50 24 1 0 1 0 0 000 000 1 1
4 0 1 0 d9 38 1 0 1 0 0 000 000 0 1
4 0 0 0 32 44 0 0 1 0 0 000 000 0 1
4 0 1 0 6d 3d 0 1 1 0 1 1b4 3ff 0 1
4 0 0 0 76 69 1 1 1 0 1 1b5 3ff 0 1
4 0 0 1 80 64 0 1 1 0 1 1b5 3ff 0 1
4 0 0 0 6e cf 1 1 1 0 1 1b6 3ff 0 1
4 0 1 1 0d 84 1 1 1 0 1 1b7 3ff 0 1
4 0 1 0 7e 8b 1 0 1 0 0 000 000 1 1
4 0 0 1 b3 32 1 0 1 0 0 000 000 0 1
4 0 0 1 2c 45 0 0 1 0 0 000 000 0 1
4 0 0 1 0b 83 1 0 1 0 0 000 000 0 1
4 0 0 1 86 a2 1 0 1 0 0 000 000 0 1
4 0 1 0 99 4e 1 1 1 0 1 264 3ff 0 1
4 0 0 1 72 e4 1 1 1 0 1 265 3ff 0 1
4 0 0 0 84 bc 1 1 1 0 1 266 3ff 0 1
4 0 0 0 70 d8 1 1 1 0 1 267 3ff 0 1
4 0 1 1 64 a8 1 0 1 0 0 000 000 1 1
4 0 0 0 27 46 1 0 1 0 0 000 000 0 1
4 0 0 1 a3 d0 1 0 1 0 0 000 000 0 1
4 0 0 0 44 3b 1 0 1 0 0 000 000 0 1
4 0 0 0 95 18 1 0 1 0 0 000 000 0 1
4 0 0 1 a5 65 0 0 1 0 0 000 000 0 1
4 0 0 1 7e 12 1 0 1 0 0 000 000 0 1
4 0 0 0 cd 8c 0 0 1 0 0 000 000 0 1
4 0 0 1 71 47 0 0 1 0 0 000 000 0 1
4 0 0 0 c2 52 1 0 1 0 0 000 000 0 1
4 0 0 0 68 00 1 0 1 0 0 000 000 0 1
4 0 0 1 f2 cb 0 0 1 0 0 000 000 0 1
4 0 0 0 34 64 1 0 1 0 0 000 000 0 1
4 0 0 1 9a 5b 0 0 1 0 0 000 000 0 1
4 0 0 0 90 c9 1 0 1 0 0 000 000 0 1
4 0 0 0 b7 88 1 0 1 0 0 000 000 0 1
4 0 0 0 d2 87 0 0 1 0 0 000 000 0 1
4 0 0 1 2d e9 1 0 1 0 0 000 000 0 1
4 0 1 0 64 ee 1 1 1 0 1 190 3ff 0 1
4 0 0 0 75 60 0 1 1 0 1 190 3ff 0 1
4 0 0 0 d2 4f 1 1 1 0 1 191 3ff 0 1
4 0 0 0 97 a5 0 1 1 0 1 191 3ff 0 1
4 0 1 1 1f 5d 0 1 1 0 1 191 3ff 0 1
4 0 1 1 d6 13 0 1 1 0 1 191 3ff 0 1
4 0 1 1 63 7f 0 1 1 0 1 191 3ff 0 1
4 0 0 1 d8 99 1 1 1 0 1 192 3ff 0 1
4 0 1 0 27 c5 1 1 1 0 1 193 3ff 0 1
4 0 0 1 81 0e 0 1 1 0 1 193 3ff 0 1
4 0 0 0 6f b8 1 0 1 0 0 000 000 1 1
4 0 0 0 40 08 1 0 1 0 0 000 000 0 1
4 0 1 1 3e 47 1 1 1 1 1 11c 3ff 0 1
4 0 0 0 28 08 1 1 1 1 1 11d 3ff 0 1
4 0 0 1 fc a3 1 1 1 1 1 11e 3ff 0 1
4 0 1 1 2b 9c 0 1 1 1 1 11e 3ff 0 1
4 0 0 1 a9 eb 0 1 1 1 1 11e 3ff 0 1
4 0 0 1 ea 88 0 1 1 1 1 11e 3ff 0 1
4 0 0 0 b1 8e 0 1 1 1 1 11e 3ff 0 1
4 0 1 1 de 64 1 1 1 1 1 11f 3ff 0 1
4 0 1 0 46 38 1 1 1 0 1 0f8 3ff 0 1
4 0 0 0 8c 92 0 1 1 0 1 0f8 3ff 0 1
4 0 0 0 c3 ea 1 1 1 0 1 0f9 3ff 0 1
4 0 0 1 5a 36 0 1 1 0 1 0f9 3ff 0 1
4 0 1 1 1f 48 1 1 1 0 1 0fa 3ff 0 1
4 0 1 1 e3 28 1 1 1 0 1 0fb 3ff 0 1
4 0 0 1 b2 9b 1 0 1 0 0 000 000 1 1
4 0 0 1 ec ae 0 0 1 0 0 000 000 0 1
4 0 1 0 80 66 1 1 1 0 1 200 3ff 0 1
4 0 0 1 e6 5c 0 1 1 0 1 200 3ff 0 1
4 0 0 0 32 71 1 1 1 0 1 201 3ff 0 1
4 0 0 0 16 a7 0 1 1 0 1 201 3ff 0 1
4 0 0 1 6b bc 0 1 1 0 1 201 3ff 0 1
4 0 0 1 45 ae 0 1 1 0 1 201 3ff 0 1
4 0 1 0 fa d5 1 1 1 0 1 202 3ff 0 1
4 0 0 1 cb 45 1 1 1 0 1 203 3ff 0 1
4 0 1 1 04 b6 0 1 1 0 1 203 3ff 0 1
4 0 0 0 33 d1 1 0 1 0 0 000 000 1 1
4 0 1 0 7b 47 0 0 1 0 0 000 000 0 1
4 0 1 0 32 57 1 1 1 0 1 0c8 3ff 0 1
4 0 1 1 99 1d 0 1 1 0 1 0c8 3ff 0 1
4 0 1 1 01 ac 1 1 1 0 1 0c9 3ff 0 1
4 0 0 1 87 42 0 1 1 0 1 0c9 3ff 0 1
4 0 0 0 10 cc 1 1 1 0 1 0ca 3ff 0 1
4 0 0 0 b3 19 0 1 1 0 1 0ca 3ff 0 1
4 0 0 0 f1 37 1 1 1 0 1 0cb 3ff 0 1
4 0 0 1 28 3c 0 1 1 0 1 0cb 3ff 0 1
4 0 0 0 38 b2 1 0 1 0 0 000 000 1 1
4 0 0 1 1d dc 1 0 1 0 0 000 000 0 1
4 0 1 1 85 db 0 1 1 1 1 36c 3ff 0 1
4 0 1 1 d7 05 1 1 1 1 1 36d 3ff 0 1
4 0 0 0 10 bc 0 1 1 1 1 36d 3ff 0 1
4 0 0 0 55 18 0 1 1 1 1 36d 3ff 0 1
4 0 1 1 90 96 1 1 1 1 1 36e 3ff 0 1
4 0 1 1 87 ac 1 1 1 1 1 36f 3ff 0 1
4 0 0 1 c7 d8 0 1 1 1 1 36f 3ff 0 1
4 0 0 0 e0 4d 1 1 1 0 1 214 3ff 0 1
4 0 0 0 22 9b 1 1 1 0 1 215 3ff 0 1
4 0 1 1 88 37 0 1 1 0 1 215 3ff 0 1
4 0 1 0 05 38 1 1 1 0 1 216 3ff 0 1
4 0 0 1 54 e7 0 1 1 0 1 216 3ff 0 1
4 0 1 1 52 7a 1 1 1 0 1 217 3ff 0 1
4 0 0 1 4d ea 0 1 1 0 1 217 3ff 0 1
4 0 0 0 bc b8 1 0 1 0 0 000 000 1 1
4 0 1 1 ec 70 0 0 1 0 0 000 000 0 1
4 0 0 0 8a a8 0 0 1 0 0 000 000 0 1
4 0 0 0 61 25 0 0 1 0 0 000 000 0 1
4 0 0 0 64 66 1 0 1 0 0 000 000 0 1
4 0 0 1 5f 1b 0 0 1 0 0 000 000 0 1
4 0 0 1 35 33 1 0 1 0 0 000 000 0 1
4 0 0 0 82 8c 1 0 1 0 0 000 000 0 1
4 0 0 0 1b 57 1 0 1 0 0 000 000 0 1
4 0 0 1 4c 6b 0 0 1 0 0 000 000 0 1
4 0 0 0 f6 d8 0 0 1 0 0 000 000 0 1
4 0 0 1 e6 ff 1 0 1 0 0 000 000 0 1
4 0 0 1 54 a0 0 0 1 0 0 000 000 0 1
4 0 0 0 d2 28 1 0 1 0 0 000 000 0 1
4 0 0 1 2d 8f 1 0 1 0 0 000 000 0 1
4 0 1 0 08 31 1 1 1 0 1 020 3ff 0 1
4 0 0 1 da 2d 0 1 1 0 1 020 3ff 0 1
4 0 1 1 f7 0d 1 1 1 0 1 021 3ff 0 1
4 0 0 0 81 ac 0 1 1 0 1 021 3ff 0 1
4 0 0 1 8a 6b 1 1 1 0 1 022 3ff 0 1
4 0 0 0 cc 71 0 1 1 0 1 022 3ff 0 1
4 0 1 1 7b 06 1 1 1 0 1 023 3ff 0 1
4 0 1 1 7e 19 1 0 1 0 0 000 000 1 1
4 0 0 0 f7 63 1 0 1 0 0 000 000 0 1
4 0 1 1 7d 21 1 1 1 1 1 084 3ff 0 1
4 0 0 1 84 b8 1 1 1 1 1 085 3ff 0 1
4 0 1 1 d7 fe 1 1 1 1 1 086 3ff 0 1
4 0 1 1 34 61 1 1 1 1 1 087 3ff 0 1
4 0 1 1 4d 79 1 1 1 0 1 1f4 3ff 0 1
4 0 0 0 e1 ea 1 1 1 0 1 1f5 3ff 0 1
4 0 1 1 e9 41 1 1 1 0 1 1f6 3ff 0 1
4 0 0 0 0e b1 1 1 1 0 1 1f7 3ff 0 1
4 0 0 0 14 e4 1 0 1 0 0 000 000 1 1
4 0 1 1 d1 97 0 0 1 0 0 000 000 0 1
4 0 1 1 db b6 0 1 1 1 1 2d8 3ff 0 1
4 0 0 0 7e d2 0 1 1 1 1 2d8 3ff 0 1
4 0 1 1 48 3a 1 1 1 1 1 2d9 3ff 0 1
4 0 0 0 3d c4 1 1 1 1 1 2da 3ff 0 1
4 0 0 0 de 38 1 1 1 1 1 2db 3ff 0 1
4 0 0 1 0d 0e 1 1 1 0 1 36c 3ff 0 1
4 0 0 0 c2 1a 0 1 1 0 1 36c 3ff 0 1
4 0 1 0 a2 12 0 1 1 0 1 36c 3ff 0 1
4 0 0 1 0e b3 0 1 1 0 1 36c 3ff 0 1
4 0 0 0 96 c9 1 1 1 0 1 36d 3ff 0 1
4 0 0 1 d1 44 0 1 1 0 1 36d 3ff 0 1
4 0 0 0 e0 d7 1 1 1 0 1 36e 3ff 0 1
4 0 0 1 46 19 1 1 1 0 1 36f 3ff 0 1
4 0 0 0 80 10 0 1 1 0 1 36f 3ff 0 1
4 0 0 0 32 10 0 1 1 0 1 36f 3ff 0 1
4 0 1 0 1e 84 0 1 1 0 1 36f 3ff 0 1
4 0 1 0 ae f1 0 1 1 0 1 36f 3ff 0 1
4 0 0 1 15 fb 1 0 1 0 0 000 000 1 1
4 0 0 1 49 c6 0 0 1 0 0 000 000 0 1
4 0 1 0 e5 1b 0 1 1 0 1 394 3ff 0 1
4 0 0 1 3e f7 1 1 1 0 1 395 3ff 0 1
4 0 1 0 10 26 0 1 1 0 1 395 3ff 0 1
4 0 0 0 4a d5 1 1 1 0 1 396 3ff 0 1
4 0 1 1 79 13 0 1 1 0 1 396 3ff 0 1
4 0 1 0 25 de 0 1 1 0 1 396 3ff 0 1
4 0 0 0 5e f6 1 1 1 0 1 397 3ff 0 1
4 0 1 0 5d ec 1 0 1 0 0 000 000 1 1
4 0 0 0 49 e4 0 0 1 0 0 000 000 0 1
4 0 1 0 d6 62 0 1 1 0 1 358 3ff 0 1
4 0 1 1 9b e9 1 1 1 0 1 359 3ff 0 1
4 0 0 1 0d 77 0 1 1 0 1 359 3ff 0 1
4 0 0 0 1b a9 1 1 1 0 1 35a 3ff 0 1
4 0 0 1 cd d5 1 1 1 0 1 35b 3ff 0 1
4 0 0 1 1a 41 0 1 1 0 1 35b 3ff 0 1
4 0 1 0 4c 3c 0 1 1 0 1 35b 3ff 0 1
4 0 1 1 45 5c 0 1 1 0 1 35b 3ff 0 1
4 0 0 1 6a 09 0 1 1 0 1 35b 3ff 0 1
4 0 1 1 85 8f 0 1 1 0 1 35b 3ff 0 1
4 0 0 1 43 73 0 1 1 0 1 35b 3ff 0 1
4 0 0 0 44 ad 0 1 1 0 1 35b 3ff 0 1
4 0 1 0 d7 2d 1 0 1 0 0 000 000 1 1
4 0 0 1 3a 91 1 0 1 0 0 000 000 0 1
4 1 0 1 06 7a 1 0 1 0 0 000 000 0 1
4 0 1 1 6d dd 0 1 1 1 1 374 3ff 0 1
4 0 1 1 7f 1c 0 1 1 1 1 374 3ff 0 1
4 0 0 1 3e 74 0 1 1 1 1 374 3ff 0 1
4 0 0 1 d1 11 0 1 1 1 1 374 3ff 0 1
4 0 0 0 3f f2 1 1 1 1 1 375 3ff 0 1
4 0 1 0 bc b4 1 1 1 1 1 376 3ff 0 1
4 0 0 1 21 74 1 1 1 1 1 377 3ff 0 1
4 0 0 1 3d 25 0 1 1 1 1 377 3ff 0 1
4 0 0 0 38 77 0 1 1 1 1 377 3ff 0 1
4 0 1 1 2f d9 0 1 1 1 1 377 3ff 0 1
4 0 0 0 b2 14 0 1 1 1 1 377 3ff 0 1
4 0 0 0 98 ee 0 1 1 1 1 377 3ff 0 1
4 0 0 1 4e ce 1 1 1 0 1 1b4 3ff 0 1
4 0 0 1 3f f8 0 1 1 0 1 1b4 3ff 0 1
4 0 0 0 1d dc 1 1 1 0 1 1b5 3ff 0 1
4 0 0 1 bc 5f 0 1 1 0 1 1b5 3ff 0 1
4 0 1 0 67 42 0 1 1 0 1 1b5 3ff 0 1
4 0 0 0 3d 77 1 1 1 0 1 1b6 3ff 0 1
4 0 0 0 b1 19 0 1 1 0 1 1b6 3ff 0 1
4 0 1 1 da 8c 0 1 1 0 1 1b6 3ff 0 1
4 0 0 0 4e 73 1 1 1 0 1 1b7 3ff 0 1
4 0 0 0 b2 fe 0 1 1 0 1 1b7 3ff 0 1
4 0 0 1 8f ca 0 1 1 0 1 1b7 3ff 0 1
4 0 0 0 30 5c 1 0 1 0 0 000 000 1 1
4 0 0 0 1c b2 1 0 1 0 0 000 000 0 1
4 0 1 1 0e 46 1 1 1 1 1 118 3ff 0 1
4 0 0 1 52 c4 0 1 1 1 1 118 3ff 0 1
4 0 0 1 ae 5e 0 1 1 1 1 118 3ff 0 1
4 0 0 1 b2 65 0 1 1 1 1 118 3ff 0 1
4 0 0 0 f8 e9 0 1 1 1 1 118 3ff 0 1
4 0 1 1 cb 4b 0 1 1 1 1 118 3ff 0 1
4 0 1 0 42 80 1 1 1 1 1 119 3ff 0 1
4 0 0 0 cb 44 0 1 1 1 1 119 3ff 0 1
4 0 0 1 05 6b 1 1 1 1 1 11a 3ff 0 1
4 0 0 1 c7 68 0 1 1 1 1 11a 3ff 0 1
4 0 0 0 1a ac 1 1 1 1 1 11b 3ff 0 1
4 0 0 1 0b 33 1 1 1 0 1 038 3ff 0 1
4 0 1 0 fa 1d 1 1 1 0 1 039 3ff 0 1
4 0 0 0 b0 8b 0 1 1 0 1 039 3ff 0 1
4 0 0 0 3b a3 1 1 1 0 1 03a 3ff 0 1
4 0 0 1 b8 40 0 1 1 0 1 03a 3ff 0 1
4 0 0 1 9f 9d 1 1 1 0 1 03b 3ff 0 1
4 0 0 0 01 75 1 0 1 0 0 000 000 1 1
4 0 0 1 49 9e 1 0 1 0 0 000 000 0 1
4 0 0 0 ab c1 1 0 1 0 0 000 000 0 1
4 0 1 0 96 6f 0 1 1 0 1 258 3ff 0 1
4 0 1 0 e7 4c 1 1 1 0 1 259 3ff 0 1
4 0 0 0 00 ae 1 1 1 0 1 25a 3ff 0 1
4 0 1 0 c1 fb 0 1 1 0 1 25a 3ff 0 1
4 0 0 0 cb 0e 1 1 1 0 1 25b 3ff 0 1
4 0 1 1 c4 6e 1 0 1 0 0 000 000 1 1
4 0 0 1 59 44 1 0 1 0 0 000 000 0 1
4 0 0 1 dd e6 1 0 1 0 0 000 000 0 1
4 0 0 1 f4 52 1 0 1 0 0 000 000 0 1
4 0 0 0 fe 8b 0 0 1 0 0 000 000 0 1
4 0 0 0 44 a6 1 0 1 0 0 000 000 0 1
4 0 0 1 76 df 1 0 1 0 0 000 000 0 1
4 0 0 1 3c 5d 1 0 1 0 0 000 000 0 1
4 0 0 0 59 22 1 0 1 0 0 000 000 0 1
4 0 1 0 f8 9d 1 1 1 0 1 3e0 3ff 0 1
4 0 0 1 8c ac 0 1 1 0 1 3e0 3ff 0 1
4 0 0 1 3a b1 0 1 1 0 1 3e0 3ff 0 1
4 0 0 0 ed ab 0 1 1 0 1 3e0 3ff 0 1
4 0 0 1 63 e5 0 1 1 0 1 3e0 3ff 0 1
4 0 0 1 3b 60 1 1 1 0 1 3e1 3ff 0 1
4 0 0 0 95 bb 0 1 1 0 1 3e1 3ff 0 1
4 0 0 0 64 2a 1 1 1 0 1 3e2 3ff 0 1
4 0 1 1 ef 73 1 1 1 0 1 3e3 3ff 0 1
4 0 0 0 a7 60 0 1 1 0 1 3e3 3ff 0 1
4 0 0 1 e0 a5 0 1 1 0 1 3e3 3ff 0 1
4 0 0 0 5a c2 1 0 1 0 0 000 000 1 1
4 0 0 1 e5 f9 1 0 1 0 0 000 000 0 1
4 0 1 1 09 03 1 1 1 1 1 00c 3ff 0 1
4 0 0 1 c5 ee 1 1 1 1 1 00d 3ff 0 1
4 0 0 1 71 a4 1 1 1 1 1 00e 3ff 0 1
4 0 0 0 d5 df 0 1 1 1 1 00e 3ff 0 1
4 0 0 1 a4 51 1 1 1 1 1 00f 3ff 0 1
4 0 0 1 f0 90 1 1 1 0 1 024 3ff 0 1
4 0 1 1 a0 ec 1 1 1 0 1 025 3ff 0 1
4 0 0 1 3d fb 0 1 1 0 1 025 3ff 0 1
4 0 0 1 c3 af 1 1 1 0 1 026 3ff 0 1
4 0 0 1 94 78 0 1 1 0 1 026 3ff 0 1
4 0 0 0 44 91 0 1 1 0 1 026 3ff 0 1
4 0 0 0 9f 35 0 1 1 0 1 026 3ff 0 1
4 0 0 0 60 fe 1 1 1 0 1 027 3ff 0 1
4 0 1 1 dc 07 0 1 1 0 1 027 3ff 0 1
4 0 1 1 ca 95 0 1 1 0 1 027 3ff 0 1
4 0 0 1 90 e5 0 1 1 0 1 027 3ff 0 1
4 0 1 1 74 56 0 1 1 0 1 027 3ff 0 1
4 0 0 1 d8 e7 1 0 1 0 0 000 000 1 1
4 0 1 0 26 90 0 0 1 0 0 000 000 0 1
4 0 0 0 d3 a5 0 0 1 0 0 000 000 0 1
4 0 1 1 aa d0 1 1 1 1 1 340 3ff 0 1
4 0 0 0 21 85 0 1 1 1 1 340 3ff 0 1
4 0 0 1 26 2d 1 1 1 1 1 341 3ff 0 1
4 0 0 1 5c cf 1 1 1 1 1 342 3ff 0 1
4 0 1 0 df 44 1 1 1 1 1 343 3ff 0 1
4 0 0 0 e2 ac 1 1 1 0 1 2a8 3ff 0 1
4 0 0 1 f8 49 0 1 1 0 1 2a8 3ff 0 1
4 0 1 0 3c d5 0 1 1 0 1 2a8 3ff 0 1
4 0 0 0 06 0c 1 1 1 0 1 2a9 3ff 0 1
4 0 0 1 1f f4 0 1 1 0 1 2a9 3ff 0 1
4 0 1 1 e3 18 0 1 1 0 1 2a9 3ff 0 1
4 0 1 0 3e a3 1 1 1 0 1 2aa 3ff 0 1
4 0 0 1 4a e3 0 1 1 0 1 2aa 3ff 0 1
4 0 0 0 46 3b 1 1 1 0 1 2ab 3ff 0 1
4 0 0 0 45 18 0 1 1 0 1 2ab 3ff 0 1
4 0 0 1 ab 0d 1 0 1 0 0 000 000 1 1
4 0 1 1 c5 17 1 0 1 0 0 000 000 0 1
4 0 1 0 54 1d 1 1 1 0 1 150 3ff 0 1
4 0 1 1 21 bf 0 1 1 0 1 150 3ff 0 1
4 0 0 1 8a e0 1 1 1 0 1 151 3ff 0 1
4 0 1 0 b3 3c 0 1 1 0 1 151 3ff 0 1
4 0 1 0 37 3a 0 1 1 0 1 151 3ff 0 1
4 0 1 1 2c e5 1 1 1 0 1 152 3ff 0 1
4 0 0 0 9f b5 1 1 1 0 1 153 3ff 0 1
4 0 0 0 89 d0 1 0 1 0 0 000 000 1 1
4 0 0 0 31 96 1 0 1 0 0 000 000 0 1
4 0 0 1 d8 26 1 0 1 0 0 000 000 0 1
4 0 0 0 d6 13 1 0 1 0 0 000 000 0 1
4 0 0 1 81 e3 0 0 1 0 0 000 000 0 1
4 0 0 1 6f b4 1 0 1 0 0 000 000 0 1
4 0 0 0 3f 67 1 0 1 0 0 000 000 0 1
4 0 0 0 db 2f 0 0 1 0 0 000 000 0 1
4 0 1 0 ce bf 1 1 1 0 1 338 3ff 0 1
4 0 1 1 05 0c 1 1 1 0 1 339 3ff 0 1
4 0 1 1 13 d5 0 1 1 0 1 339 3ff 0 1
4 0 0 1 e1 b2 1 1 1 0 1 33a 3ff 0 1
4 0 0 1 53 84 1 1 1 0 1 33b 3ff 0 1
4 0 0 1 b8 02 1 0 1 0 0 000 000 1 1
4 0 0 0 3d fa 0 0 1 0 0 000 000 0 1
4 0 1 1 bd fb 0 1 1 1 1 3ec 3ff 0 1
4 0 0 1 0c 05 1 1 1 1 1 3ed 3ff 0 1
4 0 0 0 df 84 1 1 1 1 1 3ee 3ff 0 1
4 0 0 1 c6 61 0 1 1 1 1 3ee 3ff 0 1
4 0 0 1 c9 e6 1 1 1 1 1 3ef 3ff 0 1
4 0 0 1 10 24 1 1 1 0 1 2f4 3ff 0 1
4 0 0 0 69 1f 0 1 1 0 1 2f4 3ff 0 1
4 0 0 0 98 eb 0 1 1 0 1 2f4 3ff 0 1
4 0 0 1 f3 d0 0 1 1 0 1 2f4 3ff 0 1
4 0 1 1 17 7e 0 1 1 0 1 2f4 3ff 0 1
4 0 1 1 3a 78 1 1 1 0 1 2f5 3ff 0 1
4 0 0 1 f4 69 1 1 1 0 1 2f6 3ff 0 1
4 0 0 0 d6 ed 0 1 1 0 1 2f6 3ff 0 1
4 0 0 1 04 30 0 1 1 0 1 2f6 3ff 0 1
4 0 0 0 c0 c8 1 1 1 0 1 2f7 3ff 0 1
4 0 1 0 07 de 0 1 1 0 1 2f7 3ff 0 1
4 0 0 1 db e8 1 0 1 0 0 000 000 1 1
4 0 0 0 d8 3f 1 0 1 0 0 000 000 0 1
4 0 0 0 7f 08 1 0 1 0 0 000 000 0 1
4 0 1 0 29 41 0 1 1 0 1 0a4 3ff 0 1
4 0 0 1 f0 81 1 1 1 0 1 0a5 3ff 0 1
4 0 0 0 9c 8f 0 1 1 0 1 0a5 3ff 0 1
4 0 1 0 ad 5c 0 1 1 0 1 0a5 3ff 0 1
4 0 1 1 5d 48 0 1 1 0 1 0a5 3ff 0 1
4 0 1 1 6a a8 1 1 1 0 1 0a6 3ff 0 1
4 0 0 0 7c 8a 0 1 1 0 1 0a6 3ff 0 1
4 0 1 0 7c b8 1 1 1 0 1 0a7 3ff 0 1
4 0 0 0 6d c6 1 0 1 0 0 000 000 1 1
4 0 1 1 92 aa 1 0 1 0 0 000 000 0 1
4 0 1 1 8b 9e 1 1 1 1 1 278 3ff 0 1
4 0 0 1 aa 03 1 1 1 1 1 279 3ff 0 1
4 0 0 0 8e da 1 1 1 1 1 27a 3ff 0 1
4 0 1 0 55 61 0 1 1 1 1 27a 3ff 0 1
4 0 0 0 42 a6 0 1 1 1 1 27a 3ff 0 1
4 0 0 1 c3 a7 0 1 1 1 1 27a 3ff 0 1
4 0 0 1 75 f5 1 1 1 1 1 27b 3ff 0 1
4 0 0 0 52 ce 0 1 1 1 1 27b 3ff 0 1
4 0 0 0 ec bd 1 1 1 0 1 22c 3ff 0 1
4 0 1 0 73 e8 1 1 1 0 1 22d 3ff 0 1
4 0 0 0 b5 4e 0 1 1 0 1 22d 3ff 0 1
4 0 0 0 b2 5d 1 1 1 0 1 22e 3ff 0 1
4 0 0 0 15 dd 0 1 1 0 1 22e 3ff 0 1
4 0 0 0 36 fe 1 1 1 0 1 22f 3ff 0 1
4 0 1 1 f2 bb 0 1 1 0 1 22f 3ff 0 1
4 0 1 1 a8 37 0 1 1 0 1 22f 3ff 0 1
4 0 1 0 df c9 1 0 1 0 0 000 000 1 1
4 0 1 1 96 45 0 0 1 0 0 000 000 0 1
4 0 0 1 7c 6b 1 0 1 0 0 000 000 0 1
4 0 0 1 88 ec 1 0 1 0 0 000 000 0 1
4 0 0 0 f7 ca 1 0 1 0 0 000 000 0 1
4 0 0 0 6a bc 0 0 1 0 0 000 000 0 1
4 0 1 1 30 81 1 1 1 1 1 204 3ff 0 1
4 0 0 0 4a d9 0 1 1 1 1 204 3ff 0 1
4 0 0 0 b3 9f 1 1 1 1 1 205 3ff 0 1
4 0 0 1 92 ed 1 1 1 1 1 206 3ff 0 1
4 0 0 1 4a fe 1 1 1 1 1 207 3ff 0 1
4 0 0 0 ae 57 1 1 1 0 1 0c0 3ff 0 1
4 0 0 1 34 d4 1 1 1 0 1 0c1 3ff 0 1
4 0 0 1 c5 f4 1 1 1 0 1 0c2 3ff 0 1
4 0 1 0 9e 79 1 1 1 0 1 0c3 3ff 0 1
4 0 0 1 90 b9 1 0 1 0 0 000 000 1 1
4 0 0 1 d1 40 0 0 1 0 0 000 000 0 1
4 0 0 0 42 a2 1 0 1 0 0 000 000 0 1
4 0 0 0 b5 8e 1 0 1 0 0 000 000 0 1
4 0 0 1 6d 2a 0 0 1 0 0 000 000 0 1
4 0 1 0 1e 9c 1 1 1 0 1 078 3ff 0 1
4 0 0 0 d0 70 1 1 1 0 1 079 3ff 0 1
4 0 0 1 da de 1 1 1 0 1 07a 3ff 0 1
4 0 1 1 01 77 1 1 1 0 1 07b 3ff 0 1
4 0 0 1 ed eb 1 0 1 0 0 000 000 1 1
4 0 1 1 f2 5a 0 0 1 0 0 000 000 0 1
4 0 0 1 d6 39 1 0 1 0 0 000 000 0 1
4 0 0 0 d0 78 0 0 1 0 0 000 000 0 1
4 0 0 0 7a 08 0 0 1 0 0 000 000 0 1
4 0 0 0 0a 6f 1 0 1 0 0 000 000 0 1
4 0 0 1 f9 2f 1 0 1 0 0 000 000 0 1
4 0 0 0 ec 25 0 0 1 0 0 000 000 0 1
4 0 1 1 be 56 1 1 1 1 1 158 3ff 0 1
4 0 0 0 53 a9 1 1 1 1 1 159 3ff 0 1
4 0 0 0 87 a7 1 1 1 1 1 15a 3ff 0 1
4 0 0 0 4e 87 1 1 1 1 1 15b 3ff 0 1
4 0 1 1 bc 65 1 1 1 0 1 2f8 3ff 0 1
4 0 0 0 cd 9d 0 1 1 0 1 2f8 3ff 0 1
4 0 1 0 51 d6 1 1 1 0 1 2f9 3ff 0 1
4 0 0 1 c2 25 1 1 1 0 1 2fa 3ff 0 1
4 0 0 0 7a d7 0 1 1 0 1 2fa 3ff 0 1
4 0 0 0 4d 2a 1 1 1 0 1 2fb 3ff 0 1
4 0 0 1 96 ac 0 1 1 0 1 2fb 3ff 0 1
4 0 1 0 a7 e1 0 1 1 0 1 2fb 3ff 0 1
4 0 1 0 96 44 1 0 1 0 0 000 000 1 1
4 0 0 1 2a 55 0 0 1 0 0 000 000 0 1
4 0 0 0 47 9f 0 0 1 0 0 000 000 0 1
4 0 1 1 f8 df 0 1 1 1 1 37c 3ff 0 1
4 0 1 1 dc bb 0 1 1 1 1 37c 3ff 0 1
4 0 1 1 84 ff 1 1 1 1 1 37d 3ff 0 1
4 0 1 0 2b d7 1 1 1 1 1 37e 3ff 0 1
4 0 1 0 0c 02 1 1 1 1 1 37f 3ff 0 1
4 0 0 1 f6 bb 0 1 1 1 1 37f 3ff 0 1
4 0 0 0 4e d0 0 1 1 1 1 37f 3ff 0 1
4 0 0 0 0d 51 0 1 1 1 1 37f 3ff 0 1
4 0 0 0 15 f7 0 1 1 1 1 37f 3ff 0 1
4 0 0 1 b4 de 1 1 1 0 1 3e0 3ff 0 1
4 0 0 1 4c 9c 1 1 1 0 1 3e1 3ff 0 1
4 0 1 0 4f 9e 1 1 1 0 1 3e2 3ff 0 1
4 0 0 1 61 a6 0 1 1 0 1 3e2 3ff 0 1
4 0 0 0 19 71 1 1 1 0 1 3e3 3ff 0 1
4 0 0 0 2d 6d 1 0 1 0 0 000 000 1 1
4 0 0 0 bd c5 1 0 1 0 0 000 000 0 1
4 0 0 0 41 18 1 0 1 0 0 000 000 0 1
4 0 1 1 e7 c0 0 1 1 1 1 300 3ff 0 1
4 0 1 1 ff fe 0 1 1 1 1 300 3ff 0 1
4 0 0 0 5f e7 0 1 1 1 1 300 3ff 0 1
4 0 0 0 55 68 0 1 1 1 1 300 3ff 0 1
4 0 0 1 b8 3b 1 1 1 1 1 301 3ff 0 1
4 0 1 1 17 e2 1 1 1 1 1 302 3ff 0 1
4 0 0 0 d5 0b 0 1 1 1 1 302 3ff 0 1
4 0 0 0 d9 f7 0 1 1 1 1 302 3ff 0 1
4 0 1 0 6e e3 1 1 1 1 1 303 3ff 0 1
4 0 0 0 4c 77 1 1 1 0 1 39c 3ff 0 1
4 0 1 1 1a e0 1 1 1 0 1 39d 3ff 0 1
4 0 0 1 e6 f6 0 1 1 0 1 39d 3ff 0 1
4 0 0 0 eb 8b 1 1 1 0 1 39e 3ff 0 1
4 0 0 1 41 3b 0 1 1 0 1 39e 3ff 0 1
4 0 0 1 90 30 1 1 1 0 1 39f 3ff 0 1
4 0 0 1 1b f6 1 0 1 0 0 000 000 1 1
4 0 0 1 78 a1 0 0 1 0 0 000 000 0 1
4 0 0 0 f2 a9 0 0 1 0 0 000 000 0 1
4 0 1 1 34 05 0 1 1 1 1 014 3ff 0 1
4 0 0 1 9f 2a 0 1 1 1 1 014 3ff 0 1
4 0 0 1 08 04 0 1 1 1 1 014 3ff 0 1
4 0 0 0 ab 11 1 1 1 1 1 015 3ff 0 1
4 0 0 0 8d 84 1 1 1 1 1 016 3ff 0 1
4 0 0 0 8a 36 1 1 1 1 1 017 3ff 0 1
4 0 0 0 c6 35 1 1 1 0 1 0d0 3ff 0 1
4 0 0 0 d7 89 0 1 1 0 1 0d0 3ff 0 1
4 0 0 1 fb 3c 1 1 1 0 1 0d1 3ff 0 1
4 0 0 1 75 90 1 1 1 0 1 0d2 3ff 0 1
4 0 0 1 0b 8f 1 1 1 0 1 0d3 3ff 0 1
4 0 0 1 66 94 0 1 1 0 1 0d3 3ff 0 1
4 0 0 1 e6 59 0 1 1 0 1 0d3 3ff 0 1
4 0 1 1 ae f8 1 0 1 0 0 000 000 1 1
4 0 0 0 8e 60 0 0 1 0 0 000 000 0 1
4 0 0 1 89 aa 1 0 1 0 0 000 000 0 1
4 0 1 1 43 0b 1 1 1 1 1 02c 3ff 0 1
4 0 1 1 b2 15 1 1 1 1 1 02d 3ff 0 1
4 0 0 1 ca 4a 1 1 1 1 1 02e 3ff 0 1
4 0 1 0 89 19 0 1 1 1 1 02e 3ff 0 1
4 0 0 1 3a a6 1 1 1 1 1 02f 3ff 0 1
4 0 1 0 7d 45 1 1 1 0 1 10c 3ff 0 1
4 0 1 1 51 2b 1 1 1 0 1 10d 3ff 0 1
4 0 0 0 46 fe 1 1 1 0 1 10e 3ff 0 1
4 0 0 1 3f 50 0 1 1 0 1 10e 3ff 0 1
4 0 1 1 e6 70 0 1 1 0 1 10e 3ff 0 1
4 0 0 1 db e8 0 1 1 0 1 10e 3ff 0 1
4 0 0 1 b8 15 1 1 1 0 1 10f 3ff 0 1
4 0 1 1 1e 6a 1 0 1 0 0 000 000 1 1
4 0 0 1 49 1e 0 0 1 0 0 000 000 0 1
4 0 0 0 1d fa 1 0 1 0 0 000 000 0 1
4 0 0 0 16 8f 0 0 1 0 0 000 000 0 1
4 0 1 1 b7 d8 1 1 1 1 1 360 3ff 0 1
4 0 0 0 45 a9 0 1 1 1 1 360 3ff 0 1
4 0 0 1 c6 26 1 1 1 1 1 361 3ff 0 1
4 0 0 1 46 9c 1 1 1 1 1 362 3ff 0 1
4 0 0 1 29 34 1 1 1 1 1 363 3ff 0 1
4 0 0 0 59 21 1 1 1 0 1 2dc 3ff 0 1
4 0 0 0 ba cf 1 1 1 0 1 2dd 3ff 0 1
4 0 1 1 da 3c 1 1 1 0 1 2de 3ff 0 1
4 0 0 0 24 89 1 1 1 0 1 2df 3ff 0 1
4 0 0 0 c4 77 1 0 1 0 0 000 000 1 1
4 0 0 1 f2 85 0 0 1 0 0 000 000 0 1
4 0 0 0 bb e2 0 0 1 0 0 000 000 0 1
4 0 1 1 f9 6e 1 1 1 1 1 1b8 3ff 0 1
4 0 0 0 71 d4 1 1 1 1 1 1b9 3ff 0 1
4 0 0 1 52 e9 1 1 1 1 1 1ba 3ff 0 1
4 0 1 0 83 bf 0 1 1 1 1 1ba 3ff 0 1
4 0 0 1 8f 77 1 1 1 1 1 1bb 3ff 0 1
4 0 0 0 d2 e5 0 1 1 1 1 1bb 3ff 0 1
4 0 1 0 1d 84 1 1 1 0 1 3e4 3ff 0 1
4 0 1 0 c9 36 1 1 1 0 1 3e5 3ff 0 1
4 0 1 0 01 a0 1 1 1 0 1 3e6 3ff 0 1
4 0 1 0 15 d1 1 1 1 0 1 3e7 3ff 0 1
4 0 0 1 b3 07 0 1 1 0 1 3e7 3ff 0 1
4 0 1 0 3f 2e 1 0 1 0 0 000 000 1 1
4 0 1 0 c6 8e 1 0 1 0 0 000 000 0 1
4 0 0 0 65 0a 0 0 1 0 0 000 000 0 1
4 0 0 0 5a a5 1 0 1 0 0 000 000 0 1
4 0 1 0 5f 21 0 1 1 0 1 17c 3ff 0 1
4 0 1 0 15 e3 1 1 1 0 1 17d 3ff 0 1
4 0 1 0 53 cb 0 1 1 0 1 17d 3ff 0 1
4 0 1 1 89 d1 1 1 1 0 1 17e 3ff 0 1
4 0 0 0 7a 25 1 1 1 0 1 17f 3ff 0 1
4 0 0 0 e9 cf 1 0 1 0 0 000 000 1 1
4 0 1 0 95 04 1 0 1 0 0 000 000 0 1
4 0 0 1 70 35 1 0 1 0 0 000 000 0 1
4 0 0 0 8e 17 1 0 1 0 0 000 000 0 1
4 0 0 0 7c 1d 0 0 1 0 0 000 000 0 1
4 0 1 0 ea 76 1 1 1 0 1 3a8 3ff 0 1
4 0 0 0 55 25 1 1 1 0 1 3a9 3ff 0 1
4 0 0 0 5b 75 1 1 1 0 1 3aa 3ff 0 1
4 0 1 1 fb a0 1 1 1 0 1 3ab 3ff 0 1
4 0 0 0 22 8d 0 1 1 0 1 3ab 3ff 0 1
4 0 0 1 7d 3f 1 0 1 0 0 000 000 1 1
4 0 0 0 6d 43 1 0 1 0 0 000 000 0 1
4 0 0 0 67 da 0 0 1 0 0 000 000 0 1
4 0 0 0 4e 62 1 0 1 0 0 000 000 0 1
4 0 0 1 c8 55 1 0 1 0 0 000 000 0 1
4 0 0 1 4a b3 1 0 1 0 0 000 000 0 1
4 0 0 0 e2 c7 1 0 1 0 0 000 000 0 1
4 0 0 1 f3 57 0 0 1 0 0 000 000 0 1
4 0 0 1 60 0e 0 0 1 0 0 000 000 0 1
4 0 1 0 c4 aa 1 1 1 0 1 310 3ff 0 1
4 0 1 0 6f f6 0 1 1 0 1 310 3ff 0 1
4 0 0 1 17 ad 0 1 1 0 1 310 3ff 0 1
4 0 0 1 df a6 0 1 1 0 1 310 3ff 0 1
4 0 1 0 ee c3 1 1 1 0 1 311 3ff 0 1
4 0 1 0 e9 a0 0 1 1 0 1 311 3ff 0 1
4 0 0 0 50 20 1 1 1 0 1 312 3ff 0 1
4 0 0 1 50 b7 1 1 1 0 1 313 3ff 0 1
4 0 0 1 45 88 1 0 1 0 0 000 000 1 1
4 0 0 1 10 76 0 0 1 0 0 000 000 0 1
4 0 0 1 1f 35 0 0 1 0 0 000 000 0 1
4 0 0 1 c3 27 1 0 1 0 0 000 000 0 1
4 0 1 0 1f f5 0 1 1 0 1 07c 3ff 0 1
4 0 1 1 b1 57 0 1 1 0 1 07c 3ff 0 1
4 0 0 1 12 25 0 1 1 0 1 07c 3ff 0 1
4 0 0 1 82 32 1 1 1 0 1 07d 3ff 0 1
4 0 0 0 10 11 0 1 1 0 1 07d 3ff 0 1
4 0 0 0 f8 51 0 1 1 0 1 07d 3ff 0 1
4 0 0 1 bb e3 0 1 1 0 1 07d 3ff 0 1
4 0 0 1 40 78 1 1 1 0 1 07e 3ff 0 1
4 0 0 1 2e 6d 1 1 1 0 1 07f 3ff 0 1
4 0 0 1 30 0e 1 0 1 0 0 000 000 1 1
4 0 1 0 99 b7 0 0 1 0 0 000 000 0 1
4 0 1 1 41 5b 1 1 1 1 1 16c 3ff 0 1
4 0 1 1 22 1c 1 1 1 1 1 16d 3ff 0 1
4 0 0 1 43 e4 0 1 1 1 1 16d 3ff 0 1
4 0 0 1 4a d2 1 1 1 1 1 16e 3ff 0 1
4 0 0 0 e5 4d 1 1 1 1 1 16f 3ff 0 1
4 0 1 0 15 76 1 1 1 0 1 104 3ff 0 1
4 0 0 0 ed a3 0 1 1 0 1 104 3ff 0 1
4 0 0 0 47 2e 1 1 1 0 1 105 3ff 0 1
4 0 0 0 0f 66 1 1 1 0 1 106 3ff 0 1
4 0 1 0 28 ec 0 1 1 0 1 106 3ff 0 1
4 0 1 0 4f 64 0 1 1 0 1 106 3ff 0 1
4 0 0 0 90 ba 0 1 1 0 1 106 3ff 0 1
4 0 0 0 3b 4f 1 1 1 0 1 107 3ff 0 1
4 0 1 0 40 dd 1 0 1 0 0 000 000 1 1
4 0 0 1 f5 06 0 0 1 0 0 000 000 0 1
4 0 0 0 e5 f4 1 0 1 0 0 000 000 0 1
4 0 1 0 99 04 0 1 1 0 1 264 3ff 0 1
4 0 0 1 88 d2 1 1 1 0 1 265 3ff 0 1
4 0 1 1 3c ab 0 1 1 0 1 265 3ff 0 1
4 0 0 0 a7 81 0 1 1 0 1 265 3ff 0 1
4 0 0 1 ed 19 1 1 1 0 1 266 3ff 0 1
4 0 0 1 8a 26 1 1 1 0 1 267 3ff 0 1
4 0 0 1 b0 f2 0 1 1 0 1 267 3ff 0 1
4 0 1 1 e7 ce 1 0 1 0 0 000 000 1 1
4 0 0 1 85 ed 1 0 1 0 0 000 000 0 1
4 0 0 1 48 cd 1 0 1 0 0 000 000 0 1
4 0 1 0 fc b4 0 1 1 0 1 3f0 3ff 0 1
4 0 0 0 f2 68 1 1 1 0 1 3f1 3ff 0 1
4 0 1 1 db b6 1 1 1 0 1 3f2 3ff 0 1
4 0 0 0 3f 6b 0 1 1 0 1 3f2 3ff 0 1
4 0 0 0 b5 5b 1 1 1 0 1 3f3 3ff 0 1
4 0 1 0 52 ab 1 0 1 0 0 000 000 1 1
4 0 0 1 5d 30 0 0 1 0 0 000 000 0 1
4 0 0 1 25 bb 0 0 1 0 0 000 000 0 1
4 0 1 0 90 a5 0 1 1 0 1 240 3ff 0 1
4 0 0 1 2c ed 0 1 1 0 1 240 3ff 0 1
4 0 0 1 95 6a 0 1 1 0 1 240 3ff 0 1
4 0 0 0 03 cb 1 1 1 0 1 241 3ff 0 1
4 0 0 1 06 40 1 1 1 0 1 242 3ff 0 1
4 0 0 0 ab 68 1 1 1 0 1 243 3ff 0 1
4 0 0 1 4b 20 0 1 1 0 1 243 3ff 0 1
4 0 0 0 f5 3c 0 1 1 0 1 243 3ff 0 1
4 0 0 1 48 56 0 1 1 0 1 243 3ff 0 1
4 0 1 1 be ae 0 1 1 0 1 243 3ff 0 1
4 0 1 1 ed f0 1 0 1 0 0 000 000 1 1
4 0 0 0 61 59 1 0 1 0 0 000 000 0 1
4 0 0 1 5b 4b 1 0 1 0 0 000 000 0 1
4 0 0 1 34 0d 0 0 1 0 0 000 000 0 1
4 0 0 0 e0 e3 0 0 1 0 0 000 000 0 1
4 0 0 1 b6 24 1 0 1 0 0 000 000 0 1
4 0 1 0 1c f7 0 1 1 0 1 070 3ff 0 1
4 0 0 0 a3 70 1 1 1 0 1 071 3ff 0 1
4 0 0 0 56 e9 0 1 1 0 1 071 3ff 0 1
4 0 1 1 09 d2 1 1 1 0 1 072 3ff 0 1
4 0 1 0 c5 cb 1 1 1 0 1 073 3ff 0 1
4 0 0 1 50 00 1 0 1 0 0 000 000 1 1
4 0 1 1 b4 0f 1 0 1 0 0 000 000 0 1
4 0 1 0 42 65 0 1 1 0 1 108 3ff 0 1
4 0 0 0 75 3d 0 1 1 0 1 108 3ff 0 1
4 0 0 0 f8 87 1 1 1 0 1 109 3ff 0 1
4 0 1 1 98 eb 1 1 1 0 1 10a 3ff 0 1
4 0 0 0 82 cb 0 1 1 0 1 10a 3ff 0 1
4 0 0 1 41 76 1 1 1 0 1 10b 3ff 0 1
4 0 0 0 cc b2 1 0 1 0 0 000 000 1 1
4 0 0 1 73 ba 0 0 1 0 0 000 000 0 1
4 0 0 1 9f 93 0 0 1 0 0 000 000 0 1
4 0 1 0 89 29 1 1 1 0 1 224 3ff 0 1
4 0 0 1 d2 3c 0 1 1 0 1 224 3ff 0 1
4 0 1 0 61 29 1 1 1 0 1 225 3ff 0 1
4 0 0 1 7e ed 1 1 1 0 1 226 3ff 0 1
4 0 0 1 17 06 1 1 1 0 1 227 3ff 0 1
4 0 0 0 1a a3 1 0 1 0 0 000 000 1 1
4 0 0 1 63 43 1 0 1 0 0 000 000 0 1
4 0 1 1 13 58 1 1 1 1 1 160 3ff 0 1
4 0 1 0 8c d0 1 1 1 1 1 161 3ff 0 1
4 0 0 1 25 48 0 1 1 1 1 161 3ff 0 1
4 0 1 0 89 84 0 1 1 1 1 161 3ff 0 1
4 0 0 0 ca 71 0 1 1 1 1 161 3ff 0 1
4 0 0 1 34 f0 0 1 1 1 1 161 3ff 0 1
4 0 0 1 ac 3b 1 1 1 1 1 162 3ff 0 1
4 0 0 0 b6 f7 0 1 1 1 1 162 3ff 0 1
4 0 1 0 0c 3b 1 1 1 1 1 163 3ff 0 1
4 0 0 0 a8 bb 1 1 1 0 1 04c 3ff 0 1
4 0 0 1 5b 96 1 1 1 0 1 04d 3ff 0 1
4 0 0 0 d3 83 1 1 1 0 1 04e 3ff 0 1
4 0 0 1 35 4f 1 1 1 0 1 04f 3ff 0 1
4 0 0 1 f7 d7 0 1 1 0 1 04f 3ff 0 1
4 0 0 1 de 70 0 1 1 0 1 04f 3ff 0 1
4 0 1 0 4f 08 1 0 1 0 0 000 000 1 1
4 0 0 1 6d 67 0 0 1 0 0 000 000 0 1
4 0 0 0 e6 ab 0 0 1 0 0 000 000 0 1
4 0 0 0 85 b8 0 0 1 0 0 000 000 0 1
4 0 0 0 2a c2 1 0 1 0 0 000 000 0 1
4 0 0 0 8e b2 0 0 1 0 0 000 000 0 1
4 0 0 1 27 c9 0 0 1 0 0 000 000 0 1
4 0 1 1 86 fd 0 1 1 1 1 3f4 3ff 0 1
4 0 1 0 0a fc 1 1 1 1 1 3f5 3ff 0 1
4 0 0 0 e2 2e 1 1 1 1 1 3f6 3ff 0 1
4 0 0 1 4b b3 0 1 1 1 1 3f6 3ff 0 1
4 0 1 1 60 1a 1 1 1 1 1 3f7 3ff 0 1
4 0 0 1 b9 09 0 1 1 1 1 3f7 3ff 0 1
4 0 0 1 38 cf 1 1 1 0 1 218 3ff 0 1
4 0 0 0 04 9b 1 1 1 0 1 219 3ff 0 1
4 0 0 1 3f 7e 0 1 1 0 1 219 3ff 0 1
4 0 0 0 e3 d2 0 1 1 0 1 219 3ff 0 1
4 0 0 0 3c 7c 0 1 1 0 1 219 3ff 0 1
4 0 1 0 53 8c 1 1 1 0 1 21a 3ff 0 1
4 0 0 0 d3 5d 1 1 1 0 1 21b 3ff 0 1
4 0 0 0 49 15 1 0 1 0 0 000 000 1 1
4 0 0 0 4d 34 1 0 1 0 0 000 000 0 1
4 0 0 1 85 16 1 0 1 0 0 000 000 0 1
4 0 0 0 77 49 0 0 1 0 0 000 000 0 1
4 0 0 1 f8 06 1 0 1 0 0 000 000 0 1
4 0 0 1 f7 fe 1 0 1 0 0 000 000 0 1
4 0 1 1 44 ee 0 1 1 1 1 3b8 3ff 0 1
4 0 0 1 93 52 0 1 1 1 1 3b8 3ff 0 1
4 0 0 0 27 94 1 1 1 1 1 3b9 3ff 0 1
4 0 1 1 f9 d9 1 1 1 1 1 3ba 3ff 0 1
4 0 0 1 4c 04 0 1 1 1 1 3ba 3ff 0 1
4 0 0 1 11 34 0 1 1 1 1 3ba 3ff 0 1
4 0 0 0 15 6d 0 1 1 1 1 3ba 3ff 0 1
4 0 1 1 aa 32 0 1 1 1 1 3ba 3ff 0 1
4 0 0 0 29 5c 0 1 1 1 1 3ba 3ff 0 1
4 0 0 1 af 89 1 1 1 1 1 3bb 3ff 0 1
4 0 0 0 83 46 1 1 1 0 1 110 3ff 0 1
4 0 0 0 ce 50 0 1 1 0 1 110 3ff 0 1
4 0 0 0 17 3e 0 1 1 0 1 110 3ff 0 1
4 0 0 1 3b c7 1 1 1 0 1 111 3ff 0 1
4 0 0 0 3a dd 1 1 1 0 1 112 3ff 0 1
4 0 0 1 ec b8 1 1 1 0 1 113 3ff 0 1
4 0 0 1 8e 84 1 0 1 0 0 000 000 1 1
4 0 0 1 65 1c 0 0 1 0 0 000 000 0 1
4 0 0 0 21 95 1 0 1 0 0 000 000 0 1
4 0 0 1 f8 2f 1 0 1 0 0 000 000 0 1
4 0 0 0 ab a4 0 0 1 0 0 000 000 0 1
4 0 0 0 2e 01 0 0 1 0 0 000 000 0 1
4 0 0 1 05 6f 0 0 1 0 0 000 000 0 1
4 0 1 0 4f 8e 1 1 1 0 1 13c 3ff 0 1
4 0 0 0 79 ef 1 1 1 0 1 13d 3ff 0 1
4 0 0 1 6c 81 0 1 1 0 1 13d 3ff 0 1
4 0 0 1 a4 23 1 1 1 0 1 13e 3ff 0 1
4 0 0 0 db c0 0 1 1 0 1 13e 3ff 0 1
4 0 0 0 ea 4b 1 1 1 0 1 13f 3ff 0 1
4 0 1 1 e4 aa 0 1 1 0 1 13f 3ff 0 1
4 0 0 1 58 5a 0 1 1 0 1 13f 3ff 0 1
4 0 0 1 8b db 1 0 1 0 0 000 000 1 1
4 0 0 1 b0 48 1 0 1 0 0 000 000 0 1
4 0 0 0 92 76 1 0 1 0 0 000 000 0 1
4 0 1 0 4e dc 1 1 1 0 1 138 3ff 0 1
4 0 0 1 f9 53 1 1 1 0 1 139 3ff 0 1
4 0 0 0 9c 73 1 1 1 0 1 13a 3ff 0 1
4 0 1 0 73 52 0 1 1 0 1 13a 3ff 0 1
4 0 0 1 e8 87 1 1 1 0 1 13b 3ff 0 1
4 0 0 1 b2 f1 0 1 1 0 1 13b 3ff 0 1
4 0 0 0 93 43 1 0 1 0 0 000 000 1 1
4 0 0 1 56 2d 1 0 1 0 0 000 000 0 1
4 0 0 1 90 75 0 0 1 0 0 000 000 0 1
4 0 0 0 eb a9 0 0 1 0 0 000 000 0 1
4 0 1 1 57 65 1 1 1 1 1 194 3ff 0 1
4 0 0 0 7f d1 1 1 1 1 1 195 3ff 0 1
4 0 0 1 d4 9f 0 1 1 1 1 195 3ff 0 1
4 0 0 1 dd 14 0 1 1 1 1 195 3ff 0 1
4 0 0 1 af 5d 1 1 1 1 1 196 3ff 0 1
4 0 0 0 73 ba 1 1 1 1 1 197 3ff 0 1
4 0 0 1 8b b1 1 1 1 0 1 15c 3ff 0 1
4 0 0 1 74 d4 1 1 1 0 1 15d 3ff 0 1
4 0 0 0 29 28 1 1 1 0 1 15e 3ff 0 1
4 0 1 0 3c 02 1 1 1 0 1 15f 3ff 0 1
4 0 0 0 d9 4c 0 1 1 0 1 15f 3ff 0 1
4 0 0 1 2a 82 0 1 1 0 1 15f 3ff 0 1
4 0 0 0 bb 60 0 1 1 0 1 15f 3ff 0 1
4 0 0 0 36 20 0 1 1 0 1 15f 3ff 0 1
4 0 1 1 67 f2 0 1 1 0 1 15f 3ff 0 1
4 0 0 1 5e 53 1 0 1 0 0 000 000 1 1
4 0 0 1 be 56 1 0 1 0 0 000 000 0 1
4 0 0 1 9c 96 0 0 1 0 0 000 000 0 1
4 0 0 0 07 e9 1 0 1 0 0 000 000 0 1
4 0 1 0 60 74 0 1 1 0 1 180 3ff 0 1
4 0 0 1 21 45 1 1 1 0 1 181 3ff 0 1
4 0 0 1 a2 66 0 1 1 0 1 181 3ff 0 1
4 0 0 0 59 6c 0 1 1 0 1 181 3ff 0 1
4 0 0 1 97 5c 0 1 1 0 1 181 3ff 0 1
4 0 0 1 97 59 1 1 1 0 1 182 3ff 0 1
4 0 0 1 ba 6e 1 1 1 0 1 183 3ff 0 1
4 0 1 0 04 c2 0 1 1 0 1 183 3ff 0 1
4 0 0 0 94 c8 0 1 1 0 1 183 3ff 0 1
4 0 0 1 c5 26 0 1 1 0 1 183 3ff 0 1
4 0 1 0 0f 6e 0 1 1 0 1 183 3ff 0 1
4 0 0 1 34 00 1 0 1 0 0 000 000 1 1
4 0 0 1 d3 dc 1 0 1 0 0 000 000 0 1
4 0 0 1 6f b6 0 0 1 0 0 000 000 0 1
4 0 0 0 83 a5 0 0 1 0 0 000 000 0 1
4 0 1 1 9d 41 1 1 1 1 1 104 3ff 0 1
4 0 1 1 c8 58 1 1 1 1 1 105 3ff 0 1
4 0 1 0 40 e4 1 1 1 1 1 106 3ff 0 1
4 0 1 1 a3 14 1 1 1 1 1 107 3ff 0 1
4 0 0 1 58 06 1 1 1 0 1 274 3ff 0 1
4 0 1 1 99 91 0 1 1 0 1 274 3ff 0 1
4 0 1 0 e5 c1 1 1 1 0 1 275 3ff 0 1
4 0 0 0 85 8b 0 1 1 0 1 275 3ff 0 1
4 0 0 0 33 28 1 1 1 0 1 276 3ff 0 1
4 0 1 0 bc 2f 0 1 1 0 1 276 3ff 0 1
4 0 1 1 c6 57 1 1 1 0 1 277 3ff 0 1
4 0 0 1 a7 7d 0 1 1 0 1 277 3ff 0 1
4 0 1 1 62 c5 1 0 1 0 0 000 000 1 1
4 0 0 1 44 ee 0 0 1 0 0 000 000 0 1
4 0 1 1 85 c8 0 1 1 1 1 320 3ff 0 1
4 0 0 0 a3 04 1 1 1 1 1 321 3ff 0 1
4 0 1 1 9f 2a 1 1 1 1 1 322 3ff 0 1
4 0 0 0 49 44 0 1 1 1 1 322 3ff 0 1
4 0 0 1 07 a2 1 1 1 1 1 323 3ff 0 1
4 0 0 1 99 b0 0 1 1 1 1 323 3ff 0 1
4 0 0 0 ba b0 1 1 1 0 1 214 3ff 0 1
4 0 0 1 03 dd 0 1 1 0 1 214 3ff 0 1
4 0 0 0 1a b5 0 1 1 0 1 214 3ff 0 1
4 0 0 1 04 4b 1 1 1 0 1 215 3ff 0 1
4 0 1 1 f0 52 1 1 1 0 1 216 3ff 0 1
4 0 0 1 76 69 1 1 1 0 1 217 3ff 0 1
4 0 0 1 f3 a6 1 0 1 0 0 000 000 1 1
4 0 1 1 e8 4c 1 0 1 0 0 000 000 0 1
4 0 0 1 e3 b3 1 0 1 0 0 000 000 0 1
4 0 1 0 29 c8 1 1 1 0 1 0a4 3ff 0 1
4 0 1 1 a8 29 0 1 1 0 1 0a4 3ff 0 1
4 0 0 0 24 2e 1 1 1 0 1 0a5 3ff 0 1
4 0 0 1 6e 1c 0 1 1 0 1 0a5 3ff 0 1
4 0 0 1 a9 1d 1 1 1 0 1 0a6 3ff 0 1
4 0 0 0 90 8b 0 1 1 0 1 0a6 3ff 0 1
4 0 1 1 e5 30 1 1 1 0 1 0a7 3ff 0 1
4 0 0 1 c2 30 1 0 1 0 0 000 000 1 1
4 0 0 1 73 9c 1 0 1 0 0 000 000 0 1
4 0 1 0 a7 8d 1 1 1 0 1 29c 3ff 0 1
4 0 1 0 e9 e6 0 1 1 0 1 29c 3ff 0 1
4 0 0 0 de 27 1 1 1 0 1 29d 3ff 0 1
4 0 0 0 f6 e4 1 1 1 0 1 29e 3ff 0 1
4 0 0 1 4c ac 1 1 1 0 1 29f 3ff 0 1
4 0 0 0 02 96 0 1 1 0 1 29f 3ff 0 1
4 0 1 0 95 3e 1 0 1 0 0 000 000 1 1
4 0 0 0 42 d7 1 0 1 0 0 000 000 0 1
4 0 0 0 f5 c2 0 0 1 0 0 000 000 0 1
4 0 0 0 36 81 1 0 1 0 0 000 000 0 1
4 0 1 1 a7 3e 0 1 1 1 1 0f8 3ff 0 1
4 0 0 1 e0 34 1 1 1 1 1 0f9 3ff 0 1
4 0 0 1 79 78 1 1 1 1 1 0fa 3ff 0 1
4 0 1 0 5c 29 1 1 1 1 1 0fb 3ff 0 1
4 0 1 1 3d 3d 1 1 1 0 1 29c 3ff 0 1
4 0 0 1 44 43 0 1 1 0 1 29c 3ff 0 1
4 0 0 1 37 1f 1 1 1 0 1 29d 3ff 0 1
4 0 1 1 8b b0 1 1 1 0 1 29e 3ff 0 1
4 0 1 0 bd c4 1 1 1 0 1 29f 3ff 0 1
4 0 0 0 dc d2 1 0 1 0 0 000 000 1 1
4 0 1 0 b1 25 0 0 1 0 0 000 000 0 1
4 0 0 1 9a bc 0 0 1 0 0 000 000 0 1
4 0 0 0 11 f2 0 0 1 0 0 000 000 0 1
4 0 1 1 33 42 1 1 1 1 1 108 3ff 0 1
4 0 0 0 17 23 1 1 1 1 1 109 3ff 0 1
4 0 1 0 8d e8 1 1 1 1 1 10a 3ff 0 1
4 0 1 0 14 5a 1 1 1 1 1 10b 3ff 0 1
4 0 1 0 74 e9 1 1 1 0 1 0cc 3ff 0 1
4 0 0 0 a9 59 1 1 1 0 1 0cd 3ff 0 1
4 0 0 1 27 5c 1 1 1 0 1 0ce 3ff 0 1
4 0 0 1 9f d3 1 1 1 0 1 0cf 3ff 0 1
4 0 0 1 b8 e5 0 1 1 0 1 0cf 3ff 0 1
4 0 0 1 86 59 1 0 1 0 0 000 000 1 1
4 0 1 0 02 7e 1 0 1 0 0 000 000 0 1
4 0 0 0 b3 4b 1 0 1 0 0 000 000 0 1
4 0 0 1 2a f1 1 0 1 0 0 000 000 0 1
4 0 0 0 10 02 1 0 1 0 0 000 000 0 1
4 0 1 0 37 00 0 1 1 0 1 0dc 3ff 0 1
4 0 0 1 23 78 0 1 1 0 1 0dc 3ff 0 1
4 0 0 1 a6 bd 1 1 1 0 1 0dd 3ff 0 1
4 0 0 1 75 ab 1 1 1 0 1 0de 3ff 0 1
4 0 0 0 df 42 1 1 1 0 1 0df 3ff 0 1
4 0 0 1 ab cc 0 1 1 0 1 0df 3ff 0 1
4 0 0 1 e2 26 0 1 1 0 1 0df 3ff 0 1
4 0 0 1 f2 35 1 0 1 0 0 000 000 1 1
4 0 1 1 55 d7 1 0 1 0 0 000 000 0 1
4 0 1 0 59 fe 1 1 1 0 1 164 3ff 0 1
4 0 1 1 21 3f 0 1 1 0 1 164 3ff 0 1
4 0 0 0 67 72 1 1 1 0 1 165 3ff 0 1
4 0 0 1 b6 7c 1 1 1 0 1 166 3ff 0 1
4 0 0 1 09 30 0 1 1 0 1 166 3ff 0 1
4 0 1 1 66 7e 0 1 1 0 1 166 3ff 0 1
4 0 0 0 db 84 1 1 1 0 1 167 3ff 0 1
4 0 0 0 ab da 0 1 1 0 1 167 3ff 0 1
4 0 0 1 00 a9 1 0 1 0 0 000 000 1 1
4 0 0 1 1a 99 0 0 1 0 0 000 000 0 1
4 0 1 0 03 91 1 1 1 0 1 00c 3ff 0 1
4 0 1 0 e9 c1 0 1 1 0 1 00c 3ff 0 1
4 0 0 0 fa f1 0 1 1 0 1 00c 3ff 0 1
4 0 0 0 4c f4 0 1 1 0 1 00c 3ff 0 1
4 0 0 1 28 41 1 1 1 0 1 00d 3ff 0 1
4 0 0 1 19 89 1 1 1 0 1 00e 3ff 0 1
4 0 1 1 9f 77 1 1 1 0 1 00f 3ff 0 1
4 0 0 1 85 1d 1 0 1 0 0 000 000 1 1
4 0 0 0 51 e4 0 0 1 0 0 000 000 0 1
4 0 1 0 99 85 0 1 1 0 1 264 3ff 0 1
4 0 0 0 96 38 0 1 1 0 1 264 3ff 0 1
4 0 0 0 63 8f 0 1 1 0 1 264 3ff 0 1
4 0 0 1 df 61 0 1 1 0 1 264 3ff 0 1
4 0 0 1 2f 4e 1 1 1 0 1 265 3ff 0 1
4 0 1 0 c5 12 1 1 1 0 1 266 3ff 0 1
4 0 0 0 ff 47 1 1 1 0 1 267 3ff 0 1
4 0 0 1 4c a9 0 1 1 0 1 267 3ff 0 1
4 0 1 1 6d 20 0 1 1 0 1 267 3ff 0 1
4 0 0 0 01 c4 1 0 1 0 0 000 000 1 1
4 0 0 0 5a bf 1 0 1 0 0 000 000 0 1
4 0 1 0 2f 31 0 1 1 0 1 0bc 3ff 0 1
4 0 0 0 fd b6 1 1 1 0 1 0bd 3ff 0 1
4 0 1 0 74 70 0 1 1 0 1 0bd 3ff 0 1
4 0 1 1 9f 95 1 1 1 0 1 0be 3ff 0 1
4 0 0 0 8d 37 1 1 1 0 1 0bf 3ff 0 1
4 0 0 0 57 75 1 0 1 0 0 000 000 1 1
4 0 0 0 9f 80 1 0 1 0 0 000 000 0 1
4 0 0 1 76 35 1 0 1 0 0 000 000 0 1
4 0 0 1 4e d9 1 0 1 0 0 000 000 0 1
4 0 0 0 1f 13 1 0 1 0 0 000 000 0 1
4 0 0 1 89 87 0 0 1 0 0 000 000 0 1
4 0 1 1 1f 74 1 1 1 1 1 1d0 3ff 0 1
4 0 0 1 aa ab 0 1 1 1 1 1d0 3ff 0 1
4 0 0 0 7e 64 1 1 1 1 1 1d1 3ff 0 1
4 0 0 1 f4 ec 1 1 1 1 1 1d2 3ff 0 1
4 0 0 1 92 0b 1 1 1 1 1 1d3 3ff 0 1
4 0 1 0 54 79 1 1 1 0 1 07c 3ff 0 1
4 1 1 0 9e 3f 0 0 1 0 0 000 000 0 1
4 0 0 1 92 b4 1 0 1 0 0 000 000 0 1
4 0 0 0 01 29 0 0 1 0 0 000 000 0 1
4 0 0 1 10 65 0 0 1 0 0 000 000 0 1
4 0 0 1 97 d4 0 0 1 0 0 000 000 0 1
4 0 0 0 f7 1a 1 0 1 0 0 000 000 0 1
4 0 1 0 84 48 1 1 1 0 1 210 3ff 0 1
4 0 0 0 17 fc 1 1 1 0 1 211 3ff 0 1
4 0 0 1 87 63 1 1 1 0 1 212 3ff 0 1
4 0 1 0 69 9c 1 1 1 0 1 213 3ff 0 1
4 0 0 0 86 d2 1 0 1 0 0 000 000 1 1
4 0 0 1 de b7 0 0 1 0 0 000 000 0 1
4 0 1 0 f5 2b 0 1 1 0 1 3d4 3ff 0 1
4 0 0 1 93 a9 1 1 1 0 1 3d5 3ff 0 1
4 0 0 1 ec ea 1 1 1 0 1 3d6 3ff 0 1
4 0 1 1 2b bc 1 1 1 0 1 3d7 3ff 0 1
4 0 0 0 16 ff 1 0 1 0 0 000 000 1 1
4 0 0 1 b2 d6 1 0 1 0 0 000 000 0 1
4 0 0 1 4c b7 1 0 1 0 0 000 000 0 1
4 0 0 1 c6 a2 0 0 1 0 0 000 000 0 1
4 0 0 0 0f bc 1 0 1 0 0 000 000 0 1
4 0 0 0 5c 0e 0 0 1 0 0 000 000 0 1
4 0 0 1 e8 72 1 0 1 0 0 000 000 0 1
4 0 0 0 b1 18 1 0 1 0 0 000 000 0 1
4 0 0 1 a5 25 1 0 1 0 0 000 000 0 1
4 0 0 1 84 f5 1 0 1 0 0 000 000 0 1
4 0 0 0 4a 6e 1 0 1 0 0 000 000 0 1
4 0 0 1 ea 78 0 0 1 0 0 000 000 0 1
4 0 0 0 70 53 0 0 1 0 0 000 000 0 1
4 0 0 0 aa 3f 1 0 1 0 0 000 000 0 1
4 0 1 0 50 e3 1 1 1 0 1 140 3ff 0 1
4 0 0 0 c1 4c 1 1 1 0 1 141 3ff 0 1
4 0 0 0 6b da 0 1 1 0 1 141 3ff 0 1
4 0 0 0 ba b0 1 1 1 0 1 142 3ff 0 1
4 0 1 1 87 34 1 1 1 0 1 143 3ff 0 1
4 0 0 1 0e 43 1 0 1 0 0 000 000 1 1
4 0 0 1 2a 50 0 0 1 0 0 000 000 0 1
4 0 0 0 15 74 1 0 1 0 0 000 000 0 1
4 0 0 1 40 d9 1 0 1 0 0 000 000 0 1
4 0 0 1 c5 5c 0 0 1 0 0 000 000 0 1
4 0 0 0 6d 34 0 0 1 0 0 000 000 0 1
4 0 0 1 af 2e 1 0 1 0 0 000 000 0 1
4 0 0 1 c1 df 1 0 1 0 0 000 000 0 1
4 0 0 0 7c 88 1 0 1 0 0 000 000 0 1
4 0 0 0 ec 5c 1 0 1 0 0 000 000 0 1
4 0 1 1 7c 9b 1 1 1 1 1 26c 3ff 0 1
4 0 0 1 39 f0 0 1 1 1 1 26c 3ff 0 1
4 0 0 0 94 1d 1 1 1 1 1 26d 3ff 0 1
4 0 1 1 c8 d1 0 1 1 1 1 26d 3ff 0 1
4 0 0 0 af 63 0 1 1 1 1 26d 3ff 0 1
4 0 1 1 cd 5f 0 1 1 1 1 26d 3ff 0 1
4 0 0 0 b0 93 1 1 1 1 1 26e 3ff 0 1
4 0 0 0 e2 e9 0 1 1 1 1 26e 3ff 0 1
4 0 1 1 c9 68 0 1 1 1 1 26e 3ff 0 1
4 0 0 0 de ed 1 1 1 1 1 26f 3ff 0 1
4 0 1 0 23 d7 0 1 1 1 1 26f 3ff 0 1
4 0 1 1 0c 4f 0 1 1 1 1 26f 3ff 0 1
4 0 0 0 d0 74 0 1 1 1 1 26f 3ff 0 1
4 0 0 0 3f c3 0 1 1 1 1 26f 3ff 0 1
4 0 1 1 40 bd 1 1 1 0 1 1f0 3ff 0 1
4 0 0 0 e5 14 1 1 1 0 1 1f1 3ff 0 1
4 0 0 0 f8 da 1 1 1 0 1 1f2 3ff 0 1
4 0 0 1 49 53 0 1 1 0 1 1f2 3ff 0 1
4 0 0 0 be a7 1 1 1 0 1 1f3 3ff 0 1
4 0 1 1 e0 fd 1 0 1 0 0 000 000 1 1
4 0 0 0 d2 6b 0 0 1 0 0 000 000 0 1
4 0 0 1 ae 62 1 0 1 0 0 000 000 0 1
4 0 1 1 4e b4 0 1 1 1 1 2d0 3ff 0 1
4 0 0 0 b8 35 0 1 1 1 1 2d0 3ff 0 1
4 0 1 0 d8 07 1 1 1 1 1 2d1 3ff 0 1
4 0 0 1 02 ec 0 1 1 1 1 2d1 3ff 0 1
4 0 0 1 92 3d 0 1 1 1 1 2d1 3ff 0 1
4 0 0 0 c8 78 1 1 1 1 1 2d2 3ff 0 1
4 0 1 1 f5 4b 0 1 1 1 1 2d2 3ff 0 1
4 0 1 1 fb 12 1 1 1 1 1 2d3 3ff 0 1
4 0 0 1 88 d1 1 1 1 0 1 138 3ff 0 1
4 0 0 0 6d f5 1 1 1 0 1 139 3ff 0 1
4 0 0 0 cd c9 1 1 1 0 1 13a 3ff 0 1
4 0 1 0 ff 49 1 1 1 0 1 13b 3ff 0 1
4 0 0 1 e4 92 0 1 1 0 1 13b 3ff 0 1
4 0 1 0 15 41 1 0 1 0 0 000 000 1 1
4 0 0 0 42 bb 1 0 1 0 0 000 000 0 1
4 0 0 0 94 87 1 0 1 0 0 000 000 0 1
4 0 0 0 96 5a 0 0 1 0 0 000 000 0 1
4 0 0 1 cc a5 0 0 1 0 0 000 000 0 1
4 0 0 0 91 02 1 0 1 0 0 000 000 0 1
4 0 1 1 a8 a9 0 1 1 1 1 2a4 3ff 0 1
4 0 1 1 b6 9a 1 1 1 1 1 2a5 3ff 0 1
4 0 0 0 3d 08 0 1 1 1 1 2a5 3ff 0 1
4 0 0 0 6a f9 1 1 1 1 1 2a6 3ff 0 1
4 0 1 0 13 7c 0 1 1 1 1 2a6 3ff 0 1
4 0 1 1 c9 93 1 1 1 1 1 2a7 3ff 0 1
4 0 1 0 2c 41 1 1 1 0 1 2a0 3ff 0 1
4 0 0 1 3b 32 1 1 1 0 1 2a1 3ff 0 1
4 0 0 1 46 cc 1 1 1 0 1 2a2 3ff 0 1
4 0 0 1 99 f9 0 1 1 0 1 2a2 3ff 0 1
4 0 0 1 16 96 0 1 1 0 1 2a2 3ff 0 1
4 0 0 0 bc 5d 0 1 1 0 1 2a2 3ff 0 1
4 0 0 0 8c 44 1 1 1 0 1 2a3 3ff 0 1
4 0 0 1 57 00 1 0 1 0 0 000 000 1 1
4 0 0 1 af 22 1 0 1 0 0 000 000 0 1
4 0 0 1 6a 38 1 0 1 0 0 000 000 0 1
4 0 1 1 48 6e 1 1 1 1 1 1b8 3ff 0 1
4 0 0 1 3e 1b 0 1 1 1 1 1b8 3ff 0 1
4 0 1 1 05 d7 0 1 1 1 1 1b8 3ff 0 1
4 0 0 1 9d a4 0 1 1 1 1 1b8 3ff 0 1
4 0 0 1 6c 5d 1 1 1 1 1 1b9 3ff 0 1
4 0 1 1 44 af 0 1 1 1 1 1b9 3ff 0 1
4 0 0 1 0a 3e 1 1 1 1 1 1ba 3ff 0 1
4 0 1 0 d3 cd 1 1 1 1 1 1bb 3ff 0 1
4 0 0 0 49 2e 0 1 1 1 1 1bb 3ff 0 1
4 0 0 0 0d 1a 0 1 1 1 1 1bb 3ff 0 1
4 0 1 0 83 d4 0 1 1 1 1 1bb 3ff 0 1
4 0 0 0 15 0b 0 1 1 1 1 1bb 3ff 0 1
4 0 1 1 5c 4a 1 1 1 0 1 120 3ff 0 1
4 0 0 1 bc 54 0 1 1 0 1 120 3ff 0 1
4 0 0 1 6a 1a 1 1 1 0 1 121 3ff 0 1
4 0 1 1 e4 8d 1 1 1 0 1 122 3ff 0 1
4 0 0 1 24 a7 1 1 1 0 1 123 3ff 0 1
4 0 0 0 d6 c6 1 0 1 0 0 000 000 1 1
4 0 1 1 13 17 1 0 1 0 0 000 000 0 1
4 0 0 0 b1 ed 0 0 1 0 0 000 000 0 1
4 0 1 0 3a 6f 0 1 1 0 1 0e8 3ff 0 1
4 0 0 1 16 55 0 1 1 0 1 0e8 3ff 0 1
4 0 1 1 e6 c2 0 1 1 0 1 0e8 3ff 0 1
4 0 1 1 8a a2 1 1 1 0 1 0e9 3ff 0 1
4 0 0 1 83 ee 0 1 1 0 1 0e9 3ff 0 1
4 0 1 1 4a 09 1 1 1 0 1 0ea 3ff 0 1
4 0 0 0 b1 95 0 1 1 0 1 0ea 3ff 0 1
4 0 1 0 77 0e 0 1 1 0 1 0ea 3ff 0 1
4 0 0 1 dc c7 1 1 1 0 1 0eb 3ff 0 1
4 0 0 1 e5 e6 1 0 1 0 0 000 000 1 1
4 0 0 0 74 56 0 0 1 0 0 000 000 0 1
4 0 0 0 81 46 0 0 1 0 0 000 000 0 1
4 0 0 0 ae cf 0 0 1 0 0 000 000 0 1
4 0 0 1 7f 5f 0 0 1 0 0 000 000 0 1
4 0 0 1 30 28 0 0 1 0 0 000 000 0 1
4 0 0 1 1b 02 1 0 1 0 0 000 000 0 1
4 0 0 1 25 a4 1 0 1 0 0 000 000 0 1
4 0 1 0 98 70 1 1 1 0 1 260 3ff 0 1
4 0 0 0 cc 14 0 1 1 0 1 260 3ff 0 1
4 0 1 1 17 35 1 1 1 0 1 261 3ff 0 1
4 0 0 0 60 f4 1 1 1 0 1 262 3ff 0 1
4 0 1 1 91 b1 1 1 1 0 1 263 3ff 0 1
4 0 0 0 c3 bf 0 1 1 0 1 263 3ff 0 1
4 0 1 1 9b d9 1 0 1 0 0 000 000 1 1
4 0 1 0 ff 99 1 0 1 0 0 000 000 0 1
4 0 0 1 f7 bd 0 0 1 0 0 000 000 0 1
4 0 0 1 ce 73 1 0 1 0 0 000 000 0 1
4 0 0 0 dc fe 1 0 1 0 0 000 000 0 1
4 0 1 0 48 74 0 1 1 0 1 120 3ff 0 1
4 0 0 0 02 43 0 1 1 0 1 120 3ff 0 1
4 0 1 0 a4 e0 0 1 1 0 1 120 3ff 0 1
4 0 0 0 2b cb 0 1 1 0 1 120 3ff 0 1
4 0 1 0 11 46 0 1 1 0 1 120 3ff 0 1
4 0 0 0 49 f3 1 1 1 0 1 121 3ff 0 1
4 0 0 0 f7 3e 1 1 1 0 1 122 3ff 0 1
4 0 1 1 22 ca 1 1 1 0 1 123 3ff 0 1
4 0 0 0 e1 a6 0 1 1 0 1 123 3ff 0 1
4 0 0 0 35 be 1 0 1 0 0 000 000 1 1
4 0 0 0 08 56 0 0 1 0 0 000 000 0 1
4 0 1 0 17 5c 1 1 1 0 1 05c 3ff 0 1
4 0 1 0 19 a5 1 1 1 0 1 05d 3ff 0 1
4 0 0 0 1e 60 1 1 1 0 1 05e 3ff 0 1
4 0 1 0 ea 6c 1 1 1 0 1 05f 3ff 0 1
4 0 0 1 17 ad 1 0 1 0 0 000 000 1 1
4 0 0 0 48 4a 0 0 1 0 0 000 000 0 1
4 0 0 0 70 35 1 0 1 0 0 000 000 0 1
4 0 1 1 75 1d 0 1 1 1 1 074 3ff 0 1
4 0 1 1 a0 a5 0 1 1 1 1 074 3ff 0 1
4 0 1 1 84 c5 0 1 1 1 1 074 3ff 0 1
4 0 1 0 ca dc 1 1 1 1 1 075 3ff 0 1
4 0 1 0 4b b5 1 1 1 1 1 076 3ff 0 1
4 0 1 0 c9 f0 0 1 1 1 1 076 3ff 0 1
4 0 0 1 85 8f 1 1 1 1 1 077 3ff 0 1
4 0 0 0 2a d5 1 1 1 0 1 1d4 3ff 0 1
4 0 0 0 cd 70 0 1 1 0 1 1d4 3ff 0 1
4 0 0 1 6f 68 1 1 1 0 1 1d5 3ff 0 1
4 0 0 1 0f 0d 1 1 1 0 1 1d6 3ff 0 1
4 0 0 1 c4 0b 1 1 1 0 1 1d7 3ff 0 1
4 0 0 1 37 07 1 0 1 0 0 000 000 1 1
4 0 0 1 40 9e 1 0 1 0 0 000 000 0 1
4 0 0 1 57 12 0 0 1 0 0 000 000 0 1
4 0 1 0 6a 2e 1 1 1 0 1 1a8 3ff 0 1
4 0 0 0 b3 20 0 1 1 0 1 1a8 3ff 0 1
4 0 0 1 97 e6 1 1 1 0 1 1a9 3ff 0 1
4 0 1 1 2e 94 0 1 1 0 1 1a9 3ff 0 1
4 0 0 1 bf b0 1 1 1 0 1 1aa 3ff 0 1
4 0 0 1 86 bb 1 1 1 0 1 1ab 3ff 0 1
4 0 1 0 77 ef 0 1 1 0 1 1ab 3ff 0 1
4 0 0 1 64 bc 0 1 1 0 1 1ab 3ff 0 1
4 0 0 1 07 54 0 1 1 0 1 1ab 3ff 0 1
4 0 0 1 a0 eb 1 0 1 0 0 000 000 1 1
4 0 0 0 45 56 0 0 1 0 0 000 000 0 1
4 0 0 0 d6 f0 1 0 1 0 0 000 000 0 1
4 0 0 0 23 30 1 0 1 0 0 000 000 0 1
4 0 1 1 19 40 1 1 1 1 1 100 3ff 0 1
4 0 0 0 b1 36 1 1 1 1 1 101 3ff 0 1
4 0 0 1 78 35 0 1 1 1 1 101 3ff 0 1
4 0 0 1 c6 01 0 1 1 1 1 101 3ff 0 1
4 0 1 1 54 35 1 1 1 1 1 102 3ff 0 1
4 0 0 1 ad 70 1 1 1 1 1 103 3ff 0 1
4 0 0 1 6f 6e 0 1 1 1 1 103 3ff 0 1
4 0 1 0 74 61 0 1 1 1 1 103 3ff 0 1
4 0 0 0 28 d5 1 1 1 0 1 064 3ff 0 1
4 0 0 1 ab f6 1 1 1 0 1 065 3ff 0 1
4 0 1 0 b0 1a 0 1 1 0 1 065 3ff 0 1
4 0 0 0 28 71 0 1 1 0 1 065 3ff 0 1
4 0 0 1 13 70 0 1 1 0 1 065 3ff 0 1
4 0 1 0 22 6b 1 1 1 0 1 066 3ff 0 1
4 0 0 1 77 24 1 1 1 0 1 067 3ff 0 1
4 0 0 1 94 11 1 0 1 0 0 000 000 1 1
4 0 0 0 85 ee 1 0 1 0 0 000 000 0 1
4 0 0 1 29 10 1 0 1 0 0 000 000 0 1
4 0 0 0 72 1c 0 0 1 0 0 000 000 0 1
4 0 0 0 95 74 1 0 1 0 0 000 000 0 1
4 0 0 1 78 15 0 0 1 0 0 000 000 0 1
4 0 0 1 4d 8d 1 0 1 0 0 000 000 0 1
4 0 1 0 7f 98 0 1 1 0 1 1fc 3ff 0 1
4 0 0 1 29 af 0 1 1 0 1 1fc 3ff 0 1
4 0 0 0 c3 71 1 1 1 0 1 1fd 3ff 0 1
4 0 1 0 2a 43 1 1 1 0 1 1fe 3ff 0 1
4 0 0 0 10 50 1 1 1 0 1 1ff 3ff 0 1
4 0 1 1 97 db 1 0 1 0 0 000 000 1 1
4 0 0 1 13 de 0 0 1 0 0 000 000 0 1
4 0 1 1 d0 23 1 1 1 1 1 08c 3ff 0 1
4 0 0 0 3c 6e 0 1 1 1 1 08c 3ff 0 1
4 0 0 0 f8 11 1 1 1 1 1 08d 3ff 0 1
4 0 0 0 37 02 0 1 1 1 1 08d 3ff 0 1
4 0 1 0 4c 8d 0 1 1 1 1 08d 3ff 0 1
4 0 1 1 64 96 0 1 1 1 1 08d 3ff 0 1
4 0 0 1 c5 fb 0 1 1 1 1 08d 3ff 0 1
4 0 1 0 3d 40 1 1 1 1 1 08e 3ff 0 1
4 0 0 0 98 8a 1 1 1 1 1 08f 3ff 0 1
4 0 0 0 3f c5 1 1 1 0 1 340 3ff 0 1
4 0 0 0 23 64 1 1 1 0 1 341 3ff 0 1
4 0 0 0 e6 a4 0 1 1 0 1 341 3ff 0 1
4 0 1 0 94 69 1 1 1 0 1 342 3ff 0 1
4 0 0 0 2a 13 1 1 1 0 1 343 3ff 0 1
4 0 0 1 59 d2 1 0 1 0 0 000 000 1 1
4 0 1 1 be 86 1 0 1 0 0 000 000 0 1
4 0 1 0 3f 8a 1 1 1 0 1 0fc 3ff 0 1
4 0 1 1 fb 55 0 1 1 0 1 0fc 3ff 0 1
4 0 1 1 63 b9 1 1 1 0 1 0fd 3ff 0 1
4 0 1 0 bc 71 1 1 1 0 1 0fe 3ff 0 1
4 0 0 1 f4 43 1 1 1 0 1 0ff 3ff 0 1
4 0 0 1 f4 13 0 1 1 0 1 0ff 3ff 0 1
4 0 0 0 a4 4a 1 0 1 0 0 000 000 1 1
4 0 0 0 ac 7d 1 0 1 0 0 000 000 0 1
4 0 1 0 f1 9a 1 1 1 0 1 3c4 3ff 0 1
4 0 0 0 2c e0 0 1 1 0 1 3c4 3ff 0 1
4 0 1 1 26 8c 0 1 1 0 1 3c4 3ff 0 1
4 0 0 1 fe c5 0 1 1 0 1 3c4 3ff 0 1
4 0 1 0 89 71 0 1 1 0 1 3c4 3ff 0 1
4 0 0 0 19 4e 1 1 1 0 1 3c5 3ff 0 1
4 0 1 0 c2 30 1 1 1 0 1 3c6 3ff 0 1
4 0 0 1 b8 d7 1 1 1 0 1 3c7 3ff 0 1
4 0 0 0 6a 04 1 0 1 0 0 000 000 1 1
4 0 1 1 e6 42 1 0 1 0 0 000 000 0 1
4 0 0 1 f3 e4 0 0 1 0 0 000 000 0 1
4 0 0 1 da 46 1 0 1 0 0 000 000 0 1
4 0 1 1 f8 e3 1 1 1 1 1 38c 3ff 0 1
4 0 1 0 f2 5f 1 1 1 1 1 38d 3ff 0 1
4 0 0 1 9b 2f 0 1 1 1 1 38d 3ff 0 1
4 0 0 1 b7 f1 1 1 1 1 1 38e 3ff 0 1
4 0 0 1 0e 25 0 1 1 1 1 38e 3ff 0 1
4 0 0 1 85 9a 0 1 1 1 1 38e 3ff 0 1
4 0 0 1 5f ce 1 1 1 1 1 38f 3ff 0 1
4 0 0 0 f9 f1 1 1 1 0 1 3e0 3ff 0 1
4 0 0 0 d1 ba 0 1 1 0 1 3e0 3ff 0 1
4 0 0 0 b8 94 0 1 1 0 1 3e0 3ff 0 1
4 0 0 1 d3 2f 1 1 1 0 1 3e1 3ff 0 1
4 0 1 1 0b fa 1 1 1 0 1 3e2 3ff 0 1
4 0 1 1 de 0c 1 1 1 0 1 3e3 3ff 0 1
4 0 1 0 b1 ec 0 1 1 0 1 3e3 3ff 0 1
4 0 1 1 08 a1 1 0 1 0 0 000 000 1 1
4 0 0 0 a1 88 0 0 1 0 0 000 000 0 1
4 0 0 0 16 e2 0 0 1 0 0 000 000 0 1
4 0 0 0 11 ab 1 0 1 0 0 000 000 0 1
4 0 1 0 98 08 1 1 1 0 1 260 3ff 0 1
4 0 0 1 7d 54 0 1 1 0 1 260 3ff 0 1
4 0 0 1 2f 60 1 1 1 0 1 261 3ff 0 1
4 0 1 0 64 52 1 1 1 0 1 262 3ff 0 1
4 0 1 0 e3 a0 0 1 1 0 1 262 3ff 0 1
4 0 1 0 4f f0 1 1 1 0 1 263 3ff 0 1
4 0 0 1 81 47 1 0 1 0 0 000 000 1 1
4 0 1 0 a2 fb 0 0 1 0 0 000 000 0 1
4 0 1 1 1a 6d 1 1 1 1 1 1b4 3ff 0 1
4 0 0 1 13 e0 1 1 1 1 1 1b5 3ff 0 1
4 0 0 1 d4 9d 1 1 1 1 1 1b6 3ff 0 1
4 0 0 0 20 30 0 1 1 1 1 1b6 3ff 0 1
4 0 0 0 69 4b 0 1 1 1 1 1b6 3ff 0 1
4 0 0 1 08 ba 1 1 1 1 1 1b7 3ff 0 1
4 0 0 0 59 79 1 1 1 0 1 068 3ff 0 1
4 0 1 0 f6 f7 1 1 1 0 1 069 3ff 0 1
4 0 0 1 4e 9b 0 1 1 0 1 069 3ff 0 1
4 0 0 1 63 42 1 1 1 0 1 06a 3ff 0 1
4 0 0 0 18 12 1 1 1 0 1 06b 3ff 0 1
4 0 0 0 6c 1b 1 0 1 0 0 000 000 1 1
4 0 0 0 fc c6 1 0 1 0 0 000 000 0 1
4 0 0 0 a3 08 1 0 1 0 0 000 000 0 1
4 0 0 1 45 70 1 0 1 0 0 000 000 0 1
4 0 0 1 e4 b6 1 0 1 0 0 000 000 0 1
4 0 0 1 57 5d 1 0 1 0 0 000 000 0 1
4 0 1 1 35 22 0 1 1 1 1 088 3ff 0 1
4 0 0 0 5e 79 1 1 1 1 1 089 3ff 0 1
4 0 0 1 35 8b 1 1 1 1 1 08a 3ff 0 1
4 0 1 0 a3 6b 0 1 1 1 1 08a 3ff 0 1
4 0 1 0 3e a6 1 1 1 1 1 08b 3ff 0 1
4 0 0 0 5c 3e 1 1 1 0 1 0d4 3ff 0 1
4 0 0 1 0f 42 1 1 1 0 1 0d5 3ff 0 1
4 0 0 1 54 9b 1 1 1 0 1 0d6 3ff 0 1
4 0 1 1 94 13 1 1 1 0 1 0d7 3ff 0 1
4 0 0 0 d8 1a 1 0 1 0 0 000 000 1 1
4 0 1 0 97 27 1 0 1 0 0 000 000 0 1
4 0 0 1 20 4f 0 0 1 0 0 000 000 0 1
4 0 0 1 1c 21 1 0 1 0 0 000 000 0 1
4 0 0 1 bf 16 0 0 1 0 0 000 000 0 1
4 0 0 1 3c c6 0 0 1 0 0 000 000 0 1
4 0 0 1 b5 b1 0 0 1 0 0 000 000 0 1
4 0 0 0 01 02 1 0 1 0 0 000 000 0 1
4 0 1 1 9f dd 1 1 1 1 1 374 3ff 0 1
4 0 0 0 00 46 0 1 1 1 1 374 3ff 0 1
4 0 1 1 1a 21 1 1 1 1 1 375 3ff 0 1
4 0 0 0 f6 ff 0 1 1 1 1 375 3ff 0 1
4 0 0 0 01 74 0 1 1 1 1 375 3ff 0 1
4 0 0 1 f0 fb 0 1 1 1 1 375 3ff 0 1
4 0 0 1 f1 4e 0 1 1 1 1 375 3ff 0 1
4 0 0 0 73 f8 1 1 1 1 1 376 3ff 0 1
4 0 1 1 f1 8a 1 1 1 1 1 377 3ff 0 1
4 0 1 0 5c 34 1 1 1 0 1 27c 3ff 0 1
4 0 1 0 7c 54 1 1 1 0 1 27d 3ff 0 1
4 0 0 1 4f ec 0 1 1 0 1 27d 3ff 0 1
4 0 0 1 0e d1 1 1 1 0 1 27e 3ff 0 1
4 0 0 0 a8 97 1 1 1 0 1 27f 3ff 0 1
4 0 0 1 aa 0c 1 0 1 0 0 000 000 1 1
4 0 0 1 17 54 1 0 1 0 0 000 000 0 1
4 0 0 0 26 aa 0 0 1 0 0 000 000 0 1
4 0 1 1 9f 45 0 1 1 1 1 114 3ff 0 1
4 0 0 1 81 68 1 1 1 1 1 115 3ff 0 1
4 0 1 1 61 d5 1 1 1 1 1 116 3ff 0 1
4 0 1 0 43 64 1 1 1 1 1 117 3ff 0 1
4 0 1 0 a8 1b 0 1 1 1 1 117 3ff 0 1
4 0 0 1 e9 b6 1 1 1 0 1 27c 3ff 0 1
4 0 1 1 20 3f 1 1 1 0 1 27d 3ff 0 1
4 0 0 1 bd ba 0 1 1 0 1 27d 3ff 0 1
4 0 0 1 86 6c 0 1 1 0 1 27d 3ff 0 1
4 0 1 1 2c 0a 0 1 1 0 1 27d 3ff 0 1
4 0 0 0 56 a7 1 1 1 0 1 27e 3ff 0 1
4 0 0 1 17 e3 0 1 1 0 1 27e 3ff 0 1
4 0 0 0 f9 64 0 1 1 0 1 27e 3ff 0 1
4 0 1 1 f5 19 0 1 1 0 1 27e 3ff 0 1
4 0 0 0 68 6b 1 1 1 0 1 27f 3ff 0 1
4 0 0 1 72 36 1 0 1 0 0 000 000 1 1
4 0 0 1 8e cc 1 0 1 0 0 000 000 0 1
4 0 0 1 7d ad 0 0 1 0 0 000 000 0 1
4 0 0 1 3b 1b 1 0 1 0 0 000 000 0 1
4 0 1 1 35 55 1 1 1 1 1 154 3ff 0 1
4 0 0 0 cf e5 1 1 1 1 1 155 3ff 0 1
4 0 1 1 95 89 1 1 1 1 1 156 3ff 0 1
4 0 1 0 18 67 1 1 1 1 1 157 3ff 0 1
4 0 0 0 a1 4a 0 1 1 1 1 157 3ff 0 1
4 0 0 0 15 52 1 1 1 0 1 0d4 3ff 0 1
4 0 1 1 de fa 1 1 1 0 1 0d5 3ff 0 1
4 0 0 0 1a 4d 0 1 1 0 1 0d5 3ff 0 1
4 0 0 1 43 2b 1 1 1 0 1 0d6 3ff 0 1
4 0 1 1 59 82 1 1 1 0 1 0d7 3ff 0 1
4 0 0 1 5a 73 1 0 1 0 0 000 000 1 1
4 0 0 1 39 3f 1 0 1 0 0 000 000 0 1
4 0 0 1 02 2c 1 0 1 0 0 000 000 0 1
4 0 1 1 97 9b 0 1 1 1 1 26c 3ff 0 1
4 0 0 0 70 b6 0 1 1 1 1 26c 3ff 0 1
4 0 0 0 d5 ee 1 1 1 1 1 26d 3ff 0 1
4 0 0 1 ff 5d 0 1 1 1 1 26d 3ff 0 1
4 0 0 0 eb b4 1 1 1 1 1 26e 3ff 0 1
4 0 1 1 0f 5c 1 1 1 1 1 26f 3ff 0 1
4 0 0 1 b8 5d 0 1 1 1 1 26f 3ff 0 1
4 0 1 0 c3 83 1 1 1 0 1 25c 3ff 0 1
4 0 0 1 fc 10 0 1 1 0 1 25c 3ff 0 1
4 0 0 1 18 b5 1 1 1 0 1 25d 3ff 0 1
4 0 0 0 16 36 1 1 1 0 1 25e 3ff 0 1
4 0 0 0 43 70 1 1 1 0 1 25f 3ff 0 1
4 0 0 0 14 97 1 0 1 0 0 000 000 1 1
4 0 0 1 31 84 0 0 1 0 0 000 000 0 1
4 0 0 0 a6 90 0 0 1 0 0 000 000 0 1
4 0 0 0 0e 94 0 0 1 0 0 000 000 0 1
4 0 0 0 ec f2 0 0 1 0 0 000 000 0 1
4 0 1 1 e0 b6 0 1 1 1 1 2d8 3ff 0 1
4 0 0 0 9d df 1 1 1 1 1 2d9 3ff 0 1
4 0 0 0 43 2b 1 1 1 1 1 2da 3ff 0 1
4 0 0 0 90 7f 1 1 1 1 1 2db 3ff 0 1
4 0 0 0 84 46 0 1 1 1 1 2db 3ff 0 1
4 0 1 0 8d 87 0 1 1 1 1 2db 3ff 0 1
4 0 0 1 58 09 0 1 1 1 1 2db 3ff 0 1
4 0 0 0 4e ea 1 1 1 0 1 380 3ff 0 1
4 0 1 0 19 11 1 1 1 0 1 381 3ff 0 1
4 0 0 1 5b 91 1 1 1 0 1 382 3ff 0 1
4 0 1 0 e6 4d 1 1 1 0 1 383 3ff 0 1
4 0 0 0 09 71 1 0 1 0 0 000 000 1 1
4 0 0 0 13 cd 0 0 1 0 0 000 000 0 1
4 0 0 1 84 0c 1 0 1 0 0 000 000 0 1
4 0 1 0 0b fd 0 1 1 0 1 02c 3ff 0 1
4 0 1 1 8e 1b 1 1 1 0 1 02d 3ff 0 1
4 0 1 1 1b fd 1 1 1 0 1 02e 3ff 0 1
4 0 0 0 de 3e 0 1 1 0 1 02e 3ff 0 1
4 0 0 0 41 f9 1 1 1 0 1 02f 3ff 0 1
4 0 1 1 ff 95 0 1 1 0 1 02f 3ff 0 1
4 0 0 1 ae 7a 1 0 1 0 0 000 000 1 1
4 0 0 1 50 72 1 0 1 0 0 000 000 0 1
4 0 1 0 70 26 1 1 1 0 1 1c0 3ff 0 1
4 0 1 1 5d db 1 1 1 0 1 1c1 3ff 0 1
4 0 0 1 60 61 1 1 1 0 1 1c2 3ff 0 1
4 0 1 1 56 eb 1 1 1 0 1 1c3 3ff 0 1
4 0 0 0 69 65 1 0 1 0 0 000 000 1 1
4 0 1 0 b9 19 1 0 1 0 0 000 000 0 1
4 0 0 1 9b cb 0 0 1 0 0 000 000 0 1
4 0 0 1 f5 2c 1 0 1 0 0 000 000 0 1
4 0 0 0 60 01 1 0 1 0 0 000 000 0 1
4 0 0 0 b9 12 0 0 1 0 0 000 000 0 1
4 0 0 1 bf 6f 0 0 1 0 0 000 000 0 1
4 0 1 1 92 78 0 1 1 1 1 1e0 3ff 0 1
4 0 1 0 a7 f7 0 1 1 1 1 1e0 3ff 0 1
4 0 0 0 96 21 0 1 1 1 1 1e0 3ff 0 1
4 0 0 1 20 55 0 1 1 1 1 1e0 3ff 0 1
4 0 1 1 63 b6 1 1 1 1 1 1e1 3ff 0 1
4 0 1 0 68 37 0 1 1 1 1 1e1 3ff 0 1
4 0 0 1 58 c4 1 1 1 1 1 1e2 3ff 0 1
4 0 0 0 8f 09 1 1 1 1 1 1e3 3ff 0 1
4 0 0 0 07 f8 0 1 1 1 1 1e3 3ff 0 1
4 0 1 1 a9 7b 1 1 1 0 1 248 3ff 0 1
4 0 0 0 e9 61 1 1 1 0 1 249 3ff 0 1
4 0 0 0 10 68 0 1 1 0 1 249 3ff 0 1
4 0 0 1 d5 a5 0 1 1 0 1 249 3ff 0 1
4 0 1 1 36 73 1 1 1 0 1 24a 3ff 0 1
4 0 0 0 20 e4 1 1 1 0 1 24b 3ff 0 1
4 0 1 1 75 cf 0 1 1 0 1 24b 3ff 0 1
4 0 0 1 ed 61 0 1 1 0 1 24b 3ff 0 1
4 0 0 0 cc 14 1 0 1 0 0 000 000 1 1
4 0 0 0 69 c8 0 0 1 0 0 000 000 0 1
4 0 1 1 17 94 1 1 1 1 1 250 3ff 0 1
4 0 0 1 57 ff 0 1 1 1 1 250 3ff 0 1
4 0 0 1 44 94 0 1 1 1 1 250 3ff 0 1
4 0 0 0 c6 82 1 1 1 1 1 251 3ff 0 1
4 0 0 1 a8 a5 0 1 1 1 1 251 3ff 0 1
4 0 0 1 c1 a8 1 1 1 1 1 252 3ff 0 1
4 0 1 0 c5 49 0 1 1 1 1 252 3ff 0 1
4 0 0 0 a7 21 1 1 1 1 1 253 3ff 0 1
4 0 0 1 e1 ad 0 1 1 1 1 253 3ff 0 1
4 0 1 1 48 1b 0 1 1 1 1 253 3ff 0 1
4 0 0 1 cb 97 1 1 1 0 1 05c 3ff 0 1
4 0 0 0 bc ef 1 1 1 0 1 05d 3ff 0 1
4 0 1 0 b9 63 1 1 1 0 1 05e 3ff 0 1
4 0 1 0 e6 35 0 1 1 0 1 05e 3ff 0 1
4 0 0 0 ed c0 1 1 1 0 1 05f 3ff 0 1
4 0 0 1 b8 a9 1 0 1 0 0 000 000 1 1
4 0 0 0 1c 51 0 0 1 0 0 000 000 0 1
4 0 0 1 68 27 0 0 1 0 0 000 000 0 1
4 0 0 0 40 6a 1 0 1 0 0 000 000 0 1
4 0 0 0 95 35 0 0 1 0 0 000 000 0 1
4 0 1 1 9c 7f 0 1 1 1 1 1fc 3ff 0 1
4 0 1 1 58 ff 0 1 1 1 1 1fc 3ff 0 1
4 0 0 0 5d 9d 1 1 1 1 1 1fd 3ff 0 1
4 0 0 1 ca e5 1 1 1 1 1 1fe 3ff 0 1
4 0 0 1 6b 18 1 1 1 1 1 1ff 3ff 0 1
4 0 1 1 3a 66 1 1 1 0 1 270 3ff 0 1
4 0 0 1 e2 e3 1 1 1 0 1 271 3ff 0 1
4 0 0 1 66 62 1 1 1 0 1 272 3ff 0 1
4 0 0 1 a2 54 1 1 1 0 1 273 3ff 0 1
4 0 1 0 00 7e 1 0 1 0 0 000 000 1 1
4 0 0 0 7b 8c 0 0 1 0 0 000 000 0 1
4 0 0 1 79 95 0 0 1 0 0 000 000 0 1
4 0 0 0 32 f8 1 0 1 0 0 000 000 0 1
4 0 1 1 e1 9d 0 1 1 1 1 274 3ff 0 1
4 0 0 0 5f 24 1 1 1 1 1 275 3ff 0 1
4 0 0 1 1c ec 1 1 1 1 1 276 3ff 0 1
4 0 0 0 b0 4c 1 1 1 1 1 277 3ff 0 1
4 0 0 1 3f 59 0 1 1 1 1 277 3ff 0 1
4 0 1 0 45 68 0 1 1 1 1 277 3ff 0 1
4 0 0 0 57 ce 1 1 1 0 1 384 3ff 0 1
4 0 0 0 95 38 1 1 1 0 1 385 3ff 0 1
4 0 1 1 30 8b 1 1 1 0 1 386 3ff 0 1
4 0 0 1 f7 dd 1 1 1 0 1 387 3ff 0 1
4 0 0 0 8b d2 1 0 1 0 0 000 000 1 1
4 0 0 1 68 fb 1 0 1 0 0 000 000 0 1
4 0 0 0 38 c1 0 0 1 0 0 000 000 0 1
4 0 0 1 09 eb 1 0 1 0 0 000 000 0 1
4 0 0 0 6a 38 1 0 1 0 0 000 000 0 1
4 0 0 1 33 ba 0 0 1 0 0 000 000 0 1
4 0 1 1 f3 be 0 1 1 1 1 2f8 3ff 0 1
4 0 1 1 54 dd 1 1 1 1 1 2f9 3ff 0 1
4 0 0 0 f2 df 1 1 1 1 1 2fa 3ff 0 1
4 0 1 0 51 32 0 1 1 1 1 2fa 3ff 0 1
4 0 0 1 5b 0e 0 1 1 1 1 2fa 3ff 0 1
4 0 0 0 5f 63 1 1 1 1 1 2fb 3ff 0 1
4 0 0 1 a6 d9 1 1 1 0 1 3cc 3ff 0 1
4 0 1 1 3b 52 0 1 1 0 1 3cc 3ff 0 1
4 0 0 1 a2 14 1 1 1 0 1 3cd 3ff 0 1
4 0 0 1 8b 22 1 1 1 0 1 3ce 3ff 0 1
4 0 0 0 4f 19 0 1 1 0 1 3ce 3ff 0 1
4 0 0 0 b2 e6 1 1 1 0 1 3cf 3ff 0 1
4 0 1 1 a8 ab 0 1 1 0 1 3cf 3ff 0 1
4 0 0 1 39 f9 0 1 1 0 1 3cf 3ff 0 1
4 0 1 1 e7 7f 1 0 1 0 0 000 000 1 1
4 0 0 1 29 a3 1 0 1 0 0 000 000 0 1
4 0 0 0 fe d4 0 0 1 0 0 000 000 0 1
4 0 1 0 18 34 0 1 1 0 1 060 3ff 0 1
4 0 1 1 3a 0c 1 1 1 0 1 061 3ff 0 1
4 0 0 1 ad f3 1 1 1 0 1 062 3ff 0 1
4 0 0 1 a9 d6 0 1 1 0 1 062 3ff 0 1
4 0 0 1 9a ee 1 1 1 0 1 063 3ff 0 1
4 0 1 0 0a 86 1 0 1 0 0 000 000 1 1
4 0 1 1 49 9a 0 0 1 0 0 000 000 0 1
4 0 0 0 0d 35 1 0 1 0 0 000 000 0 1
4 0 0 1 82 8c 0 0 1 0 0 000 000 0 1
4 0 0 0 c1 26 0 0 1 0 0 000 000 0 1
4 0 0 0 82 86 1 0 1 0 0 000 000 0 1
4 0 0 1 5f df 1 0 1 0 0 000 000 0 1
4 0 1 0 80 6a 1 1 1 0 1 200 3ff 0 1
4 0 1 0 d4 54 0 1 1 0 1 200 3ff 0 1
4 0 1 0 f9 6e 1 1 1 0 1 201 3ff 0 1
4 0 0 1 49 89 1 1 1 0 1 202 3ff 0 1
4 0 1 0 df d4 1 1 1 0 1 203 3ff 0 1
4 0 0 1 f3 bb 1 0 1 0 0 000 000 1 1
4 0 1 1 ea 59 1 0 1 0 0 000 000 0 1
4 0 0 1 bf 21 1 0 1 0 0 000 000 0 1
4 0 0 0 e8 3a 1 0 1 0 0 000 000 0 1
4 0 0 0 36 55 0 0 1 0 0 000 000 0 1
4 0 0 0 29 09 1 0 1 0 0 000 000 0 1
4 0 1 1 36 36 1 1 1 1 1 0d8 3ff 0 1
4 0 0 0 c8 b0 1 1 1 1 1 0d9 3ff 0 1
4 0 0 1 b6 50 1 1 1 1 1 0da 3ff 0 1
4 0 0 0 52 75 1 1 1 1 1 0db 3ff 0 1
4 0 1 0 22 96 0 1 1 1 1 0db 3ff 0 1
4 0 1 0 16 d6 1 1 1 0 1 0d8 3ff 0 1
4 0 0 1 b4 c0 0 1 1 0 1 0d8 3ff 0 1
4 0 1 1 be 54 1 1 1 0 1 0d9 3ff 0 1
4 0 1 1 ae 99 1 1 1 0 1 0da 3ff 0 1
4 0 0 1 b5 85 1 1 1 0 1 0db 3ff 0 1
4 0 0 0 f1 ef 1 0 1 0 0 000 000 1 1
4 0 1 1 54 e7 1 0 1 0 0 000 000 0 1
4 0 1 1 7f be 0 1 1 1 1 2f8 3ff 0 1
4 0 1 1 10 00 1 1 1 1 1 2f9 3ff 0 1
4 0 0 0 e7 47 0 1 1 1 1 2f9 3ff 0 1
4 0 1 0 00 cb 0 1 1 1 1 2f9 3ff 0 1
4 0 1 1 f3 35 0 1 1 1 1 2f9 3ff 0 1
4 0 0 0 f7 ff 0 1 1 1 1 2f9 3ff 0 1
4 0 0 0 a5 ad 0 1 1 1 1 2f9 3ff 0 1
4 0 0 0 f8 82 1 1 1 1 1 2fa 3ff 0 1
4 0 0 1 2c 06 1 1 1 1 1 2fb 3ff 0 1
4 0 0 0 12 a0 0 1 1 1 1 2fb 3ff 0 1
4 0 0 1 96 ee 1 1 1 0 1 1fc 3ff 0 1
4 0 0 1 34 dc 1 1 1 0 1 1fd 3ff 0 1
4 0 1 0 dc ce 1 1 1 0 1 1fe 3ff 0 1
4 0 0 1 bf f1 1 1 1 0 1 1ff 3ff 0 1
4 0 1 0 b5 bd 0 1 1 0 1 1ff 3ff 0 1
4 1 0 0 1e bf 1 0 1 0 0 000 000 0 1
4 0 0 0 b4 49 0 0 1 0 0 000 000 0 1
4 0 0 0 47 1d 1 0 1 0 0 000 000 0 1
4 0 0 0 37 87 0 0 1 0 0 000 000 0 1
4 0 0 1 ff 83 0 0 1 0 0 000 000 0 1
4 0 0 1 c1 98 1 0 1 0 0 000 000 0 1
4 0 1 1 56 5d 0 1 1 1 1 174 3ff 0 1
4 0 0 0 7b 9a 1 1 1 1 1 175 3ff 0 1
4 0 1 0 ee 13 1 1 1 1 1 176 3ff 0 1
4 0 1 0 a6 d9 0 1 1 1 1 176 3ff 0 1
4 0 0 0 36 22 1 1 1 1 1 177 3ff 0 1
4 0 1 1 ad d7 1 1 1 0 1 158 3ff 0 1
4 0 0 1 8e 69 1 1 1 0 1 159 3ff 0 1
4 0 0 0 54 54 1 1 1 0 1 15a 3ff 0 1
4 0 0 0 1d 69 1 1 1 0 1 15b 3ff 0 1
4 0 0 0 f1 cc 1 0 1 0 0 000 000 1 1
4 0 1 0 f5 2b 0 0 1 0 0 000 000 0 1
4 0 0 0 d1 e0 0 0 1 0 0 000 000 0 1
4 0 1 0 a3 2d 1 1 1 0 1 28c 3ff 0 1
4 0 0 1 95 76 0 1 1 0 1 28c 3ff 0 1
4 0 1 1 c7 bf 1 1 1 0 1 28d 3ff 0 1
4 0 0 0 60 ca 1 1 1 0 1 28e 3ff 0 1
4 0 0 0 fb 84 1 1 1 0 1 28f 3ff 0 1
4 0 0 0 7f f7 1 0 1 0 0 000 000 1 1
4 0 0 1 10 fa 0 0 1 0 0 000 000 0 1
4 0 0 1 92 5a 1 0 1 0 0 000 000 0 1
4 0 0 0 e2 c9 0 0 1 0 0 000 000 0 1
4 0 0 0 af 3a 1 0 1 0 0 000 000 0 1
4 0 0 0 cf 41 0 0 1 0 0 000 000 0 1
4 0 0 1 50 44 0 0 1 0 0 000 000 0 1
4 0 0 1 27 c8 0 0 1 0 0 000 000 0 1
4 0 1 0 8a c4 1 1 1 0 1 228 3ff 0 1
4 0 1 0 63 7a 1 1 1 0 1 229 3ff 0 1
4 0 0 1 8b fe 1 1 1 0 1 22a 3ff 0 1
4 0 0 1 69 b1 0 1 1 0 1 22a 3ff 0 1
4 0 0 0 10 6a 1 1 1 0 1 22b 3ff 0 1
4 0 1 1 7c 23 0 1 1 0 1 22b 3ff 0 1
4 0 0 0 23 05 0 1 1 0 1 22b 3ff 0 1
4 0 0 1 d4 a5 0 1 1 0 1 22b 3ff 0 1
4 0 1 0 d3 5a 1 0 1 0 0 000 000 1 1
4 0 0 0 c8 2a 1 0 1 0 0 000 000 0 1
4 0 1 1 33 c6 1 1 1 1 1 318 3ff 0 1
4 0 1 0 d1 b8 1 1 1 1 1 319 3ff 0 1
4 0 0 0 04 80 1 1 1 1 1 31a 3ff 0 1
4 0 1 0 58 70 0 1 1 1 1 31a 3ff 0 1
4 0 0 1 da d7 0 1 1 1 1 31a 3ff 0 1
4 0 0 0 f6 8e 0 1 1 1 1 31a 3ff 0 1
4 0 1 1 97 25 1 1 1 1 1 31b 3ff 0 1
4 0 0 1 da 2f 1 1 1 0 1 0cc 3ff 0 1
4 0 1 1 ba 84 1 1 1 0 1 0cd 3ff 0 1
4 0 0 0 92 b7 1 1 1 0 1 0ce 3ff 0 1
4 0 0 0 63 ac 0 1 1 0 1 0ce 3ff 0 1
4 0 0 1 c0 b9 0 1 1 0 1 0ce 3ff 0 1
4 0 1 1 03 bc 0 1 1 0 1 0ce 3ff 0 1
4 0 1 1 6f 29 1 1 1 0 1 0cf 3ff 0 1
4 0 0 0 55 ab 1 0 1 0 0 000 000 1 1
4 0 0 1 06 f7 1 0 1 0 0 000 000 0 1
4 0 0 1 fb a6 0 0 1 0 0 000 000 0 1
4 0 0 0 a2 d6 1 0 1 0 0 000 000 0 1
4 0 0 1 62 31 0 0 1 0 0 000 000 0 1
4 0 0 0 35 d3 0 0 1 0 0 000 000 0 1
4 0 0 1 68 41 0 0 1 0 0 000 000 0 1
4 0 1 1 6b 0b 1 1 1 1 1 02c 3ff 0 1
4 0 0 1 d9 d3 1 1 1 1 1 02d 3ff 0 1
4 0 1 0 45 4d 0 1 1 1 1 02d 3ff 0 1
4 0 0 1 99 50 1 1 1 1 1 02e 3ff 0 1
4 0 1 0 7e 5e 0 1 1 1 1 02e 3ff 0 1
4 0 0 0 22 f1 1 1 1 1 1 02f 3ff 0 1
4 0 0 0 54 dd 0 1 1 1 1 02f 3ff 0 1
4 0 0 1 cb 64 1 1 1 0 1 1ac 3ff 0 1
4 0 0 0 0b f3 0 1 1 0 1 1ac 3ff 0 1
4 0 0 0 43 6f 1 1 1 0 1 1ad 3ff 0 1
4 0 1 1 5e cd 0 1 1 0 1 1ad 3ff 0 1
4 0 0 1 f9 28 0 1 1 0 1 1ad 3ff 0 1
4 0 0 1 67 d5 1 1 1 0 1 1ae 3ff 0 1
4 0 0 0 e7 80 1 1 1 0 1 1af 3ff 0 1
4 0 0 0 87 b4 1 0 1 0 0 000 000 1 1
4 0 0 0 40 1e 1 0 1 0 0 000 000 0 1
4 0 1 0 02 a3 0 1 1 0 1 008 3ff 0 1
4 0 1 0 35 d1 1 1 1 0 1 009 3ff 0 1
4 0 0 0 7b 5f 0 1 1 0 1 009 3ff 0 1
4 0 0 1 21 6b 0 1 1 0 1 009 3ff 0 1
4 0 0 0 0e 87 1 1 1 0 1 00a 3ff 0 1
4 0 0 1 28 19 1 1 1 0 1 00b 3ff 0 1
4 0 0 0 ef 5d 1 0 1 0 0 000 000 1 1
4 0 0 0 70 91 0 0 1 0 0 000 000 0 1
4 0 0 0 ff e5 0 0 1 0 0 000 000 0 1
4 0 0 0 8e fa 1 0 1 0 0 000 000 0 1
4 0 0 0 4a c4 1 0 1 0 0 000 000 0 1
4 0 0 0 4b 9a 1 0 1 0 0 000 000 0 1
4 0 0 1 80 37 0 0 1 0 0 000 000 0 1
4 0 0 1 8e 98 0 0 1 0 0 000 000 0 1
4 0 0 1 48 22 1 0 1 0 0 000 000 0 1
4 0 1 1 2a 08 1 1 1 1 1 020 3ff 0 1
4 0 0 0 24 4f 0 1 1 1 1 020 3ff 0 1
4 0 0 0 b9 33 0 1 1 1 1 020 3ff 0 1
4 0 0 0 c6 3a 1 1 1 1 1 021 3ff 0 1
4 0 0 0 6c 9b 1 1 1 1 1 022 3ff 0 1
4 0 0 1 15 d3 1 1 1 1 1 023 3ff 0 1
4 0 0 0 36 8e 0 1 1 1 1 023 3ff 0 1
4 0 0 0 67 49 0 1 1 1 1 023 3ff 0 1
4 0 0 1 1c 25 0 1 1 1 1 023 3ff 0 1
4 0 0 1 1a 46 0 1 1 1 1 023 3ff 0 1
4 0 0 0 8d a9 1 1 1 0 1 0a8 3ff 0 1
4 0 0 0 81 3e 0 1 1 0 1 0a8 3ff 0 1
4 0 0 1 fe 8d 0 1 1 0 1 0a8 3ff 0 1
4 0 0 0 fe 15 0 1 1 0 1 0a8 3ff 0 1
4 0 0 0 3d 04 1 1 1 0 1 0a9 3ff 0 1
4 0 0 1 c9 49 0 1 1 0 1 0a9 3ff 0 1
4 0 1 1 33 bf 0 1 1 0 1 0a9 3ff 0 1
4 0 0 1 e5 af 1 1 1 0 1 0aa 3ff 0 1
4 0 0 1 17 1f 0 1 1 0 1 0aa 3ff 0 1
4 0 0 0 0c 72 1 1 1 0 1 0ab 3ff 0 1
4 0 0 1 27 22 0 1 1 0 1 0ab 3ff 0 1
4 0 0 1 6a 39 0 1 1 0 1 0ab 3ff 0 1
4 0 0 1 39 b1 1 0 1 0 0 000 000 1 1
4 0 0 0 b3 53 1 0 1 0 0 000 000 0 1
4 0 0 0 ba f4 1 0 1 0 0 000 000 0 1
4 0 0 0 0c 6a 0 0 1 0 0 000 000 0 1
4 0 0 1 05 b8 1 0 1 0 0 000 000 0 1
4 0 1 0 b2 d8 0 1 1 0 1 2c8 3ff 0 1
4 0 0 0 8e 43 1 1 1 0 1 2c9 3ff 0 1
4 0 0 0 40 27 1 1 1 0 1 2ca 3ff 0 1
4 0 0 0 b7 81 1 1 1 0 1 2cb 3ff 0 1
4 0 1 0 16 fd 0 1 1 0 1 2cb 3ff 0 1
4 0 1 0 3a 10 0 1 1 0 1 2cb 3ff 0 1
4 0 1 1 23 89 1 0 1 0 0 000 000 1 1
4 0 0 0 f9 f2 0 0 1 0 0 000 000 0 1
4 0 1 0 e5 65 0 1 1 0 1 394 3ff 0 1
4 0 0 0 79 da 1 1 1 0 1 395 3ff 0 1
4 0 0 0 6c 6c 1 1 1 0 1 396 3ff 0 1
4 0 0 0 0a 1a 0 1 1 0 1 396 3ff 0 1
4 0 0 1 66 66 0 1 1 0 1 396 3ff 0 1
4 0 0 0 57 7c 1 1 1 0 1 397 3ff 0 1
4 0 0 0 df c9 0 1 1 0 1 397 3ff 0 1
4 0 0 1 83 f4 1 0 1 0 0 000 000 1 1
4 0 1 1 1c bb 1 0 1 0 0 000 000 0 1
4 0 0 0 a8 cb 0 0 1 0 0 000 000 0 1
4 0 0 1 e4 98 1 0 1 0 0 000 000 0 1
4 0 0 0 1e 04 0 0 1 0 0 000 000 0 1
4 0 0 1 06 3e 1 0 1 0 0 000 000 0 1
4 0 0 1 ae 75 0 0 1 0 0 000 000 0 1
4 0 1 1 e6 1e 0 1 1 1 1 078 3ff 0 1
4 0 0 0 62 4b 0 1 1 1 1 078 3ff 0 1
4 0 0 0 c8 37 0 1 1 1 1 078 3ff 0 1
4 0 1 0 74 57 0 1 1 1 1 078 3ff 0 1
4 0 1 1 2f 7a 1 1 1 1 1 079 3ff 0 1
4 0 1 1 89 30 1 1 1 1 1 07a 3ff 0 1
4 0 1 1 ad 44 1 1 1 1 1 07b 3ff 0 1
4 0 1 1 22 64 1 1 1 0 1 398 3ff 0 1
4 0 0 1 0c 3f 0 1 1 0 1 398 3ff 0 1
4 0 1 1 96 a2 0 1 1 0 1 398 3ff 0 1
4 0 0 0 26 b2 1 1 1 0 1 399 3ff 0 1
4 0 0 0 9c f9 0 1 1 0 1 399 3ff 0 1
4 0 1 0 30 b2 0 1 1 0 1 399 3ff 0 1
4 0 0 1 d0 4a 0 1 1 0 1 399 3ff 0 1
4 0 0 1 e8 70 1 1 1 0 1 39a 3ff 0 1
4 0 0 1 94 fd 0 1 1 0 1 39a 3ff 0 1
4 0 0 0 13 08 0 1 1 0 1 39a 3ff 0 1
4 0 0 0 4f da 1 1 1 0 1 39b 3ff 0 1
4 0 1 1 1d 9f 1 0 1 0 0 000 000 1 1
4 0 0 1 62 60 1 0 1 0 0 000 000 0 1
4 0 1 0 b3 8d 0 1 1 0 1 2cc 3ff 0 1
4 0 1 0 46 35 1 1 1 0 1 2cd 3ff 0 1
4 0 0 1 f3 ba 1 1 1 0 1 2ce 3ff 0 1
4 0 0 0 9e 37 1 1 1 0 1 2cf 3ff 0 1
4 0 1 1 10 00 1 0 1 0 0 000 000 1 1
4 0 0 0 ff 85 1 0 1 0 0 000 000 0 1
4 0 0 1 a7 fd 1 0 1 0 0 000 000 0 1
4 0 1 0 67 ee 1 1 1 0 1 19c 3ff 0 1
4 0 1 0 a9 b4 1 1 1 0 1 19d 3ff 0 1
4 0 1 0 53 cf 1 1 1 0 1 19e 3ff 0 1
4 0 0 0 d0 e3 1 1 1 0 1 19f 3ff 0 1
4 0 0 1 40 d6 1 0 1 0 0 000 000 1 1
4 0 0 1 93 5b 1 0 1 0 0 000 000 0 1
4 0 0 0 63 dd 0 0 1 0 0 000 000 0 1
4 0 1 1 f1 f4 1 1 1 1 1 3d0 3ff 0 1
4 0 0 1 9e 54 1 1 1 1 1 3d1 3ff 0 1
4 0 0 1 46 eb 0 1 1 1 1 3d1 3ff 0 1
4 0 0 0 f8 c6 1 1 1 1 1 3d2 3ff 0 1
4 0 1 0 a0 61 0 1 1 1 1 3d2 3ff 0 1
4 0 1 0 a6 81 1 1 1 1 1 3d3 3ff 0 1
4 0 0 1 81 99 1 1 1 0 1 3c4 3ff 0 1
4 0 1 0 ce 3c 1 1 1 0 1 3c5 3ff 0 1
4 0 0 1 d3 9b 1 1 1 0 1 3c6 3ff 0 1
4 0 0 0 a0 56 1 1 1 0 1 3c7 3ff 0 1
4 0 0 1 35 06 1 0 1 0 0 000 000 1 1
4 0 1 0 6e 00 1 0 1 0 0 000 000 0 1
4 0 1 1 26 30 0 1 1 1 1 0c0 3ff 0 1
4 0 0 1 a8 69 1 1 1 1 1 0c1 3ff 0 1
4 0 0 1 31 c6 0 1 1 1 1 0c1 3ff 0 1
4 0 0 0 f5 e1 0 1 1 1 1 0c1 3ff 0 1
4 0 1 0 be a7 1 1 1 1 1 0c2 3ff 0 1
4 0 1 1 7a e7 1 1 1 1 1 0c3 3ff 0 1
4 0 1 0 e5 b4 1 1 1 0 1 098 3ff 0 1
4 0 0 0 6b 33 1 1 1 0 1 099 3ff 0 1
4 0 0 1 24 44 0 1 1 0 1 099 3ff 0 1
4 0 0 1 92 76 1 1 1 0 1 09a 3ff 0 1
4 0 1 0 72 4a 0 1 1 0 1 09a 3ff 0 1
4 0 0 0 78 b0 1 1 1 0 1 09b 3ff 0 1
4 0 0 0 6f e5 0 1 1 0 1 09b 3ff 0 1
4 0 0 1 54 80 1 0 1 0 0 000 000 1 1
4 0 1 1 fa fe 1 0 1 0 0 000 000 0 1
4 0 0 0 e2 b6 0 0 1 0 0 000 000 0 1
4 0 0 1 ff 3f 0 0 1 0 0 000 000 0 1
4 0 0 1 91 e3 1 0 1 0 0 000 000 0 1
4 0 0 0 b2 47 0 0 1 0 0 000 000 0 1
4 0 1 1 dc f6 1 1 1 1 1 3d8 3ff 0 1
4 0 0 1 05 90 1 1 1 1 1 3d9 3ff 0 1
4 0 1 0 75 07 0 1 1 1 1 3d9 3ff 0 1
4 0 0 0 58 d8 1 1 1 1 1 3da 3ff 0 1
4 0 0 1 98 85 1 1 1 1 1 3db 3ff 0 1
4 0 1 1 24 a9 1 1 1 0 1 370 3ff 0 1
4 0 1 1 07 4f 0 1 1 0 1 370 3ff 0 1
4 0 1 1 22 75 0 1 1 0 1 370 3ff 0 1
4 0 0 1 26 ef 0 1 1 0 1 370 3ff 0 1
4 0 1 1 85 82 1 1 1 0 1 371 3ff 0 1
4 0 1 0 02 1e 1 1 1 0 1 372 3ff 0 1
4 0 0 0 d5 d0 1 1 1 0 1 373 3ff 0 1
4 0 1 0 1d 6d 1 0 1 0 0 000 000 1 1
4 0 0 0 d9 b1 1 0 1 0 0 000 000 0 1
4 0 0 1 9e 7a 0 0 1 0 0 000 000 0 1
4 0 1 0 93 45 1 1 1 0 1 24c 3ff 0 1
4 0 0 0 c8 39 0 1 1 0 1 24c 3ff 0 1
4 0 1 1 fa 0e 0 1 1 0 1 24c 3ff 0 1
4 0 0 1 5f d4 1 1 1 0 1 24d 3ff 0 1
4 0 1 0 66 47 1 1 1 0 1 24e 3ff 0 1
4 0 0 1 23 74 1 1 1 0 1 24f 3ff 0 1
4 0 1 0 c6 9b 1 0 1 0 0 000 000 1 1
4 0 0 1 2b cf 0 0 1 0 0 000 000 0 1
4 0 0 0 90 23 0 0 1 0 0 000 000 0 1
4 0 0 0 e0 93 0 0 1 0 0 000 000 0 1
4 0 1 1 b3 c0 1 1 1 1 1 300 3ff 0 1
4 0 1 1 d7 bb 1 1 1 1 1 301 3ff 0 1
4 0 0 0 c7 4a 0 1 1 1 1 301 3ff 0 1
4 0 0 1 2b 26 1 1 1 1 1 302 3ff 0 1
4 0 0 1 81 95 1 1 1 1 1 303 3ff 0 1
4 0 1 0 c1 35 0 1 1 1 1 303 3ff 0 1
4 0 0 0 3f 16 0 1 1 1 1 303 3ff 0 1
4 0 0 0 d2 cc 0 1 1 1 1 303 3ff 0 1
4 0 0 1 3c bc 0 1 1 1 1 303 3ff 0 1
4 0 1 0 6f a7 1 1 1 0 1 2cc 3ff 0 1
4 0 0 0 5c 61 1 1 1 0 1 2cd 3ff 0 1
4 0 0 0 6f 6c 1 1 1 0 1 2ce 3ff 0 1
4 0 1 0 7a 3c 1 1 1 0 1 2cf 3ff 0 1
4 0 0 0 fb af 1 0 1 0 0 000 000 1 1
4 0 1 0 a8 4b 1 0 1 0 0 000 000 0 1
4 0 0 1 d4 d5 1 0 1 0 0 000 000 0 1
4 0 1 1 8c 4c 0 1 1 1 1 130 3ff 0 1
4 0 0 0 8d 4d 0 1 1 1 1 130 3ff 0 1
4 0 0 0 03 e2 0 1 1 1 1 130 3ff 0 1
4 0 1 1 1f d7 1 1 1 1 1 131 3ff 0 1
4 0 0 0 9c 12 0 1 1 1 1 131 3ff 0 1
4 0 0 0 5e 22 0 1 1 1 1 131 3ff 0 1
4 0 0 0 87 c5 1 1 1 1 1 132 3ff 0 1
4 0 1 1 66 ad 1 1 1 1 1 133 3ff 0 1
4 0 0 1 27 40 0 1 1 1 1 133 3ff 0 1
4 0 0 0 a2 6d 1 1 1 0 1 230 3ff 0 1
4 0 1 1 8e f4 1 1 1 0 1 231 3ff 0 1
4 0 0 1 cb 75 0 1 1 0 1 231 3ff 0 1
4 0 0 1 c8 44 0 1 1 0 1 231 3ff 0 1
4 0 0 0 8f 37 1 1 1 0 1 232 3ff 0 1
4 0 0 0 00 a9 1 1 1 0 1 233 3ff 0 1
4 0 0 0 26 cb 1 0 1 0 0 000 000 1 1
4 0 0 1 cf 18 0 0 1 0 0 000 000 0 1
4 0 0 1 63 bb 0 0 1 0 0 000 000 0 1
4 0 0 0 a1 1d 0 0 1 0 0 000 000 0 1
4 0 0 0 ae 65 1 0 1 0 0 000 000 0 1
4 0 1 0 32 53 0 1 1 0 1 0c8 3ff 0 1
4 0 1 0 57 f1 1 1 1 0 1 0c9 3ff 0 1
4 0 1 0 18 30 1 1 1 0 1 0ca 3ff 0 1
4 0 0 1 96 1b 1 1 1 0 1 0cb 3ff 0 1
4 0 0 0 56 10 1 0 1 0 0 000 000 1 1
4 0 0 0 29 10 0 0 1 0 0 000 000 0 1
4 0 0 1 0a d9 0 0 1 0 0 000 000 0 1
4 0 0 1 e9 92 0 0 1 0 0 000 000 0 1
4 0 0 0 15 c7 0 0 1 0 0 000 000 0 1
4 0 0 0 08 b5 1 0 1 0 0 000 000 0 1
4 0 1 1 3f 5e 1 1 1 1 1 178 3ff 0 1
4 0 1 1 85 f0 1 1 1 1 1 179 3ff 0 1
4 0 0 1 5c f3 1 1 1 1 1 17a 3ff 0 1
4 0 0 0 52 76 0 1 1 1 1 17a 3ff 0 1
4 0 0 0 d8 4c 1 1 1 1 1 17b 3ff 0 1
4 0 1 0 51 9d 0 1 1 1 1 17b 3ff 0 1
4 0 1 0 7d b3 0 1 1 1 1 17b 3ff 0 1
4 0 1 0 f6 20 1 1 1 0 1 0fc 3ff 0 1
4 0 1 0 75 6e 1 1 1 0 1 0fd 3ff 0 1
4 0 1 0 a2 c1 1 1 1 0 1 0fe 3ff 0 1
4 0 0 0 b7 21 0 1 1 0 1 0fe 3ff 0 1
4 0 0 0 87 b3 0 1 1 0 1 0fe 3ff 0 1
4 0 0 1 a5 f3 1 1 1 0 1 0ff 3ff 0 1
4 0 0 1 8b b0 0 1 1 0 1 0ff 3ff 0 1
4 0 0 0 b7 c9 0 1 1 0 1 0ff 3ff 0 1
4 0 0 0 36 37 0 1 1 0 1 0ff 3ff 0 1
4 0 1 1 28 a6 1 0 1 0 0 000 000 1 1
4 0 0 1 30 eb 1 0 1 0 0 000 000 0 1
4 0 1 0 b5 f7 0 1 1 0 1 2d4 3ff 0 1
4 0 1 1 c2 25 1 1 1 0 1 2d5 3ff 0 1
4 0 0 0 54 80 1 1 1 0 1 2d6 3ff 0 1
4 0 0 0 25 46 0 1 1 0 1 2d6 3ff 0 1
4 0 0 1 cd 75 0 1 1 0 1 2d6 3ff 0 1
4 0 0 1 47 c3 1 1 1 0 1 2d7 3ff 0 1
4 0 0 1 b7 5d 0 1 1 0 1 2d7 3ff 0 1
4 1 1 1 3c 32 1 0 1 0 0 000 000 0 1
4 0 1 1 bd 47 1 1 1 1 1 11c 3ff 0 1
4 0 1 0 d3 78 1 1 1 1 1 11d 3ff 0 1
4 0 1 0 fb 3c 1 1 1 1 1 11e 3ff 0 1
4 0 0 0 e5 27 1 1 1 1 1 11f 3ff 0 1
4 0 0 1 14 df 1 1 1 0 1 2f4 3ff 0 1
4 0 1 1 77 55 0 1 1 0 1 2f4 3ff 0 1
4 0 0 0 90 4c 1 1 1 0 1 2f5 3ff 0 1
4 0 0 1 24 32 1 1 1 0 1 2f6 3ff 0 1
4 0 0 1 1f 38 1 1 1 0 1 2f7 3ff 0 1
4 0 0 1 f0 bd 0 1 1 0 1 2f7 3ff 0 1
4 0 0 0 59 53 0 1 1 0 1 2f7 3ff 0 1
4 0 0 1 68 b6 1 0 1 0 0 000 000 1 1
4 0 1 1 45 6f 1 0 1 0 0 000 000 0 1
4 0 1 1 ff ca 1 1 1 1 1 328 3ff 0 1
4 0 0 0 ac 3e 1 1 1 1 1 329 3ff 0 1
4 0 1 0 d6 42 1 1 1 1 1 32a 3ff 0 1
4 0 0 1 1d b0 1 1 1 1 1 32b 3ff 0 1
4 0 0 0 dd 38 1 1 1 0 1 3fc 3ff 0 1
4 0 0 0 05 4d 1 1 1 0 1 3fd 3ff 0 1
4 0 0 1 d1 62 1 1 1 0 1 3fe 3ff 0 1
4 0 1 0 50 67 0 1 1 0 1 3fe 3ff 0 1
4 0 0 1 09 fe 1 1 1 0 1 3ff 3ff 0 1
4 0 0 1 29 9c 1 0 1 0 0 000 000 1 1
4 0 0 1 20 86 1 0 1 0 0 000 000 0 1
4 0 0 0 e4 17 1 0 1 0 0 000 000 0 1
4 0 0 1 c5 38 1 0 1 0 0 000 000 0 1
4 0 0 0 28 25 1 0 1 0 0 000 000 0 1
4 0 0 0 5e a8 0 0 1 0 0 000 000 0 1
4 0 1 0 a0 cb 0 1 1 0 1 280 3ff 0 1
4 0 0 0 fa e1 0 1 1 0 1 280 3ff 0 1
4 0 0 0 ce da 0 1 1 0 1 280 3ff 0 1
4 0 0 0 58 b2 1 1 1 0 1 281 3ff 0 1
4 0 0 0 af a8 1 1 1 0 1 282 3ff 0 1
4 0 0 0 31 1d 1 1 1 0 1 283 3ff 0 1
4 0 1 1 7b 64 1 0 1 0 0 000 000 1 1
4 0 0 0 6c db 1 0 1 0 0 000 000 0 1
4 0 1 1 ed 9a 0 1 1 1 1 268 3ff 0 1
4 0 0 1 af 1d 0 1 1 1 1 268 3ff 0 1
4 0 0 0 8f c8 1 1 1 1 1 269 3ff 0 1
4 0 0 1 b5 74 0 1 1 1 1 269 3ff 0 1
4 0 1 1 d3 96 0 1 1 1 1 269 3ff 0 1
4 0 0 1 e8 11 1 1 1 1 1 26a 3ff 0 1
4 0 1 0 0a aa 1 1 1 1 1 26b 3ff 0 1
4 0 1 0 23 89 1 1 1 0 1 3b4 3ff 0 1
4 0 0 1 30 f7 1 1 1 0 1 3b5 3ff 0 1
4 0 1 1 77 6c 1 1 1 0 1 3b6 3ff 0 1
4 0 0 1 12 44 1 1 1 0 1 3b7 3ff 0 1
4 0 0 1 f5 2f 0 1 1 0 1 3b7 3ff 0 1
4 0 0 1 f7 fa 1 0 1 0 0 000 000 1 1
4 0 0 1 79 2f 1 0 1 0 0 000 000 0 1
4 0 1 0 6c a0 0 1 1 0 1 1b0 3ff 0 1
4 0 1 0 73 20 0 1 1 0 1 1b0 3ff 0 1
4 0 0 1 9b 6e 1 1 1 0 1 1b1 3ff 0 1
4 0 0 0 a6 a4 1 1 1 0 1 1b2 3ff 0 1
4 0 0 0 9d 43 1 1 1 0 1 1b3 3ff 0 1
4 0 1 1 6f c8 0 1 1 0 1 1b3 3ff 0 1
4 0 0 1 f5 66 1 0 1 0 0 000 000 1 1
4 0 1 1 10 88 0 0 1 0 0 000 000 0 1
4 0 0 0 61 41 0 0 1 0 0 000 000 0 1
4 0 0 0 c6 75 1 0 1 0 0 000 000 0 1
4 0 1 0 25 8b 1 1 1 0 1 094 3ff 0 1
4 0 1 1 6d 09 1 1 1 0 1 095 3ff 0 1
4 0 0 1 e5 df 1 1 1 0 1 096 3ff 0 1
4 0 0 0 db eb 0 1 1 0 1 096 3ff 0 1
4 0 1 1 1f 5a 1 1 1 0 1 097 3ff 0 1
4 0 0 1 bf 01 0 1 1 0 1 097 3ff 0 1
4 0 0 1 dd 7f 1 0 1 0 0 000 000 1 1
4 0 1 1 38 4c 1 0 1 0 0 000 000 0 1
4 0 0 1 de e7 1 0 1 0 0 000 000 0 1
4 0 0 1 7f 4f 0 0 1 0 0 000 000 0 1
4 0 0 0 aa 54 1 0 1 0 0 000 000 0 1
4 0 0 1 74 ce 0 0 1 0 0 000 000 0 1
4 0 0 1 77 70 1 0 1 0 0 000 000 0 1
4 0 0 1 34 25 0 0 1 0 0 000 000 0 1
4 0 1 1 c5 ed 1 1 1 1 1 3b4 3ff 0 1
4 0 0 1 0c aa 1 1 1 1 1 3b5 3ff 0 1
4 0 1 1 1c b9 1 1 1 1 1 3b6 3ff 0 1
4 0 0 1 1e f8 1 1 1 1 1 3b7 3ff 0 1
4 0 1 0 69 df 0 1 1 1 1 3b7 3ff 0 1
4 0 0 1 05 b7 0 1 1 1 1 3b7 3ff 0 1
4 0 0 1 95 50 1 1 1 0 1 314 3ff 0 1
4 0 1 1 43 0a 1 1 1 0 1 315 3ff 0 1
4 0 0 1 6d a2 1 1 1 0 1 316 3ff 0 1
4 0 0 0 29 03 0 1 1 0 1 316 3ff 0 1
4 0 1 0 74 45 1 1 1 0 1 317 3ff 0 1
4 0 0 1 83 0f 1 0 1 0 0 000 000 1 1
4 0 0 1 be ba 1 0 1 0 0 000 000 0 1
4 0 0 0 91 d3 1 0 1 0 0 000 000 0 1
4 0 0 0 b9 3a 0 0 1 0 0 000 000 0 1
4 0 0 1 95 e9 1 0 1 0 0 000 000 0 1
4 0 0 0 81 78 1 0 1 0 0 000 000 0 1
4 0 0 0 c2 c9 0 0 1 0 0 000 000 0 1
4 0 0 1 3d da 0 0 1 0 0 000 000 0 1
4 0 0 1 20 7c 1 0 1 0 0 000 000 0 1
4 0 0 1 c0 2b 1 0 1 0 0 000 000 0 1
4 0 1 0 15 26 0 1 1 0 1 054 3ff 0 1
4 0 0 1 f8 b0 1 1 1 0 1 055 3ff 0 1
4 0 0 0 c2 c2 0 1 1 0 1 055 3ff 0 1
4 0 0 1 db b2 0 1 1 0 1 055 3ff 0 1
4 0 0 0 ab c0 1 1 1 0 1 056 3ff 0 1
4 0 0 0 a1 09 1 1 1 0 1 057 3ff 0 1
4 0 1 0 18 63 1 0 1 0 0 000 000 1 1
4 0 0 0 b8 8a 1 0 1 0 0 000 000 0 1
4 0 1 1 c8 13 1 1 1 1 1 04c 3ff 0 1
4 0 0 0 1f f0 1 1 1 1 1 04d 3ff 0 1
4 0 0 1 d6 b1 1 1 1 1 1 04e 3ff 0 1
4 0 0 1 58 32 0 1 1 1 1 04e 3ff 0 1
4 0 0 0 07 26 1 1 1 1 1 04f 3ff 0 1
4 0 0 1 3c 89 1 1 1 0 1 320 3ff 0 1
4 0 0 0 33 05 1 1 1 0 1 321 3ff 0 1
4 0 0 0 4c a8 0 1 1 0 1 321 3ff 0 1
4 0 0 0 b7 25 0 1 1 0 1 321 3ff 0 1
4 0 0 1 4e 41 0 1 1 0 1 321 3ff 0 1
4 0 0 1 ab d7 1 1 1 0 1 322 3ff 0 1
4 0 0 1 6f e5 1 1 1 0 1 323 3ff 0 1
4 0 1 0 f8 63 1 0 1 0 0 000 000 1 1
4 0 1 1 9a 90 1 0 1 0 0 000 000 0 1
4 0 0 1 6a ca 0 0 1 0 0 000 000 0 1
4 0 0 1 ff d1 1 0 1 0 0 000 000 0 1
4 0 0 0 bc 00 1 0 1 0 0 000 000 0 1
4 0 1 0 12 5c 1 1 1 0 1 048 3ff 0 1
4 0 0 0 7f b5 1 1 1 0 1 049 3ff 0 1
4 0 0 0 09 fa 0 1 1 0 1 049 3ff 0 1
4 0 1 1 f4 28 0 1 1 0 1 049 3ff 0 1
4 0 0 0 1f 46 0 1 1 0 1 049 3ff 0 1
4 0 0 1 bb 55 1 1 1 0 1 04a 3ff 0 1
4 0 0 0 d7 1f 1 1 1 0 1 04b 3ff 0 1
4 0 0 0 89 3e 1 0 1 0 0 000 000 1 1
4 0 0 0 2e f4 0 0 1 0 0 000 000 0 1
4 0 0 1 09 a7 0 0 1 0 0 000 000 0 1
4 0 0 1 a0 c2 1 0 1 0 0 000 000 0 1
4 0 0 1 e3 9d 1 0 1 0 0 000 000 0 1
4 0 0 1 b0 00 0 0 1 0 0 000 000 0 1
4 0 0 1 22 4e 0 0 1 0 0 000 000 0 1
4 1 0 1 c7 09 0 0 1 0 0 000 000 0 1
4 0 0 1 f7 f5 1 0 1 0 0 000 000 0 1
4 0 0 0 82 e3 1 0 1 0 0 000 000 0 1
4 0 0 0 86 8e 0 0 1 0 0 000 000 0 1
4 0 0 1 6b 4a 0 0 1 0 0 000 000 0 1
4 0 0 1 44 8b 0 0 1 0 0 000 000 0 1
4 0 0 0 46 9f 0 0 1 0 0 000 000 0 1
4 0 0 1 5e 26 1 0 1 0 0 000 000 0 1
4 0 0 1 f1 ac 1 0 1 0 0 000 000 0 1
4 0 0 1 72 b3 0 0 1 0 0 000 000 0 1
4 0 0 0 23 a5 1 0 1 0 0 000 000 0 1
4 0 0 1 dc 56 1 0 1 0 0 000 000 0 1
4 0 1 0 a2 83 1 1 1 0 1 288 3ff 0 1
4 0 1 0 7a d6 1 1 1 0 1 289 3ff 0 1
4 0 0 0 8d 6d 0 1 1 0 1 289 3ff 0 1
4 0 0 0 f5 95 1 1 1 0 1 28a 3ff 0 1
4 0 0 1 81 5a 1 1 1 0 1 28b 3ff 0 1
4 0 0 1 d3 76 0 1 1 0 1 28b 3ff 0 1
4 0 0 0 7b e1 1 0 1 0 0 000 000 1 1
4 0 1 0 17 70 1 0 1 0 0 000 000 0 1
4 0 0 0 f4 c5 1 0 1 0 0 000 000 0 1
4 0 0 1 b5 35 1 0 1 0 0 000 000 0 1
4 0 1 1 91 42 1 1 1 1 1 108 3ff 0 1
4 0 0 1 64 e9 1 1 1 1 1 109 3ff 0 1
4 0 0 0 7d 6c 1 1 1 1 1 10a 3ff 0 1
4 0 1 0 1b ff 0 1 1 1 1 10a 3ff 0 1
4 0 1 1 e2 6c 1 1 1 1 1 10b 3ff 0 1
4 0 0 0 2a 41 1 1 1 0 1 244 3ff 0 1
4 0 0 1 ce 46 0 1 1 0 1 244 3ff 0 1
4 0 1 1 0b 1e 1 1 1 0 1 245 3ff 0 1
4 0 0 0 67 ba 0 1 1 0 1 245 3ff 0 1
4 0 0 0 4a a9 1 1 1 0 1 246 3ff 0 1
4 0 0 1 b8 f1 1 1 1 0 1 247 3ff 0 1
4 0 0 0 14 22 1 0 1 0 0 000 000 1 1
4 0 1 1 00 b2 1 0 1 0 0 000 000 0 1
4 0 0 1 38 f8 0 0 1 0 0 000 000 0 1
4 0 0 0 1d 06 1 0 1 0 0 000 000 0 1
4 0 1 0 b3 b6 1 1 1 0 1 2cc 3ff 0 1
4 0 1 0 2a 19 1 1 1 0 1 2cd 3ff 0 1
4 0 0 0 f1 1c 1 1 1 0 1 2ce 3ff 0 1
4 0 0 1 5f 4a 1 1 1 0 1 2cf 3ff 0 1
4 0 0 0 e5 77 1 0 1 0 0 000 000 1 1
4 0 0 0 dc 82 0 0 1 0 0 000 000 0 1
4 0 0 0 21 07 0 0 1 0 0 000 000 0 1
4 0 0 1 60 7f 0 0 1 0 0 000 000 0 1
4 0 0 0 89 c8 1 0 1 0 0 000 000 0 1
4 0 0 1 c6 3a 1 0 1 0 0 000 000 0 1
4 0 0 0 3a 2a 1 0 1 0 0 000 000 0 1
4 0 0 1 1f a0 1 0 1 0 0 000 000 0 1
4 0 1 1 22 3b 1 1 1 1 1 0ec 3ff 0 1
4 0 0 0 43 35 1 1 1 1 1 0ed 3ff 0 1
4 0 0 1 08 01 1 1 1 1 1 0ee 3ff 0 1
4 0 0 1 1e c1 1 1 1 1 1 0ef 3ff 0 1
4 0 0 0 9e 4f 0 1 1 1 1 0ef 3ff 0 1
4 0 1 0 3a 53 1 1 1 0 1 088 3ff 0 1
4 0 0 1 73 8b 1 1 1 0 1 089 3ff 0 1
4 0 1 0 57 37 1 1 1 0 1 08a 3ff 0 1
4 0 0 1 c1 bf 1 1 1 0 1 08b 3ff 0 1
4 0 0 1 d4 14 1 0 1 0 0 000 000 1 1
4 0 0 1 6f c8 1 0 1 0 0 000 000 0 1
4 0 0 0 df 8a 0 0 1 0 0 000 000 0 1
4 0 1 0 9e 94 1 1 1 0 1 278 3ff 0 1
4 0 0 1 f7 73 1 1 1 0 1 279 3ff 0 1
4 0 0 1 35 d2 1 1 1 0 1 27a 3ff 0 1
4 0 0 0 0f 33 1 1 1 0 1 27b 3ff 0 1
4 0 1 0 a1 77 1 0 1 0 0 000 000 1 1
4 0 1 1 1a b4 1 0 1 0 0 000 000 0 1
4 0 1 0 83 cc 1 1 1 0 1 20c 3ff 0 1
4 0 1 0 31 17 1 1 1 0 1 20d 3ff 0 1
4 0 1 1 63 40 0 1 1 0 1 20d 3ff 0 1
4 0 1 0 89 e8 0 1 1 0 1 20d 3ff 0 1
4 0 0 0 ba ef 1 1 1 0 1 20e 3ff 0 1
4 0 0 0 b8 29 0 1 1 0 1 20e 3ff 0 1
4 0 0 1 27 86 0 1 1 0 1 20e 3ff 0 1
4 0 0 0 6f 2e 0 1 1 0 1 20e 3ff 0 1
4 0 1 0 23 58 1 1 1 0 1 20f 3ff 0 1
4 0 0 0 35 a9 1 0 1 0 0 000 000 1 1
4 0 1 0 3d 25 1 0 1 0 0 000 000 0 1
4 0 1 1 6a 84 0 1 1 1 1 210 3ff 0 1
4 0 0 0 05 a4 0 1 1 1 1 210 3ff 0 1
4 0 0 1 0e 63 1 1 1 1 1 211 3ff 0 1
4 0 0 1 0f b7 0 1 1 1 1 211 3ff 0 1
4 0 0 0 4a 51 1 1 1 1 1 212 3ff 0 1
4 0 0 1 39 6b 0 1 1 1 1 212 3ff 0 1
4 0 0 1 8e 7f 0 1 1 1 1 212 3ff 0 1
4 0 0 1 10 ca 1 1 1 1 1 213 3ff 0 1
4 0 0 0 d6 6e 1 1 1 0 1 1a8 3ff 0 1
4 0 0 1 b3 dd 1 1 1 0 1 1a9 3ff 0 1
4 0 1 0 8a 83 1 1 1 0 1 1aa 3ff 0 1
4 0 0 0 58 94 0 1 1 0 1 1aa 3ff 0 1
4 0 0 1 4c 81 1 1 1 0 1 1ab 3ff 0 1
4 0 0 0 48 43 1 0 1 0 0 000 000 1 1
4 0 0 1 1c 99 1 0 1 0 0 000 000 0 1
4 0 1 0 0c b2 1 1 1 0 1 030 3ff 0 1
4 0 1 0 3b 06 0 1 1 0 1 030 3ff 0 1
4 0 0 1 fc 8a 0 1 1 0 1 030 3ff 0 1
4 0 0 0 2f 14 0 1 1 0 1 030 3ff 0 1
4 0 0 0 87 8f 1 1 1 0 1 031 3ff 0 1
4 0 1 1 d1 e2 0 1 1 0 1 031 3ff 0 1
4 0 1 1 18 53 0 1 1 0 1 031 3ff 0 1
4 0 0 0 a7 5d 1 1 1 0 1 032 3ff 0 1
4 0 0 0 d5 be 1 1 1 0 1 033 3ff 0 1
4 0 0 0 51 fe 0 1 1 0 1 033 3ff 0 1
4 0 0 0 9b 3d 1 0 1 0 0 000 000 1 1
4 0 0 0 5b a3 1 0 1 0 0 000 000 0 1
4 0 0 1 c3 5a 1 0 1 0 0 000 000 0 1
4 0 1 0 6b 50 0 1 1 0 1 1ac 3ff 0 1
4 0 1 0 4a 46 1 1 1 0 1 1ad 3ff 0 1
4 0 0 0 73 94 1 1 1 0 1 1ae 3ff 0 1
4 0 0 0 af e2 1 1 1 0 1 1af 3ff 0 1
4 0 0 1 3e 90 1 0 1 0 0 000 000 1 1
4 0 0 0 c5 40 1 0 1 0 0 000 000 0 1
4 0 1 0 f0 e7 1 1 1 0 1 3c0 3ff 0 1
4 0 1 1 66 e4 0 1 1 0 1 3c0 3ff 0 1
4 0 0 1 77 04 0 1 1 0 1 3c0 3ff 0 1
4 0 0 0 ee 7d 0 1 1 0 1 3c0 3ff 0 1
4 0 1 0 8c b1 0 1 1 0 1 3c0 3ff 0 1
4 0 1 1 1f 2f 1 1 1 0 1 3c1 3ff 0 1
4 0 0 1 a0 b5 0 1 1 0 1 3c1 3ff 0 1
4 0 0 1 7a b2 1 1 1 0 1 3c2 3ff 0 1
4 0 1 0 a3 e1 1 1 1 0 1 3c3 3ff 0 1
4 0 1 0 2b e5 0 1 1 0 1 3c3 3ff 0 1
4 0 1 1 a3 b1 1 0 1 0 0 000 000 1 1
4 0 0 0 4d aa 1 0 1 0 0 000 000 0 1
4 0 1 0 34 a6 0 1 1 0 1 0d0 3ff 0 1
4 0 1 1 a9 3f 0 1 1 0 1 0d0 3ff 0 1
4 0 1 0 47 ed 0 1 1 0 1 0d0 3ff 0 1
4 0 1 0 ba 12 1 1 1 0 1 0d1 3ff 0 1
4 0 0 1 9a 13 1 1 1 0 1 0d2 3ff 0 1
4 0 1 0 66 44 0 1 1 0 1 0d2 3ff 0 1
4 0 0 0 13 06 1 1 1 0 1 0d3 3ff 0 1
4 0 0 1 03 86 0 1 1 0 1 0d3 3ff 0 1
4 0 0 0 e1 11 1 0 1 0 0 000 000 1 1
4 0 1 0 0a ef 1 0 1 0 0 000 000 0 1
4 0 0 0 72 27 1 0 1 0 0 000 000 0 1
4 0 1 1 16 2c 1 1 1 1 1 0b0 3ff 0 1
4 0 1 0 dd 6f 0 1 1 1 1 0b0 3ff 0 1
4 0 1 0 9d 7a 1 1 1 1 1 0b1 3ff 0 1
4 0 0 1 c3 ff 1 1 1 1 1 0b2 3ff 0 1
4 0 0 1 20 76 1 1 1 1 1 0b3 3ff 0 1
4 0 0 1 e2 9e 0 1 1 1 1 0b3 3ff 0 1
4 0 0 1 29 8c 1 1 1 0 1 058 3ff 0 1
4 0 0 1 49 70 1 1 1 0 1 059 3ff 0 1
4 0 0 1 05 1f 0 1 1 0 1 059 3ff 0 1
4 0 0 1 7a d2 1 1 1 0 1 05a 3ff 0 1
4 0 0 1 57 b2 1 1 1 0 1 05b 3ff 0 1
4 0 0 0 ed 8f 0 1 1 0 1 05b 3ff 0 1
4 0 1 0 22 b8 1 0 1 0 0 000 000 1 1
4 0 1 0 57 4b 1 0 1 0 0 000 000 0 1
4 0 0 1 08 de 0 0 1 0 0 000 000 0 1
4 0 1 1 a8 3f 1 1 1 1 1 0fc 3ff 0 1
4 0 0 0 06 79 0 1 1 1 1 0fc 3ff 0 1
4 0 1 0 b8 5e 1 1 1 1 1 0fd 3ff 0 1
4 0 0 0 91 ac 0 1 1 1 1 0fd 3ff 0 1
4 0 0 0 54 b3 1 1 1 1 1 0fe 3ff 0 1
4 0 0 1 89 f0 1 1 1 1 1 0ff 3ff 0 1
4 0 0 0 68 0c 0 1 1 1 1 0ff 3ff 0 1
4 0 0 0 e2 df 1 1 1 0 1 2a0 3ff 0 1
4 0 1 1 72 66 0 1 1 0 1 2a0 3ff 0 1
4 0 0 1 85 78 1 1 1 0 1 2a1 3ff 0 1
4 0 0 0 c4 38 1 1 1 0 1 2a2 3ff 0 1
4 0 0 1 89 2e 0 1 1 0 1 2a2 3ff 0 1
4 0 0 1 94 00 0 1 1 0 1 2a2 3ff 0 1
4 0 1 1 55 25 0 1 1 0 1 2a2 3ff 0 1
4 0 0 0 a0 50 1 1 1 0 1 2a3 3ff 0 1
4 0 0 0 ad 98 1 0 1 0 0 000 000 1 1
4 0 1 0 c1 77 1 0 1 0 0 000 000 0 1
4 0 0 0 90 7d 0 0 1 0 0 000 000 0 1
4 0 1 1 b0 4e 1 1 1 1 1 138 3ff 0 1
4 0 1 0 eb d2 0 1 1 1 1 138 3ff 0 1
4 0 0 0 4f 69 1 1 1 1 1 139 3ff 0 1
4 0 0 0 8f 10 1 1 1 1 1 13a 3ff 0 1
4 0 0 0 60 52 1 1 1 1 1 13b 3ff 0 1
4 0 0 1 cc f2 1 1 1 0 1 2c0 3ff 0 1
4 0 0 0 53 e1 0 1 1 0 1 2c0 3ff 0 1
4 0 0 1 ee 68 0 1 1 0 1 2c0 3ff 0 1
4 0 0 1 56 2a 1 1 1 0 1 2c1 3ff 0 1
4 0 0 0 0e 8d 0 1 1 0 1 2c1 3ff 0 1
4 0 0 0 09 fd 1 1 1 0 1 2c2 3ff 0 1
4 0 1 1 e5 7e 1 1 1 0 1 2c3 3ff 0 1
4 0 0 1 5c fc 1 0 1 0 0 000 000 1 1
4 0 0 1 3d 64 1 0 1 0 0 000 000 0 1
4 0 0 0 a5 e9 1 0 1 0 0 000 000 0 1
4 0 1 0 13 10 1 1 1 0 1 04c 3ff 0 1
4 0 0 0 45 85 1 1 1 0 1 04d 3ff 0 1
4 0 0 1 ad e5 1 1 1 0 1 04e 3ff 0 1
4 0 1 1 ef c8 1 1 1 0 1 04f 3ff 0 1
4 0 1 0 96 9d 1 0 1 0 0 000 000 1 1
4 0 0 0 3e f5 1 0 1 0 0 000 000 0 1
4 0 0 1 30 85 1 0 1 0 0 000 000 0 1
4 0 0 0 e9 3e 1 0 1 0 0 000 000 0 1
4 0 1 1 2e 31 1 1 1 1 1 0c4 3ff 0 1
4 0 0 1 bb 7a 1 1 1 1 1 0c5 3ff 0 1
4 0 0 1 9c 64 1 1 1 1 1 0c6 3ff 0 1
4 0 0 0 8e 76 0 1 1 1 1 0c6 3ff 0 1
4 0 0 0 de e6 0 1 1 1 1 0c6 3ff 0 1
4 0 1 0 1f 79 0 1 1 1 1 0c6 3ff 0 1
4 0 0 0 de 82 1 1 1 1 1 0c7 3ff 0 1
4 0 0 1 c1 7e 1 1 1 0 1 0b8 3ff 0 1
4 0 0 0 df a1 0 1 1 0 1 0b8 3ff 0 1
4 0 0 0 32 32 1 1 1 0 1 0b9 3ff 0 1
4 0 1 0 db 66 1 1 1 0 1 0ba 3ff 0 1
4 0 0 0 2a de 1 1 1 0 1 0bb 3ff 0 1
4 0 0 0 66 fe 0 1 1 0 1 0bb 3ff 0 1
4 0 0 1 7e e0 0 1 1 0 1 0bb 3ff 0 1
4 0 0 1 fb d9 1 0 1 0 0 000 000 1 1
4 0 1 1 76 55 0 0 1 0 0 000 000 0 1
4 0 0 1 6e 20 0 0 1 0 0 000 000 0 1
4 0 0 0 3b 89 1 0 1 0 0 000 000 0 1
4 0 1 0 9b 6c 1 1 1 0 1 26c 3ff 0 1
4 1 1 0 f8 b4 1 0 1 0 0 000 000 0 1
4 0 1 1 43 6e 0 1 1 1 1 1b8 3ff 0 1
4 0 0 0 32 3a 0 1 1 1 1 1b8 3ff 0 1
4 0 0 0 e0 7b 1 1 1 1 1 1b9 3ff 0 1
4 0 1 0 5f 48 1 1 1 1 1 1ba 3ff 0 1
4 0 0 1 f2 50 0 1 1 1 1 1ba 3ff 0 1
4 0 0 0 ed c2 1 1 1 1 1 1bb 3ff 0 1
4 0 1 1 55 1c 1 1 1 0 1 10c 3ff 0 1
4 0 0 0 e3 35 0 1 1 0 1 10c 3ff 0 1
4 0 0 0 cf 32 1 1 1 0 1 10d 3ff 0 1
4 0 0 1 dd 5f 0 1 1 0 1 10d 3ff 0 1
4 0 0 1 17 13 1 1 1 0 1 10e 3ff 0 1
4 0 0 0 c9 2f 0 1 1 0 1 10e 3ff 0 1
4 0 0 0 85 59 1 1 1 0 1 10f 3ff 0 1
4 0 0 1 bf 92 1 0 1 0 0 000 000 1 1
4 0 0 1 7c d6 1 0 1 0 0 000 000 0 1
4 0 0 0 c2 50 1 0 1 0 0 000 000 0 1
4 0 0 0 59 f5 0 0 1 0 0 000 000 0 1
4 0 1 1 a3 65 0 1 1 1 1 194 3ff 0 1
4 0 0 1 80 3a 1 1 1 1 1 195 3ff 0 1
4 0 0 1 3c 34 1 1 1 1 1 196 3ff 0 1
4 0 0 1 9c d0 0 1 1 1 1 196 3ff 0 1
4 0 0 0 0e fa 1 1 1 1 1 197 3ff 0 1
4 0 1 0 39 4f 0 1 1 1 1 197 3ff 0 1
4 0 0 1 9f 7e 1 1 1 0 1 28c 3ff 0 1
4 0 0 0 8d b2 1 1 1 0 1 28d 3ff 0 1
4 0 0 0 61 39 1 1 1 0 1 28e 3ff 0 1
4 0 0 1 cb 14 0 1 1 0 1 28e 3ff 0 1
4 0 0 0 e3 81 1 1 1 0 1 28f 3ff 0 1
4 0 0 1 a6 aa 1 0 1 0 0 000 000 1 1
4 0 0 1 2f a3 0 0 1 0 0 000 000 0 1
4 0 0 0 bc 22 0 0 1 0 0 000 000 0 1
4 0 0 1 8d 94 0 0 1 0 0 000 000 0 1
4 0 1 0 5b c5 0 1 1 0 1 16c 3ff 0 1
4 0 1 0 52 1a 0 1 1 0 1 16c 3ff 0 1
4 0 0 1 2f 05 0 1 1 0 1 16c 3ff 0 1
4 0 0 1 8a c5 0 1 1 0 1 16c 3ff 0 1
4 0 0 0 2b 2b 1 1 1 0 1 16d 3ff 0 1
4 0 0 0 ad 71 1 1 1 0 1 16e 3ff 0 1
4 0 1 1 45 7d 1 1 1 0 1 16f 3ff 0 1
4 0 0 1 2c e9 1 0 1 0 0 000 000 1 1
4 0 0 1 2c 63 1 0 1 0 0 000 000 0 1
4 0 1 1 64 8a 0 1 1 1 1 228 3ff 0 1
4 0 1 0 13 2a 0 1 1 1 1 228 3ff 0 1
4 0 0 1 12 77 0 1 1 1 1 228 3ff 0 1
4 0 0 1 c4 1a 1 1 1 1 1 229 3ff 0 1
4 0 0 1 09 20 0 1 1 1 1 229 3ff 0 1
4 0 1 1 25 65 1 1 1 1 1 22a 3ff 0 1
4 0 0 1 a4 b1 0 1 1 1 1 22a 3ff 0 1
4 0 0 0 ce 35 1 1 1 1 1 22b 3ff 0 1
4 0 1 0 56 bf 1 1 1 0 1 190 3ff 0 1
4 0 0 1 e1 75 1 1 1 0 1 191 3ff 0 1
4 0 0 1 47 09 1 1 1 0 1 192 3ff 0 1
4 0 1 0 8e 4c 1 1 1 0 1 193 3ff 0 1
4 0 0 1 ac 05 0 1 1 0 1 193 3ff 0 1
4 0 1 0 76 4f 1 0 1 0 0 000 000 1 1
4 0 0 1 f0 5b 1 0 1 0 0 000 000 0 1
4 0 1 0 20 cb 0 1 1 0 1 080 3ff 0 1
4 0 0 0 b2 83 1 1 1 0 1 081 3ff 0 1
4 0 0 0 35 a0 1 1 1 0 1 082 3ff 0 1
4 0 0 0 a6 68 1 1 1 0 1 083 3ff 0 1
4 0 0 0 b1 9f 0 1 1 0 1 083 3ff 0 1
4 0 0 0 c3 ad 0 1 1 0 1 083 3ff 0 1
4 0 0 0 4b 2a 0 1 1 0 1 083 3ff 0 1
4 0 1 1 08 e1 1 0 1 0 0 000 000 1 1
4 0 0 1 a6 83 1 0 1 0 0 000 000 0 1
4 0 1 0 05 d9 1 1 1 0 1 014 3ff 0 1
4 0 0 0 8c 71 1 1 1 0 1 015 3ff 0 1
4 0 0 1 93 ed 1 1 1 0 1 016 3ff 0 1
4 0 1 1 8f ec 0 1 1 0 1 016 3ff 0 1
4 0 0 0 65 2e 1 1 1 0 1 017 3ff 0 1
4 0 0 0 f0 11 1 0 1 0 0 000 000 1 1
4 0 1 0 53 11 0 0 1 0 0 000 000 0 1
4 0 0 0 85 d8 0 0 1 0 0 000 000 0 1
4 0 1 1 4c 36 1 1 1 1 1 0d8 3ff 0 1
4 0 0 1 0e 00 1 1 1 1 1 0d9 3ff 0 1
4 0 0 0 29 14 1 1 1 1 1 0da 3ff 0 1
4 0 0 0 1d e7 0 1 1 1 1 0da 3ff 0 1
4 0 0 0 77 d2 0 1 1 1 1 0da 3ff 0 1
4 0 1 1 6c f3 0 1 1 1 1 0da 3ff 0 1
4 0 0 1 ec 84 0 1 1 1 1 0da 3ff 0 1
4 0 1 1 b3 b9 1 1 1 1 1 0db 3ff 0 1
4 0 1 0 21 4a 0 1 1 1 1 0db 3ff 0 1
4 0 0 0 14 65 1 1 1 0 1 130 3ff 0 1
4 0 0 0 f7 73 0 1 1 0 1 130 3ff 0 1
4 0 0 1 0d e3 1 1 1 0 1 131 3ff 0 1
4 0 0 0 ff ee 1 1 1 0 1 132 3ff 0 1
4 0 0 0 43 5b 1 1 1 0 1 133 3ff 0 1
4 0 1 1 be b0 1 0 1 0 0 000 000 1 1
4 0 0 0 0f 5f 1 0 1 0 0 000 000 0 1
4 0 0 1 8c 55 0 0 1 0 0 000 000 0 1
4 0 0 0 fa d6 0 0 1 0 0 000 000 0 1
4 0 0 1 cc 65 1 0 1 0 0 000 000 0 1
4 0 0 1 fe c4 1 0 1 0 0 000 000 0 1
4 0 1 0 d8 6e 0 1 1 0 1 360 3ff 0 1
4 0 0 0 7f 46 0 1 1 0 1 360 3ff 0 1
4 0 1 1 42 01 0 1 1 0 1 360 3ff 0 1
4 0 0 1 7a ea 0 1 1 0 1 360 3ff 0 1
4 0 0 1 ee e3 0 1 1 0 1 360 3ff 0 1
4 0 1 0 df 0d 0 1 1 0 1 360 3ff 0 1
4 0 1 0 55 05 1 1 1 0 1 361 3ff 0 1
4 0 0 1 93 5c 0 1 1 0 1 361 3ff 0 1
4 0 0 0 37 eb 1 1 1 0 1 362 3ff 0 1
4 0 1 1 9f 92 1 1 1 0 1 363 3ff 0 1
4 0 1 1 e1 6f 0 1 1 0 1 363 3ff 0 1
4 0 0 1 eb 5c 1 0 1 0 0 000 000 1 1
4 0 0 0 e9 ed 0 0 1 0 0 000 000 0 1
4 0 1 1 d8 5b 1 1 1 1 1 16c 3ff 0 1
4 0 0 1 65 f0 0 1 1 1 1 16c 3ff 0 1
4 0 1 0 b9 a7 1 1 1 1 1 16d 3ff 0 1
4 0 0 1 83 f2 1 1 1 1 1 16e 3ff 0 1
4 0 0 0 1e 8d 1 1 1 1 1 16f 3ff 0 1
4 0 1 0 81 28 1 1 1 0 1 360 3ff 0 1
4 0 0 1 51 4d 1 1 1 0 1 361 3ff 0 1
4 0 0 0 72 63 0 1 1 0 1 361 3ff 0 1
4 0 1 1 7c 26 0 1 1 0 1 361 3ff 0 1
4 0 0 0 2b cc 0 1 1 0 1 361 3ff 0 1
4 0 1 0 95 f4 0 1 1 0 1 361 3ff 0 1
4 0 0 1 47 ca 1 1 1 0 1 362 3ff 0 1
4 0 0 0 fe 59 1 1 1 0 1 363 3ff 0 1
4 0 0 0 78 a3 1 0 1 0 0 000 000 1 1
4 0 0 1 09 da 0 0 1 0 0 000 000 0 1
4 0 0 0 e1 da 0 0 1 0 0 000 000 0 1
4 0 1 1 5c 91 1 1 1 1 1 244 3ff 0 1
4 0 1 1 a6 76 1 1 1 1 1 245 3ff 0 1
4 0 1 0 2c 40 0 1 1 1 1 245 3ff 0 1
4 0 0 1 06 58 1 1 1 1 1 246 3ff 0 1
4 0 0 0 37 af 0 1 1 1 1 246 3ff 0 1
4 0 1 0 b4 8e 1 1 1 1 1 247 3ff 0 1
4 0 1 1 1a 13 0 1 1 1 1 247 3ff 0 1
4 0 0 1 a3 17 1 1 1 0 1 170 3ff 0 1
4 0 0 1 e8 59 0 1 1 0 1 170 3ff 0 1
4 0 0 0 a0 12 0 1 1 0 1 170 3ff 0 1
4 0 0 1 34 00 1 1 1 0 1 171 3ff 0 1
4 0 0 1 c6 b7 1 1 1 0 1 172 3ff 0 1
4 0 0 0 60 71 1 1 1 0 1 173 3ff 0 1
4 0 0 1 c0 36 1 0 1 0 0 000 000 1 1
4 0 0 1 d3 ec 1 0 1 0 0 000 000 0 1
4 0 0 1 a3 8a 1 0 1 0 0 000 000 0 1
4 0 0 1 c8 78 1 0 1 0 0 000 000 0 1
4 0 1 1 68 63 1 1 1 1 1 18c 3ff 0 1
4 0 0 1 43 34 0 1 1 1 1 18c 3ff 0 1
4 0 1 1 b9 44 1 1 1 1 1 18d 3ff 0 1
4 0 0 0 40 19 1 1 1 1 1 18e 3ff 0 1
4 0 1 1 eb 30 1 1 1 1 1 18f 3ff 0 1
4 0 1 0 3b ef 1 1 1 0 1 1a0 3ff 0 1
4 0 1 1 15 c7 0 1 1 0 1 1a0 3ff 0 1
4 0 1 1 b6 a9 1 1 1 0 1 1a1 3ff 0 1
4 0 0 0 61 91 0 1 1 0 1 1a1 3ff 0 1
4 0 0 1 60 68 1 1 1 0 1 1a2 3ff 0 1
4 0 0 1 18 0d 1 1 1 0 1 1a3 3ff 0 1
4 0 0 0 24 91 1 0 1 0 0 000 000 1 1
4 0 0 0 3f ea 0 0 1 0 0 000 000 0 1
4 0 0 0 24 df 0 0 1 0 0 000 000 0 1
4 0 0 0 99 64 0 0 1 0 0 000 000 0 1
4 0 0 1 66 cc 1 0 1 0 0 000 000 0 1
4 0 0 1 d8 fa 1 0 1 0 0 000 000 0 1
4 0 0 0 fa 9b 0 0 1 0 0 000 000 0 1
4 0 0 1 ef 09 0 0 1 0 0 000 000 0 1
4 0 1 0 f3 b6 1 1 1 0 1 3cc 3ff 0 1
4 0 1 0 c5 96 1 1 1 0 1 3cd 3ff 0 1
4 0 0 1 ba 32 1 1 1 0 1 3ce 3ff 0 1
4 0 0 1 9a ee 1 1 1 0 1 3cf 3ff 0 1
4 0 0 0 2e e8 1 0 1 0 0 000 000 1 1
4 0 1 0 64 6e 0 0 1 0 0 000 000 0 1
4 0 0 1 43 bc 1 0 1 0 0 000 000 0 1
4 0 1 0 25 82 1 1 1 0 1 094 3ff 0 1
4 0 0 0 33 70 1 1 1 0 1 095 3ff 0 1
4 0 0 1 50 13 1 1 1 0 1 096 3ff 0 1
4 0 0 0 4c b8 0 1 1 0 1 096 3ff 0 1
4 0 0 0 33 df 1 1 1 0 1 097 3ff 0 1
4 0 0 1 7f 9d 1 0 1 0 0 000 000 1 1
4 0 0 0 d0 fd 1 0 1 0 0 000 000 0 1
4 0 0 1 06 9a 1 0 1 0 0 000 000 0 1
4 0 0 0 3e 9c 1 0 1 0 0 000 000 0 1
4 0 0 0 44 5e 1 0 1 0 0 000 000 0 1
4 0 1 1 a4 f5 1 1 1 1 1 3d4 3ff 0 1
4 0 0 1 c2 90 0 1 1 1 1 3d4 3ff 0 1
4 0 0 1 9f a8 1 1 1 1 1 3d5 3ff 0 1
4 0 0 1 fc a8 1 1 1 1 1 3d6 3ff 0 1
4 0 1 0 23 00 0 1 1 1 1 3d6 3ff 0 1
4 0 0 0 f6 82 0 1 1 1 1 3d6 3ff 0 1
4 0 0 0 83 bb 1 1 1 1 1 3d7 3ff 0 1
4 0 0 0 cc c8 1 1 1 0 1 290 3ff 0 1
4 0 0 0 99 15 0 1 1 0 1 290 3ff 0 1
4 0 0 0 ea 7b 0 1 1 0 1 290 3ff 0 1
4 0 1 1 7f 3f 0 1 1 0 1 290 3ff 0 1
4 0 0 1 54 c0 1 1 1 0 1 291 3ff 0 1
4 0 1 1 9a ff 1 1 1 0 1 292 3ff 0 1
4 0 0 0 f7 ef 0 1 1 0 1 292 3ff 0 1
4 0 0 1 b3 63 0 1 1 0 1 292 3ff 0 1
4 0 0 1 01 26 0 1 1 0 1 292 3ff 0 1
4 0 1 0 d3 d0 0 1 1 0 1 292 3ff 0 1
4 0 0 0 ae d9 1 1 1 0 1 293 3ff 0 1
4 0 1 1 84 b7 1 0 1 0 0 000 000 1 1
4 0 1 0 46 5e 0 0 1 0 0 000 000 0 1
4 0 0 1 1b da 1 0 1 0 0 000 000 0 1
4 0 0 1 93 c8 1 0 1 0 0 000 000 0 1
4 0 1 0 e3 3c 0 1 1 0 1 38c 3ff 0 1
4 0 1 1 bf 63 0 1 1 0 1 38c 3ff 0 1
4 0 1 0 a9 d0 0 1 1 0 1 38c 3ff 0 1
4 0 0 1 2e 2d 1 1 1 0 1 38d 3ff 0 1
4 0 1 0 d1 77 1 1 1 0 1 38e 3ff 0 1
4 0 0 0 a0 5a 1 1 1 0 1 38f 3ff 0 1
4 0 0 1 f0 3a 0 1 1 0 1 38f 3ff 0 1
4 0 0 1 ff c7 1 0 1 0 0 000 000 1 1
4 0 0 1 3c b6 0 0 1 0 0 000 000 0 1
4 0 0 0 ff 1d 0 0 1 0 0 000 000 0 1
4 0 0 1 6b 6e 1 0 1 0 0 000 000 0 1
4 0 1 0 53 e3 0 1 1 0 1 14c 3ff 0 1
4 0 0 1 a5 ef 1 1 1 0 1 14d 3ff 0 1
4 0 0 1 91 a2 1 1 1 0 1 14e 3ff 0 1
4 0 1 1 43 7c 0 1 1 0 1 14e 3ff 0 1
4 0 0 0 12 b5 1 1 1 0 1 14f 3ff 0 1
4 0 1 0 19 0e 0 1 1 0 1 14f 3ff 0 1
4 0 0 0 55 95 1 0 1 0 0 000 000 1 1
4 0 0 0 6c 2e 0 0 1 0 0 000 000 0 1
4 0 0 1 d6 b4 1 0 1 0 0 000 000 0 1
4 0 0 1 61 38 0 0 1 0 0 000 000 0 1
4 0 1 0 d5 ef 0 1 1 0 1 354 3ff 0 1
4 0 1 1 07 74 0 1 1 0 1 354 3ff 0 1
4 0 0 0 5a 88 1 1 1 0 1 355 3ff 0 1
4 0 1 1 f1 7f 1 1 1 0 1 356 3ff 0 1
4 0 1 0 aa d3 0 1 1 0 1 356 3ff 0 1
4 0 1 1 5e 2e 0 1 1 0 1 356 3ff 0 1
4 0 1 0 8c 69 0 1 1 0 1 356 3ff 0 1
4 0 1 0 d3 ff 1 1 1 0 1 357 3ff 0 1
4 0 0 1 e6 b1 0 1 1 0 1 357 3ff 0 1
4 0 0 1 72 1a 0 1 1 0 1 357 3ff 0 1
4 0 0 1 8c 5a 0 1 1 0 1 357 3ff 0 1
4 0 1 0 28 96 1 0 1 0 0 000 000 1 1
4 0 0 1 24 76 1 0 1 0 0 000 000 0 1
4 0 0 1 c6 2c 1 0 1 0 0 000 000 0 1
4 0 0 0 f0 d0 0 0 1 0 0 000 000 0 1
4 0 1 1 d4 2c 1 1 1 1 1 0b0 3ff 0 1
4 0 1 0 c6 b5 1 1 1 1 1 0b1 3ff 0 1
4 0 0 1 fa 5d 0 1 1 1 1 0b1 3ff 0 1
4 0 1 1 de e6 1 1 1 1 1 0b2 3ff 0 1
4 0 0 1 7b bd 1 1 1 1 1 0b3 3ff 0 1
4 0 0 1 2e 76 0 1 1 1 1 0b3 3ff 0 1
4 0 0 1 82 c1 0 1 1 1 1 0b3 3ff 0 1
4 0 1 1 90 79 1 1 1 0 1 350 3ff 0 1
4 0 1 0 c1 2e 0 1 1 0 1 350 3ff 0 1
4 0 1 0 24 b4 0 1 1 0 1 350 3ff 0 1
4 0 0 0 1e 2f 0 1 1 0 1 350 3ff 0 1
4 0 0 0 8b 4e 1 1 1 0 1 351 3ff 0 1
4 0 1 0 30 5f 1 1 1 0 1 352 3ff 0 1
4 0 1 0 61 6e 0 1 1 0 1 352 3ff 0 1
4 0 1 0 8a d9 0 1 1 0 1 352 3ff 0 1
4 0 1 1 5b 31 0 1 1 0 1 352 3ff 0 1
4 0 0 1 ca 46 0 1 1 0 1 352 3ff 0 1
4 0 0 1 53 43 0 1 1 0 1 352 3ff 0 1
4 0 0 1 e3 da 1 1 1 0 1 353 3ff 0 1
4 0 1 0 48 79 0 1 1 0 1 353 3ff 0 1
4 0 0 1 29 96 1 0 1 0 0 000 000 1 1
4 0 1 0 9f f2 0 0 1 0 0 000 000 0 1
4 0 0 0 5f 78 1 0 1 0 0 000 000 0 1
4 0 0 0 4c 10 1 0 1 0 0 000 000 0 1
4 0 0 0 cc d1 1 0 1 0 0 000 000 0 1
4 0 0 1 b6 c2 1 0 1 0 0 000 000 0 1
4 0 0 1 2a 88 1 0 1 0 0 000 000 0 1
4 0 1 1 77 fe 1 1 1 1 1 3f8 3ff 0 1
4 0 1 1 f8 02 0 1 1 1 1 3f8 3ff 0 1
4 0 0 0 d0 46 1 1 1 1 1 3f9 3ff 0 1
4 0 0 1 cb 08 0 1 1 1 1 3f9 3ff 0 1
4 0 0 1 66 6a 1 1 1 1 1 3fa 3ff 0 1
4 0 1 1 8d 2e 0 1 1 1 1 3fa 3ff 0 1
4 0 1 0 20 5b 0 1 1 1 1 3fa 3ff 0 1
4 0 1 0 81 b2 1 1 1 1 1 3fb 3ff 0 1
4 0 0 0 ac b2 0 1 1 1 1 3fb 3ff 0 1
4 0 1 0 aa 76 1 1 1 0 1 1dc 3ff 0 1
4 0 0 0 06 01 0 1 1 0 1 1dc 3ff 0 1
4 0 1 1 2e f4 0 1 1 0 1 1dc 3ff 0 1
4 0 0 0 ae e7 0 1 1 0 1 1dc 3ff 0 1
4 0 0 0 af 64 1 1 1 0 1 1dd 3ff 0 1
4 0 0 0 ed 7b 1 1 1 0 1 1de 3ff 0 1
4 0 0 0 49 96 0 1 1 0 1 1de 3ff 0 1
4 0 0 0 c7 a8 0 1 1 0 1 1de 3ff 0 1
4 0 0 1 d1 5c 1 1 1 0 1 1df 3ff 0 1
4 0 0 0 30 bd 1 0 1 0 0 000 000 1 1
