0 1 0 0 0 0 00 00 00 0 1 00 00 00 ff 00 ff
0 0 1 0 0 0 2a 00 00 0 1 00 00 00 ff 01 ff
0 0 0 0 1 0 2a 00 77 0 1 00 00 00 ff 01 ff
0 0 1 0 0 0 2a 00 00 1 1 77 ff 01 ff 01 ff
0 0 0 0 0 0 2a 00 00 0 1 00 00 01 ff 01 ff
1 0 0 0 1 0 05 00 11 0 1 00 00 01 ff 01 ff
1 0 1 0 0 0 0d 00 00 0 1 00 00 01 ff 02 ff
1 0 0 0 1 0 0d 00 22 0 1 00 00 01 ff 02 ff
1 0 1 0 0 0 05 00 00 0 1 00 00 01 ff 03 ff
1 0 1 0 0 0 0d 00 00 1 1 22 ff 02 ff 03 ff
2 0 0 1 0 0 44 99 00 0 1 00 00 02 ff 03 ff
2 0 1 0 0 0 44 00 00 0 1 00 00 02 ff 04 ff
2 0 0 1 0 0 0d 33 00 1 1 00 00 02 ff 04 ff
2 0 1 0 0 0 0d 00 00 1 1 33 ff 03 ff 04 ff
3 0 0 0 0 1 00 00 00 0 1 00 00 03 ff 04 ff
3 0 1 0 0 0 0d 00 00 0 1 00 00 03 ff 05 ff
3 0 1 0 0 0 2a 00 00 0 1 00 00 03 ff 06 ff
4 0 1 0 0 0 0e 00 00 0 1 00 00 03 ff 07 ff
4 0 0 0 1 0 5e 00 95 0 1 00 00 03 ff 07 ff
4 0 0 1 0 0 0c 23 00 0 1 00 00 03 ff 07 ff
4 0 0 0 1 0 9f 00 8e 0 1 00 00 03 ff 07 ff
4 0 1 0 0 0 be 00 00 0 1 00 00 03 ff 08 ff
4 0 0 0 0 1 00 00 00 0 1 00 00 03 ff 08 ff
4 0 1 0 0 0 9e 00 00 0 1 00 00 03 ff 09 ff
4 0 1 0 0 0 02 00 00 0 1 00 00 03 ff 0a ff
4 0 0 0 1 0 01 00 58 0 1 00 00 03 ff 0a ff
4 0 0 0 1 0 08 00 3e 0 1 00 00 03 ff 0a ff
4 0 1 0 0 0 0c 00 00 0 1 00 00 03 ff 0b ff
4 0 0 0 1 0 8a 00 f6 0 1 00 00 03 ff 0b ff
4 0 0 1 0 0 d3 48 00 0 1 00 00 03 ff 0b ff
4 0 1 0 0 0 7b 00 00 0 1 00 00 03 ff 0c ff
4 0 1 0 0 0 4c 00 00 0 1 00 00 03 ff 0d ff
4 0 1 0 0 0 09 00 00 0 1 00 00 03 ff 0e ff
4 0 0 0 1 0 f1 00 0a 0 1 00 00 03 ff 0e ff
4 0 1 0 0 0 0b 00 00 0 1 00 00 03 ff 0f ff
4 0 0 1 0 0 0e 35 00 0 1 00 00 03 ff 0f ff
4 0 1 0 0 0 4e 00 00 0 1 00 00 03 ff 10 ff
4 0 0 0 1 0 06 00 50 0 1 00 00 03 ff 10 ff
4 0 1 0 0 0 09 00 00 0 1 00 00 03 ff 11 ff
4 0 1 0 0 0 1f 00 00 0 1 00 00 03 ff 12 ff
4 0 0 0 1 0 15 00 93 0 1 00 00 03 ff 12 ff
4 0 0 0 0 0 0f 00 00 0 1 00 00 03 ff 12 ff
4 0 0 1 0 0 6c c8 00 0 1 00 00 03 ff 12 ff
4 0 1 0 0 0 f3 00 00 0 1 00 00 03 ff 13 ff
4 0 1 0 0 0 c1 00 00 0 1 00 00 03 ff 14 ff
4 0 0 0 1 0 5d 00 f7 0 1 00 00 03 ff 14 ff
4 0 1 0 0 0 08 00 00 1 1 3e ff 04 ff 14 ff
4 0 0 1 0 0 02 bf 00 0 1 00 00 04 ff 14 ff
4 0 1 0 0 0 02 00 00 0 1 00 00 04 ff 15 ff
4 0 1 0 0 0 05 00 00 0 1 00 00 04 ff 16 ff
4 0 0 0 0 0 02 00 00 0 1 00 00 04 ff 16 ff
4 0 0 0 1 0 08 00 3e 0 1 00 00 04 ff 16 ff
4 0 1 0 0 0 0d 00 00 0 1 00 00 04 ff 17 ff
4 0 0 1 0 0 06 f1 00 1 1 00 00 04 ff 17 ff
4 0 0 0 1 0 0d 00 37 0 1 00 00 04 ff 17 ff
4 0 0 0 1 0 ce 00 0c 0 1 00 00 04 ff 17 ff
4 0 0 0 1 0 eb 00 02 0 1 00 00 04 ff 17 ff
4 0 0 0 0 0 04 00 00 0 1 00 00 04 ff 17 ff
4 0 1 0 0 0 a7 00 00 0 1 00 00 04 ff 18 ff
4 0 0 1 0 0 69 a4 00 0 1 00 00 04 ff 18 ff
4 0 0 0 1 0 0b 00 94 0 1 00 00 04 ff 18 ff
4 0 0 0 1 0 42 00 57 0 1 00 00 04 ff 18 ff
4 0 0 0 1 0 70 00 1e 0 1 00 00 04 ff 18 ff
4 0 0 1 0 0 55 16 00 0 1 00 00 04 ff 18 ff
4 0 1 0 0 0 0c 00 00 0 1 00 00 04 ff 19 ff
4 0 1 0 0 0 ff 00 00 0 1 00 00 04 ff 1a ff
4 0 1 0 0 0 0a 00 00 0 1 00 00 04 ff 1b ff
4 0 1 0 0 0 05 00 00 0 1 00 00 04 ff 1c ff
4 0 0 0 1 0 00 00 c9 0 1 00 00 04 ff 1c ff
4 0 0 1 0 0 09 2b 00 0 1 00 00 04 ff 1c ff
4 0 0 0 1 0 bb 00 9b 0 1 00 00 04 ff 1c ff
4 0 0 0 0 1 00 00 00 0 1 00 00 04 ff 1c ff
4 0 1 0 0 0 08 00 00 0 1 00 00 04 ff 1d ff
4 0 1 0 0 0 61 00 00 0 1 00 00 04 ff 1e ff
4 0 0 0 0 0 08 00 00 0 1 00 00 04 ff 1e ff
4 0 1 0 0 0 29 00 00 0 1 00 00 04 ff 1f ff
4 0 1 0 0 0 2f 00 00 0 1 00 00 04 ff 20 ff
4 0 0 1 0 0 12 a4 00 0 1 00 00 04 ff 20 ff
4 0 0 1 0 0 d9 d1 00 0 1 00 00 04 ff 20 ff
4 0 0 0 1 0 08 00 3e 0 1 00 00 04 ff 20 ff
4 0 0 0 1 0 0c 00 23 0 1 00 00 04 ff 20 ff
4 0 0 0 1 0 03 00 d1 0 1 00 00 04 ff 20 ff
4 0 1 0 0 0 91 00 00 0 1 00 00 04 ff 21 ff
4 0 0 1 0 0 5f 55 00 0 1 00 00 04 ff 21 ff
4 0 0 0 0 1 00 00 00 0 1 00 00 04 ff 21 ff
4 0 0 0 0 0 6d 00 00 0 1 00 00 04 ff 21 ff
4 0 0 1 0 0 0a 0c 00 0 1 00 00 04 ff 21 ff
4 0 1 0 0 0 63 00 00 0 1 00 00 04 ff 22 ff
4 0 0 1 0 0 0f 1b 00 0 1 00 00 04 ff 22 ff
4 0 1 0 0 0 c3 00 00 0 1 00 00 04 ff 23 ff
4 0 0 0 0 0 06 00 00 0 1 00 00 04 ff 23 ff
4 0 1 0 0 0 95 00 00 0 1 00 00 04 ff 24 ff
4 0 0 0 1 0 2e 00 03 0 1 00 00 04 ff 24 ff
4 0 0 1 0 0 07 41 00 0 1 00 00 04 ff 24 ff
4 0 0 1 0 0 b9 45 00 0 1 00 00 04 ff 24 ff
4 0 0 0 1 0 e0 00 76 0 1 00 00 04 ff 24 ff
4 0 0 0 1 0 05 00 51 0 1 00 00 04 ff 24 ff
4 0 0 0 1 0 04 00 96 0 1 00 00 04 ff 24 ff
4 0 0 1 0 0 0e 59 00 0 1 00 00 04 ff 24 ff
4 0 0 1 0 0 05 fb 00 1 1 00 00 04 ff 24 ff
4 0 1 0 0 0 65 00 00 0 1 00 00 04 ff 25 ff
4 0 0 0 1 0 04 00 96 0 1 00 00 04 ff 25 ff
4 0 1 0 0 0 0c 00 00 0 1 00 00 04 ff 26 ff
4 0 1 0 0 0 72 00 00 0 1 00 00 04 ff 27 ff
4 0 1 0 0 0 04 00 00 1 1 96 ff 05 ff 27 ff
4 0 1 0 0 0 03 00 00 0 1 00 00 05 ff 28 ff
4 0 0 0 0 0 11 00 00 0 1 00 00 05 ff 28 ff
4 0 1 0 0 0 e6 00 00 0 1 00 00 05 ff 29 ff
4 0 0 0 1 0 fb 00 09 0 1 00 00 05 ff 29 ff
4 0 1 0 0 0 02 00 00 0 1 00 00 05 ff 2a ff
4 0 1 0 0 0 2a 00 00 0 1 00 00 05 ff 2b ff
4 0 0 0 1 0 fc 00 bb 0 1 00 00 05 ff 2b ff
4 0 1 0 0 0 01 00 00 0 1 00 00 05 ff 2c ff
4 0 1 0 0 0 fb 00 00 1 1 09 ff 06 ff 2c ff
4 0 1 0 0 0 06 00 00 0 1 00 00 06 ff 2d ff
4 0 0 0 1 0 43 00 81 0 1 00 00 06 ff 2d ff
4 0 0 0 1 0 03 00 d1 0 1 00 00 06 ff 2d ff
4 0 0 0 1 0 f9 00 20 0 1 00 00 06 ff 2d ff
4 0 1 0 0 0 51 00 00 0 1 00 00 06 ff 2e ff
4 0 0 1 0 0 04 df 00 0 1 00 00 06 ff 2e ff
4 0 1 0 0 0 02 00 00 0 1 00 00 06 ff 2f ff
4 0 0 0 0 0 4b 00 00 0 1 00 00 06 ff 2f ff
4 0 0 1 0 0 0c 59 00 0 1 00 00 06 ff 2f ff
4 0 0 1 0 0 62 d6 00 0 1 00 00 06 ff 2f ff
4 0 0 0 1 0 d1 00 33 0 1 00 00 06 ff 2f ff
4 0 1 0 0 0 0c 00 00 0 1 00 00 06 ff 30 ff
4 0 1 0 0 0 a6 00 00 0 1 00 00 06 ff 31 ff
4 0 1 0 0 0 03 00 00 1 1 d1 ff 07 ff 31 ff
4 0 0 1 0 0 de a2 00 0 1 00 00 07 ff 31 ff
4 0 0 0 0 1 00 00 00 0 1 00 00 07 ff 31 ff
4 0 1 0 0 0 77 00 00 0 1 00 00 07 ff 32 ff
4 0 0 0 1 0 01 00 58 0 1 00 00 07 ff 32 ff
4 0 1 0 0 0 04 00 00 0 1 00 00 07 ff 33 ff
4 0 0 1 0 0 80 57 00 0 1 00 00 07 ff 33 ff
4 0 0 0 1 0 66 00 ef 0 1 00 00 07 ff 33 ff
4 0 1 0 0 0 af 00 00 0 1 00 00 07 ff 34 ff
4 0 1 0 0 0 01 00 00 1 1 58 ff 08 ff 34 ff
4 0 1 0 0 0 44 00 00 0 1 00 00 08 ff 35 ff
4 0 0 0 1 0 06 00 f1 0 1 00 00 08 ff 35 ff
4 0 1 0 0 0 01 00 00 1 1 58 ff 09 ff 35 ff
4 0 0 0 0 1 00 00 00 0 1 00 00 09 ff 35 ff
4 0 1 0 0 0 0f 00 00 0 1 00 00 09 ff 36 ff
4 0 1 0 0 0 00 00 00 0 1 00 00 09 ff 37 ff
4 0 1 0 0 0 0c 00 00 0 1 00 00 09 ff 38 ff
4 0 0 1 0 0 d6 7f 00 0 1 00 00 09 ff 38 ff
4 0 0 0 1 0 1f 00 df 0 1 00 00 09 ff 38 ff
4 0 1 0 0 0 c1 00 00 0 1 00 00 09 ff 39 ff
4 0 1 0 0 0 09 00 00 0 1 00 00 09 ff 3a ff
4 0 0 0 1 0 91 00 d6 0 1 00 00 09 ff 3a ff
4 0 0 0 1 0 ad 00 20 0 1 00 00 09 ff 3a ff
4 0 0 0 0 0 b0 00 00 0 1 00 00 09 ff 3a ff
4 0 1 0 0 0 08 00 00 0 1 00 00 09 ff 3b ff
4 0 0 0 1 0 0e 00 59 0 1 00 00 09 ff 3b ff
4 0 1 0 0 0 60 00 00 0 1 00 00 09 ff 3c ff
4 0 0 0 0 0 5c 00 00 0 1 00 00 09 ff 3c ff
4 0 0 0 0 0 0f 00 00 0 1 00 00 09 ff 3c ff
4 0 0 0 1 0 03 00 d1 0 1 00 00 09 ff 3c ff
4 0 1 0 0 0 02 00 00 0 1 00 00 09 ff 3d ff
4 0 0 1 0 0 cb f7 00 0 1 00 00 09 ff 3d ff
4 0 1 0 0 0 01 00 00 0 1 00 00 09 ff 3e ff
4 0 1 0 0 0 9a 00 00 0 1 00 00 09 ff 3f ff
4 0 0 0 1 0 b2 00 34 0 1 00 00 09 ff 3f ff
4 0 1 0 0 0 3a 00 00 0 1 00 00 09 ff 40 ff
4 0 1 0 0 0 0a 00 00 0 1 00 00 09 ff 41 ff
4 0 1 0 0 0 0d 00 00 0 1 00 00 09 ff 42 ff
4 0 0 0 0 0 0b 00 00 0 1 00 00 09 ff 42 ff
4 0 1 0 0 0 65 00 00 0 1 00 00 09 ff 43 ff
4 0 0 1 0 0 db b9 00 0 1 00 00 09 ff 43 ff
4 0 1 0 0 0 82 00 00 0 1 00 00 09 ff 44 ff
4 0 0 0 1 0 b9 00 45 0 1 00 00 09 ff 44 ff
4 0 1 0 0 0 0a 00 00 0 1 00 00 09 ff 45 ff
4 0 0 1 0 0 0f ab 00 0 1 00 00 09 ff 45 ff
4 0 0 1 0 0 fd d7 00 0 1 00 00 09 ff 45 ff
4 0 1 0 0 0 08 00 00 0 1 00 00 09 ff 46 ff
4 0 1 0 0 0 03 00 00 1 1 d1 ff 0a ff 46 ff
4 0 1 0 0 0 92 00 00 0 1 00 00 0a ff 47 ff
4 0 1 0 0 0 05 00 00 0 1 00 00 0a ff 48 ff
4 0 0 0 1 0 1f 00 df 0 1 00 00 0a ff 48 ff
4 0 0 0 1 0 2e 00 03 0 1 00 00 0a ff 48 ff
4 0 0 0 0 0 c0 00 00 0 1 00 00 0a ff 48 ff
4 0 1 0 0 0 cb 00 00 0 1 00 00 0a ff 49 ff
4 0 0 1 0 0 0c fa 00 0 1 00 00 0a ff 49 ff
4 0 0 0 1 0 02 00 bf 0 1 00 00 0a ff 49 ff
4 0 1 0 0 0 85 00 00 0 1 00 00 0a ff 4a ff
4 0 1 0 0 0 7e 00 00 0 1 00 00 0a ff 4b ff
4 0 0 0 1 0 01 00 58 0 1 00 00 0a ff 4b ff
4 0 0 0 1 0 d4 00 39 0 1 00 00 0a ff 4b ff
4 0 0 0 1 0 03 00 d1 0 1 00 00 0a ff 4b ff
4 0 1 0 0 0 d5 00 00 0 1 00 00 0a ff 4c ff
4 0 0 1 0 0 02 e2 00 1 1 00 00 0a ff 4c ff
4 0 0 0 0 0 99 00 00 0 1 00 00 0a ff 4c ff
4 0 0 1 0 0 40 b5 00 0 1 00 00 0a ff 4c ff
4 0 0 0 0 1 00 00 00 0 1 00 00 0a ff 4c ff
4 0 0 0 1 0 0a 00 0c 0 1 00 00 0a ff 4c ff
4 0 1 0 0 0 5d 00 00 0 1 00 00 0a ff 4d ff
4 0 1 0 0 0 08 00 00 0 1 00 00 0a ff 4e ff
4 0 0 0 1 0 07 00 41 0 1 00 00 0a ff 4e ff
4 0 1 0 0 0 01 00 00 0 1 00 00 0a ff 4f ff
4 0 0 1 0 0 08 32 00 0 1 00 00 0a ff 4f ff
4 0 0 0 1 0 08 00 32 0 1 00 00 0a ff 4f ff
4 0 0 0 1 0 0f 00 ab 0 1 00 00 0a ff 4f ff
4 0 0 0 0 0 0b 00 00 0 1 00 00 0a ff 4f ff
4 0 0 1 0 0 00 a1 00 0 1 00 00 0a ff 4f ff
4 0 0 0 1 0 ca 00 39 0 1 00 00 0a ff 4f ff
4 0 1 0 0 0 05 00 00 0 1 00 00 0a ff 50 ff
4 0 1 0 0 0 36 00 00 0 1 00 00 0a ff 51 ff
4 0 0 0 1 0 0b 00 94 0 1 00 00 0a ff 51 ff
4 0 0 1 0 0 49 be 00 0 1 00 00 0a ff 51 ff
4 0 1 0 0 0 e6 00 00 0 1 00 00 0a ff 52 ff
4 0 0 0 1 0 67 00 0b 0 1 00 00 0a ff 52 ff
4 0 1 0 0 0 20 00 00 0 1 00 00 0a ff 53 ff
4 0 0 0 1 0 82 00 ae 0 1 00 00 0a ff 53 ff
4 0 0 1 0 0 05 c5 00 0 1 00 00 0a ff 53 ff
4 0 1 0 0 0 0b 00 00 1 1 94 ff 0b ff 53 ff
4 0 1 0 0 0 02 00 00 0 1 00 00 0b ff 54 ff
4 0 1 0 0 0 0f 00 00 0 1 00 00 0b ff 55 ff
4 0 1 0 0 0 09 00 00 0 1 00 00 0b ff 56 ff
4 0 1 0 0 0 31 00 00 0 1 00 00 0b ff 57 ff
4 0 0 0 1 0 d0 00 08 0 1 00 00 0b ff 57 ff
4 0 0 0 1 0 00 00 a1 0 1 00 00 0b ff 57 ff
4 0 1 0 0 0 0c 00 00 0 1 00 00 0b ff 58 ff
4 0 0 0 1 0 4e 00 8a 0 1 00 00 0b ff 58 ff
4 0 0 0 1 0 03 00 d1 0 1 00 00 0b ff 58 ff
4 0 1 0 0 0 0b 00 00 0 1 00 00 0b ff 59 ff
4 0 0 1 0 0 29 0d 00 0 1 00 00 0b ff 59 ff
4 0 0 0 1 0 9b 00 3a 0 1 00 00 0b ff 59 ff
4 0 1 0 0 0 0f 00 00 0 1 00 00 0b ff 5a ff
4 0 0 0 1 0 18 00 84 0 1 00 00 0b ff 5a ff
4 0 0 0 0 0 09 00 00 0 1 00 00 0b ff 5a ff
4 0 0 0 0 0 0c 00 00 0 1 00 00 0b ff 5a ff
4 0 1 0 0 0 48 00 00 0 1 00 00 0b ff 5b ff
4 0 0 1 0 0 03 f3 00 0 1 00 00 0b ff 5b ff
4 0 0 0 1 0 e0 00 76 0 1 00 00 0b ff 5b ff
4 0 1 0 0 0 51 00 00 0 1 00 00 0b ff 5c ff
4 0 0 1 0 0 63 a8 00 0 1 00 00 0b ff 5c ff
4 0 0 0 1 0 6a 00 b6 0 1 00 00 0b ff 5c ff
4 0 0 0 1 0 04 00 df 0 1 00 00 0b ff 5c ff
4 0 1 0 0 0 01 00 00 0 1 00 00 0b ff 5d ff
4 0 0 1 0 0 09 02 00 0 1 00 00 0b ff 5d ff
4 0 0 0 0 0 0b 00 00 0 1 00 00 0b ff 5d ff
4 0 0 0 1 0 0a 00 0c 0 1 00 00 0b ff 5d ff
4 0 1 0 0 0 08 00 00 0 1 00 00 0b ff 5e ff
4 0 0 0 0 0 50 00 00 0 1 00 00 0b ff 5e ff
4 0 1 0 0 0 02 00 00 0 1 00 00 0b ff 5f ff
4 0 1 0 0 0 95 00 00 0 1 00 00 0b ff 60 ff
4 0 1 0 0 0 46 00 00 0 1 00 00 0b ff 61 ff
4 0 0 0 1 0 7e 00 07 0 1 00 00 0b ff 61 ff
4 0 0 0 1 0 03 00 f3 0 1 00 00 0b ff 61 ff
4 0 1 0 0 0 0e 00 00 0 1 00 00 0b ff 62 ff
4 0 0 0 1 0 05 00 c5 0 1 00 00 0b ff 62 ff
4 0 1 0 0 0 0a 00 00 1 1 0c ff 0c ff 62 ff
4 0 1 0 0 0 87 00 00 0 1 00 00 0c ff 63 ff
4 0 0 1 0 0 53 ad 00 0 1 00 00 0c ff 63 ff
4 0 0 1 0 0 0a 23 00 1 1 00 00 0c ff 63 ff
4 0 1 0 0 0 05 00 00 1 1 c5 ff 0d ff 63 ff
4 0 1 0 0 0 7d 00 00 0 1 00 00 0d ff 64 ff
4 0 0 0 1 0 0b 00 94 0 1 00 00 0d ff 64 ff
4 0 1 0 0 0 01 00 00 0 1 00 00 0d ff 65 ff
4 0 1 0 0 0 f1 00 00 0 1 00 00 0d ff 66 ff
4 0 1 0 0 0 19 00 00 0 1 00 00 0d ff 67 ff
4 0 1 0 0 0 c1 00 00 0 1 00 00 0d ff 68 ff
4 0 1 0 0 0 0d 00 00 0 1 00 00 0d ff 69 ff
4 0 1 0 0 0 30 00 00 0 1 00 00 0d ff 6a ff
4 0 0 0 1 0 0e 00 59 0 1 00 00 0d ff 6a ff
4 0 0 1 0 0 f6 d2 00 0 1 00 00 0d ff 6a ff
4 0 0 0 0 0 b8 00 00 0 1 00 00 0d ff 6a ff
4 0 0 1 0 0 07 f7 00 0 1 00 00 0d ff 6a ff
4 0 1 0 0 0 0c 00 00 0 1 00 00 0d ff 6b ff
4 0 1 0 0 0 0a 00 00 1 1 23 ff 0e ff 6b ff
4 0 0 1 0 0 da 5e 00 0 1 00 00 0e ff 6b ff
4 0 0 0 1 0 0d 00 37 0 1 00 00 0e ff 6b ff
4 0 0 0 0 1 00 00 00 0 1 00 00 0e ff 6b ff
4 0 1 0 0 0 0f 00 00 0 1 00 00 0e ff 6c ff
4 0 0 1 0 0 d1 65 00 0 1 00 00 0e ff 6c ff
4 0 1 0 0 0 02 00 00 0 1 00 00 0e ff 6d ff
4 0 0 1 0 0 00 ad 00 0 1 00 00 0e ff 6d ff
4 0 1 0 0 0 05 00 00 0 1 00 00 0e ff 6e ff
4 0 0 0 0 1 00 00 00 0 1 00 00 0e ff 6e ff
4 0 1 0 0 0 07 00 00 0 1 00 00 0e ff 6f ff
4 0 0 0 1 0 0f 00 ab 0 1 00 00 0e ff 6f ff
4 0 1 0 0 0 01 00 00 0 1 00 00 0e ff 70 ff
4 0 0 1 0 0 1e 70 00 0 1 00 00 0e ff 70 ff
4 0 0 0 0 0 09 00 00 0 1 00 00 0e ff 70 ff
4 0 0 0 0 0 ce 00 00 0 1 00 00 0e ff 70 ff
4 0 0 0 1 0 fa 00 f8 0 1 00 00 0e ff 70 ff
4 0 1 0 0 0 0e 00 00 0 1 00 00 0e ff 71 ff
4 0 1 0 0 0 08 00 00 0 1 00 00 0e ff 72 ff
4 0 0 0 1 0 20 00 75 0 1 00 00 0e ff 72 ff
4 0 0 1 0 0 9f 29 00 0 1 00 00 0e ff 72 ff
4 0 1 0 0 0 06 00 00 0 1 00 00 0e ff 73 ff
4 0 0 1 0 0 c3 6b 00 0 1 00 00 0e ff 73 ff
4 0 0 1 0 0 87 a8 00 0 1 00 00 0e ff 73 ff
4 0 1 0 0 0 50 00 00 0 1 00 00 0e ff 74 ff
4 0 1 0 0 0 0c 00 00 0 1 00 00 0e ff 75 ff
4 0 1 0 0 0 07 00 00 0 1 00 00 0e ff 76 ff
4 0 1 0 0 0 0b 00 00 0 1 00 00 0e ff 77 ff
4 0 1 0 0 0 13 00 00 0 1 00 00 0e ff 78 ff
4 0 1 0 0 0 c1 00 00 0 1 00 00 0e ff 79 ff
4 0 1 0 0 0 05 00 00 0 1 00 00 0e ff 7a ff
4 0 0 1 0 0 2c 0b 00 0 1 00 00 0e ff 7a ff
4 0 0 1 0 0 65 60 00 0 1 00 00 0e ff 7a ff
4 0 0 1 0 0 01 21 00 0 1 00 00 0e ff 7a ff
4 0 0 1 0 0 07 ab 00 0 1 00 00 0e ff 7a ff
4 0 1 0 0 0 f2 00 00 0 1 00 00 0e ff 7b ff
4 0 1 0 0 0 0f 00 00 1 1 ab ff 0f ff 7b ff
4 0 1 0 0 0 01 00 00 0 1 00 00 0f ff 7c ff
4 0 1 0 0 0 0a 00 00 0 1 00 00 0f ff 7d ff
4 0 0 1 0 0 05 50 00 0 1 00 00 0f ff 7d ff
4 0 1 0 0 0 0a 00 00 0 1 00 00 0f ff 7e ff
4 0 0 0 1 0 0d 00 37 0 1 00 00 0f ff 7e ff
4 0 0 1 0 0 3c 70 00 0 1 00 00 0f ff 7e ff
4 0 0 1 0 0 5d d8 00 0 1 00 00 0f ff 7e ff
4 0 1 0 0 0 45 00 00 0 1 00 00 0f ff 7f ff
4 0 0 1 0 0 3a 00 00 0 1 00 00 0f ff 7f ff
4 0 0 1 0 0 00 55 00 0 1 00 00 0f ff 7f ff
4 0 1 0 0 0 0a 00 00 0 1 00 00 0f ff 80 ff
4 0 0 0 1 0 03 00 f3 0 1 00 00 0f ff 80 ff
4 0 1 0 0 0 9e 00 00 0 1 00 00 0f ff 81 ff
4 0 0 0 0 0 08 00 00 0 1 00 00 0f ff 81 ff
4 0 0 0 1 0 6a 00 b6 0 1 00 00 0f ff 81 ff
4 0 0 0 1 0 09 00 02 0 1 00 00 0f ff 81 ff
4 0 0 0 1 0 00 00 55 0 1 00 00 0f ff 81 ff
4 0 1 0 0 0 06 00 00 0 1 00 00 0f ff 82 ff
4 0 0 0 1 0 0e 00 59 0 1 00 00 0f ff 82 ff
4 0 1 0 0 0 05 00 00 0 1 00 00 0f ff 83 ff
4 0 1 0 0 0 c6 00 00 0 1 00 00 0f ff 84 ff
4 0 0 0 1 0 02 00 e2 0 1 00 00 0f ff 84 ff
4 0 1 0 0 0 fa 00 00 0 1 00 00 0f ff 85 ff
4 0 0 0 1 0 07 00 ab 0 1 00 00 0f ff 85 ff
4 0 0 0 0 1 00 00 00 0 1 00 00 0f ff 85 ff
4 0 0 0 0 1 00 00 00 0 1 00 00 0f ff 85 ff
4 0 1 0 0 0 a1 00 00 0 1 00 00 0f ff 86 ff
4 0 0 0 1 0 02 00 e2 0 1 00 00 0f ff 86 ff
4 0 0 0 1 0 04 00 df 0 1 00 00 0f ff 86 ff
4 0 1 0 0 0 0c 00 00 0 1 00 00 0f ff 87 ff
4 0 1 0 0 0 0c 00 00 0 1 00 00 0f ff 88 ff
4 0 1 0 0 0 02 00 00 1 1 e2 ff 10 ff 88 ff
4 0 1 0 0 0 34 00 00 0 1 00 00 10 ff 89 ff
4 0 1 0 0 0 19 00 00 0 1 00 00 10 ff 8a ff
4 0 0 0 0 0 0c 00 00 0 1 00 00 10 ff 8a ff
4 0 1 0 0 0 02 00 00 1 1 e2 ff 11 ff 8a ff
4 0 0 0 0 1 00 00 00 0 1 00 00 11 ff 8a ff
4 0 1 0 0 0 01 00 00 0 1 00 00 11 ff 8b ff
4 0 0 0 1 0 3d 00 54 0 1 00 00 11 ff 8b ff
4 0 1 0 0 0 01 00 00 0 1 00 00 11 ff 8c ff
4 0 0 1 0 0 0a 6f 00 0 1 00 00 11 ff 8c ff
4 0 1 0 0 0 08 00 00 0 1 00 00 11 ff 8d ff
4 0 1 0 0 0 8c 00 00 0 1 00 00 11 ff 8e ff
4 0 0 0 0 0 02 00 00 0 1 00 00 11 ff 8e ff
4 0 1 0 0 0 b4 00 00 0 1 00 00 11 ff 8f ff
4 0 1 0 0 0 86 00 00 0 1 00 00 11 ff 90 ff
4 0 0 1 0 0 01 7c 00 0 1 00 00 11 ff 90 ff
4 0 0 0 1 0 05 00 50 0 1 00 00 11 ff 90 ff
4 0 0 1 0 0 e2 97 00 0 1 00 00 11 ff 90 ff
4 0 1 0 0 0 0d 00 00 0 1 00 00 11 ff 91 ff
4 0 0 1 0 0 b7 3b 00 0 1 00 00 11 ff 91 ff
4 0 0 0 1 0 55 00 16 0 1 00 00 11 ff 91 ff
4 0 1 0 0 0 02 00 00 0 1 00 00 11 ff 92 ff
4 0 0 0 0 0 b6 00 00 0 1 00 00 11 ff 92 ff
4 0 0 0 1 0 db 00 b9 0 1 00 00 11 ff 92 ff
4 0 0 0 1 0 08 00 32 0 1 00 00 11 ff 92 ff
4 0 1 0 0 0 09 00 00 0 1 00 00 11 ff 93 ff
4 0 0 0 1 0 0a 00 6f 0 1 00 00 11 ff 93 ff
4 0 0 0 0 0 06 00 00 0 1 00 00 11 ff 93 ff
4 0 0 1 0 0 0b bc 00 0 1 00 00 11 ff 93 ff
4 0 0 1 0 0 7b 4c 00 0 1 00 00 11 ff 93 ff
4 0 1 0 0 0 97 00 00 0 1 00 00 11 ff 94 ff
4 0 0 1 0 0 02 7f 00 0 1 00 00 11 ff 94 ff
4 0 1 0 0 0 63 00 00 0 1 00 00 11 ff 95 ff
4 0 0 0 1 0 0b 00 bc 0 1 00 00 11 ff 95 ff
4 0 1 0 0 0 46 00 00 0 1 00 00 11 ff 96 ff
4 0 0 0 1 0 0c 00 fa 0 1 00 00 11 ff 96 ff
4 0 0 0 1 0 f2 00 a8 0 1 00 00 11 ff 96 ff
4 0 0 1 0 0 bb 51 00 0 1 00 00 11 ff 96 ff
4 0 1 0 0 0 07 00 00 0 1 00 00 11 ff 97 ff
4 0 0 1 0 0 a7 03 00 0 1 00 00 11 ff 97 ff
4 0 0 0 1 0 9f 00 29 0 1 00 00 11 ff 97 ff
4 0 0 0 1 0 cf 00 61 0 1 00 00 11 ff 97 ff
4 0 1 0 0 0 04 00 00 0 1 00 00 11 ff 98 ff
4 0 1 0 0 0 3d 00 00 0 1 00 00 11 ff 99 ff
4 0 0 0 1 0 0f 00 ab 0 1 00 00 11 ff 99 ff
4 0 0 0 1 0 e7 00 f2 0 1 00 00 11 ff 99 ff
4 0 0 0 1 0 08 00 32 0 1 00 00 11 ff 99 ff
4 0 1 0 0 0 0b 00 00 1 1 bc ff 12 ff 99 ff
4 0 0 0 1 0 01 00 7c 0 1 00 00 12 ff 99 ff
4 0 0 0 1 0 00 00 55 0 1 00 00 12 ff 99 ff
4 0 0 1 0 0 3c 88 00 0 1 00 00 12 ff 99 ff
4 0 0 0 1 0 99 00 78 0 1 00 00 12 ff 99 ff
4 0 1 0 0 0 01 00 00 0 1 00 00 12 ff 9a ff
4 0 1 0 0 0 a3 00 00 0 1 00 00 12 ff 9b ff
4 0 1 0 0 0 d0 00 00 0 1 00 00 12 ff 9c ff
4 0 0 0 1 0 05 00 50 0 1 00 00 12 ff 9c ff
4 0 1 0 0 0 0b 00 00 1 1 bc ff 13 ff 9c ff
4 0 0 0 1 0 b8 00 e6 0 1 00 00 13 ff 9c ff
4 0 1 0 0 0 f9 00 00 0 1 00 00 13 ff 9d ff
4 0 0 1 0 0 ef 2d 00 0 1 00 00 13 ff 9d ff
4 0 1 0 0 0 64 00 00 0 1 00 00 13 ff 9e ff
4 0 0 0 1 0 1b 00 3f 0 1 00 00 13 ff 9e ff
4 0 0 1 0 0 16 2b 00 0 1 00 00 13 ff 9e ff
4 0 1 0 0 0 0d 00 00 0 1 00 00 13 ff 9f ff
4 0 1 0 0 0 00 00 00 0 1 00 00 13 ff a0 ff
4 0 0 0 0 0 1f 00 00 0 1 00 00 13 ff a0 ff
4 0 0 0 1 0 02 00 7f 0 1 00 00 13 ff a0 ff
4 0 1 0 0 0 d9 00 00 0 1 00 00 13 ff a1 ff
4 0 1 0 0 0 0d 00 00 0 1 00 00 13 ff a2 ff
4 0 0 0 1 0 19 00 59 0 1 00 00 13 ff a2 ff
4 0 0 1 0 0 04 ab 00 0 1 00 00 13 ff a2 ff
4 0 1 0 0 0 01 00 00 0 1 00 00 13 ff a3 ff
4 0 0 0 1 0 e3 00 1a 0 1 00 00 13 ff a3 ff
4 0 0 1 0 0 76 d0 00 0 1 00 00 13 ff a3 ff
4 0 0 0 1 0 86 00 37 0 1 00 00 13 ff a3 ff
4 0 0 1 0 0 04 09 00 0 1 00 00 13 ff a3 ff
4 0 1 0 0 0 f4 00 00 0 1 00 00 13 ff a4 ff
4 0 1 0 0 0 0f 00 00 0 1 00 00 13 ff a5 ff
4 0 0 1 0 0 70 c4 00 0 1 00 00 13 ff a5 ff
4 0 1 0 0 0 0c 00 00 1 1 fa ff 14 ff a5 ff
4 0 0 0 0 1 00 00 00 0 1 00 00 14 ff a5 ff
4 0 0 0 1 0 76 00 d0 0 1 00 00 14 ff a5 ff
4 0 1 0 0 0 61 00 00 0 1 00 00 14 ff a6 ff
4 0 1 0 0 0 0a 00 00 0 1 00 00 14 ff a7 ff
4 0 1 0 0 0 bd 00 00 0 1 00 00 14 ff a8 ff
4 0 1 0 0 0 06 00 00 0 1 00 00 14 ff a9 ff
4 0 1 0 0 0 24 00 00 0 1 00 00 14 ff aa ff
4 0 0 0 1 0 0e 00 59 0 1 00 00 14 ff aa ff
4 0 0 0 1 0 03 00 f3 0 1 00 00 14 ff aa ff
4 0 0 1 0 0 03 3b 00 1 1 00 00 14 ff aa ff
4 0 0 0 1 0 f0 00 f7 0 1 00 00 14 ff aa ff
4 0 1 0 0 0 73 00 00 0 1 00 00 14 ff ab ff
4 0 0 0 1 0 65 00 60 0 1 00 00 14 ff ab ff
4 0 0 0 1 0 ed 00 34 0 1 00 00 14 ff ab ff
4 0 0 1 0 0 0a 56 00 0 1 00 00 14 ff ab ff
4 0 0 1 0 0 03 70 00 1 1 00 00 14 ff ab ff
4 0 1 0 0 0 31 00 00 0 1 00 00 14 ff ac ff
4 0 1 0 0 0 7e 00 00 0 1 00 00 14 ff ad ff
4 0 0 0 1 0 01 00 7c 0 1 00 00 14 ff ad ff
4 0 1 0 0 0 0f 00 00 0 1 00 00 14 ff ae ff
4 0 1 0 0 0 05 00 00 0 1 00 00 14 ff af ff
4 0 0 1 0 0 04 ff 00 0 1 00 00 14 ff af ff
4 0 0 0 1 0 7a 00 22 0 1 00 00 14 ff af ff
4 0 0 1 0 0 0f d7 00 0 1 00 00 14 ff af ff
4 0 1 0 0 0 00 00 00 0 1 00 00 14 ff b0 ff
4 0 1 0 0 0 2f 00 00 0 1 00 00 14 ff b1 ff
4 0 0 1 0 0 21 5d 00 0 1 00 00 14 ff b1 ff
4 0 1 0 0 0 fb 00 00 0 1 00 00 14 ff b2 ff
4 0 0 1 0 0 c9 2c 00 0 1 00 00 14 ff b2 ff
4 0 0 0 0 1 00 00 00 0 1 00 00 14 ff b2 ff
4 0 0 0 1 0 04 00 ff 0 1 00 00 14 ff b2 ff
4 0 1 0 0 0 05 00 00 0 1 00 00 14 ff b3 ff
4 0 1 0 0 0 0a 00 00 0 1 00 00 14 ff b4 ff
4 0 1 0 0 0 01 00 00 0 1 00 00 14 ff b5 ff
4 0 0 0 0 0 2a 00 00 0 1 00 00 14 ff b5 ff
4 0 0 1 0 0 0a 4d 00 0 1 00 00 14 ff b5 ff
4 0 0 1 0 0 55 40 00 0 1 00 00 14 ff b5 ff
4 0 1 0 0 0 03 00 00 0 1 00 00 14 ff b6 ff
4 0 0 0 0 1 00 00 00 0 1 00 00 14 ff b6 ff
4 0 0 0 1 0 0e 00 59 0 1 00 00 14 ff b6 ff
4 0 1 0 0 0 02 00 00 0 1 00 00 14 ff b7 ff
4 0 0 0 1 0 8c 00 14 0 1 00 00 14 ff b7 ff
4 0 1 0 0 0 08 00 00 0 1 00 00 14 ff b8 ff
4 0 1 0 0 0 03 00 00 0 1 00 00 14 ff b9 ff
4 0 1 0 0 0 7f 00 00 0 1 00 00 14 ff ba ff
4 0 0 1 0 0 6c 70 00 0 1 00 00 14 ff ba ff
4 0 1 0 0 0 f3 00 00 0 1 00 00 14 ff bb ff
4 0 1 0 0 0 01 00 00 0 1 00 00 14 ff bc ff
4 0 0 1 0 0 0b 36 00 0 1 00 00 14 ff bc ff
4 0 1 0 0 0 d2 00 00 0 1 00 00 14 ff bd ff
4 0 1 0 0 0 1b 00 00 0 1 00 00 14 ff be ff
4 0 0 0 1 0 05 00 50 0 1 00 00 14 ff be ff
4 0 0 0 0 0 da 00 00 0 1 00 00 14 ff be ff
4 0 0 1 0 0 6d e1 00 0 1 00 00 14 ff be ff
4 0 1 0 0 0 0b 00 00 0 1 00 00 14 ff bf ff
4 0 0 0 1 0 0a 00 4d 0 1 00 00 14 ff bf ff
4 0 1 0 0 0 a4 00 00 0 1 00 00 14 ff c0 ff
4 0 1 0 0 0 0b 00 00 0 1 00 00 14 ff c1 ff
4 0 1 0 0 0 03 00 00 0 1 00 00 14 ff c2 ff
4 0 0 0 1 0 0f 00 d7 0 1 00 00 14 ff c2 ff
4 0 0 1 0 0 0b 45 00 0 1 00 00 14 ff c2 ff
4 0 0 1 0 0 24 f2 00 0 1 00 00 14 ff c2 ff
4 0 0 1 0 0 f2 76 00 0 1 00 00 14 ff c2 ff
4 0 1 0 0 0 d3 00 00 0 1 00 00 14 ff c3 ff
4 0 0 0 1 0 12 00 a4 0 1 00 00 14 ff c3 ff
4 0 0 1 0 0 70 a9 00 0 1 00 00 14 ff c3 ff
4 0 0 0 1 0 01 00 7c 0 1 00 00 14 ff c3 ff
4 0 0 1 0 0 01 38 00 1 1 00 00 14 ff c3 ff
4 0 0 1 0 0 9f ec 00 0 1 00 00 14 ff c3 ff
4 0 0 1 0 0 f3 93 00 0 1 00 00 14 ff c3 ff
4 0 0 0 1 0 df 00 04 0 1 00 00 14 ff c3 ff
4 0 1 0 0 0 ff 00 00 0 1 00 00 14 ff c4 ff
4 0 1 0 0 0 0e 00 00 1 1 59 ff 15 ff c4 ff
4 0 0 0 1 0 09 00 02 0 1 00 00 15 ff c4 ff
4 0 0 1 0 0 02 d7 00 0 1 00 00 15 ff c4 ff
4 0 0 0 1 0 0e 00 59 0 1 00 00 15 ff c4 ff
4 0 0 0 1 0 31 00 bf 0 1 00 00 15 ff c4 ff
4 0 1 0 0 0 38 00 00 0 1 00 00 15 ff c5 ff
4 0 0 1 0 0 5b 69 00 0 1 00 00 15 ff c5 ff
4 0 0 1 0 0 0f 25 00 0 1 00 00 15 ff c5 ff
4 0 1 0 0 0 18 00 00 0 1 00 00 15 ff c6 ff
4 0 1 0 0 0 58 00 00 0 1 00 00 15 ff c7 ff
4 0 0 1 0 0 06 b4 00 0 1 00 00 15 ff c7 ff
4 0 0 0 1 0 09 00 02 0 1 00 00 15 ff c7 ff
4 0 0 0 1 0 0f 00 25 0 1 00 00 15 ff c7 ff
4 0 0 1 0 0 df 7e 00 0 1 00 00 15 ff c7 ff
4 0 1 0 0 0 ae 00 00 0 1 00 00 15 ff c8 ff
4 0 1 0 0 0 72 00 00 0 1 00 00 15 ff c9 ff
4 0 1 0 0 0 02 00 00 0 1 00 00 15 ff ca ff
4 0 1 0 0 0 0c 00 00 0 1 00 00 15 ff cb ff
4 0 1 0 0 0 09 00 00 1 1 02 ff 16 ff cb ff
4 0 0 1 0 0 0c d3 00 0 1 00 00 16 ff cb ff
4 0 1 0 0 0 8b 00 00 0 1 00 00 16 ff cc ff
4 0 1 0 0 0 27 00 00 0 1 00 00 16 ff cd ff
4 0 0 1 0 0 0e 30 00 1 1 00 00 16 ff cd ff
4 0 0 0 0 1 00 00 00 0 1 00 00 16 ff cd ff
4 0 0 0 1 0 05 00 50 0 1 00 00 16 ff cd ff
4 0 0 0 1 0 cb 00 f7 0 1 00 00 16 ff cd ff
4 0 0 1 0 0 b2 af 00 0 1 00 00 16 ff cd ff
4 0 0 1 0 0 10 a8 00 0 1 00 00 16 ff cd ff
4 0 0 0 1 0 04 00 ff 0 1 00 00 16 ff cd ff
4 0 0 0 1 0 5d 00 d8 0 1 00 00 16 ff cd ff
4 0 0 1 0 0 00 b0 00 0 1 00 00 16 ff cd ff
4 0 0 1 0 0 02 81 00 0 1 00 00 16 ff cd ff
4 0 1 0 0 0 69 00 00 0 1 00 00 16 ff ce ff
4 0 1 0 0 0 90 00 00 0 1 00 00 16 ff cf ff
4 0 1 0 0 0 0f 00 00 0 1 00 00 16 ff d0 ff
4 0 0 0 1 0 0a 00 4d 0 1 00 00 16 ff d0 ff
4 0 0 0 1 0 05 00 50 0 1 00 00 16 ff d0 ff
4 0 0 1 0 0 0a bd 00 1 1 00 00 16 ff d0 ff
4 0 1 0 0 0 03 00 00 0 1 00 00 16 ff d1 ff
4 0 1 0 0 0 5c 00 00 0 1 00 00 16 ff d2 ff
4 0 0 0 0 0 05 00 00 0 1 00 00 16 ff d2 ff
4 0 1 0 0 0 34 00 00 0 1 00 00 16 ff d3 ff
4 0 0 0 1 0 01 00 38 0 1 00 00 16 ff d3 ff
4 0 1 0 0 0 be 00 00 0 1 00 00 16 ff d4 ff
4 0 0 1 0 0 0c f8 00 0 1 00 00 16 ff d4 ff
4 0 1 0 0 0 02 00 00 0 1 00 00 16 ff d5 ff
4 0 1 0 0 0 19 00 00 0 1 00 00 16 ff d6 ff
4 0 0 1 0 0 06 d9 00 0 1 00 00 16 ff d6 ff
4 0 0 0 1 0 04 00 ff 0 1 00 00 16 ff d6 ff
4 0 0 0 1 0 03 00 70 0 1 00 00 16 ff d6 ff
4 0 0 0 1 0 0e 00 30 0 1 00 00 16 ff d6 ff
4 0 0 1 0 0 08 6f 00 0 1 00 00 16 ff d6 ff
4 0 1 0 0 0 54 00 00 0 1 00 00 16 ff d7 ff
4 0 1 0 0 0 4a 00 00 0 1 00 00 16 ff d8 ff
4 0 1 0 0 0 f0 00 00 0 1 00 00 16 ff d9 ff
4 0 0 0 1 0 06 00 d9 0 1 00 00 16 ff d9 ff
4 0 0 1 0 0 4a ca 00 0 1 00 00 16 ff d9 ff
4 0 0 0 1 0 f6 00 d2 0 1 00 00 16 ff d9 ff
4 0 1 0 0 0 82 00 00 0 1 00 00 16 ff da ff
4 0 0 0 1 0 17 00 1e 0 1 00 00 16 ff da ff
4 0 1 0 0 0 44 00 00 0 1 00 00 16 ff db ff
4 0 0 0 1 0 0e 00 30 0 1 00 00 16 ff db ff
4 0 1 0 0 0 02 00 00 0 1 00 00 16 ff dc ff
4 0 0 1 0 0 e8 cf 00 0 1 00 00 16 ff dc ff
4 0 1 0 0 0 07 00 00 0 1 00 00 16 ff dd ff
4 0 0 1 0 0 03 a2 00 1 1 00 00 16 ff dd ff
4 0 1 0 0 0 03 00 00 1 1 a2 ff 17 ff dd ff
4 0 0 0 1 0 01 00 38 0 1 00 00 17 ff dd ff
4 0 0 0 1 0 9c 00 9d 0 1 00 00 17 ff dd ff
4 0 0 1 0 0 04 9b 00 0 1 00 00 17 ff dd ff
4 0 0 0 0 0 57 00 00 0 1 00 00 17 ff dd ff
4 0 0 0 1 0 ad 00 20 0 1 00 00 17 ff dd ff
4 0 1 0 0 0 06 00 00 0 1 00 00 17 ff de ff
4 0 0 1 0 0 06 38 00 0 1 00 00 17 ff de ff
4 0 0 1 0 0 0c 77 00 0 1 00 00 17 ff de ff
4 0 0 0 1 0 06 00 38 0 1 00 00 17 ff de ff
4 0 0 0 1 0 2d 00 8a 0 1 00 00 17 ff de ff
4 0 0 1 0 0 08 9a 00 0 1 00 00 17 ff de ff
4 0 0 0 1 0 0e 00 30 0 1 00 00 17 ff de ff
4 0 0 0 1 0 07 00 ab 0 1 00 00 17 ff de ff
4 0 1 0 0 0 08 00 00 0 1 00 00 17 ff df ff
4 0 1 0 0 0 0c 00 00 0 1 00 00 17 ff e0 ff
4 0 0 0 1 0 0a 00 bd 0 1 00 00 17 ff e0 ff
4 0 0 0 1 0 e6 00 2b 0 1 00 00 17 ff e0 ff
4 0 0 0 1 0 00 00 b0 0 1 00 00 17 ff e0 ff
4 0 0 1 0 0 0f 05 00 0 1 00 00 17 ff e0 ff
4 0 1 0 0 0 9b 00 00 0 1 00 00 17 ff e1 ff
4 0 0 0 1 0 06 00 38 0 1 00 00 17 ff e1 ff
4 0 0 1 0 0 04 31 00 0 1 00 00 17 ff e1 ff
4 0 0 0 1 0 4f 00 80 0 1 00 00 17 ff e1 ff
4 0 0 0 1 0 a1 00 3e 0 1 00 00 17 ff e1 ff
4 0 0 0 0 0 07 00 00 0 1 00 00 17 ff e1 ff
4 0 1 0 0 0 09 00 00 0 1 00 00 17 ff e2 ff
4 0 0 0 1 0 9b 00 3a 0 1 00 00 17 ff e2 ff
4 0 1 0 0 0 07 00 00 0 1 00 00 17 ff e3 ff
4 0 1 0 0 0 0e 00 00 0 1 00 00 17 ff e4 ff
4 0 0 0 1 0 c2 00 55 0 1 00 00 17 ff e4 ff
4 0 1 0 0 0 04 00 00 0 1 00 00 17 ff e5 ff
4 0 0 0 1 0 0b 00 45 0 1 00 00 17 ff e5 ff
4 0 1 0 0 0 00 00 00 1 1 b0 ff 18 ff e5 ff
4 0 0 0 0 1 00 00 00 0 1 00 00 18 ff e5 ff
4 0 0 0 0 0 0b 00 00 0 1 00 00 18 ff e5 ff
4 0 0 0 1 0 6e 00 b3 0 1 00 00 18 ff e5 ff
4 0 0 0 1 0 02 00 81 0 1 00 00 18 ff e5 ff
4 0 1 0 0 0 08 00 00 0 1 00 00 18 ff e6 ff
4 0 1 0 0 0 0f 00 00 0 1 00 00 18 ff e7 ff
4 0 0 0 1 0 0f 00 05 0 1 00 00 18 ff e7 ff
4 0 0 1 0 0 0d 55 00 0 1 00 00 18 ff e7 ff
4 0 0 0 0 0 15 00 00 0 1 00 00 18 ff e7 ff
4 0 1 0 0 0 02 00 00 1 1 81 ff 19 ff e7 ff
4 0 0 0 1 0 c1 00 20 0 1 00 00 19 ff e7 ff
4 0 0 1 0 0 e0 b1 00 0 1 00 00 19 ff e7 ff
4 0 1 0 0 0 de 00 00 0 1 00 00 19 ff e8 ff
4 0 1 0 0 0 52 00 00 0 1 00 00 19 ff e9 ff
4 0 0 0 1 0 09 00 02 0 1 00 00 19 ff e9 ff
4 0 1 0 0 0 5e 00 00 0 1 00 00 19 ff ea ff
4 0 1 0 0 0 2b 00 00 0 1 00 00 19 ff eb ff
4 0 1 0 0 0 ca 00 00 0 1 00 00 19 ff ec ff
4 0 0 1 0 0 cc ee 00 0 1 00 00 19 ff ec ff
4 0 0 0 1 0 01 00 38 0 1 00 00 19 ff ec ff
4 0 0 1 0 0 02 5a 00 1 1 00 00 19 ff ec ff
4 0 0 0 1 0 03 00 a2 0 1 00 00 19 ff ec ff
4 0 1 0 0 0 0d 00 00 0 1 00 00 19 ff ed ff
4 0 0 1 0 0 07 10 00 0 1 00 00 19 ff ed ff
4 0 0 0 1 0 09 00 02 0 1 00 00 19 ff ed ff
4 0 1 0 0 0 0f 00 00 1 1 05 ff 1a ff ed ff
4 0 1 0 0 0 0b 00 00 0 1 00 00 1a ff ee ff
4 0 1 0 0 0 0d 00 00 0 1 00 00 1a ff ef ff
4 0 1 0 0 0 0c 00 00 0 1 00 00 1a ff f0 ff
4 0 1 0 0 0 01 00 00 0 1 00 00 1a ff f1 ff
4 0 0 0 1 0 e3 00 1a 0 1 00 00 1a ff f1 ff
4 0 1 0 0 0 2b 00 00 0 1 00 00 1a ff f2 ff
4 0 1 0 0 0 03 00 00 0 1 00 00 1a ff f3 ff
4 0 0 0 1 0 6c 00 70 0 1 00 00 1a ff f3 ff
4 0 0 0 0 0 0d 00 00 0 1 00 00 1a ff f3 ff
4 0 1 0 0 0 03 00 00 0 1 00 00 1a ff f4 ff
4 0 0 0 1 0 d2 00 d6 0 1 00 00 1a ff f4 ff
4 0 1 0 0 0 36 00 00 0 1 00 00 1a ff f5 ff
4 0 0 0 1 0 15 00 93 0 1 00 00 1a ff f5 ff
4 0 1 0 0 0 08 00 00 0 1 00 00 1a ff f6 ff
4 0 1 0 0 0 f0 00 00 0 1 00 00 1a ff f7 ff
4 0 1 0 0 0 4b 00 00 0 1 00 00 1a ff f8 ff
4 0 1 0 0 0 0f 00 00 1 1 05 ff 1b ff f8 ff
4 0 1 0 0 0 90 00 00 0 1 00 00 1b ff f9 ff
4 0 1 0 0 0 3b 00 00 0 1 00 00 1b ff fa ff
4 0 0 0 1 0 01 00 38 0 1 00 00 1b ff fa ff
4 0 1 0 0 0 08 00 00 0 1 00 00 1b ff fb ff
4 0 1 0 0 0 ae 00 00 0 1 00 00 1b ff fc ff
4 0 1 0 0 0 c3 00 00 0 1 00 00 1b ff fd ff
4 0 1 0 0 0 97 00 00 0 1 00 00 1b ff fe ff
4 0 0 0 1 0 6d 00 e1 0 1 00 00 1b ff fe ff
4 0 1 0 0 0 2c 00 00 0 1 00 00 1b ff ff ff
4 0 1 0 0 0 09 00 00 0 1 00 00 1b ff 00 ff
4 0 0 1 0 0 0e fa 00 0 1 00 00 1b ff 00 ff
4 0 1 0 0 0 b1 00 00 0 1 00 00 1b ff 01 ff
4 0 0 0 1 0 06 00 38 0 1 00 00 1b ff 01 ff
4 0 0 1 0 0 c9 a3 00 0 1 00 00 1b ff 01 ff
4 0 0 1 0 0 7f a3 00 0 1 00 00 1b ff 01 ff
4 0 0 0 1 0 e6 00 2b 0 1 00 00 1b ff 01 ff
4 0 1 0 0 0 ce 00 00 0 1 00 00 1b ff 02 ff
4 0 0 0 0 0 01 00 00 0 1 00 00 1b ff 02 ff
4 0 1 0 0 0 07 00 00 0 1 00 00 1b ff 03 ff
4 0 0 0 0 0 43 00 00 0 1 00 00 1b ff 03 ff
4 0 1 0 0 0 02 00 00 0 1 00 00 1b ff 04 ff
4 0 0 0 1 0 6c 00 70 0 1 00 00 1b ff 04 ff
4 0 0 0 1 0 81 00 18 0 1 00 00 1b ff 04 ff
4 0 0 0 1 0 ab 00 41 0 1 00 00 1b ff 04 ff
4 0 1 0 0 0 78 00 00 0 1 00 00 1b ff 05 ff
4 0 0 1 0 0 06 3d 00 0 1 00 00 1b ff 05 ff
4 0 1 0 0 0 32 00 00 0 1 00 00 1b ff 06 ff
4 0 0 1 0 0 68 e6 00 0 1 00 00 1b ff 06 ff
4 0 1 0 0 0 dc 00 00 0 1 00 00 1b ff 07 ff
4 0 0 0 1 0 8a 00 f6 0 1 00 00 1b ff 07 ff
4 0 1 0 0 0 0a 00 00 0 1 00 00 1b ff 08 ff
4 0 1 0 0 0 0c 00 00 0 1 00 00 1b ff 09 ff
4 0 1 0 0 0 e8 00 00 0 1 00 00 1b ff 0a ff
4 0 1 0 0 0 9b 00 00 0 1 00 00 1b ff 0b ff
4 0 0 0 1 0 29 00 0d 0 1 00 00 1b ff 0b ff
4 0 1 0 0 0 0e 00 00 0 1 00 00 1b ff 0c ff
4 0 0 0 0 0 b2 00 00 0 1 00 00 1b ff 0c ff
4 0 1 0 0 0 91 00 00 0 1 00 00 1b ff 0d ff
4 0 1 0 0 0 cb 00 00 0 1 00 00 1b ff 0e ff
4 0 0 0 1 0 0d 00 55 0 1 00 00 1b ff 0e ff
4 0 1 0 0 0 0f 00 00 1 1 05 ff 1c ff 0e ff
4 0 1 0 0 0 3a 00 00 0 1 00 00 1c ff 0f ff
4 0 1 0 0 0 04 00 00 0 1 00 00 1c ff 10 ff
4 0 1 0 0 0 ed 00 00 0 1 00 00 1c ff 11 ff
4 0 0 0 0 0 0d 00 00 0 1 00 00 1c ff 11 ff
4 0 0 1 0 0 0f be 00 1 1 00 00 1c ff 11 ff
4 0 1 0 0 0 a2 00 00 0 1 00 00 1c ff 12 ff
4 0 1 0 0 0 0f 00 00 1 1 be ff 1d ff 12 ff
4 0 0 0 1 0 05 00 50 0 1 00 00 1d ff 12 ff
4 0 0 0 1 0 ec 00 6f 0 1 00 00 1d ff 12 ff
4 0 1 0 0 0 8d 00 00 0 1 00 00 1d ff 13 ff
4 0 0 0 1 0 08 00 9a 0 1 00 00 1d ff 13 ff
4 0 0 1 0 0 25 a6 00 0 1 00 00 1d ff 13 ff
4 0 0 0 1 0 04 00 31 0 1 00 00 1d ff 13 ff
4 0 1 0 0 0 73 00 00 0 1 00 00 1d ff 14 ff
4 0 0 1 0 0 01 cf 00 0 1 00 00 1d ff 14 ff
4 0 0 1 0 0 00 86 00 0 1 00 00 1d ff 14 ff
4 0 0 1 0 0 dd e3 00 0 1 00 00 1d ff 14 ff
4 0 0 0 1 0 0d 00 55 0 1 00 00 1d ff 14 ff
4 0 0 0 1 0 0b 00 45 0 1 00 00 1d ff 14 ff
4 0 0 1 0 0 58 65 00 0 1 00 00 1d ff 14 ff
4 0 0 0 1 0 0f 00 be 0 1 00 00 1d ff 14 ff
4 0 0 0 1 0 05 00 50 0 1 00 00 1d ff 14 ff
4 0 1 0 0 0 8c 00 00 0 1 00 00 1d ff 15 ff
4 0 1 0 0 0 9e 00 00 0 1 00 00 1d ff 16 ff
4 0 0 1 0 0 05 1a 00 1 1 00 00 1d ff 16 ff
4 0 0 0 1 0 ea 00 a8 0 1 00 00 1d ff 16 ff
4 0 1 0 0 0 8f 00 00 0 1 00 00 1d ff 17 ff
4 0 0 1 0 0 50 2b 00 0 1 00 00 1d ff 17 ff
4 0 1 0 0 0 0f 00 00 1 1 be ff 1e ff 17 ff
4 0 0 1 0 0 9c 6a 00 0 1 00 00 1e ff 17 ff
4 0 1 0 0 0 08 00 00 1 1 9a ff 1f ff 17 ff
4 0 0 0 0 0 0a 00 00 0 1 00 00 1f ff 17 ff
4 0 0 0 1 0 aa 00 0f 0 1 00 00 1f ff 17 ff
4 0 0 0 1 0 71 00 94 0 1 00 00 1f ff 17 ff
4 0 0 1 0 0 0f 09 00 1 1 00 00 1f ff 17 ff
4 0 0 0 1 0 bf 00 7d 0 1 00 00 1f ff 17 ff
4 1 0 0 0 0 06 00 00 0 1 00 00 00 ff 00 ff
4 0 1 0 0 0 e7 00 00 0 1 00 00 00 ff 01 ff
4 0 1 0 0 0 01 00 00 0 1 00 00 00 ff 02 ff
4 0 1 0 0 0 a7 00 00 0 1 00 00 00 ff 03 ff
4 0 0 0 1 0 05 00 1a 0 1 00 00 00 ff 03 ff
4 0 1 0 0 0 a3 00 00 0 1 00 00 00 ff 04 ff
4 0 0 0 1 0 2e 00 03 0 1 00 00 00 ff 04 ff
4 0 1 0 0 0 4f 00 00 0 1 00 00 00 ff 05 ff
4 0 1 0 0 0 a5 00 00 0 1 00 00 00 ff 06 ff
4 0 0 0 1 0 7c 00 9a 0 1 00 00 00 ff 06 ff
4 0 1 0 0 0 03 00 00 0 1 00 00 00 ff 07 ff
4 0 1 0 0 0 07 00 00 0 1 00 00 00 ff 08 ff
4 0 0 1 0 0 cc 76 00 0 1 00 00 00 ff 08 ff
4 0 0 1 0 0 80 5a 00 0 1 00 00 00 ff 08 ff
4 0 1 0 0 0 0e 00 00 0 1 00 00 00 ff 09 ff
4 0 0 1 0 0 7f 48 00 0 1 00 00 00 ff 09 ff
4 0 1 0 0 0 05 00 00 1 1 1a ff 01 ff 09 ff
4 0 1 0 0 0 3f 00 00 0 1 00 00 01 ff 0a ff
4 0 1 0 0 0 00 00 00 0 1 00 00 01 ff 0b ff
4 0 0 1 0 0 93 85 00 0 1 00 00 01 ff 0b ff
4 0 0 1 0 0 0c 66 00 0 1 00 00 01 ff 0b ff
4 0 1 0 0 0 45 00 00 0 1 00 00 01 ff 0c ff
4 0 0 0 1 0 68 00 e6 0 1 00 00 01 ff 0c ff
4 0 1 0 0 0 02 00 00 0 1 00 00 01 ff 0d ff
4 0 0 0 1 0 8c 00 14 0 1 00 00 01 ff 0d ff
4 0 0 0 1 0 27 00 ab 0 1 00 00 01 ff 0d ff
4 0 1 0 0 0 03 00 00 0 1 00 00 01 ff 0e ff
4 0 1 0 0 0 00 00 00 0 1 00 00 01 ff 0f ff
4 0 0 0 0 0 03 00 00 0 1 00 00 01 ff 0f ff
4 0 0 0 1 0 07 00 10 0 1 00 00 01 ff 0f ff
4 0 1 0 0 0 54 00 00 0 1 00 00 01 ff 10 ff
4 1 0 0 0 0 01 00 00 0 1 00 00 00 ff 00 ff
4 0 1 0 0 0 c1 00 00 0 1 00 00 00 ff 01 ff
4 0 1 0 0 0 5d 00 00 0 1 00 00 00 ff 02 ff
4 0 1 0 0 0 93 00 00 0 1 00 00 00 ff 03 ff
4 0 1 0 0 0 ba 00 00 0 1 00 00 00 ff 04 ff
4 0 1 0 0 0 95 00 00 0 1 00 00 00 ff 05 ff
4 0 0 0 1 0 c8 00 24 0 1 00 00 00 ff 05 ff
4 0 1 0 0 0 0f 00 00 0 1 00 00 00 ff 06 ff
4 0 1 0 0 0 ab 00 00 0 1 00 00 00 ff 07 ff
4 0 1 0 0 0 0f 00 00 0 1 00 00 00 ff 08 ff
4 0 0 1 0 0 02 f1 00 0 1 00 00 00 ff 08 ff
4 0 1 0 0 0 1f 00 00 0 1 00 00 00 ff 09 ff
4 0 1 0 0 0 a9 00 00 0 1 00 00 00 ff 0a ff
4 0 1 0 0 0 0e 00 00 0 1 00 00 00 ff 0b ff
4 0 1 0 0 0 4a 00 00 0 1 00 00 00 ff 0c ff
4 0 1 0 0 0 0d 00 00 0 1 00 00 00 ff 0d ff
4 0 1 0 0 0 6c 00 00 0 1 00 00 00 ff 0e ff
4 0 1 0 0 0 68 00 00 0 1 00 00 00 ff 0f ff
4 0 1 0 0 0 04 00 00 0 1 00 00 00 ff 10 ff
4 0 1 0 0 0 04 00 00 0 1 00 00 00 ff 11 ff
4 0 0 1 0 0 a2 50 00 0 1 00 00 00 ff 11 ff
4 0 0 0 1 0 00 00 86 0 1 00 00 00 ff 11 ff
4 0 0 0 1 0 0f 00 09 0 1 00 00 00 ff 11 ff
4 0 1 0 0 0 83 00 00 0 1 00 00 00 ff 12 ff
4 0 0 0 0 0 01 00 00 0 1 00 00 00 ff 12 ff
4 0 0 1 0 0 d5 e1 00 0 1 00 00 00 ff 12 ff
4 0 1 0 0 0 07 00 00 0 1 00 00 00 ff 13 ff
4 0 0 0 1 0 0a 00 bd 0 1 00 00 00 ff 13 ff
4 0 1 0 0 0 2b 00 00 0 1 00 00 00 ff 14 ff
4 0 0 0 1 0 93 00 85 0 1 00 00 00 ff 14 ff
4 0 1 0 0 0 0c 00 00 0 1 00 00 00 ff 15 ff
4 0 0 1 0 0 00 0d 00 1 1 00 00 00 ff 15 ff
4 0 0 1 0 0 a9 95 00 0 1 00 00 00 ff 15 ff
4 0 1 0 0 0 0e 00 00 0 1 00 00 00 ff 16 ff
4 0 1 0 0 0 05 00 00 0 1 00 00 00 ff 17 ff
4 0 0 0 0 1 00 00 00 0 1 00 00 00 ff 17 ff
4 0 0 0 1 0 df 00 7e 0 1 00 00 00 ff 17 ff
4 0 0 1 0 0 01 6b 00 0 1 00 00 00 ff 17 ff
4 0 1 0 0 0 77 00 00 0 1 00 00 00 ff 18 ff
4 0 0 0 0 1 00 00 00 0 1 00 00 00 ff 18 ff
4 0 1 0 0 0 55 00 00 0 1 00 00 00 ff 19 ff
4 0 1 0 0 0 0d 00 00 0 1 00 00 00 ff 1a ff
4 0 0 0 1 0 27 00 ab 0 1 00 00 00 ff 1a ff
4 0 0 1 0 0 06 af 00 0 1 00 00 00 ff 1a ff
4 0 1 0 0 0 01 00 00 0 1 00 00 00 ff 1b ff
4 0 1 0 0 0 0f 00 00 0 1 00 00 00 ff 1c ff
4 0 0 0 1 0 93 00 85 0 1 00 00 00 ff 1c ff
4 0 0 1 0 0 e6 d3 00 0 1 00 00 00 ff 1c ff
4 0 1 0 0 0 01 00 00 0 1 00 00 00 ff 1d ff
4 0 1 0 0 0 86 00 00 0 1 00 00 00 ff 1e ff
4 0 0 1 0 0 0f c1 00 0 1 00 00 00 ff 1e ff
4 0 1 0 0 0 61 00 00 0 1 00 00 00 ff 1f ff
4 0 0 0 1 0 0d 00 55 0 1 00 00 00 ff 1f ff
4 0 1 0 0 0 16 00 00 0 1 00 00 00 ff 20 ff
4 0 1 0 0 0 e2 00 00 0 1 00 00 00 ff 21 ff
4 0 1 0 0 0 02 00 00 0 1 00 00 00 ff 22 ff
4 0 0 0 1 0 0e 00 fa 0 1 00 00 00 ff 22 ff
4 0 1 0 0 0 07 00 00 0 1 00 00 00 ff 23 ff
4 0 0 0 0 0 05 00 00 0 1 00 00 00 ff 23 ff
4 0 0 1 0 0 03 eb 00 0 1 00 00 00 ff 23 ff
4 0 0 0 1 0 0d 00 55 0 1 00 00 00 ff 23 ff
4 0 0 0 1 0 08 00 9a 0 1 00 00 00 ff 23 ff
4 0 1 0 0 0 3e 00 00 0 1 00 00 00 ff 24 ff
4 0 1 0 0 0 0b 00 00 0 1 00 00 00 ff 25 ff
4 0 1 0 0 0 06 00 00 0 1 00 00 00 ff 26 ff
4 0 1 0 0 0 48 00 00 0 1 00 00 00 ff 27 ff
4 0 1 0 0 0 21 00 00 0 1 00 00 00 ff 28 ff
4 0 1 0 0 0 ba 00 00 0 1 00 00 00 ff 29 ff
4 0 1 0 0 0 c8 00 00 0 1 00 00 00 ff 2a ff
4 0 0 0 1 0 0d 00 55 0 1 00 00 00 ff 2a ff
4 0 1 0 0 0 a4 00 00 0 1 00 00 00 ff 2b ff
4 0 0 0 1 0 0d 00 55 0 1 00 00 00 ff 2b ff
4 0 0 1 0 0 08 d0 00 1 1 00 00 00 ff 2b ff
4 0 0 0 1 0 04 00 31 0 1 00 00 00 ff 2b ff
4 0 0 0 1 0 0c 00 66 0 1 00 00 00 ff 2b ff
4 0 0 0 0 0 01 00 00 0 1 00 00 00 ff 2b ff
4 0 0 0 1 0 0c 00 66 0 1 00 00 00 ff 2b ff
4 0 0 0 0 0 ce 00 00 0 1 00 00 00 ff 2b ff
4 0 0 1 0 0 0d e1 00 1 1 00 00 00 ff 2b ff
4 0 0 0 1 0 0c 00 66 0 1 00 00 00 ff 2b ff
4 0 0 0 1 0 0f 00 c1 0 1 00 00 00 ff 2b ff
4 0 0 1 0 0 0b 4a 00 0 1 00 00 00 ff 2b ff
4 0 1 0 0 0 0f 00 00 1 1 c1 ff 01 ff 2b ff
4 0 0 0 1 0 0a 00 bd 0 1 00 00 01 ff 2b ff
4 0 0 0 1 0 0a 00 bd 0 1 00 00 01 ff 2b ff
4 0 0 0 0 0 09 00 00 0 1 00 00 01 ff 2b ff
4 0 1 0 0 0 0f 00 00 1 1 c1 ff 02 ff 2b ff
4 0 0 0 1 0 64 00 00 0 1 00 00 02 ff 2b ff
4 0 1 0 0 0 00 00 00 0 1 00 00 02 ff 2c ff
4 0 0 1 0 0 52 92 00 0 1 00 00 02 ff 2c ff
4 0 1 0 0 0 36 00 00 0 1 00 00 02 ff 2d ff
4 0 0 1 0 0 0b dc 00 0 1 00 00 02 ff 2d ff
4 0 1 0 0 0 0d 00 00 1 1 e1 ff 03 ff 2d ff
4 0 0 0 1 0 07 00 10 0 1 00 00 03 ff 2d ff
4 0 0 0 1 0 28 00 2c 0 1 00 00 03 ff 2d ff
4 0 0 0 0 0 0c 00 00 0 1 00 00 03 ff 2d ff
4 0 1 0 0 0 d0 00 00 0 1 00 00 03 ff 2e ff
4 0 0 0 1 0 0b 00 dc 0 1 00 00 03 ff 2e ff
4 0 0 0 1 0 80 00 5a 0 1 00 00 03 ff 2e ff
4 0 0 1 0 0 0d 18 00 1 1 00 00 03 ff 2e ff
4 0 0 1 0 0 09 b8 00 0 1 00 00 03 ff 2e ff
4 0 0 1 0 0 66 c7 00 0 1 00 00 03 ff 2e ff
4 0 0 0 0 0 0b 00 00 0 1 00 00 03 ff 2e ff
4 0 0 0 0 0 05 00 00 0 1 00 00 03 ff 2e ff
4 0 1 0 0 0 f9 00 00 0 1 00 00 03 ff 2f ff
4 0 0 1 0 0 d4 35 00 0 1 00 00 03 ff 2f ff
4 0 0 0 0 1 00 00 00 0 1 00 00 03 ff 2f ff
4 0 0 0 1 0 62 00 d6 0 1 00 00 03 ff 2f ff
4 0 0 1 0 0 05 b4 00 0 1 00 00 03 ff 2f ff
4 0 1 0 0 0 3d 00 00 0 1 00 00 03 ff 30 ff
4 0 1 0 0 0 9e 00 00 0 1 00 00 03 ff 31 ff
4 0 0 1 0 0 7a 03 00 0 1 00 00 03 ff 31 ff
4 0 0 0 0 0 01 00 00 0 1 00 00 03 ff 31 ff
4 0 1 0 0 0 2e 00 00 0 1 00 00 03 ff 32 ff
4 0 0 0 1 0 08 00 d0 0 1 00 00 03 ff 32 ff
4 0 1 0 0 0 0a 00 00 0 1 00 00 03 ff 33 ff
4 0 1 0 0 0 f1 00 00 0 1 00 00 03 ff 34 ff
4 0 1 0 0 0 b3 00 00 0 1 00 00 03 ff 35 ff
4 0 0 0 1 0 11 00 63 0 1 00 00 03 ff 35 ff
4 0 0 1 0 0 02 d2 00 0 1 00 00 03 ff 35 ff
4 0 0 1 0 0 03 66 00 0 1 00 00 03 ff 35 ff
4 0 1 0 0 0 06 00 00 0 1 00 00 03 ff 36 ff
4 0 1 0 0 0 05 00 00 0 1 00 00 03 ff 37 ff
4 0 1 0 0 0 9b 00 00 0 1 00 00 03 ff 38 ff
4 0 0 0 1 0 73 00 f2 0 1 00 00 03 ff 38 ff
4 0 1 0 0 0 c2 00 00 0 1 00 00 03 ff 39 ff
4 0 0 0 1 0 32 00 8b 0 1 00 00 03 ff 39 ff
4 0 0 0 1 0 5f 00 55 0 1 00 00 03 ff 39 ff
4 0 1 0 0 0 05 00 00 0 1 00 00 03 ff 3a ff
4 0 0 0 1 0 0b 00 dc 0 1 00 00 03 ff 3a ff
4 0 1 0 0 0 08 00 00 1 1 d0 ff 04 ff 3a ff
4 0 0 0 1 0 f3 00 93 0 1 00 00 04 ff 3a ff
4 0 1 0 0 0 e7 00 00 0 1 00 00 04 ff 3b ff
4 0 1 0 0 0 04 00 00 0 1 00 00 04 ff 3c ff
4 0 0 0 1 0 fc 00 bb 0 1 00 00 04 ff 3c ff
4 0 1 0 0 0 e6 00 00 0 1 00 00 04 ff 3d ff
4 0 1 0 0 0 0a 00 00 0 1 00 00 04 ff 3e ff
4 0 1 0 0 0 01 00 00 0 1 00 00 04 ff 3f ff
4 0 0 1 0 0 98 cf 00 0 1 00 00 04 ff 3f ff
4 0 1 0 0 0 0c 00 00 0 1 00 00 04 ff 40 ff
4 0 1 0 0 0 0e 00 00 0 1 00 00 04 ff 41 ff
4 0 0 0 1 0 3b 00 c1 0 1 00 00 04 ff 41 ff
4 0 1 0 0 0 7c 00 00 0 1 00 00 04 ff 42 ff
4 0 1 0 0 0 2c 00 00 0 1 00 00 04 ff 43 ff
4 0 0 0 1 0 49 00 be 0 1 00 00 04 ff 43 ff
4 0 0 0 1 0 08 00 d0 0 1 00 00 04 ff 43 ff
4 0 0 0 1 0 0a 00 bd 0 1 00 00 04 ff 43 ff
4 0 1 0 0 0 6d 00 00 0 1 00 00 04 ff 44 ff
4 0 1 0 0 0 aa 00 00 0 1 00 00 04 ff 45 ff
4 0 1 0 0 0 01 00 00 0 1 00 00 04 ff 46 ff
4 0 0 0 1 0 25 00 a6 0 1 00 00 04 ff 46 ff
4 0 0 1 0 0 60 f5 00 0 1 00 00 04 ff 46 ff
4 0 0 0 0 0 2a 00 00 0 1 00 00 04 ff 46 ff
4 0 1 0 0 0 94 00 00 0 1 00 00 04 ff 47 ff
4 0 0 0 0 1 00 00 00 0 1 00 00 04 ff 47 ff
4 0 1 0 0 0 0d 00 00 0 1 00 00 04 ff 48 ff
4 0 0 1 0 0 0f a4 00 0 1 00 00 04 ff 48 ff
4 0 1 0 0 0 01 00 00 0 1 00 00 04 ff 49 ff
4 0 0 0 1 0 aa 00 0f 0 1 00 00 04 ff 49 ff
4 0 1 0 0 0 0e 00 00 0 1 00 00 04 ff 4a ff
4 0 1 0 0 0 4b 00 00 0 1 00 00 04 ff 4b ff
4 0 1 0 0 0 0a 00 00 0 1 00 00 04 ff 4c ff
4 0 0 1 0 0 39 39 00 0 1 00 00 04 ff 4c ff
4 0 0 1 0 0 31 76 00 0 1 00 00 04 ff 4c ff
4 0 0 0 1 0 06 00 af 0 1 00 00 04 ff 4c ff
4 0 1 0 0 0 06 00 00 1 1 af ff 05 ff 4c ff
4 0 0 0 0 0 43 00 00 0 1 00 00 05 ff 4c ff
4 0 0 0 1 0 01 00 6b 0 1 00 00 05 ff 4c ff
4 0 0 0 1 0 0e 00 fa 0 1 00 00 05 ff 4c ff
4 0 0 0 1 0 e6 00 d3 0 1 00 00 05 ff 4c ff
4 0 0 1 0 0 fc 54 00 0 1 00 00 05 ff 4c ff
4 0 0 0 0 0 04 00 00 0 1 00 00 05 ff 4c ff
4 0 0 0 1 0 0a 00 bd 0 1 00 00 05 ff 4c ff
4 0 0 1 0 0 0f 96 00 0 1 00 00 05 ff 4c ff
4 0 1 0 0 0 0e 00 00 0 1 00 00 05 ff 4d ff
4 0 1 0 0 0 02 00 00 0 1 00 00 05 ff 4e ff
4 0 1 0 0 0 67 00 00 0 1 00 00 05 ff 4f ff
4 0 0 0 1 0 ad 00 20 0 1 00 00 05 ff 4f ff
4 0 0 0 1 0 54 00 65 0 1 00 00 05 ff 4f ff
4 0 0 1 0 0 eb 38 00 0 1 00 00 05 ff 4f ff
4 0 0 1 0 0 67 ed 00 0 1 00 00 05 ff 4f ff
4 0 1 0 0 0 1c 00 00 0 1 00 00 05 ff 50 ff
4 0 1 0 0 0 f0 00 00 0 1 00 00 05 ff 51 ff
4 0 1 0 0 0 f8 00 00 0 1 00 00 05 ff 52 ff
4 0 0 0 1 0 20 00 75 0 1 00 00 05 ff 52 ff
4 0 0 0 1 0 9c 00 6a 0 1 00 00 05 ff 52 ff
4 0 0 1 0 0 00 66 00 0 1 00 00 05 ff 52 ff
4 0 0 0 1 0 29 00 0d 0 1 00 00 05 ff 52 ff
4 0 0 0 1 0 07 00 10 0 1 00 00 05 ff 52 ff
4 0 1 0 0 0 06 00 00 0 1 00 00 05 ff 53 ff
4 0 1 0 0 0 02 00 00 0 1 00 00 05 ff 54 ff
4 0 0 0 1 0 e1 00 4f 0 1 00 00 05 ff 54 ff
4 0 1 0 0 0 52 00 00 0 1 00 00 05 ff 55 ff
4 0 1 0 0 0 02 00 00 0 1 00 00 05 ff 56 ff
4 0 1 0 0 0 b4 00 00 0 1 00 00 05 ff 57 ff
4 0 1 0 0 0 bb 00 00 0 1 00 00 05 ff 58 ff
4 0 0 1 0 0 03 b1 00 0 1 00 00 05 ff 58 ff
4 0 1 0 0 0 d7 00 00 0 1 00 00 05 ff 59 ff
4 0 0 0 1 0 3a 00 00 0 1 00 00 05 ff 59 ff
4 0 1 0 0 0 03 00 00 0 1 00 00 05 ff 5a ff
4 0 0 0 1 0 09 00 b8 0 1 00 00 05 ff 5a ff
4 0 1 0 0 0 63 00 00 0 1 00 00 05 ff 5b ff
4 0 0 0 1 0 06 00 af 0 1 00 00 05 ff 5b ff
4 0 1 0 0 0 ff 00 00 0 1 00 00 05 ff 5c ff
4 0 1 0 0 0 01 00 00 0 1 00 00 05 ff 5d ff
4 0 0 1 0 0 0a 62 00 0 1 00 00 05 ff 5d ff
4 0 0 0 1 0 ae 00 87 0 1 00 00 05 ff 5d ff
4 0 0 0 1 0 0b 00 dc 0 1 00 00 05 ff 5d ff
4 0 1 0 0 0 0e 00 00 0 1 00 00 05 ff 5e ff
4 0 0 1 0 0 0c bd 00 0 1 00 00 05 ff 5e ff
4 0 1 0 0 0 02 00 00 0 1 00 00 05 ff 5f ff
4 0 0 1 0 0 08 25 00 0 1 00 00 05 ff 5f ff
4 0 1 0 0 0 03 00 00 0 1 00 00 05 ff 60 ff
4 0 0 1 0 0 aa 5d 00 0 1 00 00 05 ff 60 ff
4 0 0 1 0 0 40 df 00 0 1 00 00 05 ff 60 ff
4 0 0 1 0 0 00 00 00 0 1 00 00 05 ff 60 ff
4 0 0 0 1 0 0a 00 62 0 1 00 00 05 ff 60 ff
4 0 0 1 0 0 04 1d 00 0 1 00 00 05 ff 60 ff
4 0 0 0 1 0 5e 00 95 0 1 00 00 05 ff 60 ff
4 0 1 0 0 0 b9 00 00 0 1 00 00 05 ff 61 ff
4 0 1 0 0 0 2f 00 00 0 1 00 00 05 ff 62 ff
4 0 0 0 1 0 e2 00 97 0 1 00 00 05 ff 62 ff
4 0 1 0 0 0 0a 00 00 0 1 00 00 05 ff 63 ff
4 0 0 0 1 0 9d 00 95 0 1 00 00 05 ff 63 ff
4 0 1 0 0 0 08 00 00 0 1 00 00 05 ff 64 ff
4 0 1 0 0 0 0f 00 00 0 1 00 00 05 ff 65 ff
4 0 1 0 0 0 a4 00 00 0 1 00 00 05 ff 66 ff
4 0 1 0 0 0 09 00 00 1 1 b8 ff 06 ff 66 ff
4 0 0 0 0 0 d5 00 00 0 1 00 00 06 ff 66 ff
4 0 0 1 0 0 83 78 00 0 1 00 00 06 ff 66 ff
4 0 1 0 0 0 03 00 00 0 1 00 00 06 ff 67 ff
4 0 0 1 0 0 4d f0 00 0 1 00 00 06 ff 67 ff
4 0 0 1 0 0 0c eb 00 0 1 00 00 06 ff 67 ff
4 0 0 0 1 0 e5 00 38 0 1 00 00 06 ff 67 ff
4 0 0 0 1 0 9b 00 3a 0 1 00 00 06 ff 67 ff
4 0 1 0 0 0 96 00 00 0 1 00 00 06 ff 68 ff
4 0 0 1 0 0 9b 26 00 1 1 00 00 06 ff 68 ff
4 0 1 0 0 0 06 00 00 0 1 00 00 06 ff 69 ff
4 0 1 0 0 0 04 00 00 0 1 00 00 06 ff 6a ff
4 0 1 0 0 0 03 00 00 0 1 00 00 06 ff 6b ff
4 0 1 0 0 0 c2 00 00 0 1 00 00 06 ff 6c ff
4 0 1 0 0 0 0a 00 00 0 1 00 00 06 ff 6d ff
4 0 0 0 1 0 0e 00 fa 0 1 00 00 06 ff 6d ff
4 0 1 0 0 0 7f 00 00 0 1 00 00 06 ff 6e ff
4 0 1 0 0 0 04 00 00 0 1 00 00 06 ff 6f ff
4 0 0 1 0 0 0b f7 00 0 1 00 00 06 ff 6f ff
4 0 1 0 0 0 1d 00 00 0 1 00 00 06 ff 70 ff
4 0 0 1 0 0 67 47 00 0 1 00 00 06 ff 70 ff
4 0 1 0 0 0 7d 00 00 0 1 00 00 06 ff 71 ff
4 0 0 0 1 0 09 00 b8 0 1 00 00 06 ff 71 ff
4 0 1 0 0 0 02 00 00 0 1 00 00 06 ff 72 ff
4 0 0 1 0 0 b0 e1 00 0 1 00 00 06 ff 72 ff
4 0 1 0 0 0 08 00 00 0 1 00 00 06 ff 73 ff
4 0 1 0 0 0 0e 00 00 1 1 fa ff 07 ff 73 ff
4 0 1 0 0 0 36 00 00 0 1 00 00 07 ff 74 ff
4 0 1 0 0 0 06 00 00 0 1 00 00 07 ff 75 ff
4 0 1 0 0 0 02 00 00 0 1 00 00 07 ff 76 ff
4 0 1 0 0 0 02 00 00 0 1 00 00 07 ff 77 ff
4 0 1 0 0 0 63 00 00 0 1 00 00 07 ff 78 ff
4 0 0 0 1 0 1e 00 70 0 1 00 00 07 ff 78 ff
4 0 1 0 0 0 00 00 00 0 1 00 00 07 ff 79 ff
4 0 0 0 1 0 93 00 85 0 1 00 00 07 ff 79 ff
4 0 0 1 0 0 03 a9 00 0 1 00 00 07 ff 79 ff
4 0 0 1 0 0 0c 0b 00 0 1 00 00 07 ff 79 ff
4 0 1 0 0 0 03 00 00 0 1 00 00 07 ff 7a ff
4 0 0 1 0 0 32 b8 00 0 1 00 00 07 ff 7a ff
4 0 1 0 0 0 0e 00 00 0 1 00 00 07 ff 7b ff
4 0 1 0 0 0 0b 00 00 0 1 00 00 07 ff 7c ff
4 0 1 0 0 0 07 00 00 1 1 10 ff 08 ff 7c ff
4 0 0 0 1 0 04 00 1d 0 1 00 00 08 ff 7c ff
4 0 0 1 0 0 03 f0 00 0 1 00 00 08 ff 7c ff
4 0 0 0 1 0 1f 00 df 0 1 00 00 08 ff 7c ff
4 0 0 1 0 0 83 6b 00 0 1 00 00 08 ff 7c ff
4 0 1 0 0 0 e1 00 00 0 1 00 00 08 ff 7d ff
4 0 0 1 0 0 07 ac 00 0 1 00 00 08 ff 7d ff
4 0 1 0 0 0 c3 00 00 0 1 00 00 08 ff 7e ff
4 0 0 0 0 0 8a 00 00 0 1 00 00 08 ff 7e ff
4 0 1 0 0 0 5b 00 00 0 1 00 00 08 ff 7f ff
4 0 0 0 1 0 0a 00 62 0 1 00 00 08 ff 7f ff
4 0 0 1 0 0 09 66 00 1 1 00 00 08 ff 7f ff
4 0 0 0 1 0 03 00 f0 0 1 00 00 08 ff 7f ff
4 0 1 0 0 0 74 00 00 0 1 00 00 08 ff 80 ff
4 0 1 0 0 0 06 00 00 0 1 00 00 08 ff 81 ff
4 0 1 0 0 0 7f 00 00 0 1 00 00 08 ff 82 ff
4 0 1 0 0 0 09 00 00 1 1 66 ff 09 ff 82 ff
4 0 1 0 0 0 0a 00 00 1 1 62 ff 0a ff 82 ff
4 0 0 1 0 0 01 bf 00 0 1 00 00 0a ff 82 ff
4 0 1 0 0 0 06 00 00 0 1 00 00 0a ff 83 ff
4 0 1 0 0 0 79 00 00 0 1 00 00 0a ff 84 ff
4 0 0 1 0 0 20 d2 00 1 1 00 00 0a ff 84 ff
4 0 0 1 0 0 0d 9d 00 0 1 00 00 0a ff 84 ff
4 0 0 0 1 0 09 00 66 0 1 00 00 0a ff 84 ff
4 0 1 0 0 0 69 00 00 0 1 00 00 0a ff 85 ff
4 0 1 0 0 0 ed 00 00 0 1 00 00 0a ff 86 ff
4 0 1 0 0 0 01 00 00 0 1 00 00 0a ff 87 ff
4 0 1 0 0 0 93 00 00 0 1 00 00 0a ff 88 ff
4 0 1 0 0 0 0e 00 00 0 1 00 00 0a ff 89 ff
4 0 1 0 0 0 01 00 00 0 1 00 00 0a ff 8a ff
4 0 1 0 0 0 0d 00 00 0 1 00 00 0a ff 8b ff
4 0 1 0 0 0 72 00 00 0 1 00 00 0a ff 8c ff
4 0 0 0 1 0 05 00 b4 0 1 00 00 0a ff 8c ff
4 0 1 0 0 0 42 00 00 0 1 00 00 0a ff 8d ff
4 0 0 1 0 0 07 0c 00 0 1 00 00 0a ff 8d ff
4 0 1 0 0 0 dc 00 00 0 1 00 00 0a ff 8e ff
4 0 0 0 1 0 fb 00 09 0 1 00 00 0a ff 8e ff
4 0 0 1 0 0 01 09 00 0 1 00 00 0a ff 8e ff
4 0 0 1 0 0 0a f3 00 1 1 00 00 0a ff 8e ff
4 0 0 0 1 0 02 00 d2 0 1 00 00 0a ff 8e ff
4 0 1 0 0 0 00 00 00 0 1 00 00 0a ff 8f ff
4 0 1 0 0 0 7f 00 00 0 1 00 00 0a ff 90 ff
4 0 0 0 1 0 b2 00 af 0 1 00 00 0a ff 90 ff
4 0 0 0 1 0 fd 00 d7 0 1 00 00 0a ff 90 ff
4 0 0 0 0 1 00 00 00 0 1 00 00 0a ff 90 ff
4 0 1 0 0 0 f8 00 00 0 1 00 00 0a ff 91 ff
4 0 0 0 1 0 06 00 af 0 1 00 00 0a ff 91 ff
4 0 1 0 0 0 0b 00 00 0 1 00 00 0a ff 92 ff
4 0 0 0 0 0 05 00 00 0 1 00 00 0a ff 92 ff
4 0 0 0 1 0 08 00 25 0 1 00 00 0a ff 92 ff
4 0 0 1 0 0 05 6d 00 0 1 00 00 0a ff 92 ff
4 0 0 0 1 0 2c 00 0b 0 1 00 00 0a ff 92 ff
4 0 0 1 0 0 05 d9 00 0 1 00 00 0a ff 92 ff
4 0 0 1 0 0 6e 34 00 0 1 00 00 0a ff 92 ff
4 0 1 0 0 0 73 00 00 0 1 00 00 0a ff 93 ff
4 0 1 0 0 0 99 00 00 0 1 00 00 0a ff 94 ff
4 0 0 0 1 0 e5 00 38 0 1 00 00 0a ff 94 ff
4 0 0 0 1 0 91 00 d6 0 1 00 00 0a ff 94 ff
4 0 0 0 1 0 4c 00 50 0 1 00 00 0a ff 94 ff
4 0 0 0 0 0 0b 00 00 0 1 00 00 0a ff 94 ff
4 0 1 0 0 0 0f 00 00 0 1 00 00 0a ff 95 ff
4 0 0 1 0 0 0f 9e 00 0 1 00 00 0a ff 95 ff
4 0 1 0 0 0 6b 00 00 0 1 00 00 0a ff 96 ff
4 0 1 0 0 0 35 00 00 0 1 00 00 0a ff 97 ff
4 0 1 0 0 0 af 00 00 0 1 00 00 0a ff 98 ff
4 0 0 0 0 0 d2 00 00 0 1 00 00 0a ff 98 ff
4 0 0 0 0 1 00 00 00 0 1 00 00 0a ff 98 ff
4 0 1 0 0 0 4f 00 00 0 1 00 00 0a ff 99 ff
4 0 1 0 0 0 0b 00 00 0 1 00 00 0a ff 9a ff
4 0 0 0 1 0 0e 00 fa 0 1 00 00 0a ff 9a ff
4 0 1 0 0 0 0f 00 00 0 1 00 00 0a ff 9b ff
4 0 1 0 0 0 97 00 00 0 1 00 00 0a ff 9c ff
4 0 1 0 0 0 d6 00 00 0 1 00 00 0a ff 9d ff
4 0 1 0 0 0 06 00 00 0 1 00 00 0a ff 9e ff
4 0 1 0 0 0 02 00 00 0 1 00 00 0a ff 9f ff
4 0 0 1 0 0 d8 34 00 0 1 00 00 0a ff 9f ff
4 0 0 1 0 0 06 3c 00 0 1 00 00 0a ff 9f ff
4 0 1 0 0 0 02 00 00 0 1 00 00 0a ff a0 ff
4 0 0 1 0 0 0d d6 00 0 1 00 00 0a ff a0 ff
4 0 1 0 0 0 f4 00 00 0 1 00 00 0a ff a1 ff
4 0 0 0 1 0 a7 00 03 0 1 00 00 0a ff a1 ff
4 0 0 0 1 0 0e 00 fa 0 1 00 00 0a ff a1 ff
4 0 1 0 0 0 72 00 00 0 1 00 00 0a ff a2 ff
4 0 0 0 1 0 04 00 1d 0 1 00 00 0a ff a2 ff
4 0 1 0 0 0 04 00 00 1 1 1d ff 0b ff a2 ff
4 0 1 0 0 0 0b 00 00 0 1 00 00 0b ff a3 ff
4 0 1 0 0 0 02 00 00 0 1 00 00 0b ff a4 ff
4 0 1 0 0 0 08 00 00 0 1 00 00 0b ff a5 ff
4 0 0 0 1 0 a5 00 44 0 1 00 00 0b ff a5 ff
4 0 0 1 0 0 0f 08 00 0 1 00 00 0b ff a5 ff
4 0 1 0 0 0 9d 00 00 0 1 00 00 0b ff a6 ff
4 0 0 0 1 0 0f 00 08 0 1 00 00 0b ff a6 ff
4 0 0 0 1 0 03 00 f0 0 1 00 00 0b ff a6 ff
4 0 1 0 0 0 be 00 00 0 1 00 00 0b ff a7 ff
4 0 1 0 0 0 69 00 00 0 1 00 00 0b ff a8 ff
4 0 0 1 0 0 88 ac 00 0 1 00 00 0b ff a8 ff
4 0 0 0 1 0 0b 00 f7 0 1 00 00 0b ff a8 ff
4 0 0 0 1 0 0a 00 f3 0 1 00 00 0b ff a8 ff
4 0 0 0 1 0 06 00 3c 0 1 00 00 0b ff a8 ff
4 0 0 1 0 0 0d 21 00 0 1 00 00 0b ff a8 ff
4 0 1 0 0 0 56 00 00 0 1 00 00 0b ff a9 ff
4 0 1 0 0 0 ae 00 00 0 1 00 00 0b ff aa ff
4 0 0 0 1 0 02 00 d2 0 1 00 00 0b ff aa ff
4 0 0 0 1 0 86 00 37 0 1 00 00 0b ff aa ff
4 0 0 1 0 0 0b 0b 00 1 1 00 00 0b ff aa ff
4 0 1 0 0 0 00 00 00 0 1 00 00 0b ff ab ff
4 0 1 0 0 0 6f 00 00 0 1 00 00 0b ff ac ff
4 0 0 0 1 0 13 00 80 0 1 00 00 0b ff ac ff
4 0 0 1 0 0 0e 79 00 0 1 00 00 0b ff ac ff
4 0 0 1 0 0 04 59 00 1 1 00 00 0b ff ac ff
4 0 1 0 0 0 40 00 00 0 1 00 00 0b ff ad ff
4 0 0 0 1 0 05 00 d9 0 1 00 00 0b ff ad ff
4 0 1 0 0 0 0b 00 00 0 1 00 00 0b ff ae ff
4 0 0 0 1 0 04 00 59 0 1 00 00 0b ff ae ff
4 0 0 0 1 0 02 00 d2 0 1 00 00 0b ff ae ff
4 0 0 0 1 0 e6 00 d3 0 1 00 00 0b ff ae ff
4 0 0 0 1 0 01 00 09 0 1 00 00 0b ff ae ff
4 0 0 1 0 0 9a 57 00 0 1 00 00 0b ff ae ff
4 0 0 0 1 0 18 00 84 0 1 00 00 0b ff ae ff
4 0 0 0 1 0 65 00 60 0 1 00 00 0b ff ae ff
4 0 1 0 0 0 0c 00 00 0 1 00 00 0b ff af ff
4 0 0 0 0 0 56 00 00 0 1 00 00 0b ff af ff
4 0 0 0 1 0 07 00 0c 0 1 00 00 0b ff af ff
4 0 0 1 0 0 0e 0e 00 0 1 00 00 0b ff af ff
4 0 1 0 0 0 46 00 00 0 1 00 00 0b ff b0 ff
4 0 1 0 0 0 a7 00 00 0 1 00 00 0b ff b1 ff
4 0 1 0 0 0 c6 00 00 0 1 00 00 0b ff b2 ff
4 0 0 0 1 0 3b 00 c1 0 1 00 00 0b ff b2 ff
4 0 1 0 0 0 02 00 00 1 1 d2 ff 0c ff b2 ff
4 0 0 0 1 0 37 00 94 0 1 00 00 0c ff b2 ff
4 0 0 0 1 0 00 00 00 0 1 00 00 0c ff b2 ff
4 0 1 0 0 0 00 00 00 1 1 00 ff 0d ff b2 ff
4 0 0 0 0 0 ea 00 00 0 1 00 00 0d ff b2 ff
4 0 1 0 0 0 06 00 00 0 1 00 00 0d ff b3 ff
4 0 0 1 0 0 09 cb 00 0 1 00 00 0d ff b3 ff
4 0 0 0 1 0 0b 00 0b 0 1 00 00 0d ff b3 ff
4 0 1 0 0 0 89 00 00 0 1 00 00 0d ff b4 ff
4 0 0 0 1 0 2d 00 8a 0 1 00 00 0d ff b4 ff
4 0 1 0 0 0 6d 00 00 0 1 00 00 0d ff b5 ff
4 0 0 0 1 0 0a 00 f3 0 1 00 00 0d ff b5 ff
4 0 1 0 0 0 10 00 00 0 1 00 00 0d ff b6 ff
4 0 0 0 1 0 7d 00 3c 0 1 00 00 0d ff b6 ff
4 0 1 0 0 0 04 00 00 1 1 59 ff 0e ff b6 ff
4 0 1 0 0 0 0a 00 00 1 1 f3 ff 0f ff b6 ff
4 0 1 0 0 0 6a 00 00 0 1 00 00 0f ff b7 ff
4 0 0 0 1 0 07 00 0c 0 1 00 00 0f ff b7 ff
4 0 1 0 0 0 10 00 00 0 1 00 00 0f ff b8 ff
4 0 0 0 1 0 b2 00 af 0 1 00 00 0f ff b8 ff
4 0 1 0 0 0 0c 00 00 0 1 00 00 0f ff b9 ff
4 0 1 0 0 0 42 00 00 0 1 00 00 0f ff ba ff
4 0 0 0 1 0 04 00 59 0 1 00 00 0f ff ba ff
4 0 1 0 0 0 eb 00 00 0 1 00 00 0f ff bb ff
4 0 0 0 1 0 09 00 cb 0 1 00 00 0f ff bb ff
4 0 0 0 1 0 03 00 f0 0 1 00 00 0f ff bb ff
4 0 1 0 0 0 f6 00 00 0 1 00 00 0f ff bc ff
4 0 0 1 0 0 ec 09 00 0 1 00 00 0f ff bc ff
4 0 0 1 0 0 69 b4 00 0 1 00 00 0f ff bc ff
4 0 1 0 0 0 0e 00 00 0 1 00 00 0f ff bd ff
4 0 0 0 0 0 fb 00 00 0 1 00 00 0f ff bd ff
4 0 0 1 0 0 07 7c 00 1 1 00 00 0f ff bd ff
4 0 1 0 0 0 23 00 00 0 1 00 00 0f ff be ff
4 0 1 0 0 0 a7 00 00 0 1 00 00 0f ff bf ff
4 0 1 0 0 0 01 00 00 0 1 00 00 0f ff c0 ff
4 0 0 0 0 0 03 00 00 0 1 00 00 0f ff c0 ff
4 0 0 1 0 0 0e 0f 00 0 1 00 00 0f ff c0 ff
4 0 0 1 0 0 f4 e5 00 0 1 00 00 0f ff c0 ff
4 0 0 0 1 0 00 00 00 0 1 00 00 0f ff c0 ff
4 0 0 1 0 0 cf ea 00 0 1 00 00 0f ff c0 ff
4 0 0 0 1 0 4f 00 80 0 1 00 00 0f ff c0 ff
4 0 0 1 0 0 2a 50 00 0 1 00 00 0f ff c0 ff
4 0 1 0 0 0 03 00 00 1 1 f0 ff 10 ff c0 ff
4 0 0 0 1 0 08 00 25 0 1 00 00 10 ff c0 ff
4 0 0 0 1 0 11 00 63 0 1 00 00 10 ff c0 ff
4 0 1 0 0 0 0d 00 00 0 1 00 00 10 ff c1 ff
4 0 0 0 1 0 02 00 d2 0 1 00 00 10 ff c1 ff
4 0 0 1 0 0 04 48 00 1 1 00 00 10 ff c1 ff
4 0 1 0 0 0 05 00 00 0 1 00 00 10 ff c2 ff
4 0 1 0 0 0 05 00 00 0 1 00 00 10 ff c3 ff
4 0 1 0 0 0 c6 00 00 0 1 00 00 10 ff c4 ff
4 0 1 0 0 0 0c 00 00 0 1 00 00 10 ff c5 ff
4 0 0 0 0 0 06 00 00 0 1 00 00 10 ff c5 ff
4 0 0 0 1 0 06 00 3c 0 1 00 00 10 ff c5 ff
4 0 1 0 0 0 0e 00 00 0 1 00 00 10 ff c6 ff
4 0 0 0 1 0 d6 00 7f 0 1 00 00 10 ff c6 ff
4 0 0 0 1 0 e9 00 5f 0 1 00 00 10 ff c6 ff
4 0 1 0 0 0 aa 00 00 0 1 00 00 10 ff c7 ff
4 0 1 0 0 0 09 00 00 0 1 00 00 10 ff c8 ff
4 0 0 1 0 0 0e 3d 00 0 1 00 00 10 ff c8 ff
4 0 0 0 1 0 91 00 d6 0 1 00 00 10 ff c8 ff
4 0 1 0 0 0 b8 00 00 0 1 00 00 10 ff c9 ff
4 0 0 0 1 0 54 00 65 0 1 00 00 10 ff c9 ff
4 0 1 0 0 0 00 00 00 0 1 00 00 10 ff ca ff
4 0 1 0 0 0 0b 00 00 0 1 00 00 10 ff cb ff
4 0 0 0 1 0 07 00 7c 0 1 00 00 10 ff cb ff
4 0 0 0 1 0 96 00 e8 0 1 00 00 10 ff cb ff
4 0 0 1 0 0 02 8a 00 1 1 00 00 10 ff cb ff
4 0 1 0 0 0 07 00 00 1 1 7c ff 11 ff cb ff
4 0 0 0 1 0 32 00 b8 0 1 00 00 11 ff cb ff
4 0 1 0 0 0 11 00 00 0 1 00 00 11 ff cc ff
4 0 1 0 0 0 10 00 00 0 1 00 00 11 ff cd ff
4 0 0 0 1 0 0e 00 3d 0 1 00 00 11 ff cd ff
4 0 1 0 0 0 0f 00 00 0 1 00 00 11 ff ce ff
4 0 0 1 0 0 23 03 00 0 1 00 00 11 ff ce ff
4 0 1 0 0 0 71 00 00 0 1 00 00 11 ff cf ff
4 0 0 0 1 0 04 00 48 0 1 00 00 11 ff cf ff
4 0 1 0 0 0 a3 00 00 0 1 00 00 11 ff d0 ff
4 0 1 0 0 0 0a 00 00 0 1 00 00 11 ff d1 ff
4 0 0 1 0 0 06 1b 00 0 1 00 00 11 ff d1 ff
4 0 0 0 1 0 a4 00 dc 0 1 00 00 11 ff d1 ff
4 0 0 0 0 1 00 00 00 0 1 00 00 11 ff d1 ff
4 0 1 0 0 0 61 00 00 0 1 00 00 11 ff d2 ff
4 0 0 0 1 0 07 00 7c 0 1 00 00 11 ff d2 ff
4 0 1 0 0 0 01 00 00 0 1 00 00 11 ff d3 ff
4 0 1 0 0 0 fb 00 00 0 1 00 00 11 ff d4 ff
4 0 1 0 0 0 06 00 00 0 1 00 00 11 ff d5 ff
4 0 0 1 0 0 0f 89 00 0 1 00 00 11 ff d5 ff
4 0 1 0 0 0 05 00 00 0 1 00 00 11 ff d6 ff
4 0 1 0 0 0 6b 00 00 0 1 00 00 11 ff d7 ff
4 0 0 0 1 0 0e 00 3d 0 1 00 00 11 ff d7 ff
4 0 1 0 0 0 82 00 00 0 1 00 00 11 ff d8 ff
4 0 0 1 0 0 9c 54 00 0 1 00 00 11 ff d8 ff
4 0 0 1 0 0 a4 57 00 0 1 00 00 11 ff d8 ff
4 0 1 0 0 0 0e 00 00 1 1 3d ff 12 ff d8 ff
4 0 1 0 0 0 af 00 00 0 1 00 00 12 ff d9 ff
4 0 0 0 1 0 05 00 d9 0 1 00 00 12 ff d9 ff
4 0 1 0 0 0 ba 00 00 0 1 00 00 12 ff da ff
4 0 1 0 0 0 ea 00 00 0 1 00 00 12 ff db ff
4 0 0 0 1 0 0f 00 89 0 1 00 00 12 ff db ff
4 0 0 0 1 0 02 00 8a 0 1 00 00 12 ff db ff
4 0 1 0 0 0 d9 00 00 0 1 00 00 12 ff dc ff
4 0 0 0 0 1 00 00 00 0 1 00 00 12 ff dc ff
4 0 0 0 1 0 4d 00 f0 0 1 00 00 12 ff dc ff
4 0 1 0 0 0 0a 00 00 0 1 00 00 12 ff dd ff
4 0 1 0 0 0 63 00 00 0 1 00 00 12 ff de ff
4 0 1 0 0 0 0d 00 00 0 1 00 00 12 ff df ff
4 0 0 1 0 0 bc f6 00 0 1 00 00 12 ff df ff
4 0 1 0 0 0 4b 00 00 0 1 00 00 12 ff e0 ff
4 0 1 0 0 0 a8 00 00 0 1 00 00 12 ff e1 ff
4 0 0 0 1 0 fe 00 56 0 1 00 00 12 ff e1 ff
4 0 0 0 1 0 63 00 a8 0 1 00 00 12 ff e1 ff
4 0 0 0 0 0 09 00 00 0 1 00 00 12 ff e1 ff
4 0 1 0 0 0 06 00 00 0 1 00 00 12 ff e2 ff
4 0 1 0 0 0 0a 00 00 0 1 00 00 12 ff e3 ff
4 0 1 0 0 0 07 00 00 0 1 00 00 12 ff e4 ff
4 0 0 0 0 1 00 00 00 0 1 00 00 12 ff e4 ff
4 0 0 0 0 1 00 00 00 0 1 00 00 12 ff e4 ff
4 0 1 0 0 0 06 00 00 0 1 00 00 12 ff e5 ff
4 0 0 0 1 0 1a 00 93 0 1 00 00 12 ff e5 ff
4 0 1 0 0 0 08 00 00 0 1 00 00 12 ff e6 ff
4 0 1 0 0 0 0b 00 00 0 1 00 00 12 ff e7 ff
4 0 1 0 0 0 0f 00 00 0 1 00 00 12 ff e8 ff
4 0 0 1 0 0 a9 b0 00 0 1 00 00 12 ff e8 ff
4 0 0 0 1 0 03 00 f0 0 1 00 00 12 ff e8 ff
4 0 0 1 0 0 0d d9 00 0 1 00 00 12 ff e8 ff
4 0 0 0 0 0 27 00 00 0 1 00 00 12 ff e8 ff
4 0 1 0 0 0 08 00 00 0 1 00 00 12 ff e9 ff
4 0 0 1 0 0 30 8f 00 0 1 00 00 12 ff e9 ff
4 0 0 1 0 0 0e 2f 00 0 1 00 00 12 ff e9 ff
4 0 1 0 0 0 4b 00 00 0 1 00 00 12 ff ea ff
4 0 0 0 1 0 0d 00 d9 0 1 00 00 12 ff ea ff
4 0 1 0 0 0 06 00 00 0 1 00 00 12 ff eb ff
4 0 1 0 0 0 55 00 00 0 1 00 00 12 ff ec ff
4 0 1 0 0 0 af 00 00 0 1 00 00 12 ff ed ff
4 0 0 0 1 0 94 00 58 0 1 00 00 12 ff ed ff
4 0 0 1 0 0 e8 4a 00 0 1 00 00 12 ff ed ff
4 0 0 0 0 1 00 00 00 0 1 00 00 12 ff ed ff
4 0 1 0 0 0 0f 00 00 0 1 00 00 12 ff ee ff
4 0 0 0 1 0 05 00 d9 0 1 00 00 12 ff ee ff
4 0 0 1 0 0 0c 93 00 0 1 00 00 12 ff ee ff
4 0 1 0 0 0 05 00 00 1 1 d9 ff 13 ff ee ff
4 0 1 0 0 0 ea 00 00 0 1 00 00 13 ff ef ff
4 0 1 0 0 0 0d 00 00 0 1 00 00 13 ff f0 ff
4 0 1 0 0 0 f1 00 00 0 1 00 00 13 ff f1 ff
4 0 1 0 0 0 a5 00 00 0 1 00 00 13 ff f2 ff
4 0 1 0 0 0 08 00 00 0 1 00 00 13 ff f3 ff
4 0 0 0 1 0 04 00 48 0 1 00 00 13 ff f3 ff
4 0 0 1 0 0 05 35 00 1 1 00 00 13 ff f3 ff
4 0 1 0 0 0 0c 00 00 0 1 00 00 13 ff f4 ff
4 0 1 0 0 0 09 00 00 0 1 00 00 13 ff f5 ff
4 0 0 1 0 0 06 ad 00 0 1 00 00 13 ff f5 ff
4 0 0 1 0 0 02 1f 00 0 1 00 00 13 ff f5 ff
4 0 1 0 0 0 0e 00 00 0 1 00 00 13 ff f6 ff
4 0 0 1 0 0 08 cc 00 0 1 00 00 13 ff f6 ff
4 0 0 1 0 0 9c a7 00 0 1 00 00 13 ff f6 ff
4 0 1 0 0 0 0b 00 00 0 1 00 00 13 ff f7 ff
4 0 0 0 1 0 f3 00 93 0 1 00 00 13 ff f7 ff
4 0 1 0 0 0 02 00 00 0 1 00 00 13 ff f8 ff
4 0 0 0 1 0 b6 00 81 0 1 00 00 13 ff f8 ff
4 0 1 0 0 0 07 00 00 0 1 00 00 13 ff f9 ff
4 0 0 0 1 0 33 00 e4 0 1 00 00 13 ff f9 ff
4 0 0 0 1 0 0d 00 d9 0 1 00 00 13 ff f9 ff
4 0 0 1 0 0 0c ed 00 0 1 00 00 13 ff f9 ff
4 0 1 0 0 0 03 00 00 0 1 00 00 13 ff fa ff
4 0 0 0 1 0 a4 00 57 0 1 00 00 13 ff fa ff
4 0 0 0 1 0 0d 00 d9 0 1 00 00 13 ff fa ff
4 0 0 1 0 0 0b 47 00 0 1 00 00 13 ff fa ff
4 0 0 1 0 0 0e 3b 00 0 1 00 00 13 ff fa ff
4 0 0 0 1 0 0e 00 3b 0 1 00 00 13 ff fa ff
4 0 0 0 1 0 0b 00 47 0 1 00 00 13 ff fa ff
4 0 0 0 1 0 37 00 94 0 1 00 00 13 ff fa ff
4 0 0 0 0 0 0d 00 00 0 1 00 00 13 ff fa ff
4 0 0 0 1 0 0d 00 d9 0 1 00 00 13 ff fa ff
4 0 0 1 0 0 98 82 00 0 1 00 00 13 ff fa ff
4 0 0 0 1 0 00 00 00 0 1 00 00 13 ff fa ff
4 0 1 0 0 0 06 00 00 0 1 00 00 13 ff fb ff
4 0 1 0 0 0 00 00 00 1 1 00 ff 14 ff fb ff
4 0 0 1 0 0 09 4f 00 0 1 00 00 14 ff fb ff
4 0 0 0 1 0 f4 00 e5 0 1 00 00 14 ff fb ff
4 0 0 0 1 0 06 00 ad 0 1 00 00 14 ff fb ff
4 0 1 0 0 0 00 00 00 1 1 00 ff 15 ff fb ff
4 0 1 0 0 0 0a 00 00 0 1 00 00 15 ff fc ff
4 0 1 0 0 0 0c 00 00 0 1 00 00 15 ff fd ff
4 0 0 1 0 0 02 06 00 0 1 00 00 15 ff fd ff
4 0 0 0 1 0 0a 00 f3 0 1 00 00 15 ff fd ff
4 0 1 0 0 0 5c 00 00 0 1 00 00 15 ff fe ff
4 0 1 0 0 0 00 00 00 1 1 00 ff 16 ff fe ff
4 0 0 1 0 0 01 af 00 0 1 00 00 16 ff fe ff
4 0 0 0 1 0 03 00 f0 0 1 00 00 16 ff fe ff
4 0 1 0 0 0 07 00 00 0 1 00 00 16 ff ff ff
4 0 1 0 0 0 09 00 00 0 1 00 00 16 ff 00 ff
4 0 0 0 0 0 97 00 00 0 1 00 00 16 ff 00 ff
4 0 1 0 0 0 24 00 00 0 1 00 00 16 ff 01 ff
4 0 0 1 0 0 61 cf 00 0 1 00 00 16 ff 01 ff
4 0 0 1 0 0 0e 6e 00 0 1 00 00 16 ff 01 ff
4 0 1 0 0 0 05 00 00 0 1 00 00 16 ff 02 ff
4 0 0 1 0 0 0f 53 00 0 1 00 00 16 ff 02 ff
4 0 1 0 0 0 bc 00 00 0 1 00 00 16 ff 03 ff
4 0 0 0 1 0 03 00 f0 0 1 00 00 16 ff 03 ff
4 0 1 0 0 0 62 00 00 0 1 00 00 16 ff 04 ff
4 0 0 0 0 0 5e 00 00 0 1 00 00 16 ff 04 ff
4 0 1 0 0 0 fe 00 00 0 1 00 00 16 ff 05 ff
4 0 0 1 0 0 08 c7 00 0 1 00 00 16 ff 05 ff
4 0 1 0 0 0 6a 00 00 0 1 00 00 16 ff 06 ff
4 0 0 0 0 0 09 00 00 0 1 00 00 16 ff 06 ff
4 0 1 0 0 0 0b 00 00 0 1 00 00 16 ff 07 ff
4 0 1 0 0 0 04 00 00 0 1 00 00 16 ff 08 ff
4 0 0 0 1 0 09 00 4f 0 1 00 00 16 ff 08 ff
4 0 0 0 0 0 53 00 00 0 1 00 00 16 ff 08 ff
4 0 0 0 0 1 00 00 00 0 1 00 00 16 ff 08 ff
4 0 0 0 1 0 05 00 35 0 1 00 00 16 ff 08 ff
4 0 0 0 1 0 07 00 7c 0 1 00 00 16 ff 08 ff
4 0 0 0 1 0 01 00 af 0 1 00 00 16 ff 08 ff
4 0 0 1 0 0 2b 21 00 0 1 00 00 16 ff 08 ff
4 0 0 0 0 0 0e 00 00 0 1 00 00 16 ff 08 ff
4 0 1 0 0 0 02 00 00 0 1 00 00 16 ff 09 ff
4 0 1 0 0 0 09 00 00 0 1 00 00 16 ff 0a ff
4 0 0 0 1 0 0f 00 53 0 1 00 00 16 ff 0a ff
4 0 1 0 0 0 c3 00 00 0 1 00 00 16 ff 0b ff
4 0 0 0 1 0 59 00 2c 0 1 00 00 16 ff 0b ff
4 0 0 0 1 0 f1 00 0a 0 1 00 00 16 ff 0b ff
4 0 0 0 1 0 05 00 35 0 1 00 00 16 ff 0b ff
4 0 1 0 0 0 04 00 00 0 1 00 00 16 ff 0c ff
4 0 1 0 0 0 0b 00 00 0 1 00 00 16 ff 0d ff
4 0 0 0 1 0 24 00 f2 0 1 00 00 16 ff 0d ff
4 0 1 0 0 0 4a 00 00 0 1 00 00 16 ff 0e ff
4 0 1 0 0 0 b6 00 00 0 1 00 00 16 ff 0f ff
4 0 1 0 0 0 9c 00 00 0 1 00 00 16 ff 10 ff
4 0 0 0 1 0 1f 00 df 0 1 00 00 16 ff 10 ff
4 0 1 0 0 0 0c 00 00 0 1 00 00 16 ff 11 ff
4 0 1 0 0 0 60 00 00 0 1 00 00 16 ff 12 ff
4 0 1 0 0 0 bb 00 00 0 1 00 00 16 ff 13 ff
4 0 1 0 0 0 0f 00 00 0 1 00 00 16 ff 14 ff
4 0 0 1 0 0 0b d7 00 0 1 00 00 16 ff 14 ff
4 0 0 1 0 0 ae d0 00 0 1 00 00 16 ff 14 ff
4 0 0 0 1 0 01 00 af 0 1 00 00 16 ff 14 ff
4 0 0 0 1 0 0a 00 f3 0 1 00 00 16 ff 14 ff
4 0 1 0 0 0 00 00 00 0 1 00 00 16 ff 15 ff
4 0 0 1 0 0 05 ee 00 1 1 00 00 16 ff 15 ff
4 0 1 0 0 0 0e 00 00 0 1 00 00 16 ff 16 ff
4 0 1 0 0 0 0c 00 00 0 1 00 00 16 ff 17 ff
4 0 0 0 1 0 87 00 a8 0 1 00 00 16 ff 17 ff
4 0 1 0 0 0 08 00 00 0 1 00 00 16 ff 18 ff
4 0 0 0 1 0 08 00 c7 0 1 00 00 16 ff 18 ff
4 0 0 1 0 0 c8 d7 00 0 1 00 00 16 ff 18 ff
4 0 1 0 0 0 02 00 00 0 1 00 00 16 ff 19 ff
4 0 0 1 0 0 0c 03 00 0 1 00 00 16 ff 19 ff
4 0 1 0 0 0 f2 00 00 0 1 00 00 16 ff 1a ff
4 0 1 0 0 0 9c 00 00 0 1 00 00 16 ff 1b ff
4 0 1 0 0 0 76 00 00 0 1 00 00 16 ff 1c ff
4 0 0 0 1 0 03 00 f0 0 1 00 00 16 ff 1c ff
4 0 1 0 0 0 b0 00 00 0 1 00 00 16 ff 1d ff
4 0 0 0 1 0 69 00 b4 0 1 00 00 16 ff 1d ff
4 0 0 0 0 0 0f 00 00 0 1 00 00 16 ff 1d ff
4 0 1 0 0 0 01 00 00 0 1 00 00 16 ff 1e ff
4 0 0 1 0 0 02 f4 00 0 1 00 00 16 ff 1e ff
4 0 0 1 0 0 0c bc 00 0 1 00 00 16 ff 1e ff
4 0 0 0 1 0 09 00 4f 0 1 00 00 16 ff 1e ff
4 0 0 1 0 0 10 38 00 0 1 00 00 16 ff 1e ff
4 0 1 0 0 0 0f 00 00 0 1 00 00 16 ff 1f ff
4 0 1 0 0 0 d7 00 00 0 1 00 00 16 ff 20 ff
4 0 1 0 0 0 54 00 00 0 1 00 00 16 ff 21 ff
4 0 1 0 0 0 f0 00 00 0 1 00 00 16 ff 22 ff
4 0 0 0 1 0 ed 00 34 0 1 00 00 16 ff 22 ff
4 0 0 0 0 0 03 00 00 0 1 00 00 16 ff 22 ff
4 0 0 0 1 0 08 00 c7 0 1 00 00 16 ff 22 ff
4 0 0 0 1 0 0e 00 6e 0 1 00 00 16 ff 22 ff
4 0 0 1 0 0 07 fd 00 0 1 00 00 16 ff 22 ff
4 0 0 0 1 0 73 00 f2 0 1 00 00 16 ff 22 ff
4 0 1 0 0 0 6e 00 00 0 1 00 00 16 ff 23 ff
4 0 0 0 1 0 da 00 5e 0 1 00 00 16 ff 23 ff
4 0 0 1 0 0 7f 21 00 0 1 00 00 16 ff 23 ff
4 0 1 0 0 0 04 00 00 0 1 00 00 16 ff 24 ff
4 0 0 0 1 0 46 00 15 0 1 00 00 16 ff 24 ff
4 0 0 1 0 0 0b ab 00 0 1 00 00 16 ff 24 ff
4 0 1 0 0 0 01 00 00 0 1 00 00 16 ff 25 ff
4 0 1 0 0 0 e6 00 00 0 1 00 00 16 ff 26 ff
4 0 0 1 0 0 49 94 00 0 1 00 00 16 ff 26 ff
4 0 1 0 0 0 9a 00 00 0 1 00 00 16 ff 27 ff
4 0 1 0 0 0 40 00 00 0 1 00 00 16 ff 28 ff
4 0 0 0 1 0 72 00 f7 0 1 00 00 16 ff 28 ff
4 0 0 0 1 0 a4 00 57 0 1 00 00 16 ff 28 ff
4 0 1 0 0 0 78 00 00 0 1 00 00 16 ff 29 ff
4 0 1 0 0 0 ed 00 00 1 1 34 ff 17 ff 29 ff
4 0 1 0 0 0 0e 00 00 0 1 00 00 17 ff 2a ff
4 0 1 0 0 0 5d 00 00 0 1 00 00 17 ff 2b ff
4 0 1 0 0 0 04 00 00 0 1 00 00 17 ff 2c ff
4 0 1 0 0 0 84 00 00 0 1 00 00 17 ff 2d ff
4 0 0 1 0 0 20 fd 00 0 1 00 00 17 ff 2d ff
4 0 1 0 0 0 f7 00 00 0 1 00 00 17 ff 2e ff
4 0 1 0 0 0 9a 00 00 0 1 00 00 17 ff 2f ff
4 0 0 0 1 0 04 00 48 0 1 00 00 17 ff 2f ff
4 0 0 1 0 0 f9 c2 00 0 1 00 00 17 ff 2f ff
4 0 0 0 1 0 24 00 f2 0 1 00 00 17 ff 2f ff
4 0 0 0 0 1 00 00 00 0 1 00 00 17 ff 2f ff
4 0 0 0 0 1 00 00 00 0 1 00 00 17 ff 2f ff
4 0 1 0 0 0 1b 00 00 0 1 00 00 17 ff 30 ff
4 0 0 1 0 0 00 3a 00 0 1 00 00 17 ff 30 ff
4 0 0 0 0 0 41 00 00 0 1 00 00 17 ff 30 ff
4 0 0 0 0 0 00 00 00 0 1 00 00 17 ff 30 ff
4 0 0 0 1 0 0e 00 6e 0 1 00 00 17 ff 30 ff
4 0 0 0 1 0 05 00 ee 0 1 00 00 17 ff 30 ff
4 0 1 0 0 0 c5 00 00 0 1 00 00 17 ff 31 ff
4 0 0 0 1 0 04 00 48 0 1 00 00 17 ff 31 ff
4 0 1 0 0 0 0b 00 00 0 1 00 00 17 ff 32 ff
4 0 0 0 1 0 06 00 ad 0 1 00 00 17 ff 32 ff
4 0 0 0 1 0 0b 00 ab 0 1 00 00 17 ff 32 ff
4 0 1 0 0 0 03 00 00 0 1 00 00 17 ff 33 ff
4 0 1 0 0 0 51 00 00 0 1 00 00 17 ff 34 ff
4 0 1 0 0 0 0a 00 00 0 1 00 00 17 ff 35 ff
4 0 1 0 0 0 6f 00 00 0 1 00 00 17 ff 36 ff
4 0 0 1 0 0 0a 21 00 0 1 00 00 17 ff 36 ff
4 0 0 1 0 0 88 9f 00 0 1 00 00 17 ff 36 ff
4 0 1 0 0 0 0b 00 00 1 1 ab ff 18 ff 36 ff
4 0 0 1 0 0 ad 3e 00 0 1 00 00 18 ff 36 ff
4 0 1 0 0 0 e9 00 00 0 1 00 00 18 ff 37 ff
4 0 1 0 0 0 f5 00 00 0 1 00 00 18 ff 38 ff
4 0 1 0 0 0 00 00 00 0 1 00 00 18 ff 39 ff
4 0 0 0 1 0 4d 00 f0 0 1 00 00 18 ff 39 ff
4 0 1 0 0 0 08 00 00 0 1 00 00 18 ff 3a ff
4 0 1 0 0 0 45 00 00 0 1 00 00 18 ff 3b ff
4 0 1 0 0 0 79 00 00 0 1 00 00 18 ff 3c ff
4 0 0 1 0 0 05 3f 00 0 1 00 00 18 ff 3c ff
4 0 1 0 0 0 0e 00 00 0 1 00 00 18 ff 3d ff
4 0 0 0 0 0 09 00 00 0 1 00 00 18 ff 3d ff
4 0 0 1 0 0 1d 8f 00 0 1 00 00 18 ff 3d ff
4 0 1 0 0 0 09 00 00 0 1 00 00 18 ff 3e ff
4 0 0 1 0 0 0a e5 00 0 1 00 00 18 ff 3e ff
4 0 0 1 0 0 0e 93 00 0 1 00 00 18 ff 3e ff
4 0 1 0 0 0 0c 00 00 0 1 00 00 18 ff 3f ff
4 0 1 0 0 0 6f 00 00 0 1 00 00 18 ff 40 ff
4 0 1 0 0 0 26 00 00 0 1 00 00 18 ff 41 ff
4 0 1 0 0 0 0c 00 00 0 1 00 00 18 ff 42 ff
4 0 0 1 0 0 06 b5 00 1 1 00 00 18 ff 42 ff
4 0 0 0 1 0 02 00 f4 0 1 00 00 18 ff 42 ff
4 0 0 1 0 0 1d 28 00 0 1 00 00 18 ff 42 ff
4 0 1 0 0 0 05 00 00 0 1 00 00 18 ff 43 ff
4 0 0 0 1 0 06 00 b5 0 1 00 00 18 ff 43 ff
4 0 0 1 0 0 0b 64 00 1 1 00 00 18 ff 43 ff
4 0 1 0 0 0 00 00 00 0 1 00 00 18 ff 44 ff
4 0 1 0 0 0 0f 00 00 0 1 00 00 18 ff 45 ff
4 0 0 0 1 0 5a 00 4a 0 1 00 00 18 ff 45 ff
4 0 1 0 0 0 07 00 00 0 1 00 00 18 ff 46 ff
4 0 1 0 0 0 09 00 00 0 1 00 00 18 ff 47 ff
4 0 0 1 0 0 01 cf 00 0 1 00 00 18 ff 47 ff
4 0 0 0 1 0 07 00 fd 0 1 00 00 18 ff 47 ff
4 0 0 0 0 0 7e 00 00 0 1 00 00 18 ff 47 ff
4 0 1 0 0 0 4b 00 00 0 1 00 00 18 ff 48 ff
4 0 1 0 0 0 ed 00 00 0 1 00 00 18 ff 49 ff
4 0 1 0 0 0 07 00 00 1 1 fd ff 19 ff 49 ff
4 0 1 0 0 0 17 00 00 0 1 00 00 19 ff 4a ff
4 0 1 0 0 0 e4 00 00 0 1 00 00 19 ff 4b ff
4 0 1 0 0 0 8a 00 00 0 1 00 00 19 ff 4c ff
4 0 1 0 0 0 0f 00 00 0 1 00 00 19 ff 4d ff
4 0 1 0 0 0 1c 00 00 0 1 00 00 19 ff 4e ff
4 0 0 1 0 0 67 6d 00 0 1 00 00 19 ff 4e ff
4 0 1 0 0 0 81 00 00 0 1 00 00 19 ff 4f ff
4 0 0 1 0 0 4b 00 00 0 1 00 00 19 ff 4f ff
4 0 1 0 0 0 08 00 00 0 1 00 00 19 ff 50 ff
4 0 1 0 0 0 0c 00 00 0 1 00 00 19 ff 51 ff
4 0 1 0 0 0 cf 00 00 0 1 00 00 19 ff 52 ff
4 0 0 0 1 0 04 00 48 0 1 00 00 19 ff 52 ff
4 0 0 0 1 0 0f 00 53 0 1 00 00 19 ff 52 ff
4 0 0 0 0 1 00 00 00 0 1 00 00 19 ff 52 ff
4 0 0 1 0 0 0a bc 00 0 1 00 00 19 ff 52 ff
4 0 1 0 0 0 09 00 00 0 1 00 00 19 ff 53 ff
4 0 0 1 0 0 00 3d 00 0 1 00 00 19 ff 53 ff
4 0 0 0 1 0 d4 00 35 0 1 00 00 19 ff 53 ff
4 0 1 0 0 0 46 00 00 0 1 00 00 19 ff 54 ff
4 0 0 1 0 0 07 fd 00 0 1 00 00 19 ff 54 ff
4 0 1 0 0 0 c9 00 00 0 1 00 00 19 ff 55 ff
4 0 1 0 0 0 e3 00 00 0 1 00 00 19 ff 56 ff
4 0 1 0 0 0 07 00 00 0 1 00 00 19 ff 57 ff
4 0 0 0 1 0 03 00 f0 0 1 00 00 19 ff 57 ff
4 0 1 0 0 0 af 00 00 0 1 00 00 19 ff 58 ff
4 0 1 0 0 0 01 00 00 0 1 00 00 19 ff 59 ff
4 0 0 0 1 0 0f 00 53 0 1 00 00 19 ff 59 ff
4 0 1 0 0 0 0c 00 00 0 1 00 00 19 ff 5a ff
4 0 1 0 0 0 04 00 00 0 1 00 00 19 ff 5b ff
4 0 0 0 0 0 02 00 00 0 1 00 00 19 ff 5b ff
4 0 0 1 0 0 3a 37 00 0 1 00 00 19 ff 5b ff
4 0 0 1 0 0 80 c3 00 0 1 00 00 19 ff 5b ff
4 0 0 0 1 0 0f 00 53 0 1 00 00 19 ff 5b ff
4 0 1 0 0 0 0d 00 00 0 1 00 00 19 ff 5c ff
4 0 1 0 0 0 25 00 00 0 1 00 00 19 ff 5d ff
4 0 0 1 0 0 01 a8 00 0 1 00 00 19 ff 5d ff
4 0 0 0 1 0 c0 00 89 0 1 00 00 19 ff 5d ff
4 0 1 0 0 0 0c 00 00 0 1 00 00 19 ff 5e ff
4 0 0 0 1 0 03 00 f0 0 1 00 00 19 ff 5e ff
4 0 1 0 0 0 94 00 00 0 1 00 00 19 ff 5f ff
4 0 0 0 1 0 0a 00 bc 0 1 00 00 19 ff 5f ff
4 0 1 0 0 0 e6 00 00 0 1 00 00 19 ff 60 ff
4 0 0 0 1 0 62 00 d6 0 1 00 00 19 ff 60 ff
4 0 1 0 0 0 00 00 00 0 1 00 00 19 ff 61 ff
4 0 0 0 1 0 0b 00 64 0 1 00 00 19 ff 61 ff
4 0 1 0 0 0 0c 00 00 0 1 00 00 19 ff 62 ff
4 0 1 0 0 0 03 00 00 0 1 00 00 19 ff 63 ff
4 0 1 0 0 0 03 00 00 0 1 00 00 19 ff 64 ff
4 0 0 1 0 0 db fe 00 0 1 00 00 19 ff 64 ff
4 0 0 1 0 0 d8 7a 00 0 1 00 00 19 ff 64 ff
4 0 0 1 0 0 42 5c 00 0 1 00 00 19 ff 64 ff
4 0 0 0 1 0 09 00 4f 0 1 00 00 19 ff 64 ff
4 0 0 0 1 0 09 00 4f 0 1 00 00 19 ff 64 ff
4 0 1 0 0 0 66 00 00 0 1 00 00 19 ff 65 ff
4 0 0 0 1 0 76 00 d0 0 1 00 00 19 ff 65 ff
4 0 1 0 0 0 0a 00 00 0 1 00 00 19 ff 66 ff
4 0 1 0 0 0 35 00 00 0 1 00 00 19 ff 67 ff
4 0 0 0 1 0 38 00 09 0 1 00 00 19 ff 67 ff
4 0 1 0 0 0 04 00 00 0 1 00 00 19 ff 68 ff
4 0 1 0 0 0 0d 00 00 0 1 00 00 19 ff 69 ff
4 0 1 0 0 0 5e 00 00 0 1 00 00 19 ff 6a ff
4 0 1 0 0 0 0f 00 00 1 1 53 ff 1a ff 6a ff
4 0 1 0 0 0 40 00 00 0 1 00 00 1a ff 6b ff
4 0 0 1 0 0 11 f4 00 0 1 00 00 1a ff 6b ff
4 0 0 0 1 0 08 00 c7 0 1 00 00 1a ff 6b ff
4 0 0 0 1 0 18 00 84 0 1 00 00 1a ff 6b ff
4 0 0 0 1 0 01 00 a8 0 1 00 00 1a ff 6b ff
4 0 1 0 0 0 02 00 00 0 1 00 00 1a ff 6c ff
4 0 0 0 0 1 00 00 00 0 1 00 00 1a ff 6c ff
4 0 0 0 1 0 25 00 a6 0 1 00 00 1a ff 6c ff
4 0 0 0 1 0 00 00 3d 0 1 00 00 1a ff 6c ff
4 0 0 0 1 0 0f 00 53 0 1 00 00 1a ff 6c ff
4 0 1 0 0 0 0d 00 00 0 1 00 00 1a ff 6d ff
4 0 0 0 0 0 05 00 00 0 1 00 00 1a ff 6d ff
4 0 0 1 0 0 77 1e 00 0 1 00 00 1a ff 6d ff
4 0 1 0 0 0 0d 00 00 0 1 00 00 1a ff 6e ff
4 0 0 0 1 0 e9 00 5f 0 1 00 00 1a ff 6e ff
4 0 0 0 0 0 0c 00 00 0 1 00 00 1a ff 6e ff
4 0 1 0 0 0 c0 00 00 0 1 00 00 1a ff 6f ff
4 0 0 0 1 0 ca 00 39 0 1 00 00 1a ff 6f ff
4 0 1 0 0 0 05 00 00 0 1 00 00 1a ff 70 ff
4 0 1 0 0 0 f3 00 00 0 1 00 00 1a ff 71 ff
4 0 0 0 1 0 07 00 fd 0 1 00 00 1a ff 71 ff
4 0 1 0 0 0 16 00 00 0 1 00 00 1a ff 72 ff
4 0 0 0 1 0 04 00 48 0 1 00 00 1a ff 72 ff
4 0 0 1 0 0 0e e7 00 0 1 00 00 1a ff 72 ff
4 0 0 0 0 0 05 00 00 0 1 00 00 1a ff 72 ff
4 0 1 0 0 0 60 00 00 0 1 00 00 1a ff 73 ff
4 0 0 0 1 0 b3 00 32 0 1 00 00 1a ff 73 ff
4 0 1 0 0 0 00 00 00 1 1 3d ff 1b ff 73 ff
4 0 1 0 0 0 01 00 00 0 1 00 00 1b ff 74 ff
4 0 1 0 0 0 07 00 00 1 1 fd ff 1c ff 74 ff
4 0 0 1 0 0 00 7d 00 1 1 00 00 1c ff 74 ff
4 0 0 0 1 0 08 00 c7 0 1 00 00 1c ff 74 ff
4 0 0 0 0 1 00 00 00 0 1 00 00 1c ff 74 ff
4 0 1 0 0 0 05 00 00 0 1 00 00 1c ff 75 ff
4 0 1 0 0 0 0c 00 00 0 1 00 00 1c ff 76 ff
4 0 1 0 0 0 03 00 00 0 1 00 00 1c ff 77 ff
4 0 1 0 0 0 bf 00 00 0 1 00 00 1c ff 78 ff
4 0 1 0 0 0 0d 00 00 0 1 00 00 1c ff 79 ff
4 0 0 0 1 0 0f 00 53 0 1 00 00 1c ff 79 ff
4 0 0 0 1 0 07 00 fd 0 1 00 00 1c ff 79 ff
4 0 1 0 0 0 5b 00 00 0 1 00 00 1c ff 7a ff
4 0 1 0 0 0 08 00 00 0 1 00 00 1c ff 7b ff
4 0 1 0 0 0 03 00 00 0 1 00 00 1c ff 7c ff
4 0 0 0 1 0 0f 00 53 0 1 00 00 1c ff 7c ff
4 0 1 0 0 0 0a 00 00 0 1 00 00 1c ff 7d ff
4 0 1 0 0 0 f9 00 00 0 1 00 00 1c ff 7e ff
4 0 0 0 1 0 06 00 b5 0 1 00 00 1c ff 7e ff
4 0 0 1 0 0 49 7c 00 0 1 00 00 1c ff 7e ff
4 0 0 0 0 0 02 00 00 0 1 00 00 1c ff 7e ff
4 0 0 0 0 0 34 00 00 0 1 00 00 1c ff 7e ff
4 0 0 1 0 0 08 ef 00 0 1 00 00 1c ff 7e ff
4 0 1 0 0 0 1e 00 00 0 1 00 00 1c ff 7f ff
4 0 0 0 1 0 c5 00 3a 0 1 00 00 1c ff 7f ff
4 0 0 0 1 0 e2 00 97 0 1 00 00 1c ff 7f ff
4 0 1 0 0 0 09 00 00 0 1 00 00 1c ff 80 ff
4 0 1 0 0 0 0f 00 00 1 1 53 ff 1d ff 80 ff
4 0 1 0 0 0 3b 00 00 0 1 00 00 1d ff 81 ff
4 0 0 0 1 0 41 00 bb 0 1 00 00 1d ff 81 ff
4 0 0 1 0 0 eb 57 00 0 1 00 00 1d ff 81 ff
4 0 0 0 1 0 59 00 2c 0 1 00 00 1d ff 81 ff
4 0 1 0 0 0 0f 00 00 1 1 53 ff 1e ff 81 ff
4 0 1 0 0 0 ac 00 00 0 1 00 00 1e ff 82 ff
4 0 0 1 0 0 04 45 00 0 1 00 00 1e ff 82 ff
4 0 1 0 0 0 07 00 00 0 1 00 00 1e ff 83 ff
4 0 0 0 1 0 0e 00 e7 0 1 00 00 1e ff 83 ff
4 0 0 0 0 1 00 00 00 0 1 00 00 1e ff 83 ff
4 0 0 0 1 0 3f 00 5f 0 1 00 00 1e ff 83 ff
4 0 0 0 0 0 03 00 00 0 1 00 00 1e ff 83 ff
4 0 1 0 0 0 07 00 00 0 1 00 00 1e ff 84 ff
4 0 0 0 1 0 0c 00 bc 0 1 00 00 1e ff 84 ff
4 0 1 0 0 0 60 00 00 0 1 00 00 1e ff 85 ff
4 0 1 0 0 0 02 00 00 0 1 00 00 1e ff 86 ff
4 0 0 1 0 0 0b 88 00 0 1 00 00 1e ff 86 ff
4 0 0 0 1 0 69 00 b4 0 1 00 00 1e ff 86 ff
4 0 0 0 1 0 07 00 fd 0 1 00 00 1e ff 86 ff
4 0 0 1 0 0 0f f1 00 0 1 00 00 1e ff 86 ff
4 0 0 1 0 0 dd ca 00 0 1 00 00 1e ff 86 ff
4 0 0 0 1 0 04 00 45 0 1 00 00 1e ff 86 ff
4 0 1 0 0 0 05 00 00 0 1 00 00 1e ff 87 ff
4 0 0 1 0 0 0d 85 00 0 1 00 00 1e ff 87 ff
4 0 1 0 0 0 26 00 00 0 1 00 00 1e ff 88 ff
4 0 1 0 0 0 0f 00 00 0 1 00 00 1e ff 89 ff
4 0 0 0 0 0 03 00 00 0 1 00 00 1e ff 89 ff
4 0 1 0 0 0 15 00 00 0 1 00 00 1e ff 8a ff
4 0 1 0 0 0 34 00 00 0 1 00 00 1e ff 8b ff
4 0 0 0 1 0 b4 00 00 0 1 00 00 1e ff 8b ff
4 0 1 0 0 0 cc 00 00 0 1 00 00 1e ff 8c ff
4 0 0 1 0 0 8b e0 00 0 1 00 00 1e ff 8c ff
4 1 0 0 0 0 8c 00 00 0 1 00 00 00 ff 00 ff
4 0 1 0 0 0 18 00 00 0 1 00 00 00 ff 01 ff
4 0 1 0 0 0 6d 00 00 0 1 00 00 00 ff 02 ff
4 0 0 1 0 0 8b 16 00 0 1 00 00 00 ff 02 ff
4 0 1 0 0 0 05 00 00 0 1 00 00 00 ff 03 ff
4 0 1 0 0 0 db 00 00 0 1 00 00 00 ff 04 ff
4 0 0 1 0 0 08 44 00 0 1 00 00 00 ff 04 ff
4 0 0 0 1 0 95 00 e8 0 1 00 00 00 ff 04 ff
4 0 0 1 0 0 04 d8 00 0 1 00 00 00 ff 04 ff
4 0 0 0 1 0 01 00 a8 0 1 00 00 00 ff 04 ff
4 0 1 0 0 0 05 00 00 0 1 00 00 00 ff 05 ff
4 0 1 0 0 0 07 00 00 0 1 00 00 00 ff 06 ff
4 0 0 0 1 0 03 00 f0 0 1 00 00 00 ff 06 ff
4 0 0 0 1 0 5b 00 69 0 1 00 00 00 ff 06 ff
4 0 0 0 1 0 0f 00 f1 0 1 00 00 00 ff 06 ff
4 0 0 0 1 0 6d 00 e1 0 1 00 00 00 ff 06 ff
4 0 1 0 0 0 07 00 00 0 1 00 00 00 ff 07 ff
4 0 0 0 1 0 08 00 44 0 1 00 00 00 ff 07 ff
4 0 0 0 1 0 07 00 fd 0 1 00 00 00 ff 07 ff
4 0 0 0 1 0 55 00 40 0 1 00 00 00 ff 07 ff
4 0 0 1 0 0 0e f1 00 0 1 00 00 00 ff 07 ff
4 0 0 0 1 0 06 00 b5 0 1 00 00 00 ff 07 ff
4 0 1 0 0 0 f3 00 00 0 1 00 00 00 ff 08 ff
4 0 0 0 1 0 32 00 b8 0 1 00 00 00 ff 08 ff
4 0 1 0 0 0 09 00 00 0 1 00 00 00 ff 09 ff
4 0 1 0 0 0 b3 00 00 0 1 00 00 00 ff 0a ff
4 0 0 0 1 0 00 00 7d 0 1 00 00 00 ff 0a ff
4 0 0 0 0 1 00 00 00 0 1 00 00 00 ff 0a ff
4 0 0 0 1 0 7b 00 4c 0 1 00 00 00 ff 0a ff
4 0 1 0 0 0 0c 00 00 0 1 00 00 00 ff 0b ff
4 0 1 0 0 0 7a 00 00 0 1 00 00 00 ff 0c ff
4 0 0 0 1 0 09 00 4f 0 1 00 00 00 ff 0c ff
4 0 1 0 0 0 bd 00 00 0 1 00 00 00 ff 0d ff
4 0 0 0 0 0 02 00 00 0 1 00 00 00 ff 0d ff
4 0 0 0 1 0 2b 00 21 0 1 00 00 00 ff 0d ff
4 0 0 1 0 0 0e b9 00 0 1 00 00 00 ff 0d ff
4 0 1 0 0 0 bc 00 00 0 1 00 00 00 ff 0e ff
4 0 1 0 0 0 57 00 00 0 1 00 00 00 ff 0f ff
4 0 0 0 1 0 08 00 44 0 1 00 00 00 ff 0f ff
4 0 0 0 1 0 11 00 f4 0 1 00 00 00 ff 0f ff
4 0 0 0 1 0 04 00 d8 0 1 00 00 00 ff 0f ff
4 0 0 1 0 0 7f f7 00 0 1 00 00 00 ff 0f ff
4 0 0 1 0 0 af 88 00 0 1 00 00 00 ff 0f ff
4 0 1 0 0 0 99 00 00 0 1 00 00 00 ff 10 ff
4 0 1 0 0 0 06 00 00 0 1 00 00 00 ff 11 ff
4 0 0 0 1 0 68 00 e6 0 1 00 00 00 ff 11 ff
4 0 0 0 1 0 5e 00 95 0 1 00 00 00 ff 11 ff
4 0 0 1 0 0 05 da 00 0 1 00 00 00 ff 11 ff
4 0 0 0 1 0 3d 00 54 0 1 00 00 00 ff 11 ff
4 0 1 0 0 0 03 00 00 0 1 00 00 00 ff 12 ff
4 0 0 0 1 0 67 00 6d 0 1 00 00 00 ff 12 ff
4 0 1 0 0 0 0f 00 00 0 1 00 00 00 ff 13 ff
4 0 1 0 0 0 8b 00 00 0 1 00 00 00 ff 14 ff
4 0 1 0 0 0 36 00 00 0 1 00 00 00 ff 15 ff
4 0 0 0 0 0 f9 00 00 0 1 00 00 00 ff 15 ff
4 0 0 1 0 0 0e 12 00 0 1 00 00 00 ff 15 ff
4 0 0 1 0 0 0f c2 00 0 1 00 00 00 ff 15 ff
4 0 0 0 0 0 02 00 00 0 1 00 00 00 ff 15 ff
4 0 0 1 0 0 07 a6 00 0 1 00 00 00 ff 15 ff
4 0 0 1 0 0 0f dd 00 0 1 00 00 00 ff 15 ff
4 0 1 0 0 0 04 00 00 1 1 d8 ff 01 ff 15 ff
4 0 0 0 1 0 52 00 92 0 1 00 00 01 ff 15 ff
4 0 1 0 0 0 0e 00 00 0 1 00 00 01 ff 16 ff
4 0 0 0 1 0 b8 00 e6 0 1 00 00 01 ff 16 ff
4 0 1 0 0 0 0b 00 00 0 1 00 00 01 ff 17 ff
4 0 0 0 0 0 0a 00 00 0 1 00 00 01 ff 17 ff
4 0 1 0 0 0 0a 00 00 0 1 00 00 01 ff 18 ff
4 0 0 0 1 0 0e 00 12 0 1 00 00 01 ff 18 ff
4 0 0 0 1 0 63 00 a8 0 1 00 00 01 ff 18 ff
4 0 1 0 0 0 db 00 00 0 1 00 00 01 ff 19 ff
4 0 0 0 0 1 00 00 00 0 1 00 00 01 ff 19 ff
4 0 1 0 0 0 06 00 00 0 1 00 00 01 ff 1a ff
4 0 0 1 0 0 7e 94 00 0 1 00 00 01 ff 1a ff
4 0 0 0 0 0 06 00 00 0 1 00 00 01 ff 1a ff
4 0 1 0 0 0 0b 00 00 0 1 00 00 01 ff 1b ff
4 0 0 0 1 0 4a 00 ca 0 1 00 00 01 ff 1b ff
4 0 0 0 1 0 b2 00 af 0 1 00 00 01 ff 1b ff
4 0 1 0 0 0 0a 00 00 0 1 00 00 01 ff 1c ff
4 0 0 0 1 0 0b 00 88 0 1 00 00 01 ff 1c ff
4 0 0 0 1 0 00 00 7d 0 1 00 00 01 ff 1c ff
4 0 1 0 0 0 0e 00 00 0 1 00 00 01 ff 1d ff
4 0 0 0 1 0 09 00 4f 0 1 00 00 01 ff 1d ff
4 0 0 0 0 0 09 00 00 0 1 00 00 01 ff 1d ff
4 0 1 0 0 0 9a 00 00 0 1 00 00 01 ff 1e ff
4 0 1 0 0 0 e5 00 00 0 1 00 00 01 ff 1f ff
4 0 1 0 0 0 92 00 00 0 1 00 00 01 ff 20 ff
4 0 0 1 0 0 2b b6 00 0 1 00 00 01 ff 20 ff
4 0 0 1 0 0 03 72 00 0 1 00 00 01 ff 20 ff
4 0 1 0 0 0 0f 00 00 0 1 00 00 01 ff 21 ff
4 1 0 0 0 0 05 00 00 0 1 00 00 00 ff 00 ff
4 0 0 0 0 0 08 00 00 0 1 00 00 00 ff 00 ff
4 0 1 0 0 0 43 00 00 0 1 00 00 00 ff 01 ff
4 0 1 0 0 0 05 00 00 0 1 00 00 00 ff 02 ff
4 0 0 0 1 0 cf 00 ea 0 1 00 00 00 ff 02 ff
4 0 0 0 0 0 93 00 00 0 1 00 00 00 ff 02 ff
4 0 1 0 0 0 02 00 00 0 1 00 00 00 ff 03 ff
4 0 1 0 0 0 3a 00 00 0 1 00 00 00 ff 04 ff
4 0 0 0 1 0 04 00 d8 0 1 00 00 00 ff 04 ff
4 0 0 1 0 0 8a fc 00 0 1 00 00 00 ff 04 ff
4 0 1 0 0 0 01 00 00 0 1 00 00 00 ff 05 ff
4 0 0 1 0 0 08 5a 00 0 1 00 00 00 ff 05 ff
4 0 1 0 0 0 00 00 00 0 1 00 00 00 ff 06 ff
4 0 0 0 1 0 0a 00 bc 0 1 00 00 00 ff 06 ff
4 0 0 0 1 0 01 00 a8 0 1 00 00 00 ff 06 ff
4 0 1 0 0 0 0d 00 00 0 1 00 00 00 ff 07 ff
4 0 0 1 0 0 12 1e 00 0 1 00 00 00 ff 07 ff
4 0 0 0 1 0 0d 00 85 0 1 00 00 00 ff 07 ff
4 0 0 0 1 0 0e 00 12 0 1 00 00 00 ff 07 ff
4 0 1 0 0 0 4a 00 00 0 1 00 00 00 ff 08 ff
4 0 0 1 0 0 98 e2 00 0 1 00 00 00 ff 08 ff
4 0 0 0 1 0 05 00 da 0 1 00 00 00 ff 08 ff
4 0 1 0 0 0 90 00 00 0 1 00 00 00 ff 09 ff
4 0 1 0 0 0 23 00 00 0 1 00 00 00 ff 0a ff
4 0 1 0 0 0 75 00 00 0 1 00 00 00 ff 0b ff
4 0 0 0 1 0 e4 00 12 0 1 00 00 00 ff 0b ff
4 0 0 1 0 0 08 43 00 0 1 00 00 00 ff 0b ff
4 0 0 1 0 0 0f f1 00 0 1 00 00 00 ff 0b ff
4 0 1 0 0 0 0b 00 00 0 1 00 00 00 ff 0c ff
4 0 1 0 0 0 28 00 00 0 1 00 00 00 ff 0d ff
4 0 0 0 1 0 02 00 f4 0 1 00 00 00 ff 0d ff
4 0 0 0 0 0 97 00 00 0 1 00 00 00 ff 0d ff
4 0 1 0 0 0 9b 00 00 0 1 00 00 00 ff 0e ff
4 0 1 0 0 0 86 00 00 0 1 00 00 00 ff 0f ff
4 0 0 0 1 0 23 00 03 0 1 00 00 00 ff 0f ff
4 0 1 0 0 0 0c 00 00 0 1 00 00 00 ff 10 ff
4 0 1 0 0 0 0c 00 00 0 1 00 00 00 ff 11 ff
4 0 0 1 0 0 08 97 00 0 1 00 00 00 ff 11 ff
4 0 1 0 0 0 da 00 00 0 1 00 00 00 ff 12 ff
4 0 1 0 0 0 0f 00 00 0 1 00 00 00 ff 13 ff
4 0 1 0 0 0 4f 00 00 0 1 00 00 00 ff 14 ff
4 0 1 0 0 0 ae 00 00 0 1 00 00 00 ff 15 ff
4 0 0 0 1 0 48 00 b3 0 1 00 00 00 ff 15 ff
4 0 1 0 0 0 0b 00 00 0 1 00 00 00 ff 16 ff
4 0 1 0 0 0 0c 00 00 0 1 00 00 00 ff 17 ff
4 0 1 0 0 0 85 00 00 0 1 00 00 00 ff 18 ff
4 0 0 0 1 0 14 00 4d 0 1 00 00 00 ff 18 ff
4 0 1 0 0 0 07 00 00 0 1 00 00 00 ff 19 ff
4 0 1 0 0 0 25 00 00 0 1 00 00 00 ff 1a ff
4 0 1 0 0 0 05 00 00 1 1 da ff 01 ff 1a ff
4 0 0 1 0 0 00 4b 00 0 1 00 00 01 ff 1a ff
4 0 0 0 0 0 66 00 00 0 1 00 00 01 ff 1a ff
4 0 1 0 0 0 01 00 00 1 1 a8 ff 02 ff 1a ff
4 0 0 0 0 0 09 00 00 0 1 00 00 02 ff 1a ff
4 0 0 0 1 0 4c 00 50 0 1 00 00 02 ff 1a ff
4 0 1 0 0 0 57 00 00 0 1 00 00 02 ff 1b ff
4 0 0 0 1 0 0c 00 bc 0 1 00 00 02 ff 1b ff
4 0 0 1 0 0 64 77 00 0 1 00 00 02 ff 1b ff
4 0 0 0 1 0 0d 00 85 0 1 00 00 02 ff 1b ff
4 0 1 0 0 0 d6 00 00 0 1 00 00 02 ff 1c ff
4 0 1 0 0 0 08 00 00 0 1 00 00 02 ff 1d ff
4 0 0 0 1 0 f5 00 ee 0 1 00 00 02 ff 1d ff
4 0 1 0 0 0 06 00 00 0 1 00 00 02 ff 1e ff
4 0 1 0 0 0 03 00 00 0 1 00 00 02 ff 1f ff
4 0 1 0 0 0 04 00 00 0 1 00 00 02 ff 20 ff
4 0 0 0 1 0 fd 00 d7 0 1 00 00 02 ff 20 ff
4 0 1 0 0 0 01 00 00 1 1 a8 ff 03 ff 20 ff
4 0 1 0 0 0 70 00 00 0 1 00 00 03 ff 21 ff
4 0 1 0 0 0 20 00 00 0 1 00 00 03 ff 22 ff
4 0 1 0 0 0 0d 00 00 0 1 00 00 03 ff 23 ff
4 0 0 1 0 0 04 42 00 0 1 00 00 03 ff 23 ff
4 0 0 0 1 0 06 00 b5 0 1 00 00 03 ff 23 ff
4 0 0 1 0 0 03 a3 00 0 1 00 00 03 ff 23 ff
4 0 0 1 0 0 0c 17 00 1 1 00 00 03 ff 23 ff
4 0 1 0 0 0 08 00 00 0 1 00 00 03 ff 24 ff
4 0 0 0 1 0 b4 00 00 0 1 00 00 03 ff 24 ff
4 0 1 0 0 0 01 00 00 1 1 a8 ff 04 ff 24 ff
4 0 0 0 1 0 0b 00 88 0 1 00 00 04 ff 24 ff
4 0 0 1 0 0 06 c8 00 1 1 00 00 04 ff 24 ff
4 0 1 0 0 0 37 00 00 0 1 00 00 04 ff 25 ff
4 0 1 0 0 0 0d 00 00 0 1 00 00 04 ff 26 ff
4 0 1 0 0 0 0a 00 00 0 1 00 00 04 ff 27 ff
4 0 1 0 0 0 06 00 00 1 1 c8 ff 05 ff 27 ff
4 0 1 0 0 0 06 00 00 1 1 c8 ff 06 ff 27 ff
4 0 1 0 0 0 09 00 00 0 1 00 00 06 ff 28 ff
4 0 1 0 0 0 f8 00 00 0 1 00 00 06 ff 29 ff
4 0 0 0 1 0 02 00 f4 0 1 00 00 06 ff 29 ff
4 0 0 0 0 1 00 00 00 0 1 00 00 06 ff 29 ff
4 0 0 0 0 0 01 00 00 0 1 00 00 06 ff 29 ff
4 0 0 0 1 0 03 00 a3 0 1 00 00 06 ff 29 ff
4 0 0 0 0 0 08 00 00 0 1 00 00 06 ff 29 ff
4 0 1 0 0 0 06 00 00 0 1 00 00 06 ff 2a ff
4 0 1 0 0 0 01 00 00 0 1 00 00 06 ff 2b ff
4 0 0 1 0 0 01 b0 00 0 1 00 00 06 ff 2b ff
4 0 1 0 0 0 04 00 00 0 1 00 00 06 ff 2c ff
4 0 1 0 0 0 1d 00 00 0 1 00 00 06 ff 2d ff
4 0 0 0 1 0 e8 00 4a 0 1 00 00 06 ff 2d ff
4 0 1 0 0 0 35 00 00 0 1 00 00 06 ff 2e ff
4 0 0 0 1 0 0f 00 f1 0 1 00 00 06 ff 2e ff
4 0 0 1 0 0 c0 e8 00 0 1 00 00 06 ff 2e ff
4 0 0 0 1 0 0c 00 17 0 1 00 00 06 ff 2e ff
4 0 1 0 0 0 d3 00 00 0 1 00 00 06 ff 2f ff
4 0 1 0 0 0 04 00 00 0 1 00 00 06 ff 30 ff
4 0 0 1 0 0 03 5b 00 1 1 00 00 06 ff 30 ff
4 0 0 0 1 0 a7 00 03 0 1 00 00 06 ff 30 ff
4 0 1 0 0 0 04 00 00 0 1 00 00 06 ff 31 ff
4 0 1 0 0 0 0a 00 00 0 1 00 00 06 ff 32 ff
4 0 1 0 0 0 09 00 00 0 1 00 00 06 ff 33 ff
4 0 0 1 0 0 0a 50 00 0 1 00 00 06 ff 33 ff
4 0 0 0 1 0 0f 00 f1 0 1 00 00 06 ff 33 ff
4 0 1 0 0 0 00 00 00 0 1 00 00 06 ff 34 ff
4 0 0 0 1 0 08 00 97 0 1 00 00 06 ff 34 ff
4 0 0 0 0 0 fd 00 00 0 1 00 00 06 ff 34 ff
4 0 0 1 0 0 e3 b4 00 0 1 00 00 06 ff 34 ff
4 0 0 0 1 0 04 00 42 0 1 00 00 06 ff 34 ff
4 0 1 0 0 0 5d 00 00 0 1 00 00 06 ff 35 ff
4 0 0 1 0 0 ea a6 00 0 1 00 00 06 ff 35 ff
4 0 1 0 0 0 26 00 00 0 1 00 00 06 ff 36 ff
4 0 0 1 0 0 3d a9 00 0 1 00 00 06 ff 36 ff
4 0 1 0 0 0 0b 00 00 0 1 00 00 06 ff 37 ff
4 0 0 0 0 0 04 00 00 0 1 00 00 06 ff 37 ff
4 0 0 0 1 0 0b 00 88 0 1 00 00 06 ff 37 ff
4 0 0 1 0 0 d9 9c 00 0 1 00 00 06 ff 37 ff
4 0 0 0 1 0 fc 00 54 0 1 00 00 06 ff 37 ff
4 0 1 0 0 0 91 00 00 0 1 00 00 06 ff 38 ff
4 0 0 1 0 0 00 e7 00 0 1 00 00 06 ff 38 ff
4 0 0 0 0 0 15 00 00 0 1 00 00 06 ff 38 ff
4 0 1 0 0 0 2e 00 00 0 1 00 00 06 ff 39 ff
4 0 0 0 0 0 05 00 00 0 1 00 00 06 ff 39 ff
4 0 1 0 0 0 06 00 00 0 1 00 00 06 ff 3a ff
4 0 0 1 0 0 07 c2 00 0 1 00 00 06 ff 3a ff
4 0 0 0 1 0 b6 00 81 0 1 00 00 06 ff 3a ff
4 0 1 0 0 0 05 00 00 0 1 00 00 06 ff 3b ff
4 0 0 1 0 0 08 28 00 1 1 00 00 06 ff 3b ff
4 0 0 0 1 0 ad 00 3e 0 1 00 00 06 ff 3b ff
4 0 0 1 0 0 00 a6 00 0 1 00 00 06 ff 3b ff
4 0 0 0 1 0 51 00 28 0 1 00 00 06 ff 3b ff
4 0 1 0 0 0 3d 00 00 0 1 00 00 06 ff 3c ff
4 0 0 0 1 0 0b 00 88 0 1 00 00 06 ff 3c ff
4 0 1 0 0 0 cb 00 00 0 1 00 00 06 ff 3d ff
4 0 0 0 1 0 11 00 f4 0 1 00 00 06 ff 3d ff
4 0 0 1 0 0 04 16 00 0 1 00 00 06 ff 3d ff
4 0 1 0 0 0 c6 00 00 0 1 00 00 06 ff 3e ff
4 0 1 0 0 0 a1 00 00 0 1 00 00 06 ff 3f ff
4 0 1 0 0 0 06 00 00 0 1 00 00 06 ff 40 ff
4 0 0 0 0 0 46 00 00 0 1 00 00 06 ff 40 ff
4 0 1 0 0 0 07 00 00 0 1 00 00 06 ff 41 ff
4 0 0 0 0 1 00 00 00 0 1 00 00 06 ff 41 ff
4 0 0 0 0 0 42 00 00 0 1 00 00 06 ff 41 ff
4 0 0 0 0 0 0b 00 00 0 1 00 00 06 ff 41 ff
4 0 0 0 1 0 0a 00 50 0 1 00 00 06 ff 41 ff
4 0 0 0 1 0 0e 00 12 0 1 00 00 06 ff 41 ff
4 0 1 0 0 0 09 00 00 0 1 00 00 06 ff 42 ff
4 0 0 0 1 0 36 00 5a 0 1 00 00 06 ff 42 ff
4 0 0 1 0 0 22 1d 00 0 1 00 00 06 ff 42 ff
4 0 1 0 0 0 de 00 00 0 1 00 00 06 ff 43 ff
4 0 0 0 1 0 0f 00 f1 0 1 00 00 06 ff 43 ff
4 0 0 1 0 0 01 28 00 0 1 00 00 06 ff 43 ff
4 0 0 0 1 0 02 00 f4 0 1 00 00 06 ff 43 ff
4 0 0 1 0 0 08 36 00 0 1 00 00 06 ff 43 ff
4 0 0 0 0 0 04 00 00 0 1 00 00 06 ff 43 ff
4 0 0 1 0 0 09 5a 00 0 1 00 00 06 ff 43 ff
4 0 0 0 1 0 7c 00 9a 0 1 00 00 06 ff 43 ff
4 0 1 0 0 0 01 00 00 0 1 00 00 06 ff 44 ff
4 0 1 0 0 0 0f 00 00 1 1 f1 ff 07 ff 44 ff
4 0 1 0 0 0 06 00 00 0 1 00 00 07 ff 45 ff
4 0 1 0 0 0 9b 00 00 0 1 00 00 07 ff 46 ff
4 0 0 0 1 0 08 00 36 0 1 00 00 07 ff 46 ff
4 0 0 0 1 0 07 00 c2 0 1 00 00 07 ff 46 ff
4 0 0 0 0 0 07 00 00 0 1 00 00 07 ff 46 ff
4 0 0 1 0 0 0d 53 00 0 1 00 00 07 ff 46 ff
4 0 1 0 0 0 a9 00 00 0 1 00 00 07 ff 47 ff
4 0 0 1 0 0 55 7c 00 0 1 00 00 07 ff 47 ff
4 0 1 0 0 0 46 00 00 0 1 00 00 07 ff 48 ff
4 0 0 0 1 0 a3 00 e2 0 1 00 00 07 ff 48 ff
4 0 1 0 0 0 04 00 00 0 1 00 00 07 ff 49 ff
4 0 1 0 0 0 04 00 00 0 1 00 00 07 ff 4a ff
4 0 1 0 0 0 01 00 00 0 1 00 00 07 ff 4b ff
4 0 0 0 1 0 83 00 6b 0 1 00 00 07 ff 4b ff
4 0 0 0 1 0 0a 00 50 0 1 00 00 07 ff 4b ff
4 0 0 0 1 0 0a 00 50 0 1 00 00 07 ff 4b ff
4 0 1 0 0 0 3f 00 00 0 1 00 00 07 ff 4c ff
4 0 1 0 0 0 0b 00 00 0 1 00 00 07 ff 4d ff
4 0 0 0 1 0 08 00 36 0 1 00 00 07 ff 4d ff
4 0 0 1 0 0 35 ca 00 0 1 00 00 07 ff 4d ff
4 0 1 0 0 0 07 00 00 1 1 c2 ff 08 ff 4d ff
4 0 0 0 1 0 00 00 a6 0 1 00 00 08 ff 4d ff
4 0 1 0 0 0 09 00 00 0 1 00 00 08 ff 4e ff
4 0 0 0 1 0 55 00 7c 0 1 00 00 08 ff 4e ff
4 0 1 0 0 0 82 00 00 0 1 00 00 08 ff 4f ff
4 0 0 1 0 0 04 20 00 0 1 00 00 08 ff 4f ff
4 0 0 1 0 0 0d c1 00 0 1 00 00 08 ff 4f ff
4 0 1 0 0 0 a1 00 00 0 1 00 00 08 ff 50 ff
4 0 0 0 1 0 f7 00 b0 0 1 00 00 08 ff 50 ff
4 0 1 0 0 0 e0 00 00 0 1 00 00 08 ff 51 ff
4 0 0 1 0 0 43 a6 00 0 1 00 00 08 ff 51 ff
4 0 0 0 1 0 32 00 b8 0 1 00 00 08 ff 51 ff
4 0 0 1 0 0 49 c0 00 0 1 00 00 08 ff 51 ff
4 0 0 0 1 0 54 00 65 0 1 00 00 08 ff 51 ff
4 0 0 0 0 0 24 00 00 0 1 00 00 08 ff 51 ff
4 0 0 1 0 0 01 f2 00 0 1 00 00 08 ff 51 ff
4 0 0 0 1 0 5b 00 69 0 1 00 00 08 ff 51 ff
4 0 1 0 0 0 a4 00 00 0 1 00 00 08 ff 52 ff
4 0 1 0 0 0 0e 00 00 0 1 00 00 08 ff 53 ff
4 0 0 0 1 0 09 00 5a 0 1 00 00 08 ff 53 ff
4 0 0 0 1 0 01 00 f2 0 1 00 00 08 ff 53 ff
4 0 1 0 0 0 56 00 00 0 1 00 00 08 ff 54 ff
4 0 0 1 0 0 09 78 00 0 1 00 00 08 ff 54 ff
4 0 1 0 0 0 d3 00 00 0 1 00 00 08 ff 55 ff
4 0 0 1 0 0 0a c2 00 0 1 00 00 08 ff 55 ff
4 0 1 0 0 0 b9 00 00 0 1 00 00 08 ff 56 ff
4 0 0 0 0 1 00 00 00 0 1 00 00 08 ff 56 ff
4 0 1 0 0 0 09 00 00 0 1 00 00 08 ff 57 ff
4 0 1 0 0 0 0c 00 00 0 1 00 00 08 ff 58 ff
4 0 0 0 0 1 00 00 00 0 1 00 00 08 ff 58 ff
4 0 1 0 0 0 fa 00 00 0 1 00 00 08 ff 59 ff
4 0 0 0 1 0 bb 00 51 0 1 00 00 08 ff 59 ff
4 0 0 1 0 0 0e c2 00 0 1 00 00 08 ff 59 ff
4 0 1 0 0 0 04 00 00 0 1 00 00 08 ff 5a ff
4 0 0 1 0 0 0c ca 00 0 1 00 00 08 ff 5a ff
4 0 1 0 0 0 9b 00 00 0 1 00 00 08 ff 5b ff
4 0 0 0 1 0 04 00 20 0 1 00 00 08 ff 5b ff
4 0 1 0 0 0 0a 00 00 0 1 00 00 08 ff 5c ff
4 0 1 0 0 0 0e 00 00 0 1 00 00 08 ff 5d ff
4 0 1 0 0 0 26 00 00 0 1 00 00 08 ff 5e ff
4 0 1 0 0 0 08 00 00 0 1 00 00 08 ff 5f ff
4 0 1 0 0 0 0b 00 00 0 1 00 00 08 ff 60 ff
4 0 0 1 0 0 09 3b 00 0 1 00 00 08 ff 60 ff
4 0 0 1 0 0 ca 70 00 0 1 00 00 08 ff 60 ff
4 0 0 1 0 0 54 c9 00 0 1 00 00 08 ff 60 ff
4 0 1 0 0 0 12 00 00 0 1 00 00 08 ff 61 ff
4 0 1 0 0 0 0e 00 00 0 1 00 00 08 ff 62 ff
4 0 0 0 0 1 00 00 00 0 1 00 00 08 ff 62 ff
4 0 1 0 0 0 d0 00 00 0 1 00 00 08 ff 63 ff
4 0 1 0 0 0 0d 00 00 0 1 00 00 08 ff 64 ff
4 0 1 0 0 0 0c 00 00 0 1 00 00 08 ff 65 ff
4 0 0 0 1 0 03 00 5b 0 1 00 00 08 ff 65 ff
4 0 1 0 0 0 03 00 00 1 1 5b ff 09 ff 65 ff
4 0 0 0 1 0 0e 00 c2 0 1 00 00 09 ff 65 ff
4 0 1 0 0 0 ad 00 00 0 1 00 00 09 ff 66 ff
4 0 0 1 0 0 01 cc 00 0 1 00 00 09 ff 66 ff
4 0 1 0 0 0 0a 00 00 0 1 00 00 09 ff 67 ff
4 0 0 1 0 0 86 5e 00 0 1 00 00 09 ff 67 ff
4 0 0 1 0 0 b5 07 00 0 1 00 00 09 ff 67 ff
4 0 0 1 0 0 04 d4 00 0 1 00 00 09 ff 67 ff
4 0 1 0 0 0 01 00 00 0 1 00 00 09 ff 68 ff
4 0 1 0 0 0 06 00 00 0 1 00 00 09 ff 69 ff
4 0 1 0 0 0 b9 00 00 0 1 00 00 09 ff 6a ff
4 0 0 1 0 0 05 dd 00 0 1 00 00 09 ff 6a ff
4 0 0 0 1 0 86 00 5e 0 1 00 00 09 ff 6a ff
4 0 1 0 0 0 00 00 00 0 1 00 00 09 ff 6b ff
4 0 0 0 1 0 6b 00 f9 0 1 00 00 09 ff 6b ff
4 0 1 0 0 0 01 00 00 0 1 00 00 09 ff 6c ff
4 0 1 0 0 0 96 00 00 0 1 00 00 09 ff 6d ff
4 0 1 0 0 0 04 00 00 0 1 00 00 09 ff 6e ff
4 0 0 1 0 0 0e 66 00 0 1 00 00 09 ff 6e ff
4 0 1 0 0 0 f4 00 00 0 1 00 00 09 ff 6f ff
4 0 1 0 0 0 1b 00 00 0 1 00 00 09 ff 70 ff
4 0 0 0 1 0 02 00 f4 0 1 00 00 09 ff 70 ff
4 0 0 0 1 0 97 00 32 0 1 00 00 09 ff 70 ff
4 0 0 1 0 0 54 f5 00 0 1 00 00 09 ff 70 ff
4 0 0 0 1 0 02 00 f4 0 1 00 00 09 ff 70 ff
4 0 0 1 0 0 01 aa 00 0 1 00 00 09 ff 70 ff
4 0 0 0 1 0 52 00 92 0 1 00 00 09 ff 70 ff
4 0 1 0 0 0 48 00 00 0 1 00 00 09 ff 71 ff
4 0 0 0 1 0 ab 00 41 0 1 00 00 09 ff 71 ff
4 0 1 0 0 0 e3 00 00 0 1 00 00 09 ff 72 ff
4 0 1 0 0 0 15 00 00 0 1 00 00 09 ff 73 ff
4 0 0 0 1 0 97 00 32 0 1 00 00 09 ff 73 ff
4 0 0 0 1 0 42 00 5c 0 1 00 00 09 ff 73 ff
4 0 0 1 0 0 06 7b 00 0 1 00 00 09 ff 73 ff
4 0 1 0 0 0 db 00 00 0 1 00 00 09 ff 74 ff
4 0 1 0 0 0 d4 00 00 0 1 00 00 09 ff 75 ff
4 0 0 0 0 0 0b 00 00 0 1 00 00 09 ff 75 ff
4 0 0 0 1 0 0c 00 ca 0 1 00 00 09 ff 75 ff
4 0 0 0 0 0 50 00 00 0 1 00 00 09 ff 75 ff
4 0 0 1 0 0 49 f2 00 0 1 00 00 09 ff 75 ff
4 0 0 1 0 0 d4 42 00 0 1 00 00 09 ff 75 ff
4 0 0 1 0 0 08 7c 00 0 1 00 00 09 ff 75 ff
4 0 0 1 0 0 0d c7 00 0 1 00 00 09 ff 75 ff
4 0 1 0 0 0 08 00 00 0 1 00 00 09 ff 76 ff
4 0 0 0 1 0 07 00 c2 0 1 00 00 09 ff 76 ff
4 0 0 1 0 0 18 df 00 0 1 00 00 09 ff 76 ff
4 0 0 0 0 1 00 00 00 0 1 00 00 09 ff 76 ff
4 0 1 0 0 0 06 00 00 0 1 00 00 09 ff 77 ff
4 0 0 0 0 1 00 00 00 0 1 00 00 09 ff 77 ff
4 0 0 0 0 0 e0 00 00 0 1 00 00 09 ff 77 ff
4 0 0 0 1 0 af 00 88 0 1 00 00 09 ff 77 ff
4 0 1 0 0 0 0c 00 00 0 1 00 00 09 ff 78 ff
4 0 1 0 0 0 0d 00 00 0 1 00 00 09 ff 79 ff
4 0 1 0 0 0 be 00 00 0 1 00 00 09 ff 7a ff
4 0 0 1 0 0 05 f4 00 0 1 00 00 09 ff 7a ff
4 0 0 0 1 0 00 00 a6 0 1 00 00 09 ff 7a ff
4 0 1 0 0 0 03 00 00 0 1 00 00 09 ff 7b ff
4 0 1 0 0 0 0e 00 00 0 1 00 00 09 ff 7c ff
4 0 1 0 0 0 01 00 00 0 1 00 00 09 ff 7d ff
4 0 1 0 0 0 ff 00 00 0 1 00 00 09 ff 7e ff
4 0 1 0 0 0 01 00 00 0 1 00 00 09 ff 7f ff
4 0 0 1 0 0 06 a2 00 0 1 00 00 09 ff 7f ff
4 0 1 0 0 0 ce 00 00 0 1 00 00 09 ff 80 ff
4 0 0 1 0 0 0b 4b 00 0 1 00 00 09 ff 80 ff
4 0 0 1 0 0 62 b4 00 0 1 00 00 09 ff 80 ff
4 0 1 0 0 0 0e 00 00 0 1 00 00 09 ff 81 ff
4 0 0 1 0 0 d5 c9 00 0 1 00 00 09 ff 81 ff
4 0 0 1 0 0 7c 9f 00 0 1 00 00 09 ff 81 ff
4 0 0 0 1 0 0e 00 66 0 1 00 00 09 ff 81 ff
4 0 1 0 0 0 04 00 00 0 1 00 00 09 ff 82 ff
4 0 0 0 1 0 02 00 f4 0 1 00 00 09 ff 82 ff
4 0 1 0 0 0 04 00 00 0 1 00 00 09 ff 83 ff
4 0 1 0 0 0 2a 00 00 0 1 00 00 09 ff 84 ff
4 0 1 0 0 0 77 00 00 0 1 00 00 09 ff 85 ff
4 0 0 1 0 0 0a 36 00 0 1 00 00 09 ff 85 ff
4 0 0 0 0 0 97 00 00 0 1 00 00 09 ff 85 ff
4 0 1 0 0 0 0c 00 00 0 1 00 00 09 ff 86 ff
4 0 0 0 1 0 24 00 f2 0 1 00 00 09 ff 86 ff
4 0 1 0 0 0 03 00 00 0 1 00 00 09 ff 87 ff
4 0 1 0 0 0 0c 00 00 0 1 00 00 09 ff 88 ff
4 0 0 0 1 0 02 00 f4 0 1 00 00 09 ff 88 ff
4 0 0 1 0 0 03 d0 00 0 1 00 00 09 ff 88 ff
4 0 1 0 0 0 04 00 00 0 1 00 00 09 ff 89 ff
4 0 1 0 0 0 00 00 00 1 1 a6 ff 0a ff 89 ff
4 0 0 0 1 0 05 00 f4 0 1 00 00 0a ff 89 ff
4 0 0 0 1 0 0f 00 f1 0 1 00 00 0a ff 89 ff
4 0 0 1 0 0 bf 22 00 0 1 00 00 0a ff 89 ff
4 0 0 1 0 0 76 4a 00 0 1 00 00 0a ff 89 ff
4 0 1 0 0 0 87 00 00 0 1 00 00 0a ff 8a ff
4 0 0 0 1 0 8a 00 fc 0 1 00 00 0a ff 8a ff
4 0 0 0 1 0 0d 00 c7 0 1 00 00 0a ff 8a ff
4 0 1 0 0 0 48 00 00 0 1 00 00 0a ff 8b ff
4 0 0 0 1 0 fc 00 54 0 1 00 00 0a ff 8b ff
4 0 0 1 0 0 00 57 00 1 1 00 00 0a ff 8b ff
4 0 0 1 0 0 02 8e 00 0 1 00 00 0a ff 8b ff
4 0 0 1 0 0 02 38 00 0 1 00 00 0a ff 8b ff
4 0 1 0 0 0 74 00 00 0 1 00 00 0a ff 8c ff
4 0 1 0 0 0 04 00 00 0 1 00 00 0a ff 8d ff
4 0 1 0 0 0 03 00 00 0 1 00 00 0a ff 8e ff
4 0 1 0 0 0 0a 00 00 0 1 00 00 0a ff 8f ff
4 0 1 0 0 0 02 00 00 0 1 00 00 0a ff 90 ff
4 0 1 0 0 0 0b 00 00 0 1 00 00 0a ff 91 ff
4 0 0 0 1 0 09 00 3b 0 1 00 00 0a ff 91 ff
4 0 1 0 0 0 45 00 00 0 1 00 00 0a ff 92 ff
4 0 1 0 0 0 16 00 00 0 1 00 00 0a ff 93 ff
4 0 0 1 0 0 04 a6 00 0 1 00 00 0a ff 93 ff
4 0 1 0 0 0 2f 00 00 0 1 00 00 0a ff 94 ff
4 0 1 0 0 0 06 00 00 0 1 00 00 0a ff 95 ff
4 0 0 0 1 0 31 00 76 0 1 00 00 0a ff 95 ff
4 0 0 1 0 0 ff a6 00 0 1 00 00 0a ff 95 ff
4 0 1 0 0 0 48 00 00 0 1 00 00 0a ff 96 ff
4 0 1 0 0 0 0f 00 00 1 1 f1 ff 0b ff 96 ff
4 0 0 1 0 0 53 70 00 0 1 00 00 0b ff 96 ff
4 0 1 0 0 0 29 00 00 0 1 00 00 0b ff 97 ff
4 0 0 0 0 0 05 00 00 0 1 00 00 0b ff 97 ff
4 0 0 1 0 0 9c ec 00 0 1 00 00 0b ff 97 ff
4 0 0 1 0 0 07 4a 00 0 1 00 00 0b ff 97 ff
4 0 0 0 1 0 0c 00 ca 0 1 00 00 0b ff 97 ff
4 0 1 0 0 0 4e 00 00 0 1 00 00 0b ff 98 ff
4 0 1 0 0 0 05 00 00 0 1 00 00 0b ff 99 ff
4 0 0 0 0 0 7f 00 00 0 1 00 00 0b ff 99 ff
4 0 0 0 1 0 7f 00 f7 0 1 00 00 0b ff 99 ff
4 0 1 0 0 0 89 00 00 0 1 00 00 0b ff 9a ff
4 0 0 0 0 0 d5 00 00 0 1 00 00 0b ff 9a ff
4 0 1 0 0 0 75 00 00 0 1 00 00 0b ff 9b ff
4 0 0 0 1 0 0d 00 c7 0 1 00 00 0b ff 9b ff
4 0 1 0 0 0 5e 00 00 0 1 00 00 0b ff 9c ff
4 0 0 1 0 0 2e 86 00 0 1 00 00 0b ff 9c ff
4 0 1 0 0 0 04 00 00 0 1 00 00 0b ff 9d ff
4 0 1 0 0 0 8e 00 00 0 1 00 00 0b ff 9e ff
4 0 1 0 0 0 f3 00 00 0 1 00 00 0b ff 9f ff
4 0 0 1 0 0 c0 f3 00 0 1 00 00 0b ff 9f ff
4 0 0 0 1 0 5b 00 69 0 1 00 00 0b ff 9f ff
4 0 0 1 0 0 fb d4 00 0 1 00 00 0b ff 9f ff
4 0 0 1 0 0 01 b4 00 0 1 00 00 0b ff 9f ff
4 0 0 1 0 0 4e 7e 00 0 1 00 00 0b ff 9f ff
4 0 0 1 0 0 06 ec 00 0 1 00 00 0b ff 9f ff
4 0 0 0 0 0 09 00 00 0 1 00 00 0b ff 9f ff
4 0 1 0 0 0 01 00 00 0 1 00 00 0b ff a0 ff
4 0 0 0 1 0 0b 00 4b 0 1 00 00 0b ff a0 ff
4 0 0 0 1 0 0e 00 66 0 1 00 00 0b ff a0 ff
4 0 0 0 0 1 00 00 00 0 1 00 00 0b ff a0 ff
4 0 1 0 0 0 fe 00 00 0 1 00 00 0b ff a1 ff
4 0 0 0 1 0 47 00 56 0 1 00 00 0b ff a1 ff
4 0 0 1 0 0 22 71 00 0 1 00 00 0b ff a1 ff
4 0 0 1 0 0 12 20 00 0 1 00 00 0b ff a1 ff
4 0 0 0 1 0 0f 00 f1 0 1 00 00 0b ff a1 ff
4 0 0 0 1 0 0e 00 66 0 1 00 00 0b ff a1 ff
4 0 1 0 0 0 06 00 00 0 1 00 00 0b ff a2 ff
4 0 1 0 0 0 ce 00 00 0 1 00 00 0b ff a3 ff
4 0 1 0 0 0 a4 00 00 0 1 00 00 0b ff a4 ff
4 0 0 0 1 0 05 00 f4 0 1 00 00 0b ff a4 ff
4 0 0 0 1 0 9d 00 95 0 1 00 00 0b ff a4 ff
4 0 1 0 0 0 09 00 00 0 1 00 00 0b ff a5 ff
4 0 1 0 0 0 01 00 00 0 1 00 00 0b ff a6 ff
4 0 0 0 1 0 5d 00 d8 0 1 00 00 0b ff a6 ff
4 1 0 0 0 0 06 00 00 0 1 00 00 00 ff 00 ff
4 0 0 0 1 0 01 00 b4 0 1 00 00 00 ff 00 ff
4 0 1 0 0 0 05 00 00 0 1 00 00 00 ff 01 ff
4 0 1 0 0 0 0e 00 00 0 1 00 00 00 ff 02 ff
4 0 1 0 0 0 0f 00 00 0 1 00 00 00 ff 03 ff
4 0 1 0 0 0 2f 00 00 0 1 00 00 00 ff 04 ff
4 0 0 1 0 0 0d 5b 00 0 1 00 00 00 ff 04 ff
4 0 1 0 0 0 ba 00 00 0 1 00 00 00 ff 05 ff
4 0 1 0 0 0 1c 00 00 0 1 00 00 00 ff 06 ff
4 0 1 0 0 0 0d 00 00 0 1 00 00 00 ff 07 ff
4 0 1 0 0 0 06 00 00 0 1 00 00 00 ff 08 ff
4 0 0 0 1 0 ea 00 a6 0 1 00 00 00 ff 08 ff
4 0 1 0 0 0 0c 00 00 0 1 00 00 00 ff 09 ff
4 0 1 0 0 0 67 00 00 0 1 00 00 00 ff 0a ff
4 0 0 1 0 0 10 c5 00 0 1 00 00 00 ff 0a ff
4 0 0 0 1 0 14 00 4d 0 1 00 00 00 ff 0a ff
4 0 1 0 0 0 03 00 00 0 1 00 00 00 ff 0b ff
4 0 0 1 0 0 02 f5 00 0 1 00 00 00 ff 0b ff
4 0 1 0 0 0 b3 00 00 0 1 00 00 00 ff 0c ff
4 0 0 0 1 0 09 00 3b 0 1 00 00 00 ff 0c ff
4 0 1 0 0 0 04 00 00 0 1 00 00 00 ff 0d ff
4 0 0 1 0 0 1a b9 00 0 1 00 00 00 ff 0d ff
4 0 0 0 1 0 05 00 f4 0 1 00 00 00 ff 0d ff
4 0 0 1 0 0 ce 9c 00 0 1 00 00 00 ff 0d ff
4 0 1 0 0 0 0f 00 00 0 1 00 00 00 ff 0e ff
4 0 1 0 0 0 f5 00 00 0 1 00 00 00 ff 0f ff
4 0 0 0 0 0 23 00 00 0 1 00 00 00 ff 0f ff
4 0 0 0 1 0 05 00 f4 0 1 00 00 00 ff 0f ff
4 0 0 0 1 0 68 00 e6 0 1 00 00 00 ff 0f ff
4 0 1 0 0 0 c9 00 00 0 1 00 00 00 ff 10 ff
4 0 0 0 1 0 3e 00 65 0 1 00 00 00 ff 10 ff
4 0 0 1 0 0 01 45 00 0 1 00 00 00 ff 10 ff
4 0 1 0 0 0 02 00 00 0 1 00 00 00 ff 11 ff
4 0 1 0 0 0 01 00 00 0 1 00 00 00 ff 12 ff
4 0 0 1 0 0 03 af 00 0 1 00 00 00 ff 12 ff
4 0 0 1 0 0 48 78 00 0 1 00 00 00 ff 12 ff
4 0 0 1 0 0 0d 5e 00 0 1 00 00 00 ff 12 ff
4 0 1 0 0 0 f9 00 00 0 1 00 00 00 ff 13 ff
4 0 0 0 1 0 09 00 3b 0 1 00 00 00 ff 13 ff
4 0 0 1 0 0 6c 69 00 0 1 00 00 00 ff 13 ff
4 0 0 1 0 0 60 27 00 0 1 00 00 00 ff 13 ff
4 0 1 0 0 0 2b 00 00 0 1 00 00 00 ff 14 ff
4 0 0 0 1 0 9c 00 ec 0 1 00 00 00 ff 14 ff
4 0 0 1 0 0 c2 c2 00 0 1 00 00 00 ff 14 ff
4 0 0 1 0 0 5f ac 00 0 1 00 00 00 ff 14 ff
4 0 0 0 1 0 c9 00 a3 0 1 00 00 00 ff 14 ff
4 0 0 0 1 0 cc 00 76 0 1 00 00 00 ff 14 ff
4 0 0 1 0 0 57 81 00 0 1 00 00 00 ff 14 ff
4 0 1 0 0 0 07 00 00 0 1 00 00 00 ff 15 ff
4 0 1 0 0 0 b6 00 00 0 1 00 00 00 ff 16 ff
4 0 1 0 0 0 04 00 00 0 1 00 00 00 ff 17 ff
4 0 1 0 0 0 19 00 00 0 1 00 00 00 ff 18 ff
4 0 0 1 0 0 0b 49 00 0 1 00 00 00 ff 18 ff
4 0 1 0 0 0 ba 00 00 0 1 00 00 00 ff 19 ff
4 0 0 0 1 0 28 00 2c 0 1 00 00 00 ff 19 ff
4 0 1 0 0 0 02 00 00 0 1 00 00 00 ff 1a ff
4 0 1 0 0 0 42 00 00 0 1 00 00 00 ff 1b ff
4 0 0 0 1 0 01 00 45 0 1 00 00 00 ff 1b ff
4 0 0 1 0 0 06 1c 00 0 1 00 00 00 ff 1b ff
4 0 1 0 0 0 0b 00 00 0 1 00 00 00 ff 1c ff
4 0 0 0 1 0 0d 00 5e 0 1 00 00 00 ff 1c ff
4 0 0 0 1 0 0e 00 66 0 1 00 00 00 ff 1c ff
4 0 1 0 0 0 30 00 00 0 1 00 00 00 ff 1d ff
4 0 1 0 0 0 e4 00 00 0 1 00 00 00 ff 1e ff
4 0 1 0 0 0 00 00 00 0 1 00 00 00 ff 1f ff
4 0 0 0 1 0 04 00 a6 0 1 00 00 00 ff 1f ff
4 0 1 0 0 0 0c 00 00 0 1 00 00 00 ff 20 ff
4 0 1 0 0 0 01 00 00 1 1 45 ff 01 ff 20 ff
4 0 0 0 1 0 1d 00 28 0 1 00 00 01 ff 20 ff
4 0 0 1 0 0 0a 2a 00 0 1 00 00 01 ff 20 ff
4 0 0 0 0 1 00 00 00 0 1 00 00 01 ff 20 ff
4 0 1 0 0 0 0c 00 00 0 1 00 00 01 ff 21 ff
4 0 0 0 1 0 39 00 39 0 1 00 00 01 ff 21 ff
4 0 0 0 1 0 09 00 3b 0 1 00 00 01 ff 21 ff
4 0 1 0 0 0 0a 00 00 0 1 00 00 01 ff 22 ff
4 0 0 1 0 0 28 1e 00 0 1 00 00 01 ff 22 ff
4 0 0 0 0 1 00 00 00 0 1 00 00 01 ff 22 ff
4 0 0 0 1 0 08 00 7c 0 1 00 00 01 ff 22 ff
4 0 0 0 1 0 07 00 4a 0 1 00 00 01 ff 22 ff
4 0 0 0 1 0 00 00 57 0 1 00 00 01 ff 22 ff
4 0 1 0 0 0 07 00 00 1 1 4a ff 02 ff 22 ff
4 0 0 0 1 0 b4 00 00 0 1 00 00 02 ff 22 ff
4 0 1 0 0 0 08 00 00 0 1 00 00 02 ff 23 ff
4 0 1 0 0 0 0f 00 00 0 1 00 00 02 ff 24 ff
4 0 1 0 0 0 05 00 00 0 1 00 00 02 ff 25 ff
4 0 0 1 0 0 d3 f8 00 0 1 00 00 02 ff 25 ff
4 0 0 1 0 0 4f 47 00 0 1 00 00 02 ff 25 ff
4 0 0 1 0 0 3f 53 00 0 1 00 00 02 ff 25 ff
4 0 0 1 0 0 08 cb 00 0 1 00 00 02 ff 25 ff
4 0 1 0 0 0 0d 00 00 0 1 00 00 02 ff 26 ff
4 0 0 1 0 0 61 f3 00 0 1 00 00 02 ff 26 ff
4 0 1 0 0 0 5c 00 00 0 1 00 00 02 ff 27 ff
4 0 1 0 0 0 04 00 00 0 1 00 00 02 ff 28 ff
4 0 0 1 0 0 a4 5d 00 0 1 00 00 02 ff 28 ff
4 0 0 1 0 0 08 75 00 0 1 00 00 02 ff 28 ff
4 0 0 1 0 0 85 57 00 0 1 00 00 02 ff 28 ff
4 0 0 1 0 0 0f 45 00 0 1 00 00 02 ff 28 ff
4 0 0 1 0 0 d7 1a 00 0 1 00 00 02 ff 28 ff
4 0 0 1 0 0 01 b8 00 0 1 00 00 02 ff 28 ff
4 0 1 0 0 0 09 00 00 0 1 00 00 02 ff 29 ff
4 0 0 1 0 0 8f 90 00 0 1 00 00 02 ff 29 ff
4 0 0 0 1 0 a7 00 03 0 1 00 00 02 ff 29 ff
4 0 1 0 0 0 0c 00 00 0 1 00 00 02 ff 2a ff
4 0 1 0 0 0 17 00 00 0 1 00 00 02 ff 2b ff
4 0 0 1 0 0 e5 c4 00 0 1 00 00 02 ff 2b ff
4 0 1 0 0 0 fb 00 00 0 1 00 00 02 ff 2c ff
4 0 0 0 1 0 0d 00 5e 0 1 00 00 02 ff 2c ff
4 0 0 0 1 0 03 00 af 0 1 00 00 02 ff 2c ff
4 0 0 0 1 0 73 00 f2 0 1 00 00 02 ff 2c ff
4 0 0 1 0 0 96 bb 00 0 1 00 00 02 ff 2c ff
4 0 0 0 0 1 00 00 00 0 1 00 00 02 ff 2c ff
4 0 0 0 1 0 0c 00 ca 0 1 00 00 02 ff 2c ff
4 0 1 0 0 0 26 00 00 0 1 00 00 02 ff 2d ff
4 0 1 0 0 0 23 00 00 0 1 00 00 02 ff 2e ff
4 0 0 1 0 0 06 e8 00 0 1 00 00 02 ff 2e ff
4 0 0 0 1 0 0f 00 45 0 1 00 00 02 ff 2e ff
4 0 1 0 0 0 0c 00 00 1 1 ca ff 03 ff 2e ff
4 0 1 0 0 0 e8 00 00 0 1 00 00 03 ff 2f ff
4 0 0 1 0 0 0e 0c 00 0 1 00 00 03 ff 2f ff
4 0 1 0 0 0 07 00 00 0 1 00 00 03 ff 30 ff
4 0 1 0 0 0 e9 00 00 0 1 00 00 03 ff 31 ff
4 0 1 0 0 0 07 00 00 0 1 00 00 03 ff 32 ff
4 0 1 0 0 0 06 00 00 0 1 00 00 03 ff 33 ff
4 0 0 0 1 0 0d 00 5e 0 1 00 00 03 ff 33 ff
4 0 0 1 0 0 ea b7 00 0 1 00 00 03 ff 33 ff
4 0 1 0 0 0 33 00 00 0 1 00 00 03 ff 34 ff
4 0 0 1 0 0 a8 a8 00 0 1 00 00 03 ff 34 ff
4 0 0 1 0 0 00 5d 00 0 1 00 00 03 ff 34 ff
4 0 0 0 1 0 03 00 af 0 1 00 00 03 ff 34 ff
4 0 1 0 0 0 db 00 00 0 1 00 00 03 ff 35 ff
4 0 1 0 0 0 0c 00 00 1 1 ca ff 04 ff 35 ff
4 0 1 0 0 0 43 00 00 0 1 00 00 04 ff 36 ff
4 0 1 0 0 0 83 00 00 0 1 00 00 04 ff 37 ff
4 0 0 0 1 0 02 00 f5 0 1 00 00 04 ff 37 ff
4 0 0 0 1 0 00 00 5d 0 1 00 00 04 ff 37 ff
4 0 0 0 1 0 4f 00 47 0 1 00 00 04 ff 37 ff
4 0 1 0 0 0 04 00 00 0 1 00 00 04 ff 38 ff
4 0 1 0 0 0 01 00 00 0 1 00 00 04 ff 39 ff
4 0 1 0 0 0 e7 00 00 0 1 00 00 04 ff 3a ff
4 0 0 0 1 0 fe 00 56 0 1 00 00 04 ff 3a ff
4 0 1 0 0 0 8d 00 00 0 1 00 00 04 ff 3b ff
4 0 0 0 0 1 00 00 00 0 1 00 00 04 ff 3b ff
4 0 1 0 0 0 0f 00 00 0 1 00 00 04 ff 3c ff
4 0 0 1 0 0 68 f4 00 0 1 00 00 04 ff 3c ff
4 0 1 0 0 0 0f 00 00 0 1 00 00 04 ff 3d ff
4 0 1 0 0 0 60 00 00 0 1 00 00 04 ff 3e ff
4 0 1 0 0 0 df 00 00 0 1 00 00 04 ff 3f ff
4 0 0 0 1 0 00 00 5d 0 1 00 00 04 ff 3f ff
4 0 0 1 0 0 b9 72 00 0 1 00 00 04 ff 3f ff
4 0 0 1 0 0 04 0c 00 0 1 00 00 04 ff 3f ff
4 0 0 1 0 0 0f 3a 00 0 1 00 00 04 ff 3f ff
4 0 0 0 1 0 b1 00 85 0 1 00 00 04 ff 3f ff
4 0 0 0 1 0 0b 00 49 0 1 00 00 04 ff 3f ff
4 0 0 0 1 0 03 00 af 0 1 00 00 04 ff 3f ff
4 0 1 0 0 0 0b 00 00 0 1 00 00 04 ff 40 ff
4 0 1 0 0 0 57 00 00 0 1 00 00 04 ff 41 ff
4 0 1 0 0 0 01 00 00 0 1 00 00 04 ff 42 ff
4 0 1 0 0 0 86 00 00 0 1 00 00 04 ff 43 ff
4 0 0 0 1 0 6b 00 f9 0 1 00 00 04 ff 43 ff
4 0 1 0 0 0 03 00 00 0 1 00 00 04 ff 44 ff
4 0 0 1 0 0 80 85 00 0 1 00 00 04 ff 44 ff
4 0 0 0 1 0 c0 00 f3 0 1 00 00 04 ff 44 ff
4 0 1 0 0 0 44 00 00 0 1 00 00 04 ff 45 ff
4 0 1 0 0 0 e5 00 00 0 1 00 00 04 ff 46 ff
4 0 0 0 1 0 b5 00 07 0 1 00 00 04 ff 46 ff
4 0 1 0 0 0 0d 00 00 0 1 00 00 04 ff 47 ff
4 0 0 1 0 0 0f e4 00 0 1 00 00 04 ff 47 ff
4 0 0 1 0 0 0d 7c 00 0 1 00 00 04 ff 47 ff
4 0 1 0 0 0 c4 00 00 0 1 00 00 04 ff 48 ff
4 0 1 0 0 0 0f 00 00 0 1 00 00 04 ff 49 ff
4 0 1 0 0 0 07 00 00 0 1 00 00 04 ff 4a ff
4 0 0 1 0 0 6a c8 00 0 1 00 00 04 ff 4a ff
4 0 0 1 0 0 06 50 00 0 1 00 00 04 ff 4a ff
4 0 1 0 0 0 0f 00 00 0 1 00 00 04 ff 4b ff
4 0 1 0 0 0 03 00 00 0 1 00 00 04 ff 4c ff
4 0 1 0 0 0 03 00 00 0 1 00 00 04 ff 4d ff
4 0 0 0 1 0 02 00 f5 0 1 00 00 04 ff 4d ff
4 0 1 0 0 0 03 00 00 0 1 00 00 04 ff 4e ff
4 0 0 1 0 0 a1 37 00 0 1 00 00 04 ff 4e ff
4 0 1 0 0 0 0f 00 00 0 1 00 00 04 ff 4f ff
4 0 1 0 0 0 0e 00 00 0 1 00 00 04 ff 50 ff
4 0 1 0 0 0 2e 00 00 0 1 00 00 04 ff 51 ff
4 0 1 0 0 0 06 00 00 0 1 00 00 04 ff 52 ff
4 0 0 0 1 0 0d 00 7c 0 1 00 00 04 ff 52 ff
4 0 0 0 1 0 9b 00 26 0 1 00 00 04 ff 52 ff
4 0 0 1 0 0 58 60 00 0 1 00 00 04 ff 52 ff
4 0 1 0 0 0 74 00 00 0 1 00 00 04 ff 53 ff
4 0 0 1 0 0 fe c3 00 0 1 00 00 04 ff 53 ff
4 0 0 0 1 0 04 00 0c 0 1 00 00 04 ff 53 ff
4 0 0 0 0 0 02 00 00 0 1 00 00 04 ff 53 ff
4 0 0 0 1 0 88 00 9f 0 1 00 00 04 ff 53 ff
4 0 1 0 0 0 6d 00 00 0 1 00 00 04 ff 54 ff
4 0 0 0 1 0 0c 00 ca 0 1 00 00 04 ff 54 ff
4 0 1 0 0 0 36 00 00 0 1 00 00 04 ff 55 ff
4 0 0 1 0 0 90 4b 00 0 1 00 00 04 ff 55 ff
4 0 1 0 0 0 0b 00 00 0 1 00 00 04 ff 56 ff
4 0 1 0 0 0 04 00 00 0 1 00 00 04 ff 57 ff
4 0 1 0 0 0 5b 00 00 0 1 00 00 04 ff 58 ff
4 0 0 1 0 0 c0 8b 00 0 1 00 00 04 ff 58 ff
4 0 0 0 1 0 6c 00 69 0 1 00 00 04 ff 58 ff
4 0 0 0 1 0 4d 00 f0 0 1 00 00 04 ff 58 ff
4 0 0 0 1 0 84 00 1a 0 1 00 00 04 ff 58 ff
4 0 1 0 0 0 fc 00 00 0 1 00 00 04 ff 59 ff
4 0 0 0 1 0 1f 00 df 0 1 00 00 04 ff 59 ff
4 0 0 0 1 0 b9 00 72 0 1 00 00 04 ff 59 ff
4 0 1 0 0 0 e4 00 00 0 1 00 00 04 ff 5a ff
4 0 0 0 1 0 2a 00 50 0 1 00 00 04 ff 5a ff
4 0 0 0 1 0 1a 00 b9 0 1 00 00 04 ff 5a ff
4 0 0 0 0 1 00 00 00 0 1 00 00 04 ff 5a ff
4 0 1 0 0 0 03 00 00 0 1 00 00 04 ff 5b ff
4 0 1 0 0 0 0c 00 00 0 1 00 00 04 ff 5c ff
4 0 0 0 1 0 0e 00 0c 0 1 00 00 04 ff 5c ff
4 0 1 0 0 0 0a 00 00 0 1 00 00 04 ff 5d ff
4 0 0 1 0 0 8f c7 00 0 1 00 00 04 ff 5d ff
4 0 1 0 0 0 a5 00 00 0 1 00 00 04 ff 5e ff
4 0 0 0 1 0 2d 00 8a 0 1 00 00 04 ff 5e ff
4 0 0 1 0 0 03 18 00 0 1 00 00 04 ff 5e ff
4 0 1 0 0 0 0d 00 00 0 1 00 00 04 ff 5f ff
4 0 0 0 0 0 0f 00 00 0 1 00 00 04 ff 5f ff
4 0 0 1 0 0 07 ef 00 0 1 00 00 04 ff 5f ff
4 0 0 1 0 0 77 36 00 0 1 00 00 04 ff 5f ff
4 0 1 0 0 0 1a 00 00 0 1 00 00 04 ff 60 ff
4 0 0 1 0 0 0a 2a 00 0 1 00 00 04 ff 60 ff
4 0 1 0 0 0 4d 00 00 0 1 00 00 04 ff 61 ff
4 0 1 0 0 0 0e 00 00 1 1 0c ff 05 ff 61 ff
4 0 0 0 1 0 ab 00 41 0 1 00 00 05 ff 61 ff
4 0 1 0 0 0 08 00 00 0 1 00 00 05 ff 62 ff
4 0 1 0 0 0 0c 00 00 0 1 00 00 05 ff 63 ff
4 0 0 1 0 0 0b 1d 00 0 1 00 00 05 ff 63 ff
4 0 0 1 0 0 99 ef 00 0 1 00 00 05 ff 63 ff
4 0 1 0 0 0 d7 00 00 0 1 00 00 05 ff 64 ff
4 0 0 0 1 0 0c 00 ca 0 1 00 00 05 ff 64 ff
4 0 0 0 0 0 0f 00 00 0 1 00 00 05 ff 64 ff
4 0 0 0 1 0 08 00 75 0 1 00 00 05 ff 64 ff
4 0 0 0 1 0 0a 00 2a 0 1 00 00 05 ff 64 ff
4 0 1 0 0 0 dc 00 00 0 1 00 00 05 ff 65 ff
4 0 1 0 0 0 e9 00 00 0 1 00 00 05 ff 66 ff
4 0 1 0 0 0 64 00 00 0 1 00 00 05 ff 67 ff
4 0 0 0 0 0 0d 00 00 0 1 00 00 05 ff 67 ff
4 0 1 0 0 0 08 00 00 1 1 75 ff 06 ff 67 ff
4 0 0 0 1 0 7a 00 03 0 1 00 00 06 ff 67 ff
4 0 1 0 0 0 3a 00 00 0 1 00 00 06 ff 68 ff
4 0 1 0 0 0 46 00 00 0 1 00 00 06 ff 69 ff
4 0 0 1 0 0 09 bb 00 0 1 00 00 06 ff 69 ff
4 0 1 0 0 0 01 00 00 0 1 00 00 06 ff 6a ff
4 0 1 0 0 0 e0 00 00 0 1 00 00 06 ff 6b ff
4 0 1 0 0 0 82 00 00 0 1 00 00 06 ff 6c ff
4 0 0 0 1 0 88 00 9f 0 1 00 00 06 ff 6c ff
4 0 1 0 0 0 02 00 00 0 1 00 00 06 ff 6d ff
4 0 0 1 0 0 0b f1 00 0 1 00 00 06 ff 6d ff
4 0 1 0 0 0 89 00 00 0 1 00 00 06 ff 6e ff
4 0 0 1 0 0 67 d2 00 0 1 00 00 06 ff 6e ff
4 0 1 0 0 0 10 00 00 0 1 00 00 06 ff 6f ff
4 0 1 0 0 0 00 00 00 0 1 00 00 06 ff 70 ff
4 0 1 0 0 0 b2 00 00 0 1 00 00 06 ff 71 ff
4 0 1 0 0 0 0c 00 00 1 1 ca ff 07 ff 71 ff
4 0 1 0 0 0 07 00 00 0 1 00 00 07 ff 72 ff
4 0 0 0 1 0 00 00 5d 0 1 00 00 07 ff 72 ff
4 0 0 0 0 0 02 00 00 0 1 00 00 07 ff 72 ff
4 0 1 0 0 0 01 00 00 0 1 00 00 07 ff 73 ff
4 0 0 0 1 0 e4 00 12 0 1 00 00 07 ff 73 ff
4 0 0 1 0 0 0b 27 00 0 1 00 00 07 ff 73 ff
4 0 1 0 0 0 08 00 00 0 1 00 00 07 ff 74 ff
4 0 0 0 0 0 ed 00 00 0 1 00 00 07 ff 74 ff
4 0 1 0 0 0 21 00 00 0 1 00 00 07 ff 75 ff
4 0 1 0 0 0 02 00 00 0 1 00 00 07 ff 76 ff
4 0 0 1 0 0 06 d3 00 0 1 00 00 07 ff 76 ff
4 0 1 0 0 0 0d 00 00 0 1 00 00 07 ff 77 ff
4 0 1 0 0 0 0f 00 00 0 1 00 00 07 ff 78 ff
4 0 1 0 0 0 01 00 00 0 1 00 00 07 ff 79 ff
4 0 1 0 0 0 08 00 00 0 1 00 00 07 ff 7a ff
4 0 0 0 1 0 0b 00 27 0 1 00 00 07 ff 7a ff
4 0 1 0 0 0 02 00 00 0 1 00 00 07 ff 7b ff
4 0 0 1 0 0 0f b6 00 0 1 00 00 07 ff 7b ff
4 0 0 0 1 0 64 00 77 0 1 00 00 07 ff 7b ff
4 0 0 0 1 0 a9 00 b0 0 1 00 00 07 ff 7b ff
4 0 1 0 0 0 f0 00 00 0 1 00 00 07 ff 7c ff
4 0 0 0 1 0 f2 00 76 0 1 00 00 07 ff 7c ff
4 0 0 0 1 0 05 00 f4 0 1 00 00 07 ff 7c ff
4 0 1 0 0 0 37 00 00 0 1 00 00 07 ff 7d ff
4 0 0 0 0 1 00 00 00 0 1 00 00 07 ff 7d ff
4 0 0 1 0 0 09 4b 00 0 1 00 00 07 ff 7d ff
4 0 1 0 0 0 0b 00 00 0 1 00 00 07 ff 7e ff
4 0 1 0 0 0 08 00 00 0 1 00 00 07 ff 7f ff
4 0 0 0 1 0 05 00 f4 0 1 00 00 07 ff 7f ff
4 0 0 1 0 0 0b be 00 0 1 00 00 07 ff 7f ff
4 0 1 0 0 0 0c 00 00 0 1 00 00 07 ff 80 ff
4 0 0 1 0 0 0e b1 00 0 1 00 00 07 ff 80 ff
4 0 1 0 0 0 19 00 00 0 1 00 00 07 ff 81 ff
4 0 1 0 0 0 9e 00 00 0 1 00 00 07 ff 82 ff
4 0 1 0 0 0 09 00 00 0 1 00 00 07 ff 83 ff
4 0 1 0 0 0 4c 00 00 0 1 00 00 07 ff 84 ff
4 0 0 0 1 0 04 00 0c 0 1 00 00 07 ff 84 ff
4 0 0 0 1 0 03 00 18 0 1 00 00 07 ff 84 ff
4 0 1 0 0 0 08 00 00 0 1 00 00 07 ff 85 ff
4 0 1 0 0 0 74 00 00 0 1 00 00 07 ff 86 ff
4 0 1 0 0 0 e8 00 00 0 1 00 00 07 ff 87 ff
4 0 0 0 1 0 92 00 0e 0 1 00 00 07 ff 87 ff
4 0 0 1 0 0 0f 0c 00 0 1 00 00 07 ff 87 ff
4 0 1 0 0 0 0e 00 00 0 1 00 00 07 ff 88 ff
4 0 0 1 0 0 0a 59 00 0 1 00 00 07 ff 88 ff
4 0 0 0 1 0 0e 00 b1 0 1 00 00 07 ff 88 ff
4 0 0 0 1 0 0e 00 b1 0 1 00 00 07 ff 88 ff
4 0 0 0 1 0 0e 00 b1 0 1 00 00 07 ff 88 ff
4 0 1 0 0 0 09 00 00 0 1 00 00 07 ff 89 ff
4 0 1 0 0 0 6c 00 00 0 1 00 00 07 ff 8a ff
4 0 0 0 1 0 95 00 e8 0 1 00 00 07 ff 8a ff
4 0 0 1 0 0 0d 58 00 0 1 00 00 07 ff 8a ff
4 0 1 0 0 0 03 00 00 1 1 18 ff 08 ff 8a ff
4 0 0 1 0 0 04 64 00 1 1 00 00 08 ff 8a ff
4 0 0 1 0 0 00 10 00 0 1 00 00 08 ff 8a ff
4 0 1 0 0 0 65 00 00 0 1 00 00 08 ff 8b ff
4 0 0 0 1 0 07 00 ef 0 1 00 00 08 ff 8b ff
4 0 0 1 0 0 0a 26 00 0 1 00 00 08 ff 8b ff
4 0 1 0 0 0 0e 00 00 1 1 b1 ff 09 ff 8b ff
4 0 0 0 0 0 8c 00 00 0 1 00 00 09 ff 8b ff
4 0 0 1 0 0 4e 9d 00 0 1 00 00 09 ff 8b ff
4 0 1 0 0 0 ad 00 00 0 1 00 00 09 ff 8c ff
4 0 0 0 1 0 08 00 75 0 1 00 00 09 ff 8c ff
4 0 0 0 1 0 0a 00 26 0 1 00 00 09 ff 8c ff
4 0 0 1 0 0 01 e6 00 0 1 00 00 09 ff 8c ff
4 0 0 0 0 0 0f 00 00 0 1 00 00 09 ff 8c ff
4 0 0 1 0 0 34 de 00 0 1 00 00 09 ff 8c ff
4 0 0 1 0 0 0b 0a 00 0 1 00 00 09 ff 8c ff
4 0 0 0 1 0 13 00 80 0 1 00 00 09 ff 8c ff
4 0 0 0 1 0 f0 00 f7 0 1 00 00 09 ff 8c ff
4 0 1 0 0 0 05 00 00 0 1 00 00 09 ff 8d ff
4 0 1 0 0 0 0f 00 00 0 1 00 00 09 ff 8e ff
4 0 0 1 0 0 f3 88 00 0 1 00 00 09 ff 8e ff
4 0 1 0 0 0 00 00 00 0 1 00 00 09 ff 8f ff
4 0 0 0 1 0 07 00 ef 0 1 00 00 09 ff 8f ff
4 0 0 0 1 0 0f 00 0c 0 1 00 00 09 ff 8f ff
4 0 1 0 0 0 b4 00 00 0 1 00 00 09 ff 90 ff
4 0 1 0 0 0 0d 00 00 0 1 00 00 09 ff 91 ff
4 0 0 1 0 0 5a 34 00 0 1 00 00 09 ff 91 ff
4 0 0 0 1 0 4a 00 ca 0 1 00 00 09 ff 91 ff
4 0 1 0 0 0 03 00 00 0 1 00 00 09 ff 92 ff
4 0 1 0 0 0 0f 00 00 1 1 0c ff 0a ff 92 ff
4 0 0 0 1 0 04 00 64 0 1 00 00 0a ff 92 ff
4 0 0 1 0 0 04 b9 00 1 1 00 00 0a ff 92 ff
4 0 0 0 1 0 40 00 df 0 1 00 00 0a ff 92 ff
4 0 1 0 0 0 04 00 00 1 1 b9 ff 0b ff 92 ff
4 0 1 0 0 0 09 00 00 0 1 00 00 0b ff 93 ff
4 0 1 0 0 0 09 00 00 0 1 00 00 0b ff 94 ff
4 0 1 0 0 0 24 00 00 0 1 00 00 0b ff 95 ff
4 0 1 0 0 0 9d 00 00 0 1 00 00 0b ff 96 ff
4 0 0 1 0 0 72 ea 00 0 1 00 00 0b ff 96 ff
4 0 1 0 0 0 8e 00 00 0 1 00 00 0b ff 97 ff
4 0 1 0 0 0 03 00 00 0 1 00 00 0b ff 98 ff
4 0 0 1 0 0 f0 53 00 0 1 00 00 0b ff 98 ff
4 0 1 0 0 0 37 00 00 0 1 00 00 0b ff 99 ff
4 0 1 0 0 0 02 00 00 0 1 00 00 0b ff 9a ff
4 0 0 0 1 0 06 00 d3 0 1 00 00 0b ff 9a ff
4 0 1 0 0 0 bb 00 00 0 1 00 00 0b ff 9b ff
4 0 1 0 0 0 07 00 00 0 1 00 00 0b ff 9c ff
4 0 1 0 0 0 5a 00 00 0 1 00 00 0b ff 9d ff
4 0 1 0 0 0 02 00 00 0 1 00 00 0b ff 9e ff
4 0 1 0 0 0 7d 00 00 0 1 00 00 0b ff 9f ff
4 0 1 0 0 0 3c 00 00 0 1 00 00 0b ff a0 ff
4 0 0 0 1 0 79 00 2a 0 1 00 00 0b ff a0 ff
4 0 1 0 0 0 b3 00 00 0 1 00 00 0b ff a1 ff
4 0 1 0 0 0 00 00 00 0 1 00 00 0b ff a2 ff
4 0 0 0 1 0 0b 00 0a 0 1 00 00 0b ff a2 ff
4 0 1 0 0 0 9a 00 00 0 1 00 00 0b ff a3 ff
4 0 0 0 0 0 01 00 00 0 1 00 00 0b ff a3 ff
4 0 0 0 0 0 a8 00 00 0 1 00 00 0b ff a3 ff
4 0 0 0 1 0 ac 00 c0 0 1 00 00 0b ff a3 ff
4 0 1 0 0 0 01 00 00 0 1 00 00 0b ff a4 ff
4 0 1 0 0 0 70 00 00 0 1 00 00 0b ff a5 ff
4 0 0 0 1 0 01 00 e6 0 1 00 00 0b ff a5 ff
4 0 0 0 1 0 ad 00 3e 0 1 00 00 0b ff a5 ff
4 0 0 1 0 0 06 94 00 1 1 00 00 0b ff a5 ff
4 0 0 0 1 0 04 00 b9 0 1 00 00 0b ff a5 ff
4 0 0 0 1 0 0a 00 26 0 1 00 00 0b ff a5 ff
4 0 1 0 0 0 0b 00 00 1 1 0a ff 0c ff a5 ff
4 0 0 0 1 0 00 00 10 0 1 00 00 0c ff a5 ff
4 0 0 0 1 0 02 00 f5 0 1 00 00 0c ff a5 ff
4 0 0 0 1 0 0a 00 26 0 1 00 00 0c ff a5 ff
4 0 1 0 0 0 dc 00 00 0 1 00 00 0c ff a6 ff
4 0 0 0 1 0 0c 00 ca 0 1 00 00 0c ff a6 ff
4 0 1 0 0 0 78 00 00 0 1 00 00 0c ff a7 ff
4 0 1 0 0 0 e2 00 00 0 1 00 00 0c ff a8 ff
4 0 0 1 0 0 07 5b 00 0 1 00 00 0c ff a8 ff
4 0 1 0 0 0 eb 00 00 0 1 00 00 0c ff a9 ff
4 0 1 0 0 0 03 00 00 0 1 00 00 0c ff aa ff
4 0 0 0 1 0 80 00 85 0 1 00 00 0c ff aa ff
4 0 1 0 0 0 46 00 00 0 1 00 00 0c ff ab ff
4 0 1 0 0 0 01 00 00 1 1 e6 ff 0d ff ab ff
4 0 0 1 0 0 0b b8 00 1 1 00 00 0d ff ab ff
4 0 0 0 1 0 05 00 f4 0 1 00 00 0d ff ab ff
4 0 1 0 0 0 05 00 00 1 1 f4 ff 0e ff ab ff
4 0 1 0 0 0 09 00 00 0 1 00 00 0e ff ac ff
4 0 1 0 0 0 0c 00 00 1 1 ca ff 0f ff ac ff
4 0 0 0 1 0 21 00 5d 0 1 00 00 0f ff ac ff
4 0 0 1 0 0 e8 eb 00 0 1 00 00 0f ff ac ff
4 0 1 0 0 0 08 00 00 0 1 00 00 0f ff ad ff
4 0 0 0 1 0 60 00 27 0 1 00 00 0f ff ad ff
4 0 0 0 0 0 75 00 00 0 1 00 00 0f ff ad ff
4 0 1 0 0 0 07 00 00 0 1 00 00 0f ff ae ff
4 0 1 0 0 0 3d 00 00 0 1 00 00 0f ff af ff
4 0 1 0 0 0 0d 00 00 0 1 00 00 0f ff b0 ff
4 0 0 1 0 0 d2 40 00 0 1 00 00 0f ff b0 ff
4 0 1 0 0 0 02 00 00 0 1 00 00 0f ff b1 ff
4 0 1 0 0 0 61 00 00 0 1 00 00 0f ff b2 ff
4 0 0 0 0 1 00 00 00 0 1 00 00 0f ff b2 ff
4 0 0 0 1 0 c9 00 a3 0 1 00 00 0f ff b2 ff
4 0 0 0 1 0 76 00 4a 0 1 00 00 0f ff b2 ff
4 0 0 0 1 0 16 00 2b 0 1 00 00 0f ff b2 ff
4 0 0 0 0 1 00 00 00 0 1 00 00 0f ff b2 ff
4 0 0 0 1 0 03 00 18 0 1 00 00 0f ff b2 ff
4 0 0 0 1 0 08 00 75 0 1 00 00 0f ff b2 ff
4 0 0 0 1 0 35 00 ca 0 1 00 00 0f ff b2 ff
4 0 0 1 0 0 0b 81 00 0 1 00 00 0f ff b2 ff
4 0 1 0 0 0 02 00 00 0 1 00 00 0f ff b3 ff
4 0 0 0 1 0 93 00 85 0 1 00 00 0f ff b3 ff
4 0 1 0 0 0 03 00 00 0 1 00 00 0f ff b4 ff
4 0 1 0 0 0 66 00 00 0 1 00 00 0f ff b5 ff
4 0 1 0 0 0 09 00 00 0 1 00 00 0f ff b6 ff
4 0 0 0 1 0 0d 00 58 0 1 00 00 0f ff b6 ff
4 0 1 0 0 0 4f 00 00 0 1 00 00 0f ff b7 ff
4 0 1 0 0 0 30 00 00 0 1 00 00 0f ff b8 ff
4 0 1 0 0 0 12 00 00 0 1 00 00 0f ff b9 ff
4 0 0 0 1 0 46 00 15 0 1 00 00 0f ff b9 ff
4 0 1 0 0 0 ba 00 00 0 1 00 00 0f ff ba ff
4 0 1 0 0 0 1d 00 00 0 1 00 00 0f ff bb ff
4 0 1 0 0 0 15 00 00 0 1 00 00 0f ff bc ff
4 0 1 0 0 0 67 00 00 0 1 00 00 0f ff bd ff
4 0 1 0 0 0 f0 00 00 0 1 00 00 0f ff be ff
4 0 0 1 0 0 5a 81 00 0 1 00 00 0f ff be ff
4 0 1 0 0 0 58 00 00 0 1 00 00 0f ff bf ff
4 0 1 0 0 0 10 00 00 0 1 00 00 0f ff c0 ff
4 0 1 0 0 0 7d 00 00 0 1 00 00 0f ff c1 ff
4 0 1 0 0 0 d9 00 00 0 1 00 00 0f ff c2 ff
4 0 1 0 0 0 0a 00 00 0 1 00 00 0f ff c3 ff
4 0 0 1 0 0 e0 a9 00 0 1 00 00 0f ff c3 ff
4 0 0 0 0 1 00 00 00 0 1 00 00 0f ff c3 ff
4 0 0 1 0 0 05 c6 00 0 1 00 00 0f ff c3 ff
4 0 0 0 1 0 0a 00 26 0 1 00 00 0f ff c3 ff
4 0 1 0 0 0 7c 00 00 0 1 00 00 0f ff c4 ff
4 0 1 0 0 0 93 00 00 0 1 00 00 0f ff c5 ff
4 0 0 0 1 0 4c 00 50 0 1 00 00 0f ff c5 ff
4 0 0 0 1 0 94 00 58 0 1 00 00 0f ff c5 ff
4 0 0 0 1 0 0f 00 0c 0 1 00 00 0f ff c5 ff
4 0 0 1 0 0 03 c8 00 0 1 00 00 0f ff c5 ff
4 0 1 0 0 0 02 00 00 0 1 00 00 0f ff c6 ff
4 0 1 0 0 0 2b 00 00 0 1 00 00 0f ff c7 ff
4 0 1 0 0 0 fb 00 00 0 1 00 00 0f ff c8 ff
4 0 1 0 0 0 08 00 00 0 1 00 00 0f ff c9 ff
4 1 0 0 0 0 08 00 00 0 1 00 00 00 ff 00 ff
4 0 0 0 1 0 0c 00 ca 0 1 00 00 00 ff 00 ff
4 0 1 0 0 0 0e 00 00 0 1 00 00 00 ff 01 ff
4 0 0 0 1 0 0a 00 26 0 1 00 00 00 ff 01 ff
4 0 0 1 0 0 ba ff 00 0 1 00 00 00 ff 01 ff
4 0 1 0 0 0 d5 00 00 0 1 00 00 00 ff 02 ff
4 0 1 0 0 0 03 00 00 0 1 00 00 00 ff 03 ff
4 0 0 0 0 1 00 00 00 0 1 00 00 00 ff 03 ff
4 0 1 0 0 0 0a 00 00 0 1 00 00 00 ff 04 ff
4 0 0 1 0 0 0c ac 00 0 1 00 00 00 ff 04 ff
4 0 0 1 0 0 0c aa 00 0 1 00 00 00 ff 04 ff
4 0 1 0 0 0 0e 00 00 0 1 00 00 00 ff 05 ff
4 0 1 0 0 0 f4 00 00 0 1 00 00 00 ff 06 ff
4 0 0 0 1 0 8b 00 16 0 1 00 00 00 ff 06 ff
4 0 1 0 0 0 de 00 00 0 1 00 00 00 ff 07 ff
4 0 1 0 0 0 d1 00 00 0 1 00 00 00 ff 08 ff
4 0 0 0 1 0 b2 00 af 0 1 00 00 00 ff 08 ff
4 0 1 0 0 0 0a 00 00 0 1 00 00 00 ff 09 ff
4 0 0 0 0 0 03 00 00 0 1 00 00 00 ff 09 ff
4 0 0 0 1 0 79 00 2a 0 1 00 00 00 ff 09 ff
4 0 0 1 0 0 0f 71 00 0 1 00 00 00 ff 09 ff
4 0 1 0 0 0 5b 00 00 0 1 00 00 00 ff 0a ff
4 0 0 0 1 0 0d 00 58 0 1 00 00 00 ff 0a ff
4 0 0 0 0 0 08 00 00 0 1 00 00 00 ff 0a ff
4 0 1 0 0 0 30 00 00 0 1 00 00 00 ff 0b ff
4 0 0 0 1 0 0b 00 81 0 1 00 00 00 ff 0b ff
4 0 1 0 0 0 06 00 00 0 1 00 00 00 ff 0c ff
4 0 0 0 1 0 b7 00 3b 0 1 00 00 00 ff 0c ff
4 0 1 0 0 0 06 00 00 0 1 00 00 00 ff 0d ff
4 0 0 0 1 0 0f 00 71 0 1 00 00 00 ff 0d ff
4 0 1 0 0 0 00 00 00 0 1 00 00 00 ff 0e ff
4 0 1 0 0 0 09 00 00 0 1 00 00 00 ff 0f ff
4 0 0 1 0 0 05 e7 00 0 1 00 00 00 ff 0f ff
4 0 0 1 0 0 09 07 00 0 1 00 00 00 ff 0f ff
4 0 1 0 0 0 0c 00 00 0 1 00 00 00 ff 10 ff
4 0 1 0 0 0 08 00 00 0 1 00 00 00 ff 11 ff
4 0 1 0 0 0 7d 00 00 0 1 00 00 00 ff 12 ff
4 0 1 0 0 0 0b 00 00 1 1 81 ff 01 ff 12 ff
4 0 0 1 0 0 04 31 00 0 1 00 00 01 ff 12 ff
4 0 1 0 0 0 0c 00 00 0 1 00 00 01 ff 13 ff
4 0 0 1 0 0 b3 cf 00 0 1 00 00 01 ff 13 ff
4 0 1 0 0 0 0b 00 00 1 1 81 ff 02 ff 13 ff
4 0 1 0 0 0 ad 00 00 0 1 00 00 02 ff 14 ff
4 0 0 0 1 0 09 00 07 0 1 00 00 02 ff 14 ff
4 0 1 0 0 0 6e 00 00 0 1 00 00 02 ff 15 ff
4 0 0 1 0 0 01 2a 00 0 1 00 00 02 ff 15 ff
4 0 0 1 0 0 28 c4 00 0 1 00 00 02 ff 15 ff
4 0 1 0 0 0 cd 00 00 0 1 00 00 02 ff 16 ff
4 0 1 0 0 0 19 00 00 0 1 00 00 02 ff 17 ff
4 0 0 0 1 0 0e 00 b1 0 1 00 00 02 ff 17 ff
4 0 0 0 1 0 9b 00 26 0 1 00 00 02 ff 17 ff
4 0 0 0 1 0 eb 00 57 0 1 00 00 02 ff 17 ff
4 0 0 1 0 0 02 5d 00 0 1 00 00 02 ff 17 ff
4 0 0 0 1 0 0f 00 71 0 1 00 00 02 ff 17 ff
4 0 0 0 1 0 7b 00 4c 0 1 00 00 02 ff 17 ff
4 0 1 0 0 0 20 00 00 0 1 00 00 02 ff 18 ff
4 0 0 0 1 0 00 00 10 0 1 00 00 02 ff 18 ff
4 0 0 0 1 0 56 00 2a 0 1 00 00 02 ff 18 ff
4 0 0 0 1 0 0b 00 81 0 1 00 00 02 ff 18 ff
4 0 1 0 0 0 0e 00 00 0 1 00 00 02 ff 19 ff
4 0 1 0 0 0 72 00 00 0 1 00 00 02 ff 1a ff
4 0 0 1 0 0 01 30 00 0 1 00 00 02 ff 1a ff
4 0 0 1 0 0 44 ae 00 0 1 00 00 02 ff 1a ff
4 0 0 0 1 0 02 00 5d 0 1 00 00 02 ff 1a ff
4 0 1 0 0 0 0f 00 00 1 1 71 ff 03 ff 1a ff
4 0 0 0 0 0 3d 00 00 0 1 00 00 03 ff 1a ff
4 0 0 0 1 0 06 00 94 0 1 00 00 03 ff 1a ff
4 0 0 0 0 0 01 00 00 0 1 00 00 03 ff 1a ff
4 0 0 0 1 0 e8 00 eb 0 1 00 00 03 ff 1a ff
4 0 1 0 0 0 ca 00 00 0 1 00 00 03 ff 1b ff
4 0 1 0 0 0 53 00 00 0 1 00 00 03 ff 1c ff
4 0 1 0 0 0 00 00 00 0 1 00 00 03 ff 1d ff
4 0 1 0 0 0 1c 00 00 0 1 00 00 03 ff 1e ff
4 0 1 0 0 0 45 00 00 0 1 00 00 03 ff 1f ff
4 0 0 0 1 0 01 00 30 0 1 00 00 03 ff 1f ff
4 0 0 0 1 0 20 00 fd 0 1 00 00 03 ff 1f ff
4 0 0 0 1 0 1e 00 70 0 1 00 00 03 ff 1f ff
4 0 1 0 0 0 4e 00 00 0 1 00 00 03 ff 20 ff
4 0 1 0 0 0 06 00 00 0 1 00 00 03 ff 21 ff
4 0 0 0 1 0 14 00 4d 0 1 00 00 03 ff 21 ff
4 0 0 0 1 0 2c 00 0b 0 1 00 00 03 ff 21 ff
4 0 1 0 0 0 05 00 00 0 1 00 00 03 ff 22 ff
4 0 0 1 0 0 ac 82 00 0 1 00 00 03 ff 22 ff
4 0 0 0 1 0 00 00 10 0 1 00 00 03 ff 22 ff
4 0 0 0 1 0 3e 00 65 0 1 00 00 03 ff 22 ff
4 0 0 1 0 0 0a df 00 0 1 00 00 03 ff 22 ff
4 0 0 0 1 0 2f 00 ba 0 1 00 00 03 ff 22 ff
4 0 1 0 0 0 04 00 00 0 1 00 00 03 ff 23 ff
4 0 0 1 0 0 0b 07 00 1 1 00 00 03 ff 23 ff
4 0 0 0 1 0 07 00 5b 0 1 00 00 03 ff 23 ff
4 0 0 0 0 0 70 00 00 0 1 00 00 03 ff 23 ff
4 0 1 0 0 0 85 00 00 0 1 00 00 03 ff 24 ff
4 0 0 1 0 0 04 a9 00 0 1 00 00 03 ff 24 ff
4 0 0 0 1 0 0e 00 b1 0 1 00 00 03 ff 24 ff
4 0 0 1 0 0 02 48 00 1 1 00 00 03 ff 24 ff
4 0 1 0 0 0 29 00 00 0 1 00 00 03 ff 25 ff
4 0 0 1 0 0 03 13 00 0 1 00 00 03 ff 25 ff
4 0 0 1 0 0 08 b1 00 0 1 00 00 03 ff 25 ff
4 0 0 0 1 0 c0 00 8b 0 1 00 00 03 ff 25 ff
4 0 1 0 0 0 b5 00 00 0 1 00 00 03 ff 26 ff
4 0 1 0 0 0 bd 00 00 0 1 00 00 03 ff 27 ff
4 0 1 0 0 0 0d 00 00 1 1 58 ff 04 ff 27 ff
4 0 0 0 0 0 d5 00 00 0 1 00 00 04 ff 27 ff
4 0 0 0 1 0 f3 00 88 0 1 00 00 04 ff 27 ff
4 0 1 0 0 0 04 00 00 0 1 00 00 04 ff 28 ff
4 0 0 1 0 0 5f c2 00 0 1 00 00 04 ff 28 ff
4 0 0 0 0 1 00 00 00 0 1 00 00 04 ff 28 ff
4 0 1 0 0 0 0f 00 00 0 1 00 00 04 ff 29 ff
4 0 0 0 0 0 e4 00 00 0 1 00 00 04 ff 29 ff
4 0 0 0 1 0 0c 00 aa 0 1 00 00 04 ff 29 ff
4 0 0 1 0 0 0f d8 00 0 1 00 00 04 ff 29 ff
4 0 1 0 0 0 04 00 00 0 1 00 00 04 ff 2a ff
4 0 0 0 1 0 01 00 30 0 1 00 00 04 ff 2a ff
4 0 0 1 0 0 0a 6c 00 0 1 00 00 04 ff 2a ff
4 0 1 0 0 0 08 00 00 0 1 00 00 04 ff 2b ff
4 0 1 0 0 0 0d 00 00 0 1 00 00 04 ff 2c ff
4 0 0 0 1 0 06 00 94 0 1 00 00 04 ff 2c ff
4 0 0 1 0 0 ca 1a 00 0 1 00 00 04 ff 2c ff
4 0 1 0 0 0 02 00 00 0 1 00 00 04 ff 2d ff
4 0 1 0 0 0 05 00 00 0 1 00 00 04 ff 2e ff
4 0 0 0 1 0 38 00 09 0 1 00 00 04 ff 2e ff
4 0 0 1 0 0 f1 7d 00 0 1 00 00 04 ff 2e ff
4 0 0 0 1 0 15 00 93 0 1 00 00 04 ff 2e ff
4 0 0 0 1 0 83 00 6b 0 1 00 00 04 ff 2e ff
4 0 1 0 0 0 96 00 00 0 1 00 00 04 ff 2f ff
4 0 0 0 0 0 0a 00 00 0 1 00 00 04 ff 2f ff
4 0 1 0 0 0 8e 00 00 0 1 00 00 04 ff 30 ff
4 0 0 0 1 0 0b 00 07 0 1 00 00 04 ff 30 ff
4 0 0 1 0 0 18 4d 00 0 1 00 00 04 ff 30 ff
4 0 0 1 0 0 4d 41 00 0 1 00 00 04 ff 30 ff
4 0 1 0 0 0 76 00 00 0 1 00 00 04 ff 31 ff
4 0 0 0 1 0 ef 00 2d 0 1 00 00 04 ff 31 ff
4 0 1 0 0 0 00 00 00 0 1 00 00 04 ff 32 ff
4 0 0 1 0 0 5b a3 00 0 1 00 00 04 ff 32 ff
4 0 0 0 1 0 03 00 13 0 1 00 00 04 ff 32 ff
4 0 0 0 1 0 02 00 48 0 1 00 00 04 ff 32 ff
4 0 1 0 0 0 04 00 00 0 1 00 00 04 ff 33 ff
4 0 0 0 1 0 0b 00 07 0 1 00 00 04 ff 33 ff
4 0 0 0 0 0 0a 00 00 0 1 00 00 04 ff 33 ff
4 0 0 0 1 0 08 00 b1 0 1 00 00 04 ff 33 ff
4 0 1 0 0 0 cf 00 00 0 1 00 00 04 ff 34 ff
4 0 1 0 0 0 b1 00 00 0 1 00 00 04 ff 35 ff
4 0 0 1 0 0 01 e4 00 1 1 00 00 04 ff 35 ff
4 0 1 0 0 0 0c 00 00 1 1 aa ff 05 ff 35 ff
4 0 0 0 1 0 03 00 13 0 1 00 00 05 ff 35 ff
4 0 0 0 1 0 0c 00 aa 0 1 00 00 05 ff 35 ff
4 0 0 0 0 0 47 00 00 0 1 00 00 05 ff 35 ff
4 0 0 1 0 0 0f 6a 00 0 1 00 00 05 ff 35 ff
4 1 0 0 0 0 03 00 00 0 1 00 00 00 ff 00 ff
4 0 1 0 0 0 02 00 00 0 1 00 00 00 ff 01 ff
4 0 0 1 0 0 01 71 00 0 1 00 00 00 ff 01 ff
4 0 1 0 0 0 8f 00 00 0 1 00 00 00 ff 02 ff
4 0 0 0 1 0 f8 00 60 0 1 00 00 00 ff 02 ff
4 0 0 0 0 0 fb 00 00 0 1 00 00 00 ff 02 ff
4 0 1 0 0 0 04 00 00 0 1 00 00 00 ff 03 ff
4 0 0 1 0 0 08 16 00 0 1 00 00 00 ff 03 ff
4 0 0 0 1 0 e8 00 eb 0 1 00 00 00 ff 03 ff
4 0 1 0 0 0 08 00 00 0 1 00 00 00 ff 04 ff
4 0 1 0 0 0 50 00 00 0 1 00 00 00 ff 05 ff
4 0 1 0 0 0 d9 00 00 0 1 00 00 00 ff 06 ff
4 0 0 1 0 0 c7 c8 00 0 1 00 00 00 ff 06 ff
4 0 1 0 0 0 0f 00 00 0 1 00 00 00 ff 07 ff
4 0 1 0 0 0 09 00 00 0 1 00 00 00 ff 08 ff
4 0 0 1 0 0 4a 2c 00 0 1 00 00 00 ff 08 ff
4 0 0 0 0 0 5f 00 00 0 1 00 00 00 ff 08 ff
4 0 0 0 1 0 02 00 48 0 1 00 00 00 ff 08 ff
4 0 1 0 0 0 0a 00 00 0 1 00 00 00 ff 09 ff
4 0 1 0 0 0 09 00 00 0 1 00 00 00 ff 0a ff
4 0 1 0 0 0 04 00 00 0 1 00 00 00 ff 0b ff
4 0 0 1 0 0 0d f3 00 0 1 00 00 00 ff 0b ff
4 0 0 1 0 0 8a b8 00 0 1 00 00 00 ff 0b ff
4 0 0 0 0 0 01 00 00 0 1 00 00 00 ff 0b ff
4 0 1 0 0 0 09 00 00 0 1 00 00 00 ff 0c ff
4 0 1 0 0 0 03 00 00 0 1 00 00 00 ff 0d ff
4 0 0 1 0 0 ad f3 00 0 1 00 00 00 ff 0d ff
4 0 1 0 0 0 1f 00 00 0 1 00 00 00 ff 0e ff
4 0 1 0 0 0 05 00 00 0 1 00 00 00 ff 0f ff
4 0 0 1 0 0 43 0d 00 0 1 00 00 00 ff 0f ff
4 0 0 1 0 0 03 19 00 0 1 00 00 00 ff 0f ff
4 0 1 0 0 0 01 00 00 0 1 00 00 00 ff 10 ff
4 0 1 0 0 0 06 00 00 0 1 00 00 00 ff 11 ff
4 0 0 0 1 0 08 00 16 0 1 00 00 00 ff 11 ff
4 0 1 0 0 0 0b 00 00 0 1 00 00 00 ff 12 ff
4 0 1 0 0 0 0e 00 00 0 1 00 00 00 ff 13 ff
4 0 0 1 0 0 08 e6 00 1 1 00 00 00 ff 13 ff
4 0 0 0 1 0 74 00 12 0 1 00 00 00 ff 13 ff
4 0 0 0 0 0 08 00 00 0 1 00 00 00 ff 13 ff
4 0 0 1 0 0 04 5f 00 0 1 00 00 00 ff 13 ff
4 0 0 0 0 1 00 00 00 0 1 00 00 00 ff 13 ff
4 0 0 0 1 0 08 00 e6 0 1 00 00 00 ff 13 ff
4 0 0 0 1 0 07 00 5b 0 1 00 00 00 ff 13 ff
4 0 1 0 0 0 04 00 00 0 1 00 00 00 ff 14 ff
4 0 0 0 1 0 2b 00 b6 0 1 00 00 00 ff 14 ff
4 0 1 0 0 0 35 00 00 0 1 00 00 00 ff 15 ff
4 0 0 0 1 0 0f 00 6a 0 1 00 00 00 ff 15 ff
4 0 1 0 0 0 03 00 00 0 1 00 00 00 ff 16 ff
4 0 1 0 0 0 0b 00 00 0 1 00 00 00 ff 17 ff
4 0 0 1 0 0 00 84 00 0 1 00 00 00 ff 17 ff
4 0 1 0 0 0 0d 00 00 0 1 00 00 00 ff 18 ff
4 0 1 0 0 0 0f 00 00 1 1 6a ff 01 ff 18 ff
4 0 1 0 0 0 0a 00 00 0 1 00 00 01 ff 19 ff
4 0 0 1 0 0 bd c7 00 0 1 00 00 01 ff 19 ff
4 0 0 0 1 0 03 00 19 0 1 00 00 01 ff 19 ff
4 0 0 0 1 0 b7 00 3b 0 1 00 00 01 ff 19 ff
4 0 1 0 0 0 85 00 00 0 1 00 00 01 ff 1a ff
4 0 0 1 0 0 69 b2 00 0 1 00 00 01 ff 1a ff
4 0 0 0 0 0 04 00 00 0 1 00 00 01 ff 1a ff
4 0 1 0 0 0 07 00 00 0 1 00 00 01 ff 1b ff
4 0 1 0 0 0 ab 00 00 0 1 00 00 01 ff 1c ff
4 0 1 0 0 0 65 00 00 0 1 00 00 01 ff 1d ff
4 0 0 0 1 0 08 00 e6 0 1 00 00 01 ff 1d ff
4 0 0 0 1 0 41 00 bb 0 1 00 00 01 ff 1d ff
4 0 1 0 0 0 06 00 00 0 1 00 00 01 ff 1e ff
4 0 1 0 0 0 0e 00 00 0 1 00 00 01 ff 1f ff
4 0 1 0 0 0 4e 00 00 0 1 00 00 01 ff 20 ff
4 0 1 0 0 0 06 00 00 0 1 00 00 01 ff 21 ff
4 0 1 0 0 0 04 00 00 0 1 00 00 01 ff 22 ff
4 0 1 0 0 0 48 00 00 0 1 00 00 01 ff 23 ff
4 0 0 0 1 0 46 00 15 0 1 00 00 01 ff 23 ff
4 0 1 0 0 0 09 00 00 0 1 00 00 01 ff 24 ff
4 0 1 0 0 0 2f 00 00 0 1 00 00 01 ff 25 ff
4 0 1 0 0 0 04 00 00 0 1 00 00 01 ff 26 ff
4 0 0 0 1 0 08 00 e6 0 1 00 00 01 ff 26 ff
4 0 0 0 1 0 07 00 5b 0 1 00 00 01 ff 26 ff
4 0 1 0 0 0 0a 00 00 0 1 00 00 01 ff 27 ff
4 0 0 1 0 0 01 95 00 0 1 00 00 01 ff 27 ff
4 0 1 0 0 0 e1 00 00 0 1 00 00 01 ff 28 ff
4 0 0 0 0 0 d7 00 00 0 1 00 00 01 ff 28 ff
4 0 0 0 1 0 05 00 e7 0 1 00 00 01 ff 28 ff
4 0 0 0 1 0 7c 00 9f 0 1 00 00 01 ff 28 ff
4 0 1 0 0 0 06 00 00 0 1 00 00 01 ff 29 ff
4 0 1 0 0 0 0f 00 00 0 1 00 00 01 ff 2a ff
4 0 0 0 1 0 0d 00 f3 0 1 00 00 01 ff 2a ff
4 0 1 0 0 0 04 00 00 0 1 00 00 01 ff 2b ff
4 0 0 0 1 0 00 00 84 0 1 00 00 01 ff 2b ff
4 0 0 0 0 1 00 00 00 0 1 00 00 01 ff 2b ff
4 0 0 0 1 0 04 00 5f 0 1 00 00 01 ff 2b ff
4 0 0 0 1 0 0e 00 b1 0 1 00 00 01 ff 2b ff
4 0 1 0 0 0 07 00 00 0 1 00 00 01 ff 2c ff
4 0 0 0 1 0 01 00 95 0 1 00 00 01 ff 2c ff
4 0 1 0 0 0 ef 00 00 0 1 00 00 01 ff 2d ff
4 0 0 1 0 0 02 30 00 0 1 00 00 01 ff 2d ff
4 0 0 1 0 0 06 35 00 0 1 00 00 01 ff 2d ff
4 0 1 0 0 0 95 00 00 0 1 00 00 01 ff 2e ff
4 0 0 0 0 0 27 00 00 0 1 00 00 01 ff 2e ff
4 0 1 0 0 0 b8 00 00 0 1 00 00 01 ff 2f ff
4 0 0 1 0 0 0a 11 00 0 1 00 00 01 ff 2f ff
4 0 0 1 0 0 f4 cf 00 0 1 00 00 01 ff 2f ff
4 0 1 0 0 0 9f 00 00 0 1 00 00 01 ff 30 ff
4 0 0 1 0 0 75 f0 00 0 1 00 00 01 ff 30 ff
4 0 0 1 0 0 49 fb 00 0 1 00 00 01 ff 30 ff
4 0 1 0 0 0 0a 00 00 0 1 00 00 01 ff 31 ff
4 0 0 0 1 0 32 00 b8 0 1 00 00 01 ff 31 ff
4 0 0 1 0 0 01 dc 00 1 1 00 00 01 ff 31 ff
4 0 0 1 0 0 f2 ab 00 0 1 00 00 01 ff 31 ff
4 0 1 0 0 0 bf 00 00 0 1 00 00 01 ff 32 ff
4 0 0 0 0 0 0a 00 00 0 1 00 00 01 ff 32 ff
4 0 0 0 1 0 f2 00 ab 0 1 00 00 01 ff 32 ff
4 0 0 0 1 0 0e 00 b1 0 1 00 00 01 ff 32 ff
4 0 1 0 0 0 09 00 00 0 1 00 00 01 ff 33 ff
4 0 0 0 1 0 31 00 76 0 1 00 00 01 ff 33 ff
4 0 0 0 1 0 07 00 5b 0 1 00 00 01 ff 33 ff
4 0 0 0 1 0 04 00 5f 0 1 00 00 01 ff 33 ff
4 0 0 0 1 0 38 00 09 0 1 00 00 01 ff 33 ff
4 0 0 1 0 0 04 cf 00 1 1 00 00 01 ff 33 ff
4 0 1 0 0 0 06 00 00 0 1 00 00 01 ff 34 ff
4 0 1 0 0 0 62 00 00 0 1 00 00 01 ff 35 ff
4 0 1 0 0 0 0f 00 00 0 1 00 00 01 ff 36 ff
4 0 0 0 1 0 54 00 f5 0 1 00 00 01 ff 36 ff
4 0 0 0 1 0 0f 00 6a 0 1 00 00 01 ff 36 ff
4 0 0 0 1 0 16 00 2b 0 1 00 00 01 ff 36 ff
4 0 1 0 0 0 37 00 00 0 1 00 00 01 ff 37 ff
4 0 1 0 0 0 0f 00 00 1 1 6a ff 02 ff 37 ff
4 0 0 0 1 0 50 00 2b 0 1 00 00 02 ff 37 ff
4 0 1 0 0 0 59 00 00 0 1 00 00 02 ff 38 ff
4 0 0 1 0 0 51 24 00 0 1 00 00 02 ff 38 ff
4 0 1 0 0 0 0d 00 00 0 1 00 00 02 ff 39 ff
4 0 1 0 0 0 02 00 00 0 1 00 00 02 ff 3a ff
4 0 0 0 1 0 f3 00 88 0 1 00 00 02 ff 3a ff
4 0 1 0 0 0 04 00 00 0 1 00 00 02 ff 3b ff
4 0 1 0 0 0 9c 00 00 0 1 00 00 02 ff 3c ff
4 0 0 1 0 0 08 64 00 0 1 00 00 02 ff 3c ff
4 0 0 0 1 0 44 00 ae 0 1 00 00 02 ff 3c ff
4 0 0 0 1 0 08 00 64 0 1 00 00 02 ff 3c ff
4 0 1 0 0 0 3a 00 00 0 1 00 00 02 ff 3d ff
4 0 1 0 0 0 02 00 00 0 1 00 00 02 ff 3e ff
4 0 1 0 0 0 06 00 00 0 1 00 00 02 ff 3f ff
4 0 1 0 0 0 66 00 00 0 1 00 00 02 ff 40 ff
4 0 0 0 1 0 0c 00 aa 0 1 00 00 02 ff 40 ff
4 0 0 1 0 0 c1 b4 00 0 1 00 00 02 ff 40 ff
4 0 0 1 0 0 0d ef 00 0 1 00 00 02 ff 40 ff
4 0 0 0 0 0 e7 00 00 0 1 00 00 02 ff 40 ff
4 0 0 0 1 0 3a 00 37 0 1 00 00 02 ff 40 ff
4 0 1 0 0 0 05 00 00 0 1 00 00 02 ff 41 ff
4 0 0 0 1 0 3d 00 a9 0 1 00 00 02 ff 41 ff
4 0 1 0 0 0 44 00 00 0 1 00 00 02 ff 42 ff
4 0 0 0 1 0 74 00 12 0 1 00 00 02 ff 42 ff
4 0 1 0 0 0 09 00 00 0 1 00 00 02 ff 43 ff
4 0 0 1 0 0 08 82 00 1 1 00 00 02 ff 43 ff
4 0 1 0 0 0 ed 00 00 0 1 00 00 02 ff 44 ff
4 0 0 0 1 0 03 00 19 0 1 00 00 02 ff 44 ff
4 0 1 0 0 0 8a 00 00 0 1 00 00 02 ff 45 ff
4 0 1 0 0 0 aa 00 00 0 1 00 00 02 ff 46 ff
4 0 1 0 0 0 0d 00 00 0 1 00 00 02 ff 47 ff
4 0 0 1 0 0 2a 7b 00 0 1 00 00 02 ff 47 ff
4 0 0 0 1 0 81 00 18 0 1 00 00 02 ff 47 ff
4 0 0 0 1 0 a9 00 b0 0 1 00 00 02 ff 47 ff
4 0 0 0 0 1 00 00 00 0 1 00 00 02 ff 47 ff
4 0 1 0 0 0 6e 00 00 0 1 00 00 02 ff 48 ff
4 0 0 1 0 0 13 6a 00 0 1 00 00 02 ff 48 ff
4 0 1 0 0 0 95 00 00 0 1 00 00 02 ff 49 ff
4 0 1 0 0 0 02 00 00 0 1 00 00 02 ff 4a ff
4 0 0 1 0 0 76 66 00 0 1 00 00 02 ff 4a ff
4 0 0 1 0 0 e8 8e 00 0 1 00 00 02 ff 4a ff
4 0 1 0 0 0 03 00 00 0 1 00 00 02 ff 4b ff
4 0 1 0 0 0 da 00 00 0 1 00 00 02 ff 4c ff
4 0 0 0 1 0 42 00 5c 0 1 00 00 02 ff 4c ff
4 0 0 0 1 0 0f 00 6a 0 1 00 00 02 ff 4c ff
4 0 1 0 0 0 76 00 00 0 1 00 00 02 ff 4d ff
4 0 1 0 0 0 2d 00 00 0 1 00 00 02 ff 4e ff
4 0 0 0 1 0 90 00 4b 0 1 00 00 02 ff 4e ff
4 0 1 0 0 0 04 00 00 0 1 00 00 02 ff 4f ff
4 0 1 0 0 0 05 00 00 0 1 00 00 02 ff 50 ff
4 0 0 0 1 0 a6 00 b2 0 1 00 00 02 ff 50 ff
4 0 1 0 0 0 e4 00 00 0 1 00 00 02 ff 51 ff
4 0 0 0 1 0 06 00 35 0 1 00 00 02 ff 51 ff
4 0 0 0 1 0 cd 00 5b 0 1 00 00 02 ff 51 ff
4 0 0 1 0 0 05 93 00 0 1 00 00 02 ff 51 ff
4 0 1 0 0 0 07 00 00 0 1 00 00 02 ff 52 ff
4 0 0 0 1 0 25 00 a6 0 1 00 00 02 ff 52 ff
4 0 1 0 0 0 08 00 00 0 1 00 00 02 ff 53 ff
4 0 1 0 0 0 73 00 00 0 1 00 00 02 ff 54 ff
4 0 1 0 0 0 0f 00 00 1 1 6a ff 03 ff 54 ff
4 0 0 0 1 0 07 00 5b 0 1 00 00 03 ff 54 ff
4 0 0 0 1 0 61 00 f3 0 1 00 00 03 ff 54 ff
4 0 0 0 0 1 00 00 00 0 1 00 00 03 ff 54 ff
4 0 1 0 0 0 0a 00 00 0 1 00 00 03 ff 55 ff
4 0 0 0 0 0 62 00 00 0 1 00 00 03 ff 55 ff
4 0 1 0 0 0 dc 00 00 0 1 00 00 03 ff 56 ff
4 0 0 1 0 0 12 64 00 0 1 00 00 03 ff 56 ff
4 0 1 0 0 0 02 00 00 0 1 00 00 03 ff 57 ff
4 0 0 0 0 0 0f 00 00 0 1 00 00 03 ff 57 ff
4 0 1 0 0 0 09 00 00 0 1 00 00 03 ff 58 ff
4 0 1 0 0 0 29 00 00 0 1 00 00 03 ff 59 ff
4 0 0 0 1 0 06 00 35 0 1 00 00 03 ff 59 ff
4 0 1 0 0 0 08 00 00 0 1 00 00 03 ff 5a ff
4 0 1 0 0 0 d3 00 00 0 1 00 00 03 ff 5b ff
4 0 1 0 0 0 0f 00 00 0 1 00 00 03 ff 5c ff
4 0 1 0 0 0 07 00 00 0 1 00 00 03 ff 5d ff
4 0 0 0 1 0 07 00 5b 0 1 00 00 03 ff 5d ff
4 0 1 0 0 0 ae 00 00 0 1 00 00 03 ff 5e ff
4 0 0 1 0 0 00 39 00 0 1 00 00 03 ff 5e ff
4 0 0 0 1 0 64 00 77 0 1 00 00 03 ff 5e ff
4 0 0 1 0 0 0e f0 00 0 1 00 00 03 ff 5e ff
4 0 0 0 1 0 d6 00 7f 0 1 00 00 03 ff 5e ff
4 0 1 0 0 0 d7 00 00 0 1 00 00 03 ff 5f ff
4 0 1 0 0 0 fe 00 00 0 1 00 00 03 ff 60 ff
4 0 1 0 0 0 0e 00 00 0 1 00 00 03 ff 61 ff
4 0 0 1 0 0 0d 83 00 0 1 00 00 03 ff 61 ff
4 0 0 1 0 0 5e 38 00 0 1 00 00 03 ff 61 ff
4 0 1 0 0 0 03 00 00 0 1 00 00 03 ff 62 ff
4 0 1 0 0 0 e4 00 00 0 1 00 00 03 ff 63 ff
4 0 1 0 0 0 90 00 00 0 1 00 00 03 ff 64 ff
4 0 1 0 0 0 06 00 00 0 1 00 00 03 ff 65 ff
4 0 0 0 1 0 79 00 2a 0 1 00 00 03 ff 65 ff
4 0 1 0 0 0 00 00 00 0 1 00 00 03 ff 66 ff
4 0 0 0 1 0 ac 00 82 0 1 00 00 03 ff 66 ff
4 0 0 0 1 0 01 00 dc 0 1 00 00 03 ff 66 ff
4 0 1 0 0 0 6c 00 00 0 1 00 00 03 ff 67 ff
4 0 0 0 1 0 76 00 66 0 1 00 00 03 ff 67 ff
4 0 1 0 0 0 05 00 00 0 1 00 00 03 ff 68 ff
4 0 0 0 1 0 c5 00 3a 0 1 00 00 03 ff 68 ff
4 0 0 0 1 0 08 00 82 0 1 00 00 03 ff 68 ff
4 0 1 0 0 0 00 00 00 0 1 00 00 03 ff 69 ff
4 0 0 0 0 0 15 00 00 0 1 00 00 03 ff 69 ff
4 0 1 0 0 0 9c 00 00 0 1 00 00 03 ff 6a ff
4 0 1 0 0 0 00 00 00 0 1 00 00 03 ff 6b ff
4 0 1 0 0 0 65 00 00 0 1 00 00 03 ff 6c ff
4 0 0 0 0 0 03 00 00 0 1 00 00 03 ff 6c ff
4 0 0 0 1 0 03 00 19 0 1 00 00 03 ff 6c ff
4 0 1 0 0 0 95 00 00 0 1 00 00 03 ff 6d ff
4 0 0 0 1 0 7c 00 9f 0 1 00 00 03 ff 6d ff
4 0 1 0 0 0 08 00 00 1 1 82 ff 04 ff 6d ff
4 0 1 0 0 0 dd 00 00 0 1 00 00 04 ff 6e ff
4 0 1 0 0 0 04 00 00 0 1 00 00 04 ff 6f ff
4 0 1 0 0 0 a6 00 00 0 1 00 00 04 ff 70 ff
4 0 0 0 1 0 92 00 0e 0 1 00 00 04 ff 70 ff
4 0 0 0 1 0 0a 00 11 0 1 00 00 04 ff 70 ff
4 0 1 0 0 0 05 00 00 0 1 00 00 04 ff 71 ff
4 0 1 0 0 0 04 00 00 0 1 00 00 04 ff 72 ff
4 0 1 0 0 0 dd 00 00 0 1 00 00 04 ff 73 ff
4 0 0 0 1 0 03 00 19 0 1 00 00 04 ff 73 ff
4 0 0 1 0 0 39 12 00 0 1 00 00 04 ff 73 ff
4 0 0 0 0 1 00 00 00 0 1 00 00 04 ff 73 ff
4 0 1 0 0 0 c3 00 00 0 1 00 00 04 ff 74 ff
4 0 0 0 1 0 bf 00 22 0 1 00 00 04 ff 74 ff
4 0 0 0 0 0 07 00 00 0 1 00 00 04 ff 74 ff
4 0 0 0 1 0 09 00 07 0 1 00 00 04 ff 74 ff
4 0 1 0 0 0 03 00 00 0 1 00 00 04 ff 75 ff
4 0 1 0 0 0 33 00 00 0 1 00 00 04 ff 76 ff
4 0 1 0 0 0 0f 00 00 0 1 00 00 04 ff 77 ff
4 0 1 0 0 0 7e 00 00 0 1 00 00 04 ff 78 ff
4 0 0 0 0 0 f2 00 00 0 1 00 00 04 ff 78 ff
4 0 1 0 0 0 03 00 00 0 1 00 00 04 ff 79 ff
4 0 1 0 0 0 1d 00 00 0 1 00 00 04 ff 7a ff
4 0 0 0 1 0 88 00 9f 0 1 00 00 04 ff 7a ff
4 0 1 0 0 0 0c 00 00 0 1 00 00 04 ff 7b ff
4 0 0 1 0 0 ef ef 00 0 1 00 00 04 ff 7b ff
4 0 1 0 0 0 04 00 00 0 1 00 00 04 ff 7c ff
4 0 0 0 1 0 34 00 de 0 1 00 00 04 ff 7c ff
4 0 0 1 0 0 07 8d 00 0 1 00 00 04 ff 7c ff
4 0 1 0 0 0 0f 00 00 0 1 00 00 04 ff 7d ff
4 0 0 0 1 0 5b 00 a3 0 1 00 00 04 ff 7d ff
4 0 0 0 1 0 a6 00 b2 0 1 00 00 04 ff 7d ff
4 0 1 0 0 0 e8 00 00 0 1 00 00 04 ff 7e ff
4 0 0 1 0 0 0b 33 00 0 1 00 00 04 ff 7e ff
4 0 0 1 0 0 0c e4 00 0 1 00 00 04 ff 7e ff
4 0 0 0 0 0 ab 00 00 0 1 00 00 04 ff 7e ff
4 0 1 0 0 0 7d 00 00 0 1 00 00 04 ff 7f ff
4 0 1 0 0 0 05 00 00 0 1 00 00 04 ff 80 ff
4 0 0 1 0 0 03 e2 00 0 1 00 00 04 ff 80 ff
4 0 1 0 0 0 28 00 00 0 1 00 00 04 ff 81 ff
4 0 1 0 0 0 ab 00 00 0 1 00 00 04 ff 82 ff
4 0 0 0 1 0 2e 00 86 0 1 00 00 04 ff 82 ff
4 0 0 1 0 0 f9 0a 00 0 1 00 00 04 ff 82 ff
4 0 1 0 0 0 74 00 00 0 1 00 00 04 ff 83 ff
4 0 0 0 1 0 08 00 82 0 1 00 00 04 ff 83 ff
4 0 0 0 0 1 00 00 00 0 1 00 00 04 ff 83 ff
4 0 1 0 0 0 d5 00 00 0 1 00 00 04 ff 84 ff
4 0 0 1 0 0 08 67 00 0 1 00 00 04 ff 84 ff
4 0 0 0 1 0 cc 00 76 0 1 00 00 04 ff 84 ff
4 0 1 0 0 0 8a 00 00 0 1 00 00 04 ff 85 ff
4 0 1 0 0 0 0c 00 00 0 1 00 00 04 ff 86 ff
4 0 1 0 0 0 ab 00 00 0 1 00 00 04 ff 87 ff
4 0 1 0 0 0 3a 00 00 0 1 00 00 04 ff 88 ff
4 0 1 0 0 0 04 00 00 0 1 00 00 04 ff 89 ff
4 0 1 0 0 0 02 00 00 0 1 00 00 04 ff 8a ff
4 0 0 0 1 0 02 00 30 0 1 00 00 04 ff 8a ff
4 0 1 0 0 0 01 00 00 0 1 00 00 04 ff 8b ff
4 0 0 0 1 0 0c 00 e4 0 1 00 00 04 ff 8b ff
4 0 1 0 0 0 0d 00 00 0 1 00 00 04 ff 8c ff
4 0 1 0 0 0 0d 00 00 0 1 00 00 04 ff 8d ff
4 0 0 0 1 0 39 00 12 0 1 00 00 04 ff 8d ff
4 0 1 0 0 0 b1 00 00 0 1 00 00 04 ff 8e ff
4 0 1 0 0 0 e5 00 00 0 1 00 00 04 ff 8f ff
4 0 0 1 0 0 1a fb 00 0 1 00 00 04 ff 8f ff
4 0 0 0 1 0 90 00 4b 0 1 00 00 04 ff 8f ff
4 0 1 0 0 0 6e 00 00 0 1 00 00 04 ff 90 ff
4 0 1 0 0 0 0f 00 00 0 1 00 00 04 ff 91 ff
4 0 1 0 0 0 78 00 00 0 1 00 00 04 ff 92 ff
4 0 0 1 0 0 a7 79 00 0 1 00 00 04 ff 92 ff
