0 1 0 0 00 00 c8 0 1 00 00 0 1 00 00 00 00
0 0 1 0 01 00 cd 0 1 cd ff 0 1 00 00 00 00
0 0 1 0 05 00 69 0 1 69 ff 0 1 00 00 00 00
0 0 1 0 01 00 cd 1 1 cd ff 0 1 00 00 00 00
0 0 1 0 05 00 69 1 1 69 ff 0 1 00 00 00 00
1 0 1 0 01 00 cd 1 1 cd ff 0 1 00 00 00 00
1 0 1 0 09 00 d3 0 1 d3 ff 0 1 00 00 00 00
1 0 1 0 01 00 cd 1 1 cd ff 0 1 00 00 00 00
1 0 1 0 05 00 69 0 1 69 ff 0 1 00 00 00 00
2 0 1 1 01 d1 cd 1 1 00 00 0 1 00 00 00 00
2 0 1 0 0d 00 ad 0 1 ad ff 0 1 00 00 00 00
2 0 1 0 11 00 4f 0 1 4f ff 1 1 01 3f d1 ff
2 0 1 0 01 00 d1 0 1 d1 ff 0 1 00 00 00 00
2 0 0 0 00 00 c8 0 1 00 00 0 1 00 00 00 00
3 0 1 1 22 5a 9e 0 1 00 00 0 1 00 00 00 00
3 0 1 0 22 00 9e 1 1 5a ff 0 1 00 00 00 00
4 0 1 1 1b 39 3a 0 1 00 00 0 1 00 00 00 00
4 0 0 0 03 31 63 0 1 00 00 0 1 00 00 00 00
4 0 1 0 0f 57 60 0 1 60 ff 0 1 00 00 00 00
4 0 1 0 07 7b ff 0 1 ff ff 1 1 1b 3f 39 ff
4 0 1 0 37 b2 b0 0 1 b0 ff 0 1 00 00 00 00
4 0 0 0 13 f9 2f 0 1 00 00 0 1 00 00 00 00
4 0 1 0 13 d9 2f 0 1 2f ff 0 1 00 00 00 00
4 0 1 0 06 8a 1e 0 1 1e ff 0 1 00 00 00 00
4 0 1 1 00 1f c8 0 1 00 00 0 1 00 00 00 00
4 0 1 0 0d 59 ad 0 1 ad ff 0 1 00 00 00 00
4 0 1 0 0a 4c ea 0 1 ea ff 1 1 22 3f 5a ff
4 0 0 0 21 2a f9 0 1 00 00 0 1 00 00 00 00
4 0 1 1 0c 1c ec 0 1 00 00 0 1 00 00 00 00
4 0 1 0 00 a8 c8 1 1 1f ff 0 1 00 00 00 00
4 0 0 1 0f a0 60 0 1 00 00 0 1 00 00 00 00
4 0 1 1 0c ef ec 1 1 00 00 0 1 00 00 00 00
4 0 1 1 0a 2c ea 1 1 00 00 0 1 00 00 00 00
4 0 1 1 2d 23 a5 0 1 00 00 0 1 00 00 00 00
4 0 0 0 13 59 2f 0 1 00 00 0 1 00 00 00 00
4 0 1 1 0f 4a 60 0 1 00 00 0 1 00 00 00 00
4 0 1 1 13 e1 2f 1 1 00 00 0 1 00 00 00 00
4 0 1 0 1b 60 39 0 1 39 ff 1 1 0f 3f 4a ff
4 0 1 0 3b 56 21 0 1 21 ff 1 1 13 3f e1 ff
4 0 1 0 2a 4f 8f 0 1 8f ff 0 1 00 00 00 00
4 0 1 0 03 14 63 0 1 63 ff 0 1 00 00 00 00
4 0 1 0 2b 25 9a 0 1 9a ff 0 1 00 00 00 00
4 0 0 1 0f 56 4a 0 1 00 00 0 1 00 00 00 00
4 0 0 0 0b ef 76 0 1 00 00 0 1 00 00 00 00
4 0 1 0 0b e3 76 0 1 76 ff 0 1 00 00 00 00
4 0 1 1 15 e5 2c 0 1 00 00 0 1 00 00 00 00
4 0 1 0 03 8f 63 0 1 63 ff 0 1 00 00 00 00
4 0 1 1 11 d0 4f 0 1 00 00 1 1 2d 3f 23 ff
4 0 1 0 20 2c c3 0 1 c3 ff 1 1 00 3f 1f ff
4 0 1 0 0e a8 2c 0 1 2c ff 1 1 0a 3f 2c ff
4 0 1 0 07 d5 ff 0 1 ff ff 0 1 00 00 00 00
4 0 0 1 03 b4 63 0 1 00 00 0 1 00 00 00 00
4 0 1 1 1c 3e fa 0 1 00 00 1 1 0c 3f ef ff
4 0 1 0 31 0b 54 0 1 54 ff 1 1 15 3f e5 ff
4 0 1 0 07 ad ff 1 1 ff ff 0 1 00 00 00 00
4 0 1 0 0b 8c 76 0 1 76 ff 0 1 00 00 00 00
4 0 0 1 25 33 ce 0 1 00 00 0 1 00 00 00 00
4 0 1 0 09 a0 d3 0 1 d3 ff 1 1 11 3f d0 ff
4 0 0 1 09 aa d3 0 1 00 00 0 1 00 00 00 00
4 0 1 0 13 b5 e1 0 1 e1 ff 0 1 00 00 00 00
4 0 1 0 08 54 97 0 1 97 ff 0 1 00 00 00 00
4 0 1 0 1f 0f 8f 0 1 8f ff 0 1 00 00 00 00
4 0 1 0 34 a8 c8 0 1 c8 ff 1 1 1c 3f 3e ff
4 0 1 1 1b 1d 39 0 1 00 00 0 1 00 00 00 00
4 0 1 1 11 4b d0 0 1 00 00 0 1 00 00 00 00
4 0 1 0 39 d7 20 0 1 20 ff 0 1 00 00 00 00
4 0 1 0 20 96 c3 0 1 c3 ff 0 1 00 00 00 00
4 0 1 0 07 24 ff 0 1 ff ff 0 1 00 00 00 00
4 0 0 0 17 05 c3 0 1 00 00 0 1 00 00 00 00
4 0 1 1 13 8c e1 0 1 00 00 1 1 1b 3f 1d ff
4 0 0 0 15 b6 e5 0 1 00 00 0 1 00 00 00 00
4 0 1 0 22 3a 5a 0 1 5a ff 0 1 00 00 00 00
4 0 1 0 09 8a d3 0 1 d3 ff 1 1 11 3f 4b ff
4 0 1 0 1f 82 8f 0 1 8f ff 0 1 00 00 00 00
4 0 0 0 19 ae eb 0 1 00 00 0 1 00 00 00 00
4 0 1 1 0f e3 4a 0 1 00 00 1 1 13 3f 8c ff
4 0 1 0 3e 8b e9 0 1 e9 ff 0 1 00 00 00 00
4 0 1 1 1b 53 1d 0 1 00 00 0 1 00 00 00 00
4 0 1 0 0b 93 76 0 1 76 ff 1 1 0f 3f e3 ff
4 0 1 0 34 73 c8 1 1 c8 ff 0 1 00 00 00 00
4 0 1 0 15 48 e5 0 1 e5 ff 0 1 00 00 00 00
4 0 1 0 14 7d 2c 0 1 2c ff 0 1 00 00 00 00
4 0 1 0 00 9a 1f 0 1 1f ff 0 1 00 00 00 00
4 0 1 0 03 46 63 0 1 63 ff 1 1 1b 3f 53 ff
4 0 1 1 0a d0 2c 0 1 00 00 0 1 00 00 00 00
4 0 1 0 0d fb ad 0 1 ad ff 0 1 00 00 00 00
4 0 1 1 07 66 ff 0 1 00 00 0 1 00 00 00 00
4 0 1 1 25 69 ce 0 1 00 00 0 1 00 00 00 00
4 0 1 0 20 b4 c3 0 1 c3 ff 0 1 00 00 00 00
4 0 1 0 1a 03 dd 0 1 dd ff 0 1 00 00 00 00
4 0 1 1 22 9d 5a 0 1 00 00 1 1 0a 3f d0 ff
4 0 1 0 1e 44 d5 0 1 d5 ff 0 1 00 00 00 00
4 0 1 0 03 e9 63 1 1 63 ff 0 1 00 00 00 00
4 0 1 0 0f 81 e3 0 1 e3 ff 1 1 07 3f 66 ff
4 0 0 1 0b a0 76 0 1 00 00 0 1 00 00 00 00
4 0 1 0 14 4e 2c 0 1 2c ff 0 1 00 00 00 00
4 0 1 0 1e 4f d5 1 1 d5 ff 0 1 00 00 00 00
4 0 1 1 3c 81 85 0 1 00 00 0 1 00 00 00 00
4 0 1 0 24 2e 31 0 1 31 ff 0 1 00 00 00 00
4 0 1 1 12 cf 52 0 1 00 00 1 1 22 3f 9d ff
4 0 1 0 03 fa 63 1 1 63 ff 0 1 00 00 00 00
4 0 1 1 03 3b 63 1 1 00 00 0 1 00 00 00 00
4 0 1 0 1a 11 dd 0 1 dd ff 0 1 00 00 00 00
4 0 1 1 01 fa d1 0 1 00 00 0 1 00 00 00 00
4 0 1 1 06 27 1e 0 1 00 00 1 1 12 3f cf ff
4 0 1 1 07 53 66 0 1 00 00 0 1 00 00 00 00
4 0 1 1 16 cc 23 0 1 00 00 0 1 00 00 00 00
4 0 1 0 1c 7e 3e 0 1 3e ff 1 1 3c 3f 81 ff
4 0 1 0 0f 6d e3 0 1 e3 ff 1 1 03 3f 3b ff
4 0 1 0 01 8c d1 1 1 fa ff 0 1 00 00 00 00
4 0 1 0 2b 4a 9a 0 1 9a ff 1 1 07 3f 53 ff
4 0 1 0 07 36 53 0 1 53 ff 0 1 00 00 00 00
4 0 1 0 05 b3 69 0 1 69 ff 1 1 25 3f 69 ff
4 0 1 1 0f 0f e3 0 1 00 00 0 1 00 00 00 00
4 0 1 0 2c dc eb 0 1 eb ff 0 1 00 00 00 00
4 0 1 1 07 ca 53 1 1 00 00 0 1 00 00 00 00
4 0 1 0 09 85 d3 0 1 d3 ff 1 1 01 3f fa ff
4 0 1 0 03 ad 3b 0 1 3b ff 1 1 0f 3f 0f ff
4 0 0 1 0f 2c 0f 0 1 00 00 0 1 00 00 00 00
4 0 1 0 15 15 e5 0 1 e5 ff 0 1 00 00 00 00
4 0 1 0 1e 64 d5 0 1 d5 ff 1 1 06 3f 27 ff
4 0 0 1 13 f6 8c 0 1 00 00 0 1 00 00 00 00
4 0 1 1 1d 74 24 0 1 00 00 0 1 00 00 00 00
4 0 1 1 1c 10 3e 1 1 00 00 0 1 00 00 00 00
4 0 0 0 03 54 3b 0 1 00 00 0 1 00 00 00 00
4 0 1 1 0f cf 0f 0 1 00 00 1 1 07 3f ca ff
4 0 1 1 03 b0 3b 1 1 00 00 0 1 00 00 00 00
4 0 1 0 03 14 3b 1 1 b0 ff 0 1 00 00 00 00
4 0 1 1 27 c4 2e 0 1 00 00 1 1 0f 3f cf ff
4 0 1 1 01 48 fa 0 1 00 00 0 1 00 00 00 00
4 0 1 1 1c b2 3e 1 1 00 00 0 1 00 00 00 00
4 0 1 1 19 31 eb 0 1 00 00 1 1 1d 3f 74 ff
4 0 1 1 09 f6 d3 0 1 00 00 1 1 01 3f 48 ff
4 0 1 1 0b f7 76 0 1 00 00 1 1 03 3f b0 ff
4 0 0 1 03 80 b0 0 1 00 00 0 1 00 00 00 00
4 0 1 0 07 d0 ca 0 1 ca ff 1 1 27 3f c4 ff
4 0 1 1 14 92 2c 0 1 00 00 0 1 00 00 00 00
4 0 1 0 0b 6d 76 1 1 f7 ff 0 1 00 00 00 00
4 0 1 1 03 21 b0 0 1 00 00 0 1 00 00 00 00
4 0 1 0 0f 24 cf 0 1 cf ff 1 1 0b 3f f7 ff
4 0 1 0 03 ef b0 1 1 21 ff 0 1 00 00 00 00
4 0 1 1 0f 4a cf 1 1 00 00 0 1 00 00 00 00
4 0 1 1 07 a0 ca 0 1 00 00 1 1 03 3f 21 ff
4 0 1 1 3a 20 a5 0 1 00 00 1 1 16 3f cc ff
4 0 1 0 24 ac 31 0 1 31 ff 1 1 1c 3f b2 ff
4 0 1 1 3d fc 7a 0 1 00 00 1 1 19 3f 31 ff
4 0 0 0 1c b1 b2 0 1 00 00 0 1 00 00 00 00
4 0 0 1 21 92 f9 0 1 00 00 0 1 00 00 00 00
4 0 1 1 0b 96 f7 0 1 00 00 1 1 0f 3f 4a ff
4 0 1 0 03 44 21 0 1 21 ff 1 1 07 3f a0 ff
4 0 1 0 07 ca a0 0 1 a0 ff 1 1 0b 3f 96 ff
4 0 1 0 10 2a fe 0 1 fe ff 1 1 14 3f 92 ff
4 0 1 0 0f 48 4a 0 1 4a ff 0 1 00 00 00 00
4 0 1 1 1b a2 53 0 1 00 00 0 1 00 00 00 00
4 0 1 0 07 e6 a0 0 1 a0 ff 0 1 00 00 00 00
4 0 1 0 16 f1 cc 0 1 cc ff 0 1 00 00 00 00
4 0 1 0 04 3b fb 0 1 fb ff 0 1 00 00 00 00
4 0 1 0 07 a4 a0 1 1 a0 ff 0 1 00 00 00 00
4 0 1 1 0e 4b 2c 0 1 00 00 1 1 3a 3f 20 ff
4 1 1 0 03 c2 21 0 1 00 00 0 1 00 00 00 00
4 0 1 1 07 5e a0 0 1 00 00 0 1 00 00 00 00
4 0 0 1 01 5d 48 0 1 00 00 0 1 00 00 00 00
4 0 1 0 07 ac a0 1 1 5e ff 0 1 00 00 00 00
4 0 1 1 0b 2c 96 0 1 00 00 0 1 00 00 00 00
4 0 1 1 2f 7c 15 0 1 00 00 1 1 07 3f 5e ff
4 0 1 1 06 b0 27 0 1 00 00 0 1 00 00 00 00
4 0 1 0 01 c5 48 0 1 48 ff 0 1 00 00 00 00
4 0 1 0 0f e2 4a 0 1 4a ff 1 1 0b 3f 2c ff
4 0 1 0 13 78 8c 0 1 8c ff 1 1 2f 3f 7c ff
4 0 1 0 00 d2 1f 0 1 1f ff 0 1 00 00 00 00
4 0 0 1 13 17 8c 0 1 00 00 0 1 00 00 00 00
4 0 1 1 18 1b eb 0 1 00 00 0 1 00 00 00 00
4 0 1 0 1b 3a 53 0 1 53 ff 0 1 00 00 00 00
4 0 1 0 14 ba 92 0 1 92 ff 0 1 00 00 00 00
4 0 1 1 14 c9 92 1 1 00 00 0 1 00 00 00 00
4 0 1 1 2b d3 9a 0 1 00 00 0 1 00 00 00 00
4 0 1 0 34 01 c8 0 1 c8 ff 1 1 18 3f 1b ff
4 0 1 0 13 a3 8c 0 1 8c ff 0 1 00 00 00 00
4 0 1 0 1f b6 8f 0 1 8f ff 1 1 2b 3f d3 ff
4 0 0 0 03 97 21 0 1 00 00 0 1 00 00 00 00
4 0 1 1 01 14 48 1 1 00 00 0 1 00 00 00 00
4 0 0 0 0b db 2c 0 1 00 00 0 1 00 00 00 00
4 0 0 0 13 f5 8c 0 1 00 00 0 1 00 00 00 00
4 0 1 0 1b b5 53 0 1 53 ff 0 1 00 00 00 00
4 0 1 0 00 2f 1f 0 1 1f ff 1 1 14 3f c9 ff
4 0 0 1 0b 5a 2c 0 1 00 00 0 1 00 00 00 00
4 0 1 1 16 eb cc 0 1 00 00 0 1 00 00 00 00
4 0 1 0 18 c1 1b 0 1 1b ff 0 1 00 00 00 00
4 0 1 0 10 dd fe 0 1 fe ff 0 1 00 00 00 00
4 0 1 1 07 19 5e 0 1 00 00 0 1 00 00 00 00
4 0 1 0 0b 2a 2c 0 1 2c ff 0 1 00 00 00 00
4 0 1 0 13 06 8c 0 1 8c ff 1 1 07 3f 19 ff
4 0 0 1 00 38 1f 0 1 00 00 0 1 00 00 00 00
4 0 1 0 3c f1 81 0 1 81 ff 0 1 00 00 00 00
4 0 1 0 13 ae 8c 1 1 8c ff 0 1 00 00 00 00
4 0 1 1 03 a6 21 0 1 00 00 0 1 00 00 00 00
4 0 1 0 13 ab 8c 1 1 8c ff 0 1 00 00 00 00
4 0 1 0 05 20 69 0 1 69 ff 0 1 00 00 00 00
4 0 1 0 13 52 8c 1 1 8c ff 0 1 00 00 00 00
4 0 1 0 12 f2 cf 0 1 cf ff 1 1 06 3f b0 ff
4 0 1 0 13 3f 8c 1 1 8c ff 0 1 00 00 00 00
4 0 1 1 03 a4 21 1 1 00 00 0 1 00 00 00 00
4 0 1 1 1e 33 d5 0 1 00 00 1 1 16 3f eb ff
4 0 0 1 1b 31 53 0 1 00 00 0 1 00 00 00 00
4 0 1 1 12 a5 cf 1 1 00 00 0 1 00 00 00 00
4 0 1 0 0d 50 ad 0 1 ad ff 1 1 01 3f 14 ff
4 0 1 1 03 fc 21 1 1 00 00 0 1 00 00 00 00
4 0 0 0 00 f6 1f 0 1 00 00 0 1 00 00 00 00
4 0 1 1 0b 18 2c 0 1 00 00 0 1 00 00 00 00
4 0 1 0 07 15 19 0 1 19 ff 1 1 03 3f fc ff
4 0 0 0 0d 90 ad 0 1 00 00 0 1 00 00 00 00
4 0 1 0 17 93 c3 0 1 c3 ff 1 1 0b 3f 18 ff
4 0 1 0 07 4b 19 1 1 19 ff 0 1 00 00 00 00
4 0 1 1 06 d6 b0 0 1 00 00 1 1 1e 3f 33 ff
4 0 1 0 14 df c9 0 1 c9 ff 0 1 00 00 00 00
4 0 1 0 1b 50 53 0 1 53 ff 0 1 00 00 00 00
4 0 1 0 08 49 97 0 1 97 ff 0 1 00 00 00 00
4 0 1 0 2e ba 51 0 1 51 ff 1 1 12 3f a5 ff
4 0 1 0 3a 1f 20 0 1 20 ff 1 1 06 3f d6 ff
4 0 0 0 36 ad b6 0 1 00 00 0 1 00 00 00 00
4 0 0 0 28 47 0f 0 1 00 00 0 1 00 00 00 00
4 0 1 0 11 23 4b 0 1 4b ff 0 1 00 00 00 00
4 0 1 1 0b 15 18 0 1 00 00 0 1 00 00 00 00
4 0 0 1 09 68 d3 0 1 00 00 0 1 00 00 00 00
4 0 1 0 13 6b 8c 0 1 8c ff 0 1 00 00 00 00
4 0 1 0 2c 17 eb 0 1 eb ff 0 1 00 00 00 00
4 0 1 0 1c 1e b2 0 1 b2 ff 0 1 00 00 00 00
4 0 1 0 3e ca e9 0 1 e9 ff 0 1 00 00 00 00
4 0 1 1 13 99 8c 1 1 00 00 0 1 00 00 00 00
4 0 1 0 07 bd 19 0 1 19 ff 1 1 0b 3f 15 ff
4 0 1 0 13 78 8c 1 1 99 ff 0 1 00 00 00 00
4 0 1 0 18 23 1b 0 1 1b ff 0 1 00 00 00 00
4 0 1 0 2d c9 23 0 1 23 ff 0 1 00 00 00 00
4 0 1 1 1f 83 8f 0 1 00 00 0 1 00 00 00 00
4 0 1 0 19 6f 31 0 1 31 ff 0 1 00 00 00 00
4 0 1 0 03 6c fc 0 1 fc ff 1 1 13 3f 99 ff
4 0 1 1 13 22 99 0 1 00 00 1 1 1f 3f 83 ff
4 0 0 1 24 33 31 0 1 00 00 0 1 00 00 00 00
4 0 1 0 26 14 1b 0 1 1b ff 0 1 00 00 00 00
4 0 0 0 1f 45 83 0 1 00 00 0 1 00 00 00 00
4 0 0 0 0f 24 4a 0 1 00 00 0 1 00 00 00 00
4 0 1 0 13 ec 99 1 1 22 ff 0 1 00 00 00 00
4 0 1 1 00 88 1f 0 1 00 00 0 1 00 00 00 00
4 0 1 1 15 19 e5 0 1 00 00 0 1 00 00 00 00
4 0 1 0 17 de c3 0 1 c3 ff 0 1 00 00 00 00
4 0 1 0 14 af c9 0 1 c9 ff 0 1 00 00 00 00
4 0 1 1 1d 68 74 0 1 00 00 0 1 00 00 00 00
4 0 1 0 1e 42 33 0 1 33 ff 0 1 00 00 00 00
4 0 1 1 0f fa 4a 0 1 00 00 1 1 13 3f 22 ff
4 0 1 0 09 54 d3 0 1 d3 ff 1 1 15 3f 19 ff
4 0 1 1 15 80 19 0 1 00 00 1 1 1d 3f 68 ff
4 0 1 1 0f 36 4a 1 1 00 00 0 1 00 00 00 00
4 0 0 0 0b 4a 15 0 1 00 00 0 1 00 00 00 00
4 0 1 0 0f f7 4a 1 1 36 ff 0 1 00 00 00 00
4 0 1 1 1a a2 dd 0 1 00 00 0 1 00 00 00 00
4 0 1 1 16 c4 eb 0 1 00 00 0 1 00 00 00 00
4 0 0 1 05 5a 69 0 1 00 00 0 1 00 00 00 00
4 0 1 1 13 ba 22 0 1 00 00 0 1 00 00 00 00
4 0 1 0 05 f1 69 0 1 69 ff 0 1 00 00 00 00
4 0 0 0 03 59 fc 0 1 00 00 0 1 00 00 00 00
4 0 0 0 0b c0 15 0 1 00 00 0 1 00 00 00 00
4 0 1 0 11 63 4b 0 1 4b ff 1 1 15 3f 80 ff
4 0 1 0 25 c5 69 0 1 69 ff 0 1 00 00 00 00
4 0 0 0 10 7d fe 0 1 00 00 0 1 00 00 00 00
4 0 1 0 11 15 4b 1 1 4b ff 0 1 00 00 00 00
4 0 1 0 00 a6 1f 1 1 88 ff 0 1 00 00 00 00
4 0 1 0 03 39 fc 0 1 fc ff 1 1 0f 3f 36 ff
4 0 1 0 03 bb fc 1 1 fc ff 0 1 00 00 00 00
4 0 1 1 38 4d 7a 0 1 00 00 0 1 00 00 00 00
4 0 1 0 0e 9d 2c 0 1 2c ff 1 1 1a 3f a2 ff
4 0 1 0 13 78 22 1 1 ba ff 0 1 00 00 00 00
4 0 1 1 1b 1f 53 0 1 00 00 0 1 00 00 00 00
4 0 0 1 01 97 14 0 1 00 00 0 1 00 00 00 00
4 0 1 1 1a 18 a2 0 1 00 00 1 1 16 3f c4 ff
4 0 0 1 07 c3 19 0 1 00 00 0 1 00 00 00 00
4 0 1 0 0f 35 36 0 1 36 ff 1 1 13 3f ba ff
4 0 1 0 13 5a ba 0 1 ba ff 1 1 1b 3f 1f ff
4 0 0 1 13 71 ba 0 1 00 00 0 1 00 00 00 00
4 0 0 0 03 2e fc 0 1 00 00 0 1 00 00 00 00
4 0 1 0 13 2a ba 1 1 ba ff 0 1 00 00 00 00
4 0 0 0 29 53 d1 0 1 00 00 0 1 00 00 00 00
4 0 1 1 11 3a 4b 1 1 00 00 0 1 00 00 00 00
4 0 0 0 14 a5 c9 0 1 00 00 0 1 00 00 00 00
4 0 1 0 04 28 fb 0 1 fb ff 1 1 00 3f 88 ff
4 0 1 0 04 f7 fb 1 1 fb ff 0 1 00 00 00 00
4 0 1 1 16 89 c4 0 1 00 00 0 1 00 00 00 00
4 0 1 0 00 ec 88 0 1 88 ff 1 1 38 3f 4d ff
4 0 1 0 03 e2 fc 0 1 fc ff 0 1 00 00 00 00
4 0 1 0 3e 7a e9 0 1 e9 ff 1 1 1a 3f 18 ff
4 0 1 1 02 22 8f 0 1 00 00 1 1 16 3f 89 ff
4 0 1 1 02 ac 8f 1 1 00 00 0 1 00 00 00 00
4 0 1 1 07 dc 19 0 1 00 00 0 1 00 00 00 00
4 0 1 0 17 c9 c3 0 1 c3 ff 0 1 00 00 00 00
4 0 0 0 0f 1a 36 0 1 00 00 0 1 00 00 00 00
4 0 0 0 13 31 ba 0 1 00 00 0 1 00 00 00 00
4 0 0 0 21 24 f9 0 1 00 00 0 1 00 00 00 00
4 0 1 0 0b 9c 15 0 1 15 ff 1 1 07 3f dc ff
4 0 1 0 18 fc 1b 0 1 1b ff 0 1 00 00 00 00
4 0 1 0 3f 16 96 0 1 96 ff 0 1 00 00 00 00
4 0 1 1 2b 5d d3 0 1 00 00 0 1 00 00 00 00
4 0 1 0 13 0c ba 0 1 ba ff 0 1 00 00 00 00
4 0 1 0 18 9f 1b 1 1 1b ff 0 1 00 00 00 00
4 0 0 1 3f 09 96 0 1 00 00 0 1 00 00 00 00
4 0 1 0 07 ee dc 0 1 dc ff 1 1 2b 3f 5d ff
4 0 1 0 2a f5 8f 0 1 8f ff 0 1 00 00 00 00
4 0 1 0 13 bf ba 1 1 ba ff 0 1 00 00 00 00
4 0 1 0 22 58 9d 0 1 9d ff 1 1 02 3f ac ff
4 0 1 1 32 d4 d9 0 1 00 00 0 1 00 00 00 00
4 0 1 1 11 73 4b 1 1 00 00 0 1 00 00 00 00
4 0 1 0 07 32 dc 1 1 dc ff 0 1 00 00 00 00
4 0 1 1 01 4e 14 0 1 00 00 0 1 00 00 00 00
4 0 1 1 1c 1b b2 0 1 00 00 0 1 00 00 00 00
4 0 1 0 13 11 ba 1 1 ba ff 0 1 00 00 00 00
4 0 0 1 0f 4c 36 0 1 00 00 0 1 00 00 00 00
4 0 1 1 17 d6 c3 0 1 00 00 0 1 00 00 00 00
4 0 1 0 07 5a dc 0 1 dc ff 0 1 00 00 00 00
4 0 1 0 08 08 97 0 1 97 ff 0 1 00 00 00 00
4 0 1 0 13 87 ba 0 1 ba ff 1 1 17 3f d6 ff
4 0 0 1 0b ea 15 0 1 00 00 0 1 00 00 00 00
4 0 1 0 17 85 d6 0 1 d6 ff 0 1 00 00 00 00
4 0 0 0 07 b3 dc 0 1 00 00 0 1 00 00 00 00
4 0 0 1 0e 7f 2c 0 1 00 00 0 1 00 00 00 00
4 0 1 0 13 2c ba 1 1 ba ff 0 1 00 00 00 00
4 0 0 1 13 a4 ba 0 1 00 00 0 1 00 00 00 00
4 0 1 1 13 40 ba 1 1 00 00 0 1 00 00 00 00
4 0 1 1 03 1e fc 0 1 00 00 0 1 00 00 00 00
4 0 1 0 02 b2 ac 0 1 ac ff 0 1 00 00 00 00
4 0 1 0 03 b8 fc 1 1 1e ff 0 1 00 00 00 00
4 0 1 0 0b 6c 15 0 1 15 ff 1 1 13 3f 40 ff
4 0 1 1 0f 58 36 0 1 00 00 1 1 03 3f 1e ff
4 0 1 0 13 3e 40 0 1 40 ff 0 1 00 00 00 00
4 0 1 1 07 70 dc 0 1 00 00 1 1 0f 3f 58 ff
4 0 0 1 0b 66 15 0 1 00 00 0 1 00 00 00 00
4 0 1 0 38 39 4d 0 1 4d ff 1 1 1c 3f 1b ff
4 0 0 0 03 87 1e 0 1 00 00 0 1 00 00 00 00
4 0 1 0 1b 7d 1f 0 1 1f ff 0 1 00 00 00 00
4 0 1 0 17 80 d6 0 1 d6 ff 1 1 07 3f 70 ff
4 0 1 1 0f 5c 58 0 1 00 00 0 1 00 00 00 00
4 0 1 0 0d 9d ad 0 1 ad ff 1 1 11 3f 73 ff
4 0 1 0 07 fe 70 0 1 70 ff 0 1 00 00 00 00
4 0 0 0 13 20 40 0 1 00 00 0 1 00 00 00 00
4 0 0 0 07 c1 70 0 1 00 00 0 1 00 00 00 00
4 0 1 1 0b ce 15 0 1 00 00 1 1 0f 3f 5c ff
4 0 0 1 19 d4 31 0 1 00 00 0 1 00 00 00 00
4 0 1 1 3c e1 81 0 1 00 00 0 1 00 00 00 00
4 0 1 0 13 fa 40 0 1 40 ff 0 1 00 00 00 00
4 0 1 0 13 f3 40 1 1 40 ff 0 1 00 00 00 00
4 0 1 1 0b 70 15 1 1 00 00 0 1 00 00 00 00
4 0 1 1 1d 65 68 0 1 00 00 1 1 01 3f 4e ff
4 0 0 0 1f a5 83 0 1 00 00 0 1 00 00 00 00
4 0 1 1 1d 22 68 1 1 00 00 0 1 00 00 00 00
4 0 1 1 03 9a 1e 0 1 00 00 0 1 00 00 00 00
4 0 1 0 09 5f d3 0 1 d3 ff 0 1 00 00 00 00
4 0 0 0 38 14 4d 0 1 00 00 0 1 00 00 00 00
4 0 0 1 0d 12 ad 0 1 00 00 0 1 00 00 00 00
4 0 1 1 13 00 40 0 1 00 00 1 1 0b 3f 70 ff
4 0 1 0 1f 89 83 0 1 83 ff 1 1 03 3f 9a ff
4 0 1 0 03 75 9a 0 1 9a ff 1 1 13 3f 00 ff
4 0 1 0 1c 7e 1b 0 1 1b ff 0 1 00 00 00 00
4 0 1 0 0b a9 70 0 1 70 ff 0 1 00 00 00 00
4 0 1 1 04 0f fb 0 1 00 00 1 1 3c 3f e1 ff
4 0 1 1 0d 41 ad 0 1 00 00 1 1 1d 3f 22 ff
4 0 0 1 2e 10 51 0 1 00 00 0 1 00 00 00 00
4 0 1 0 12 bf a5 0 1 a5 ff 1 1 32 3f d4 ff
4 1 0 0 0a 44 d0 0 1 00 00 0 1 00 00 00 00
4 0 0 1 08 f9 97 0 1 00 00 0 1 00 00 00 00
4 0 1 1 07 23 70 0 1 00 00 0 1 00 00 00 00
4 0 1 1 2a 96 8f 0 1 00 00 0 1 00 00 00 00
4 0 1 0 0a 60 d0 0 1 d0 ff 0 1 00 00 00 00
4 0 1 0 16 40 89 0 1 89 ff 1 1 2a 3f 96 ff
4 0 1 0 14 42 c9 0 1 c9 ff 0 1 00 00 00 00
4 0 1 0 08 3d 97 0 1 97 ff 0 1 00 00 00 00
4 0 1 0 0f 39 5c 0 1 5c ff 0 1 00 00 00 00
4 0 1 1 14 5d c9 1 1 00 00 0 1 00 00 00 00
4 0 1 1 0a bd d0 1 1 00 00 0 1 00 00 00 00
4 0 1 0 2a f8 96 0 1 96 ff 0 1 00 00 00 00
4 0 0 0 0f cd 5c 0 1 00 00 0 1 00 00 00 00
4 0 1 0 1e 97 33 0 1 33 ff 1 1 0a 3f bd ff
4 0 1 0 13 6e 00 0 1 00 ff 1 1 07 3f 23 ff
4 0 1 0 05 a3 69 0 1 69 ff 0 1 00 00 00 00
4 0 1 0 3c 16 e1 0 1 e1 ff 0 1 00 00 00 00
4 0 1 0 25 64 69 0 1 69 ff 0 1 00 00 00 00
4 0 1 1 1a f3 18 0 1 00 00 0 1 00 00 00 00
4 0 1 0 07 46 23 0 1 23 ff 0 1 00 00 00 00
4 0 1 1 0b 9f 70 0 1 00 00 0 1 00 00 00 00
4 0 1 1 0b c6 70 1 1 00 00 0 1 00 00 00 00
4 0 1 1 0e 02 2c 0 1 00 00 0 1 00 00 00 00
4 0 1 1 0b ed 70 1 1 00 00 0 1 00 00 00 00
4 0 1 0 0f e6 5c 0 1 5c ff 0 1 00 00 00 00
4 0 1 0 03 75 9a 0 1 9a ff 1 1 0b 3f ed ff
4 0 1 0 13 c4 00 0 1 00 ff 0 1 00 00 00 00
4 0 1 1 10 27 fe 0 1 00 00 1 1 14 3f 5d ff
4 0 1 1 10 24 fe 1 1 00 00 0 1 00 00 00 00
4 0 1 1 03 fa 9a 1 1 00 00 0 1 00 00 00 00
4 0 0 1 2c 10 eb 0 1 00 00 0 1 00 00 00 00
4 0 0 1 1e 4b 33 0 1 00 00 0 1 00 00 00 00
4 0 1 1 0b 5e ed 0 1 00 00 0 1 00 00 00 00
4 0 1 1 0f fe 5c 0 1 00 00 1 1 03 3f fa ff
4 0 1 0 04 46 fb 0 1 fb ff 0 1 00 00 00 00
4 0 0 0 0a db bd 0 1 00 00 0 1 00 00 00 00
4 0 1 1 00 98 88 0 1 00 00 1 1 10 3f 24 ff
4 0 1 0 0f 92 5c 1 1 fe ff 0 1 00 00 00 00
4 0 0 0 0f 52 5c 0 1 00 00 0 1 00 00 00 00
4 0 1 1 2f bb 7c 0 1 00 00 1 1 0b 3f 5e ff
4 0 0 1 2b c7 5d 0 1 00 00 0 1 00 00 00 00
4 1 1 0 07 53 23 0 1 00 00 0 1 00 00 00 00
4 0 1 1 0e ad 2c 0 1 00 00 0 1 00 00 00 00
4 0 1 0 13 bc 00 0 1 00 ff 0 1 00 00 00 00
4 0 1 0 03 c4 fa 0 1 fa ff 0 1 00 00 00 00
4 0 1 1 0b c6 5e 0 1 00 00 0 1 00 00 00 00
4 0 1 1 14 d8 5d 0 1 00 00 0 1 00 00 00 00
4 0 1 0 0b 4b 5e 1 1 c6 ff 0 1 00 00 00 00
4 0 1 1 0a 6e bd 0 1 00 00 0 1 00 00 00 00
4 0 1 1 0f 07 5c 0 1 00 00 0 1 00 00 00 00
4 0 1 0 2f 72 7c 0 1 7c ff 1 1 0b 3f c6 ff
4 0 1 0 04 2d fb 0 1 fb ff 0 1 00 00 00 00
4 0 1 0 16 4e 89 0 1 89 ff 1 1 0e 3f ad ff
4 0 1 0 2a 83 96 0 1 96 ff 1 1 0a 3f 6e ff
4 0 1 1 07 aa 23 0 1 00 00 1 1 0f 3f 07 ff
4 0 1 0 13 b0 00 0 1 00 ff 0 1 00 00 00 00
4 0 1 0 1f d9 83 0 1 83 ff 1 1 07 3f aa ff
4 0 1 0 05 61 69 0 1 69 ff 0 1 00 00 00 00
4 0 1 0 33 a7 65 0 1 65 ff 0 1 00 00 00 00
4 0 0 0 00 fa 88 0 1 00 00 0 1 00 00 00 00
4 0 1 0 3c e3 e1 0 1 e1 ff 1 1 14 3f d8 ff
4 0 1 1 0e 74 ad 0 1 00 00 0 1 00 00 00 00
4 0 1 1 26 e6 1b 0 1 00 00 0 1 00 00 00 00
4 0 1 0 0f aa 07 0 1 07 ff 0 1 00 00 00 00
4 0 1 0 0b 4b c6 0 1 c6 ff 0 1 00 00 00 00
4 0 0 1 06 54 d6 0 1 00 00 0 1 00 00 00 00
4 0 1 0 13 9b 00 0 1 00 ff 0 1 00 00 00 00
4 0 0 0 27 e9 c4 0 1 00 00 0 1 00 00 00 00
4 0 1 0 0e 2c ad 1 1 74 ff 0 1 00 00 00 00
4 0 1 0 0e db ad 1 1 74 ff 0 1 00 00 00 00
4 0 1 1 0f 95 07 0 1 00 00 0 1 00 00 00 00
4 0 1 1 0b f8 c6 0 1 00 00 0 1 00 00 00 00
4 0 1 0 07 f4 aa 0 1 aa ff 1 1 0f 3f 95 ff
4 0 1 1 2d fd 23 0 1 00 00 0 1 00 00 00 00
4 0 0 1 26 18 1b 0 1 00 00 0 1 00 00 00 00
4 0 1 0 1f 17 83 0 1 83 ff 1 1 0b 3f f8 ff
4 0 1 1 0f 8f 95 0 1 00 00 0 1 00 00 00 00
4 0 1 0 0a c1 6e 0 1 6e ff 1 1 26 3f e6 ff
4 0 1 0 34 cb c8 0 1 c8 ff 0 1 00 00 00 00
4 0 1 0 2a 70 96 0 1 96 ff 1 1 0e 3f 74 ff
4 0 1 0 10 03 24 0 1 24 ff 0 1 00 00 00 00
4 0 1 1 12 70 a5 0 1 00 00 0 1 00 00 00 00
4 0 0 1 10 5b 24 0 1 00 00 0 1 00 00 00 00
4 0 1 0 13 d1 00 0 1 00 ff 0 1 00 00 00 00
4 0 1 1 34 b9 c8 1 1 00 00 0 1 00 00 00 00
4 0 1 1 22 17 9d 0 1 00 00 0 1 00 00 00 00
4 0 1 1 0f 35 95 1 1 00 00 0 1 00 00 00 00
4 0 1 1 17 b5 d6 0 1 00 00 0 1 00 00 00 00
4 0 1 1 11 ce 73 0 1 00 00 0 1 00 00 00 00
4 0 1 1 07 ad aa 0 1 00 00 1 1 0f 3f 35 ff
4 0 0 0 2f 2e 7c 0 1 00 00 0 1 00 00 00 00
4 0 1 1 3e de e9 0 1 00 00 1 1 12 3f 70 ff
4 0 1 0 18 45 1b 0 1 1b ff 0 1 00 00 00 00
4 0 1 0 39 e1 20 0 1 20 ff 1 1 2d 3f fd ff
4 0 1 0 07 91 aa 1 1 ad ff 0 1 00 00 00 00
4 0 1 0 02 b6 ac 0 1 ac ff 1 1 22 3f 17 ff
4 0 1 1 0f 8e 35 0 1 00 00 1 1 17 3f b5 ff
4 0 1 1 04 ab fb 0 1 00 00 1 1 34 3f b9 ff
4 0 1 0 13 93 00 0 1 00 ff 1 1 07 3f ad ff
4 0 1 0 1f 0e 83 0 1 83 ff 1 1 0f 3f 8e ff
4 0 1 0 13 45 00 1 1 00 ff 0 1 00 00 00 00
4 0 1 0 09 ea d3 0 1 d3 ff 1 1 11 3f ce ff
4 0 1 1 0c 7c ef 0 1 00 00 0 1 00 00 00 00
4 0 0 1 30 0d 94 0 1 00 00 0 1 00 00 00 00
4 0 1 0 10 81 24 0 1 24 ff 1 1 04 3f ab ff
4 0 0 1 2e 29 51 0 1 00 00 0 1 00 00 00 00
4 0 1 0 0f e4 8e 0 1 8e ff 0 1 00 00 00 00
4 0 1 1 07 4a ad 0 1 00 00 0 1 00 00 00 00
4 0 1 1 0f 43 8e 1 1 00 00 0 1 00 00 00 00
4 0 1 0 1b ac 1f 0 1 1f ff 1 1 07 3f 4a ff
4 0 1 1 03 f3 fa 0 1 00 00 1 1 0f 3f 43 ff
4 0 1 0 0c 5c ef 1 1 7c ff 0 1 00 00 00 00
4 0 1 1 06 63 d6 0 1 00 00 1 1 3e 3f de ff
4 0 1 0 13 78 00 0 1 00 ff 0 1 00 00 00 00
4 0 1 0 0f fd 43 0 1 43 ff 1 1 03 3f f3 ff
4 0 1 1 13 85 00 1 1 00 00 0 1 00 00 00 00
4 0 1 0 03 4f f3 0 1 f3 ff 0 1 00 00 00 00
4 0 1 0 12 87 70 0 1 70 ff 0 1 00 00 00 00
4 0 1 0 06 62 d6 1 1 63 ff 0 1 00 00 00 00
4 0 1 0 04 f9 ab 0 1 ab ff 0 1 00 00 00 00
4 0 1 0 0e a3 74 0 1 74 ff 0 1 00 00 00 00
4 0 1 0 19 99 31 0 1 31 ff 0 1 00 00 00 00
4 0 1 1 0b d1 f8 0 1 00 00 1 1 13 3f 85 ff
4 0 1 1 0e 21 74 1 1 00 00 0 1 00 00 00 00
4 0 1 1 16 ad 89 0 1 00 00 1 1 06 3f 63 ff
4 0 1 0 07 7a 4a 0 1 4a ff 0 1 00 00 00 00
4 0 1 1 1d 4a 22 0 1 00 00 0 1 00 00 00 00
4 0 1 0 14 4a d8 0 1 d8 ff 1 1 0c 3f 7c ff
4 0 1 1 0f 9a 43 0 1 00 00 1 1 0b 3f d1 ff
4 0 1 0 0a 99 6e 0 1 6e ff 1 1 0e 3f 21 ff
4 0 1 0 2d 7f fd 0 1 fd ff 0 1 00 00 00 00
4 0 1 1 19 27 31 0 1 00 00 1 1 1d 3f 4a ff
4 0 1 0 0f 58 43 1 1 9a ff 0 1 00 00 00 00
4 0 0 1 23 44 3f 0 1 00 00 0 1 00 00 00 00
4 0 1 0 0b cc d1 0 1 d1 ff 0 1 00 00 00 00
4 0 1 1 1a 35 18 0 1 00 00 1 1 16 3f ad ff
4 0 1 1 07 35 4a 0 1 00 00 1 1 0f 3f 9a ff
4 0 1 0 03 fa f3 0 1 f3 ff 0 1 00 00 00 00
4 0 0 1 25 06 69 0 1 00 00 0 1 00 00 00 00
4 0 1 0 00 2b 88 0 1 88 ff 0 1 00 00 00 00
4 0 1 0 28 f2 0f 0 1 0f ff 0 1 00 00 00 00
4 0 1 1 3a 53 20 0 1 00 00 0 1 00 00 00 00
4 0 1 0 03 cb f3 1 1 f3 ff 0 1 00 00 00 00
4 0 1 0 1d a1 4a 0 1 4a ff 0 1 00 00 00 00
4 0 1 0 07 d0 4a 1 1 35 ff 0 1 00 00 00 00
4 0 1 0 13 55 85 0 1 85 ff 0 1 00 00 00 00
4 0 1 1 2c 23 eb 0 1 00 00 0 1 00 00 00 00
4 0 1 0 30 c5 94 0 1 94 ff 0 1 00 00 00 00
4 0 1 0 0b 05 d1 0 1 d1 ff 1 1 07 3f 35 ff
4 0 1 1 2a b1 96 0 1 00 00 1 1 1a 3f 35 ff
4 0 1 0 0b 2d d1 1 1 d1 ff 0 1 00 00 00 00
4 0 1 1 0b d2 d1 1 1 00 00 0 1 00 00 00 00
4 0 1 1 13 37 85 1 1 00 00 0 1 00 00 00 00
4 0 1 1 0b 92 d1 1 1 00 00 0 1 00 00 00 00
4 0 1 0 03 48 f3 0 1 f3 ff 1 1 13 3f 37 ff
4 0 0 0 0a 3e 6e 0 1 00 00 0 1 00 00 00 00
4 0 1 0 1f 00 83 0 1 83 ff 1 1 0b 3f 92 ff
4 0 1 1 22 84 17 0 1 00 00 1 1 3a 3f 53 ff
4 0 1 1 1d c9 4a 1 1 00 00 0 1 00 00 00 00
4 0 0 1 11 9c ce 0 1 00 00 0 1 00 00 00 00
4 0 1 0 07 a6 35 0 1 35 ff 0 1 00 00 00 00
4 0 1 1 03 4d f3 0 1 00 00 0 1 00 00 00 00
4 0 1 0 39 27 20 0 1 20 ff 1 1 19 3f 27 ff
4 0 1 1 0b c3 92 0 1 00 00 0 1 00 00 00 00
4 0 0 1 06 2d 63 0 1 00 00 0 1 00 00 00 00
4 0 1 0 04 e4 ab 0 1 ab ff 1 1 2c 3f 23 ff
4 0 0 0 10 30 24 0 1 00 00 0 1 00 00 00 00
4 0 1 1 0f 1b 9a 0 1 00 00 1 1 03 3f 4d ff
4 0 1 0 07 92 35 0 1 35 ff 1 1 0b 3f c3 ff
4 0 0 1 0c af 7c 0 1 00 00 0 1 00 00 00 00
4 0 1 0 0d 99 ad 0 1 ad ff 1 1 1d 3f c9 ff
4 0 0 0 39 09 20 0 1 00 00 0 1 00 00 00 00
4 0 1 0 03 fa 4d 0 1 4d ff 1 1 0f 3f 1b ff
4 0 0 0 1e a0 33 0 1 00 00 0 1 00 00 00 00
4 0 1 1 0f b1 1b 0 1 00 00 0 1 00 00 00 00
4 0 1 1 00 fb 88 0 1 00 00 0 1 00 00 00 00
4 0 0 0 07 47 35 0 1 00 00 0 1 00 00 00 00
4 0 1 1 13 ed 37 0 1 00 00 0 1 00 00 00 00
4 0 1 0 0b fc c3 0 1 c3 ff 1 1 0f 3f b1 ff
4 0 1 0 09 92 d3 0 1 d3 ff 0 1 00 00 00 00
4 0 0 1 05 c3 69 0 1 00 00 0 1 00 00 00 00
4 0 1 0 0f a4 b1 0 1 b1 ff 1 1 13 3f ed ff
4 0 1 1 02 d4 ac 0 1 00 00 1 1 2a 3f b1 ff
4 0 0 1 13 b2 ed 0 1 00 00 0 1 00 00 00 00
4 0 1 0 14 71 d8 0 1 d8 ff 0 1 00 00 00 00
4 0 1 1 29 d1 d1 0 1 00 00 0 1 00 00 00 00
4 0 1 1 1d fa c9 0 1 00 00 0 1 00 00 00 00
4 0 0 0 15 1e 80 0 1 00 00 0 1 00 00 00 00
4 0 1 0 0b c6 c3 1 1 c3 ff 0 1 00 00 00 00
4 0 1 0 13 ce ed 0 1 ed ff 0 1 00 00 00 00
4 0 1 1 1e 65 33 0 1 00 00 1 1 22 3f 84 ff
4 0 1 0 18 aa 1b 0 1 1b ff 1 1 00 3f fb ff
4 0 1 0 1e ec 33 1 1 65 ff 0 1 00 00 00 00
4 0 0 0 0e 63 21 0 1 00 00 0 1 00 00 00 00
4 0 1 0 06 63 63 0 1 63 ff 1 1 02 3f d4 ff
4 0 0 0 1f 72 83 0 1 00 00 0 1 00 00 00 00
4 0 1 1 00 bf fb 0 1 00 00 0 1 00 00 00 00
4 0 0 0 09 8d d3 0 1 00 00 0 1 00 00 00 00
4 0 1 1 16 fc ad 0 1 00 00 1 1 1e 3f 65 ff
4 0 1 0 1a 12 35 0 1 35 ff 0 1 00 00 00 00
4 0 1 1 36 f6 b6 0 1 00 00 1 1 16 3f fc ff
4 0 1 0 1d 6b c9 1 1 fa ff 0 1 00 00 00 00
4 0 1 1 14 39 d8 0 1 00 00 0 1 00 00 00 00
4 0 1 0 0b 2b c3 1 1 c3 ff 0 1 00 00 00 00
4 0 1 0 0b c5 c3 1 1 c3 ff 0 1 00 00 00 00
4 0 1 1 07 52 35 0 1 00 00 0 1 00 00 00 00
4 0 1 0 00 04 fb 1 1 bf ff 0 1 00 00 00 00
4 0 1 1 03 9a 4d 0 1 00 00 0 1 00 00 00 00
4 0 1 0 03 f3 4d 1 1 9a ff 0 1 00 00 00 00
4 0 1 0 01 47 4e 0 1 4e ff 1 1 29 3f d1 ff
4 0 1 1 0f 0c b1 0 1 00 00 1 1 07 3f 52 ff
4 0 1 0 2e 10 51 0 1 51 ff 0 1 00 00 00 00
4 0 1 1 0d 64 ad 0 1 00 00 1 1 1d 3f fa ff
4 0 1 0 0f 6f b1 1 1 0c ff 0 1 00 00 00 00
4 0 0 1 0b e3 c3 0 1 00 00 0 1 00 00 00 00
4 0 0 1 13 c6 ed 0 1 00 00 0 1 00 00 00 00
4 0 1 0 0f e8 b1 1 1 0c ff 0 1 00 00 00 00
4 0 1 0 2d e9 fd 0 1 fd ff 0 1 00 00 00 00
4 0 1 0 13 ce ed 0 1 ed ff 1 1 03 3f 9a ff
4 0 1 0 20 bd c3 0 1 c3 ff 1 1 14 3f 39 ff
4 0 1 0 0f 25 b1 1 1 0c ff 0 1 00 00 00 00
4 1 0 1 06 54 63 0 1 00 00 0 1 00 00 00 00
4 0 1 0 3f 1c 96 0 1 96 ff 0 1 00 00 00 00
4 0 0 0 3b fe 21 0 1 00 00 0 1 00 00 00 00
4 0 1 0 07 58 52 0 1 52 ff 0 1 00 00 00 00
4 0 1 0 1d 91 fa 0 1 fa ff 0 1 00 00 00 00
4 0 1 1 10 ef 24 0 1 00 00 0 1 00 00 00 00
4 0 1 1 0f c4 b1 0 1 00 00 0 1 00 00 00 00
4 0 1 1 10 ae 24 1 1 00 00 0 1 00 00 00 00
4 0 1 0 07 40 52 1 1 52 ff 0 1 00 00 00 00
4 0 1 0 07 13 52 1 1 52 ff 0 1 00 00 00 00
4 0 1 0 1e b6 65 0 1 65 ff 0 1 00 00 00 00
4 0 1 0 13 94 ed 0 1 ed ff 1 1 0f 3f c4 ff
4 0 1 0 0b 23 c3 0 1 c3 ff 0 1 00 00 00 00
4 0 0 1 20 bf c3 0 1 00 00 0 1 00 00 00 00
4 0 1 1 15 db 80 0 1 00 00 0 1 00 00 00 00
4 0 1 1 09 d9 d3 0 1 00 00 0 1 00 00 00 00
4 0 1 0 18 4a 1b 0 1 1b ff 0 1 00 00 00 00
4 0 1 0 03 ca 9a 0 1 9a ff 0 1 00 00 00 00
4 0 1 1 0d 5a ad 0 1 00 00 1 1 15 3f db ff
4 0 0 1 0b 3c c3 0 1 00 00 0 1 00 00 00 00
4 0 1 0 24 3a 31 0 1 31 ff 1 1 10 3f ae ff
4 0 1 1 04 9d ab 0 1 00 00 0 1 00 00 00 00
4 0 1 1 0f 9e c4 0 1 00 00 0 1 00 00 00 00
4 0 1 0 19 7b 27 0 1 27 ff 1 1 09 3f d9 ff
4 0 1 0 07 8d 52 0 1 52 ff 0 1 00 00 00 00
4 0 0 0 15 46 db 0 1 00 00 0 1 00 00 00 00
4 0 1 0 10 98 ae 0 1 ae ff 0 1 00 00 00 00
4 0 1 0 1e 8b 65 1 1 65 ff 0 1 00 00 00 00
4 0 1 0 10 10 ae 1 1 ae ff 0 1 00 00 00 00
4 0 1 1 07 4b 52 1 1 00 00 0 1 00 00 00 00
4 0 1 1 02 46 d4 0 1 00 00 0 1 00 00 00 00
4 0 0 1 0f 8f c4 0 1 00 00 0 1 00 00 00 00
4 0 1 1 03 b9 9a 0 1 00 00 1 1 0f 3f 9e ff
4 0 1 1 2f cd 7c 0 1 00 00 1 1 07 3f 4b ff
4 0 1 1 0b f2 c3 0 1 00 00 1 1 03 3f b9 ff
4 0 1 0 1d 51 fa 0 1 fa ff 1 1 0d 3f 5a ff
4 0 1 0 0f 66 9e 0 1 9e ff 1 1 2f 3f cd ff
4 0 1 0 02 f7 d4 1 1 46 ff 0 1 00 00 00 00
4 0 1 0 1a e3 35 0 1 35 ff 0 1 00 00 00 00
4 0 1 0 0b b7 c3 1 1 f2 ff 0 1 00 00 00 00
4 0 1 0 07 dc 4b 0 1 4b ff 0 1 00 00 00 00
4 0 1 0 03 dd b9 0 1 b9 ff 1 1 0b 3f f2 ff
4 0 1 1 07 d5 4b 1 1 00 00 0 1 00 00 00 00
4 0 1 0 07 bb 4b 1 1 d5 ff 0 1 00 00 00 00
4 0 1 1 13 d3 ed 0 1 00 00 0 1 00 00 00 00
4 0 1 0 0f b4 9e 0 1 9e ff 1 1 07 3f d5 ff
4 0 1 0 13 87 ed 1 1 d3 ff 0 1 00 00 00 00
4 0 1 0 37 9f b0 0 1 b0 ff 0 1 00 00 00 00
4 0 1 0 17 55 b5 0 1 b5 ff 1 1 13 3f d3 ff
4 0 1 0 3a a8 53 0 1 53 ff 1 1 02 3f 46 ff
4 0 1 1 2c b7 23 0 1 00 00 1 1 04 3f 9d ff
4 0 1 0 0d 05 5a 0 1 5a ff 0 1 00 00 00 00
4 0 1 0 24 f0 31 0 1 31 ff 0 1 00 00 00 00
4 0 1 0 0b cd f2 0 1 f2 ff 0 1 00 00 00 00
4 0 1 1 13 7c d3 0 1 00 00 0 1 00 00 00 00
4 0 1 0 05 c7 69 0 1 69 ff 0 1 00 00 00 00
4 0 0 1 0b 9a f2 0 1 00 00 0 1 00 00 00 00
4 0 0 1 00 f4 fb 0 1 00 00 0 1 00 00 00 00
4 0 0 1 0b 2c f2 0 1 00 00 0 1 00 00 00 00
4 0 0 1 0b 71 f2 0 1 00 00 0 1 00 00 00 00
4 0 1 0 0e 3a 21 0 1 21 ff 0 1 00 00 00 00
4 0 1 0 09 32 d9 0 1 d9 ff 0 1 00 00 00 00
4 0 1 0 24 25 31 1 1 31 ff 0 1 00 00 00 00
4 0 1 1 0f c6 9e 0 1 00 00 0 1 00 00 00 00
4 0 1 0 14 bc 39 0 1 39 ff 1 1 2c 3f b7 ff
4 0 1 0 19 45 27 0 1 27 ff 0 1 00 00 00 00
4 0 0 0 01 21 4e 0 1 00 00 0 1 00 00 00 00
4 0 0 0 03 8b b9 0 1 00 00 0 1 00 00 00 00
4 0 1 1 07 79 d5 0 1 00 00 1 1 13 3f 7c ff
4 0 1 0 0f 7d 9e 1 1 c6 ff 0 1 00 00 00 00
4 0 1 1 3f 75 96 0 1 00 00 1 1 07 3f 79 ff
4 0 1 1 16 95 fc 0 1 00 00 0 1 00 00 00 00
4 0 1 0 23 e7 3f 0 1 3f ff 1 1 0f 3f c6 ff
4 0 1 0 0b 39 f2 0 1 f2 ff 1 1 3f 3f 75 ff
4 0 1 1 0d b1 5a 0 1 00 00 0 1 00 00 00 00
4 0 1 0 0d 4a 5a 1 1 b1 ff 0 1 00 00 00 00
4 0 1 1 0b f8 f2 1 1 00 00 0 1 00 00 00 00
4 0 1 0 03 88 b9 0 1 b9 ff 0 1 00 00 00 00
4 0 1 0 0e 17 21 1 1 21 ff 0 1 00 00 00 00
4 0 1 0 3f 3f 75 0 1 75 ff 1 1 0b 3f f8 ff
4 0 1 0 13 9f 7c 0 1 7c ff 0 1 00 00 00 00
4 0 1 1 06 0a 63 0 1 00 00 1 1 16 3f 95 ff
4 0 1 1 09 9a d9 0 1 00 00 0 1 00 00 00 00
4 0 1 0 18 81 1b 0 1 1b ff 0 1 00 00 00 00
4 0 1 1 11 8d ce 0 1 00 00 1 1 0d 3f b1 ff
4 0 1 1 03 d5 b9 0 1 00 00 0 1 00 00 00 00
4 0 0 0 26 5a e6 0 1 00 00 0 1 00 00 00 00
4 0 1 1 12 93 70 0 1 00 00 0 1 00 00 00 00
4 0 1 0 05 91 69 0 1 69 ff 1 1 09 3f 9a ff
4 0 1 0 0f ba c6 0 1 c6 ff 0 1 00 00 00 00
4 0 1 0 0a 40 6e 0 1 6e ff 1 1 06 3f 0a ff
4 0 1 1 12 47 70 1 1 00 00 0 1 00 00 00 00
4 0 1 0 13 b8 7c 0 1 7c ff 1 1 03 3f d5 ff
4 0 1 1 06 58 0a 0 1 00 00 0 1 00 00 00 00
4 0 1 1 36 4a b6 0 1 00 00 1 1 12 3f 47 ff
4 0 1 0 11 cb ce 1 1 8d ff 0 1 00 00 00 00
4 0 1 0 11 04 ce 1 1 8d ff 0 1 00 00 00 00
4 0 0 0 24 84 31 0 1 00 00 0 1 00 00 00 00
4 0 1 0 17 a1 b5 0 1 b5 ff 0 1 00 00 00 00
4 0 1 0 18 09 1b 1 1 1b ff 0 1 00 00 00 00
4 0 1 0 30 51 94 0 1 94 ff 0 1 00 00 00 00
4 0 1 0 17 18 b5 1 1 b5 ff 0 1 00 00 00 00
4 0 1 1 1e 54 65 0 1 00 00 1 1 06 3f 58 ff
4 0 1 0 03 72 d5 0 1 d5 ff 0 1 00 00 00 00
4 0 1 0 13 41 7c 0 1 7c ff 0 1 00 00 00 00
4 0 1 1 10 34 ae 0 1 00 00 0 1 00 00 00 00
4 0 1 0 27 7e c4 0 1 c4 ff 0 1 00 00 00 00
4 0 1 0 17 52 b5 0 1 b5 ff 0 1 00 00 00 00
4 0 1 0 09 b1 9a 0 1 9a ff 0 1 00 00 00 00
4 0 1 0 1d b1 fa 0 1 fa ff 1 1 11 3f 8d ff
4 0 1 0 21 43 f9 0 1 f9 ff 0 1 00 00 00 00
4 0 0 1 0b d9 f8 0 1 00 00 0 1 00 00 00 00
4 0 1 0 06 16 58 0 1 58 ff 1 1 36 3f 4a ff
4 0 1 0 12 b1 47 0 1 47 ff 1 1 1e 3f 54 ff
4 0 1 0 0f 19 c6 0 1 c6 ff 0 1 00 00 00 00
4 0 1 1 1a ab 35 0 1 00 00 0 1 00 00 00 00
4 0 0 0 03 7b d5 0 1 00 00 0 1 00 00 00 00
4 0 1 1 1f f3 83 0 1 00 00 0 1 00 00 00 00
4 0 1 0 03 0b d5 0 1 d5 ff 0 1 00 00 00 00
4 0 0 1 07 84 79 0 1 00 00 0 1 00 00 00 00
4 0 1 0 07 4b 79 0 1 79 ff 1 1 1f 3f f3 ff
4 0 1 0 04 6d 9d 0 1 9d ff 0 1 00 00 00 00
4 0 1 0 2b 8f 5d 0 1 5d ff 0 1 00 00 00 00
4 0 1 0 0c 15 7c 0 1 7c ff 1 1 10 3f 34 ff
4 0 1 0 15 fb db 0 1 db ff 0 1 00 00 00 00
4 0 1 0 07 0d 79 1 1 79 ff 0 1 00 00 00 00
4 0 1 1 19 6d 27 0 1 00 00 0 1 00 00 00 00
4 0 0 1 14 d4 39 0 1 00 00 0 1 00 00 00 00
4 0 1 1 0b d9 f8 0 1 00 00 0 1 00 00 00 00
4 0 1 0 0a e5 6e 0 1 6e ff 0 1 00 00 00 00
4 0 1 0 1c a3 1b 0 1 1b ff 0 1 00 00 00 00
4 0 1 1 0d 0b b1 0 1 00 00 0 1 00 00 00 00
4 0 1 1 0b 6f f8 1 1 00 00 0 1 00 00 00 00
4 0 1 1 34 93 b9 0 1 00 00 0 1 00 00 00 00
4 0 1 1 0b f5 f8 1 1 00 00 0 1 00 00 00 00
4 0 1 1 16 9d 95 0 1 00 00 1 1 1a 3f ab ff
4 0 1 0 1b d7 1f 0 1 1f ff 0 1 00 00 00 00
4 0 1 0 1c a4 1b 1 1 1b ff 0 1 00 00 00 00
4 0 1 1 0c b7 7c 0 1 00 00 1 1 34 3f 93 ff
4 0 1 1 22 d7 84 0 1 00 00 0 1 00 00 00 00
4 0 1 0 28 68 0f 0 1 0f ff 0 1 00 00 00 00
4 0 1 0 28 dd 0f 1 1 0f ff 0 1 00 00 00 00
4 0 1 0 23 a7 3f 0 1 3f ff 1 1 0b 3f f5 ff
4 0 0 0 05 98 69 0 1 00 00 0 1 00 00 00 00
4 0 1 0 1a 6e ab 0 1 ab ff 1 1 16 3f 9d ff
4 0 1 0 14 b4 39 0 1 39 ff 1 1 0c 3f b7 ff
4 0 1 0 04 f7 9d 0 1 9d ff 0 1 00 00 00 00
4 0 1 1 16 c7 9d 0 1 00 00 1 1 22 3f d7 ff
4 0 1 0 05 7c 69 0 1 69 ff 1 1 19 3f 6d ff
4 0 1 0 17 05 b5 0 1 b5 ff 0 1 00 00 00 00
4 0 1 0 08 99 97 0 1 97 ff 0 1 00 00 00 00
4 0 1 1 13 e1 7c 0 1 00 00 0 1 00 00 00 00
4 0 1 0 0d 2c b1 1 1 0b ff 0 1 00 00 00 00
4 0 1 0 00 74 fb 0 1 fb ff 0 1 00 00 00 00
4 0 1 1 1f 26 f3 0 1 00 00 0 1 00 00 00 00
4 0 1 0 0b b8 f5 0 1 f5 ff 1 1 13 3f e1 ff
4 0 1 0 0f 43 c6 0 1 c6 ff 1 1 1f 3f 26 ff
4 0 1 0 3a 55 53 0 1 53 ff 0 1 00 00 00 00
4 0 1 1 0d 35 b1 1 1 00 00 0 1 00 00 00 00
4 0 1 0 06 ad 58 0 1 58 ff 1 1 16 3f c7 ff
4 0 0 0 14 dd 39 0 1 00 00 0 1 00 00 00 00
4 0 0 0 0c 90 b7 0 1 00 00 0 1 00 00 00 00
4 0 1 0 02 0d 46 0 1 46 ff 0 1 00 00 00 00
4 0 0 0 08 f5 97 0 1 00 00 0 1 00 00 00 00
4 0 1 1 11 5a 8d 0 1 00 00 0 1 00 00 00 00
4 0 1 0 0b 39 f5 1 1 f5 ff 0 1 00 00 00 00
4 0 0 0 07 2b 79 0 1 00 00 0 1 00 00 00 00
4 0 1 0 19 7d 6d 0 1 6d ff 1 1 0d 3f 35 ff
4 0 1 0 1c 05 1b 0 1 1b ff 0 1 00 00 00 00
4 0 1 0 03 dc d5 0 1 d5 ff 0 1 00 00 00 00
4 0 1 0 0d 75 35 0 1 35 ff 1 1 11 3f 5a ff
4 0 1 0 0f de c6 0 1 c6 ff 0 1 00 00 00 00
4 0 1 0 0b be f5 0 1 f5 ff 0 1 00 00 00 00
4 0 1 0 03 8a d5 0 1 d5 ff 0 1 00 00 00 00
4 0 0 0 13 15 e1 0 1 00 00 0 1 00 00 00 00
4 0 1 0 17 ab b5 0 1 b5 ff 0 1 00 00 00 00
4 0 1 1 23 c3 3f 0 1 00 00 0 1 00 00 00 00
4 0 1 1 1b 70 1f 0 1 00 00 0 1 00 00 00 00
4 0 1 0 0f cd c6 0 1 c6 ff 1 1 23 3f c3 ff
4 0 1 0 0e a5 21 0 1 21 ff 0 1 00 00 00 00
4 0 0 0 20 05 c3 0 1 00 00 0 1 00 00 00 00
4 0 1 0 10 2a 34 0 1 34 ff 0 1 00 00 00 00
4 0 1 0 07 95 79 0 1 79 ff 1 1 1b 3f 70 ff
4 0 1 0 0c fb b7 0 1 b7 ff 0 1 00 00 00 00
4 0 1 1 19 13 6d 1 1 00 00 0 1 00 00 00 00
4 0 1 1 0f 28 c6 1 1 00 00 0 1 00 00 00 00
4 0 1 0 01 db 4e 0 1 4e ff 0 1 00 00 00 00
4 0 0 0 19 65 6d 0 1 00 00 0 1 00 00 00 00
4 0 0 0 0d d8 35 0 1 00 00 0 1 00 00 00 00
4 0 1 0 0b 8d f5 0 1 f5 ff 0 1 00 00 00 00
4 0 1 1 16 d1 c7 0 1 00 00 0 1 00 00 00 00
4 0 1 1 0f 96 c6 1 1 00 00 0 1 00 00 00 00
4 0 1 0 1c f4 1b 0 1 1b ff 0 1 00 00 00 00
4 0 1 0 0b a1 f5 1 1 f5 ff 0 1 00 00 00 00
4 0 1 1 07 f3 79 0 1 00 00 1 1 0f 3f 96 ff
4 0 1 1 28 3e 0f 0 1 00 00 0 1 00 00 00 00
4 0 1 0 04 74 9d 0 1 9d ff 0 1 00 00 00 00
4 0 0 1 07 19 79 0 1 00 00 0 1 00 00 00 00
4 0 1 1 08 15 97 0 1 00 00 1 1 28 3f 3e ff
4 0 1 0 18 ea 1b 0 1 1b ff 0 1 00 00 00 00
4 0 1 1 15 c8 db 0 1 00 00 1 1 19 3f 13 ff
4 0 1 1 11 ed 5a 0 1 00 00 0 1 00 00 00 00
4 0 1 0 14 50 39 0 1 39 ff 1 1 08 3f 15 ff
4 0 1 1 15 e8 db 1 1 00 00 0 1 00 00 00 00
4 0 1 0 0a fc 6e 0 1 6e ff 0 1 00 00 00 00
4 0 1 0 0b 43 f5 1 1 f5 ff 0 1 00 00 00 00
4 0 1 1 13 3f e1 0 1 00 00 1 1 07 3f f3 ff
4 0 1 1 07 61 f3 0 1 00 00 0 1 00 00 00 00
4 0 1 0 3b 5d 21 0 1 21 ff 1 1 13 3f 3f ff
4 0 1 0 26 63 e6 0 1 e6 ff 1 1 16 3f d1 ff
4 0 1 1 05 22 69 0 1 00 00 1 1 11 3f ed ff
4 0 1 1 07 2d f3 1 1 00 00 0 1 00 00 00 00
4 0 1 0 1c 32 1b 0 1 1b ff 0 1 00 00 00 00
4 0 0 0 32 fc d4 0 1 00 00 0 1 00 00 00 00
4 0 1 1 08 59 15 0 1 00 00 0 1 00 00 00 00
4 0 1 0 39 f6 20 0 1 20 ff 1 1 15 3f e8 ff
4 0 1 0 33 dc 65 0 1 65 ff 0 1 00 00 00 00
4 0 1 0 03 b1 d5 0 1 d5 ff 1 1 07 3f 2d ff
4 0 1 0 0f 4d 96 0 1 96 ff 0 1 00 00 00 00
4 0 1 0 29 cb d1 0 1 d1 ff 1 1 05 3f 22 ff
4 0 1 0 13 b2 3f 0 1 3f ff 0 1 00 00 00 00
4 0 0 1 13 11 3f 0 1 00 00 0 1 00 00 00 00
4 0 1 1 01 c2 4e 0 1 00 00 0 1 00 00 00 00
4 0 1 0 37 a9 b0 0 1 b0 ff 0 1 00 00 00 00
4 0 1 1 13 51 3f 1 1 00 00 0 1 00 00 00 00
4 0 1 1 12 b2 47 0 1 00 00 0 1 00 00 00 00
4 0 1 1 12 31 47 1 1 00 00 0 1 00 00 00 00
4 0 1 0 13 ce 3f 1 1 51 ff 0 1 00 00 00 00
4 0 1 1 3e cd de 0 1 00 00 0 1 00 00 00 00
4 0 1 1 03 d1 d5 0 1 00 00 0 1 00 00 00 00
4 0 1 0 0f ed 96 0 1 96 ff 1 1 13 3f 51 ff
4 0 1 0 2f 14 cd 0 1 cd ff 1 1 03 3f d1 ff
4 0 1 0 0e 6c 21 0 1 21 ff 1 1 12 3f 31 ff
4 0 1 1 05 e1 22 0 1 00 00 0 1 00 00 00 00
4 0 1 1 12 52 31 0 1 00 00 1 1 3e 3f cd ff
4 0 1 0 3e 0b cd 0 1 cd ff 0 1 00 00 00 00
4 0 1 0 0e dd 21 0 1 21 ff 1 1 12 3f 52 ff
4 0 0 0 13 c4 51 0 1 00 00 0 1 00 00 00 00
4 0 1 0 16 5a d1 0 1 d1 ff 0 1 00 00 00 00
4 0 1 0 03 43 d1 0 1 d1 ff 0 1 00 00 00 00
4 0 1 0 00 3a fb 0 1 fb ff 0 1 00 00 00 00
4 0 1 1 05 9b 22 1 1 00 00 0 1 00 00 00 00
4 0 1 1 13 29 51 0 1 00 00 0 1 00 00 00 00
4 0 1 0 06 70 58 0 1 58 ff 0 1 00 00 00 00
4 0 1 1 0d 60 35 0 1 00 00 1 1 01 3f c2 ff
4 0 0 0 0b d9 f5 0 1 00 00 0 1 00 00 00 00
4 0 1 0 0b 8d f5 0 1 f5 ff 0 1 00 00 00 00
4 0 1 0 13 da 51 1 1 29 ff 0 1 00 00 00 00
4 0 1 0 05 b5 22 1 1 9b ff 0 1 00 00 00 00
4 0 1 1 0e 10 21 0 1 00 00 0 1 00 00 00 00
4 0 1 0 1e 26 54 0 1 54 ff 0 1 00 00 00 00
4 0 1 1 13 79 51 1 1 00 00 0 1 00 00 00 00
4 0 0 0 0b 7d f5 0 1 00 00 0 1 00 00 00 00
4 0 1 0 27 ed c4 0 1 c4 ff 0 1 00 00 00 00
4 0 1 0 28 63 3e 0 1 3e ff 1 1 08 3f 59 ff
4 0 1 1 1e 51 54 1 1 00 00 0 1 00 00 00 00
4 0 1 0 02 c1 46 0 1 46 ff 1 1 0e 3f 10 ff
4 0 0 0 0b 30 f5 0 1 00 00 0 1 00 00 00 00
4 0 0 1 07 1a 2d 0 1 00 00 0 1 00 00 00 00
4 0 1 0 1d dd fa 0 1 fa ff 1 1 0d 3f 60 ff
4 0 1 1 00 1e fb 1 1 00 00 0 1 00 00 00 00
4 0 1 0 2e 4f 51 0 1 51 ff 1 1 1e 3f 51 ff
4 0 1 1 03 bf d1 0 1 00 00 1 1 13 3f 79 ff
4 0 1 0 06 d5 58 0 1 58 ff 0 1 00 00 00 00
4 0 1 1 1b 4a 70 0 1 00 00 0 1 00 00 00 00
4 0 1 0 13 e2 79 0 1 79 ff 1 1 03 3f bf ff
4 0 1 0 0e 5c 10 0 1 10 ff 0 1 00 00 00 00
4 0 1 0 03 23 bf 0 1 bf ff 1 1 1b 3f 4a ff
4 0 1 0 01 cf c2 0 1 c2 ff 1 1 05 3f 9b ff
4 0 1 0 09 8f 9a 0 1 9a ff 0 1 00 00 00 00
4 0 1 1 30 ce 94 0 1 00 00 0 1 00 00 00 00
4 0 1 0 04 71 9d 0 1 9d ff 1 1 00 3f 1e ff
4 0 1 1 09 0a 9a 1 1 00 00 0 1 00 00 00 00
4 0 1 1 07 2e 2d 0 1 00 00 0 1 00 00 00 00
4 0 1 1 34 e5 93 0 1 00 00 1 1 30 3f ce ff
4 0 0 1 0b 64 f5 0 1 00 00 0 1 00 00 00 00
4 0 1 0 03 64 bf 1 1 bf ff 0 1 00 00 00 00
4 0 1 0 0b 49 f5 0 1 f5 ff 1 1 07 3f 2e ff
4 0 1 0 0f 38 96 0 1 96 ff 0 1 00 00 00 00
4 0 1 0 11 e1 ed 0 1 ed ff 0 1 00 00 00 00
4 0 1 0 0a c7 6e 0 1 6e ff 0 1 00 00 00 00
4 0 0 1 20 af c3 0 1 00 00 0 1 00 00 00 00
4 0 1 0 1e 97 51 0 1 51 ff 0 1 00 00 00 00
4 0 1 0 11 1f ed 1 1 ed ff 0 1 00 00 00 00
4 0 1 1 1b a0 4a 0 1 00 00 0 1 00 00 00 00
4 0 1 1 13 d8 79 0 1 00 00 0 1 00 00 00 00
4 0 1 1 0b 4b f5 0 1 00 00 1 1 1b 3f a0 ff
4 0 1 1 1f 30 26 0 1 00 00 1 1 13 3f d8 ff
4 0 1 0 13 50 d8 0 1 d8 ff 1 1 0b 3f 4b ff
4 0 0 0 06 58 58 0 1 00 00 0 1 00 00 00 00
4 0 0 0 13 d6 d8 0 1 00 00 0 1 00 00 00 00
4 0 1 0 03 88 bf 0 1 bf ff 1 1 1f 3f 30 ff
4 0 1 0 0f 60 96 0 1 96 ff 0 1 00 00 00 00
4 0 1 0 00 f3 1e 0 1 1e ff 0 1 00 00 00 00
4 0 1 0 07 33 2e 0 1 2e ff 0 1 00 00 00 00
4 0 0 1 0b 95 4b 0 1 00 00 0 1 00 00 00 00
4 0 1 1 07 4f 2e 1 1 00 00 0 1 00 00 00 00
4 0 1 0 0c 2f b7 0 1 b7 ff 1 1 34 3f e5 ff
4 0 1 1 10 2e 34 0 1 00 00 0 1 00 00 00 00
4 0 1 0 0b 2a 4b 0 1 4b ff 0 1 00 00 00 00
4 0 1 0 1b 87 a0 0 1 a0 ff 1 1 07 3f 4f ff
4 0 1 0 10 01 34 1 1 2e ff 0 1 00 00 00 00
4 0 1 0 13 3a d8 0 1 d8 ff 0 1 00 00 00 00
4 0 1 1 0e e5 10 0 1 00 00 0 1 00 00 00 00
4 0 1 1 24 43 31 0 1 00 00 0 1 00 00 00 00
4 0 0 0 0e 9e 10 0 1 00 00 0 1 00 00 00 00
4 0 0 1 0b 1f 4b 0 1 00 00 0 1 00 00 00 00
4 0 1 0 18 1b 1b 0 1 1b ff 1 1 10 3f 2e ff
4 0 1 1 12 e3 52 0 1 00 00 0 1 00 00 00 00
4 0 1 0 0e 43 10 1 1 e5 ff 0 1 00 00 00 00
4 0 0 0 0f 72 96 0 1 00 00 0 1 00 00 00 00
4 0 1 0 0f 26 96 0 1 96 ff 0 1 00 00 00 00
4 0 1 1 01 ba c2 0 1 00 00 1 1 09 3f 0a ff
4 0 1 0 05 35 9b 0 1 9b ff 0 1 00 00 00 00
4 0 1 0 16 c3 d1 0 1 d1 ff 1 1 12 3f e3 ff
4 0 1 0 14 c6 39 0 1 39 ff 1 1 24 3f 43 ff
4 0 1 0 01 6c c2 1 1 ba ff 0 1 00 00 00 00
4 0 1 0 13 59 d8 1 1 d8 ff 0 1 00 00 00 00
4 0 1 1 01 3c c2 1 1 00 00 0 1 00 00 00 00
4 0 0 0 10 91 2e 0 1 00 00 0 1 00 00 00 00
4 0 1 0 12 56 e3 0 1 e3 ff 1 1 0e 3f e5 ff
4 0 1 1 29 13 d1 0 1 00 00 0 1 00 00 00 00
4 0 1 1 1b 14 a0 0 1 00 00 0 1 00 00 00 00
4 0 1 0 0b cd 4b 0 1 4b ff 0 1 00 00 00 00
4 0 1 0 16 eb d1 1 1 d1 ff 0 1 00 00 00 00
4 0 0 1 3c b9 e1 0 1 00 00 0 1 00 00 00 00
4 0 0 0 03 42 bf 0 1 00 00 0 1 00 00 00 00
4 0 0 0 0f c0 96 0 1 00 00 0 1 00 00 00 00
4 0 1 0 10 96 2e 0 1 2e ff 0 1 00 00 00 00
4 0 1 1 07 bd 4f 0 1 00 00 1 1 1b 3f 14 ff
4 0 1 0 16 30 d1 1 1 d1 ff 0 1 00 00 00 00
4 0 1 1 1f f8 30 0 1 00 00 0 1 00 00 00 00
4 0 1 0 12 18 e3 1 1 e3 ff 0 1 00 00 00 00
4 0 1 0 0f ac 96 0 1 96 ff 1 1 07 3f bd ff
4 0 1 1 0c 87 b7 0 1 00 00 0 1 00 00 00 00
4 0 1 0 0f 40 96 1 1 96 ff 0 1 00 00 00 00
4 0 0 0 0b 9f 4b 0 1 00 00 0 1 00 00 00 00
4 0 1 1 03 d0 bf 0 1 00 00 1 1 1f 3f f8 ff
4 0 1 1 07 6e bd 0 1 00 00 0 1 00 00 00 00
4 0 1 0 03 fa bf 1 1 d0 ff 0 1 00 00 00 00
4 0 1 1 38 7b 4d 0 1 00 00 0 1 00 00 00 00
4 0 1 1 07 d7 bd 1 1 00 00 0 1 00 00 00 00
4 0 1 0 24 b2 43 0 1 43 ff 1 1 0c 3f 87 ff
4 0 1 1 08 7f 59 0 1 00 00 1 1 38 3f 7b ff
4 0 1 0 1a 02 ab 0 1 ab ff 0 1 00 00 00 00
4 0 0 1 3d 8d 7a 0 1 00 00 0 1 00 00 00 00
4 0 1 0 04 00 9d 0 1 9d ff 0 1 00 00 00 00
4 0 0 0 0b 9a 4b 0 1 00 00 0 1 00 00 00 00
4 0 1 1 17 cb b5 0 1 00 00 1 1 03 3f d0 ff
4 0 1 0 07 bf bd 1 1 d7 ff 0 1 00 00 00 00
4 0 1 1 17 04 b5 1 1 00 00 0 1 00 00 00 00
4 0 1 0 05 3c 9b 0 1 9b ff 1 1 01 3f 3c ff
4 0 0 0 37 1e b0 0 1 00 00 0 1 00 00 00 00
4 0 1 0 0f 36 96 0 1 96 ff 1 1 07 3f d7 ff
4 1 1 1 1e f7 51 0 1 00 00 0 1 00 00 00 00
4 0 1 0 0f 2c 96 0 1 96 ff 0 1 00 00 00 00
4 0 1 0 09 46 0a 0 1 0a ff 0 1 00 00 00 00
4 0 1 1 07 d7 d7 0 1 00 00 0 1 00 00 00 00
4 0 1 0 08 21 59 0 1 59 ff 0 1 00 00 00 00
4 0 1 0 2f 31 cd 0 1 cd ff 0 1 00 00 00 00
4 0 1 0 0a 97 6e 0 1 6e ff 0 1 00 00 00 00
4 0 1 0 0f 8f 96 0 1 96 ff 1 1 07 3f d7 ff
4 0 1 1 13 a4 d8 0 1 00 00 0 1 00 00 00 00
4 0 1 1 0b 9e 4b 0 1 00 00 0 1 00 00 00 00
4 0 1 0 0f 51 96 0 1 96 ff 1 1 13 3f a4 ff
4 0 1 1 07 4e d7 0 1 00 00 1 1 0b 3f 9e ff
4 0 1 1 04 7d 9d 0 1 00 00 0 1 00 00 00 00
4 0 1 0 13 93 a4 0 1 a4 ff 0 1 00 00 00 00
4 0 1 1 03 77 d0 0 1 00 00 1 1 07 3f 4e ff
4 0 0 0 31 2a 54 0 1 00 00 0 1 00 00 00 00
4 0 1 0 13 2f a4 1 1 a4 ff 0 1 00 00 00 00
4 0 1 0 0b 3c 9e 0 1 9e ff 1 1 03 3f 77 ff
4 0 1 0 1f 37 f8 0 1 f8 ff 0 1 00 00 00 00
4 0 1 0 03 26 77 0 1 77 ff 0 1 00 00 00 00
4 0 1 0 13 02 a4 0 1 a4 ff 0 1 00 00 00 00
4 0 0 0 23 4d c3 0 1 00 00 0 1 00 00 00 00
4 0 0 0 11 42 ed 0 1 00 00 0 1 00 00 00 00
4 0 1 1 15 c3 e8 0 1 00 00 0 1 00 00 00 00
4 0 1 0 20 7f c3 0 1 c3 ff 0 1 00 00 00 00
4 0 0 1 03 e9 77 0 1 00 00 0 1 00 00 00 00
4 0 1 0 07 5b 4e 0 1 4e ff 0 1 00 00 00 00
4 0 1 0 0a 7b 6e 1 1 6e ff 0 1 00 00 00 00
4 0 1 1 15 b8 e8 1 1 00 00 0 1 00 00 00 00
4 0 1 1 16 23 d1 0 1 00 00 0 1 00 00 00 00
4 0 1 0 0f e6 96 0 1 96 ff 0 1 00 00 00 00
4 0 1 0 13 49 a4 0 1 a4 ff 0 1 00 00 00 00
4 0 1 0 12 33 e3 0 1 e3 ff 0 1 00 00 00 00
4 0 1 1 1a 43 ab 0 1 00 00 1 1 16 3f 23 ff
4 0 1 0 19 61 13 0 1 13 ff 0 1 00 00 00 00
4 0 1 0 15 fa e8 1 1 b8 ff 0 1 00 00 00 00
4 0 1 0 03 06 77 0 1 77 ff 0 1 00 00 00 00
4 0 1 1 13 11 a4 1 1 00 00 0 1 00 00 00 00
4 0 1 0 16 01 23 0 1 23 ff 0 1 00 00 00 00
4 0 1 0 01 0c 3c 0 1 3c ff 0 1 00 00 00 00
4 0 1 1 30 cd ce 0 1 00 00 1 1 04 3f 7d ff
4 0 1 0 07 8e 4e 0 1 4e ff 0 1 00 00 00 00
4 0 1 0 07 fe 4e 1 1 4e ff 0 1 00 00 00 00
4 0 1 0 09 40 0a 0 1 0a ff 1 1 15 3f b8 ff
4 0 1 1 03 e5 77 0 1 00 00 1 1 13 3f 11 ff
4 0 1 0 06 37 58 0 1 58 ff 1 1 1a 3f 43 ff
4 0 1 0 13 41 11 0 1 11 ff 0 1 00 00 00 00
4 0 1 0 07 d0 4e 0 1 4e ff 1 1 03 3f e5 ff
4 0 0 0 0d 57 60 0 1 00 00 0 1 00 00 00 00
4 0 1 1 18 c6 1b 0 1 00 00 0 1 00 00 00 00
4 0 1 0 0b 5d 9e 0 1 9e ff 0 1 00 00 00 00
4 0 1 1 13 92 11 0 1 00 00 0 1 00 00 00 00
4 0 0 0 05 d9 9b 0 1 00 00 0 1 00 00 00 00
4 0 1 0 0b 3e 9e 1 1 9e ff 0 1 00 00 00 00
4 0 1 1 03 05 e5 0 1 00 00 1 1 13 3f 92 ff
4 0 1 0 07 67 4e 0 1 4e ff 0 1 00 00 00 00
4 0 0 0 03 b6 e5 0 1 00 00 0 1 00 00 00 00
4 0 1 1 3e 14 cd 0 1 00 00 0 1 00 00 00 00
4 0 1 0 3a 5f 53 0 1 53 ff 0 1 00 00 00 00
4 0 1 1 3d 64 7a 0 1 00 00 0 1 00 00 00 00
4 0 0 0 0f b6 96 0 1 00 00 0 1 00 00 00 00
4 0 1 1 15 08 b8 0 1 00 00 0 1 00 00 00 00
4 0 1 0 13 b5 92 0 1 92 ff 1 1 03 3f 05 ff
4 0 1 1 07 ee 4e 1 1 00 00 0 1 00 00 00 00
4 0 1 1 01 09 3c 0 1 00 00 1 1 3d 3f 64 ff
4 0 1 1 04 0b 7d 0 1 00 00 1 1 30 3f cd ff
4 0 1 0 0b 89 9e 0 1 9e ff 0 1 00 00 00 00
4 0 1 0 16 67 23 0 1 23 ff 1 1 3e 3f 14 ff
4 0 1 1 0b 57 9e 1 1 00 00 0 1 00 00 00 00
4 0 1 0 18 14 1b 1 1 c6 ff 0 1 00 00 00 00
4 0 0 1 1c 79 1b 0 1 00 00 0 1 00 00 00 00
4 0 1 0 0b 85 9e 1 1 57 ff 0 1 00 00 00 00
4 0 1 1 37 49 b0 0 1 00 00 1 1 07 3f ee ff
4 0 1 1 1f d0 f8 0 1 00 00 1 1 0b 3f 57 ff
4 0 1 0 1f 23 f8 1 1 d0 ff 0 1 00 00 00 00
4 0 1 0 07 ed ee 0 1 ee ff 1 1 37 3f 49 ff
4 0 0 1 07 ee ee 0 1 00 00 0 1 00 00 00 00
4 0 1 1 14 77 39 0 1 00 00 1 1 04 3f 0b ff
4 0 1 0 37 3a 49 0 1 49 ff 1 1 1f 3f d0 ff
4 0 1 0 00 55 1e 0 1 1e ff 1 1 18 3f c6 ff
4 0 1 0 17 62 b5 0 1 b5 ff 0 1 00 00 00 00
4 0 1 0 0d 23 60 0 1 60 ff 1 1 15 3f 08 ff
4 0 1 0 12 36 e3 0 1 e3 ff 0 1 00 00 00 00
4 0 1 0 0b 3e 57 0 1 57 ff 0 1 00 00 00 00
4 0 1 0 18 d5 c6 0 1 c6 ff 1 1 14 3f 77 ff
4 0 1 1 0b 1d 57 1 1 00 00 0 1 00 00 00 00
4 0 1 0 0f e9 96 0 1 96 ff 0 1 00 00 00 00
4 0 1 1 07 e5 ee 0 1 00 00 1 1 0b 3f 1d ff
4 0 1 0 2f 2c cd 0 1 cd ff 0 1 00 00 00 00
4 0 1 0 07 a4 ee 1 1 e5 ff 0 1 00 00 00 00
4 0 1 1 1e 5d 51 0 1 00 00 0 1 00 00 00 00
4 0 1 0 03 53 05 0 1 05 ff 0 1 00 00 00 00
4 0 0 1 07 7c ee 0 1 00 00 0 1 00 00 00 00
4 0 1 0 05 59 9b 0 1 9b ff 1 1 01 3f 09 ff
4 0 1 0 03 1e 05 1 1 05 ff 0 1 00 00 00 00
4 0 1 0 0b 2c 1d 0 1 1d ff 1 1 07 3f e5 ff
4 0 1 1 02 59 46 0 1 00 00 0 1 00 00 00 00
4 0 1 1 27 d2 c4 0 1 00 00 0 1 00 00 00 00
4 0 1 0 16 ea 23 0 1 23 ff 1 1 1e 3f 5d ff
4 0 1 0 00 58 1e 1 1 1e ff 0 1 00 00 00 00
4 0 0 1 00 39 1e 0 1 00 00 0 1 00 00 00 00
4 0 1 0 01 fb 09 0 1 09 ff 0 1 00 00 00 00
4 0 1 1 29 fd d1 0 1 00 00 0 1 00 00 00 00
4 0 1 1 11 d6 ed 0 1 00 00 0 1 00 00 00 00
4 0 1 0 0b 6a 1d 1 1 1d ff 0 1 00 00 00 00
4 0 0 1 03 c8 05 0 1 00 00 0 1 00 00 00 00
4 0 1 1 39 77 20 0 1 00 00 1 1 29 3f fd ff
4 0 0 1 0f f4 96 0 1 00 00 0 1 00 00 00 00
4 0 1 0 03 c6 05 0 1 05 ff 1 1 27 3f d2 ff
4 0 1 0 07 f1 e5 0 1 e5 ff 0 1 00 00 00 00
4 0 1 0 05 37 9b 0 1 9b ff 1 1 11 3f d6 ff
4 0 1 1 26 6f e6 0 1 00 00 1 1 02 3f 59 ff
4 0 1 0 20 62 c3 0 1 c3 ff 0 1 00 00 00 00
4 0 1 1 1b ef 14 0 1 00 00 0 1 00 00 00 00
4 0 1 0 07 8a e5 1 1 e5 ff 0 1 00 00 00 00
4 0 1 1 19 9c 13 0 1 00 00 1 1 39 3f 77 ff
4 0 1 0 32 92 d4 0 1 d4 ff 0 1 00 00 00 00
4 0 1 1 1b 58 14 1 1 00 00 0 1 00 00 00 00
4 0 1 0 08 9f 59 0 1 59 ff 0 1 00 00 00 00
4 0 1 0 0b ed 1d 0 1 1d ff 0 1 00 00 00 00
4 0 1 0 33 ed 65 0 1 65 ff 1 1 1b 3f 58 ff
4 0 0 0 39 bc 77 0 1 00 00 0 1 00 00 00 00
4 0 1 0 15 12 08 0 1 08 ff 0 1 00 00 00 00
4 0 1 1 13 87 92 0 1 00 00 0 1 00 00 00 00
4 0 1 1 0f d1 96 0 1 00 00 0 1 00 00 00 00
4 0 1 0 32 e3 d4 1 1 d4 ff 0 1 00 00 00 00
4 0 1 0 1f e0 d0 0 1 d0 ff 1 1 13 3f 87 ff
4 0 1 0 0f d0 96 1 1 d1 ff 0 1 00 00 00 00
4 0 1 0 1b 58 58 0 1 58 ff 0 1 00 00 00 00
4 0 1 0 07 bd e5 0 1 e5 ff 1 1 0f 3f d1 ff
4 0 1 1 08 28 59 1 1 00 00 0 1 00 00 00 00
4 0 1 0 0f e8 d1 0 1 d1 ff 0 1 00 00 00 00
4 0 1 0 08 7b 59 1 1 28 ff 0 1 00 00 00 00
4 0 1 1 03 5e 05 0 1 00 00 0 1 00 00 00 00
4 0 1 0 19 2c 13 1 1 9c ff 0 1 00 00 00 00
4 0 1 1 01 20 09 0 1 00 00 0 1 00 00 00 00
4 0 1 0 0f 2b d1 1 1 d1 ff 0 1 00 00 00 00
4 0 1 0 03 7f 05 1 1 5e ff 0 1 00 00 00 00
4 0 1 0 0a a5 6e 0 1 6e ff 1 1 26 3f 6f ff
4 0 1 0 0d 7a 60 0 1 60 ff 1 1 19 3f 9c ff
4 0 1 1 0d b1 60 1 1 00 00 0 1 00 00 00 00
4 0 0 0 0f 82 d1 0 1 00 00 0 1 00 00 00 00
4 0 1 0 13 44 87 0 1 87 ff 0 1 00 00 00 00
4 0 0 0 15 39 08 0 1 00 00 0 1 00 00 00 00
4 0 1 0 0c 94 87 0 1 87 ff 0 1 00 00 00 00
4 0 1 0 18 29 c6 0 1 c6 ff 1 1 08 3f 28 ff
4 0 0 0 02 e3 59 0 1 00 00 0 1 00 00 00 00
4 0 1 0 0f 51 d1 0 1 d1 ff 1 1 03 3f 5e ff
4 0 0 1 03 8f 5e 0 1 00 00 0 1 00 00 00 00
4 0 1 1 28 4a 3e 0 1 00 00 0 1 00 00 00 00
4 0 1 1 07 15 e5 0 1 00 00 0 1 00 00 00 00
4 0 1 0 07 e1 e5 1 1 15 ff 0 1 00 00 00 00
4 0 1 1 16 96 23 0 1 00 00 0 1 00 00 00 00
4 0 1 0 05 95 9b 0 1 9b ff 1 1 01 3f 20 ff
4 0 1 1 1f 75 d0 0 1 00 00 0 1 00 00 00 00
4 0 1 0 0e 19 e5 0 1 e5 ff 0 1 00 00 00 00
4 0 1 0 03 22 5e 0 1 5e ff 1 1 07 3f 15 ff
4 0 1 1 0d c5 60 1 1 00 00 0 1 00 00 00 00
4 0 0 1 07 c8 15 0 1 00 00 0 1 00 00 00 00
4 0 1 0 0f 08 d1 0 1 d1 ff 1 1 1f 3f 75 ff
4 0 1 0 08 26 28 0 1 28 ff 0 1 00 00 00 00
4 0 1 1 0f 0b d1 1 1 00 00 0 1 00 00 00 00
4 0 1 1 19 c0 9c 0 1 00 00 0 1 00 00 00 00
4 0 1 0 05 e4 9b 0 1 9b ff 1 1 0d 3f c5 ff
4 0 0 0 02 dd 59 0 1 00 00 0 1 00 00 00 00
4 0 1 0 09 11 0a 0 1 0a ff 1 1 19 3f c0 ff
4 0 1 0 26 32 6f 0 1 6f ff 1 1 16 3f 96 ff
4 0 1 1 1c da 1b 0 1 00 00 1 1 28 3f 4a ff
4 0 1 0 02 81 59 0 1 59 ff 0 1 00 00 00 00
4 0 1 1 24 a0 43 0 1 00 00 0 1 00 00 00 00
4 0 1 0 0b d9 1d 0 1 1d ff 0 1 00 00 00 00
4 1 1 0 03 2f 5e 0 1 00 00 0 1 00 00 00 00
4 0 1 1 02 40 59 0 1 00 00 0 1 00 00 00 00
4 0 1 1 0c a3 87 0 1 00 00 0 1 00 00 00 00
4 0 1 1 14 18 77 0 1 00 00 0 1 00 00 00 00
4 0 1 0 05 e6 9b 0 1 9b ff 0 1 00 00 00 00
4 0 1 1 07 ce 15 0 1 00 00 0 1 00 00 00 00
4 0 1 1 25 97 69 0 1 00 00 0 1 00 00 00 00
4 0 1 0 0b f3 1d 0 1 1d ff 0 1 00 00 00 00
4 0 1 0 17 52 b5 0 1 b5 ff 1 1 07 3f ce ff
4 0 0 1 02 75 59 0 1 00 00 0 1 00 00 00 00
4 0 1 0 29 a8 fd 0 1 fd ff 0 1 00 00 00 00
4 0 1 1 09 e4 0a 0 1 00 00 1 1 25 3f 97 ff
4 0 1 0 07 bb ce 0 1 ce ff 0 1 00 00 00 00
4 0 1 0 0f 64 d1 0 1 d1 ff 0 1 00 00 00 00
4 0 1 0 13 55 87 0 1 87 ff 0 1 00 00 00 00
4 0 1 1 13 62 87 1 1 00 00 0 1 00 00 00 00
4 0 1 1 14 fd 77 1 1 00 00 0 1 00 00 00 00
4 0 1 1 03 a6 5e 0 1 00 00 0 1 00 00 00 00
4 0 1 1 0f 99 d1 0 1 00 00 1 1 13 3f 62 ff
4 0 1 1 1b 45 58 0 1 00 00 1 1 03 3f a6 ff
4 0 1 1 07 a9 ce 0 1 00 00 1 1 0f 3f 99 ff
4 0 0 1 0f 27 99 0 1 00 00 0 1 00 00 00 00
4 0 1 1 1c 9f 1b 0 1 00 00 1 1 0c 3f a3 ff
4 0 1 0 37 2c 49 0 1 49 ff 1 1 1b 3f 45 ff
4 0 0 0 13 d9 62 0 1 00 00 0 1 00 00 00 00
4 0 1 1 07 3a ce 1 1 00 00 0 1 00 00 00 00
4 0 0 1 02 15 59 0 1 00 00 0 1 00 00 00 00
4 0 1 0 0b e3 1d 0 1 1d ff 0 1 00 00 00 00
4 0 1 1 04 78 0b 0 1 00 00 1 1 14 3f fd ff
4 0 1 1 13 14 62 0 1 00 00 1 1 07 3f 3a ff
4 0 0 0 1a 54 43 0 1 00 00 0 1 00 00 00 00
4 0 1 1 2b f8 5d 0 1 00 00 0 1 00 00 00 00
4 0 0 1 18 e5 c6 0 1 00 00 0 1 00 00 00 00
4 0 1 0 03 14 a6 0 1 a6 ff 1 1 13 3f 14 ff
4 0 1 0 07 fd 3a 0 1 3a ff 1 1 2b 3f f8 ff
4 1 1 0 17 d1 b5 0 1 00 00 0 1 00 00 00 00
4 0 1 1 30 10 cd 0 1 00 00 0 1 00 00 00 00
4 0 0 1 00 43 1e 0 1 00 00 0 1 00 00 00 00
4 0 1 1 14 04 fd 0 1 00 00 0 1 00 00 00 00
4 0 1 1 0e e3 e5 0 1 00 00 0 1 00 00 00 00
4 0 1 1 23 f1 c3 0 1 00 00 0 1 00 00 00 00
4 0 0 1 00 6c 1e 0 1 00 00 0 1 00 00 00 00
4 0 1 0 0f 0d 99 0 1 99 ff 0 1 00 00 00 00
4 0 1 1 22 04 d7 0 1 00 00 0 1 00 00 00 00
4 0 0 0 1d 78 fa 0 1 00 00 0 1 00 00 00 00
4 0 1 1 34 15 e5 0 1 00 00 1 1 30 3f 10 ff
4 0 1 0 0f b0 99 1 1 99 ff 0 1 00 00 00 00
4 0 1 0 00 e2 1e 0 1 1e ff 1 1 14 3f 04 ff
4 0 1 1 13 fb 14 0 1 00 00 1 1 23 3f f1 ff
4 0 1 0 0a 23 6e 0 1 6e ff 1 1 0e 3f e3 ff
4 0 1 1 08 ec 28 0 1 00 00 1 1 34 3f 15 ff
4 0 1 0 0c b5 a3 0 1 a3 ff 0 1 00 00 00 00
4 0 0 1 0f 6d 99 0 1 00 00 0 1 00 00 00 00
4 0 1 0 3e 2d 14 0 1 14 ff 1 1 22 3f 04 ff
4 0 1 0 0b 2f 1d 0 1 1d ff 0 1 00 00 00 00
4 0 1 0 33 1d 65 0 1 65 ff 1 1 13 3f fb ff
4 0 1 0 09 31 0a 0 1 0a ff 0 1 00 00 00 00
4 0 1 0 1c 5a 1b 0 1 1b ff 1 1 08 3f ec ff
4 0 1 0 19 0b c0 0 1 c0 ff 0 1 00 00 00 00
4 0 1 0 12 b8 e3 0 1 e3 ff 0 1 00 00 00 00
4 0 0 0 0a 04 6e 0 1 00 00 0 1 00 00 00 00
4 0 1 0 35 90 1e 0 1 1e ff 0 1 00 00 00 00
4 0 1 0 0a 5a 6e 0 1 6e ff 0 1 00 00 00 00
4 0 0 0 0c 4e a3 0 1 00 00 0 1 00 00 00 00
4 0 1 0 1d c7 fa 0 1 fa ff 0 1 00 00 00 00
4 0 0 1 1b 8d 45 0 1 00 00 0 1 00 00 00 00
4 0 0 1 13 d8 fb 0 1 00 00 0 1 00 00 00 00
4 0 1 0 07 3d 3a 0 1 3a ff 0 1 00 00 00 00
4 0 1 1 0f 7d 99 0 1 00 00 0 1 00 00 00 00
4 0 1 1 3f 5c 75 0 1 00 00 0 1 00 00 00 00
4 0 0 1 13 3b fb 0 1 00 00 0 1 00 00 00 00
4 0 1 0 14 7d 04 0 1 04 ff 0 1 00 00 00 00
4 0 1 0 13 bc fb 0 1 fb ff 1 1 0f 3f 7d ff
4 0 1 0 36 10 4a 0 1 4a ff 0 1 00 00 00 00
4 0 1 1 35 a1 1e 1 1 00 00 0 1 00 00 00 00
4 0 1 0 13 87 fb 1 1 fb ff 0 1 00 00 00 00
4 0 1 1 0b 57 1d 0 1 00 00 1 1 3f 3f 5c ff
4 0 1 0 1f b0 75 0 1 75 ff 0 1 00 00 00 00
4 0 1 1 35 a2 1e 1 1 00 00 0 1 00 00 00 00
4 0 1 0 1a 74 43 0 1 43 ff 0 1 00 00 00 00
4 0 1 0 17 05 b5 0 1 b5 ff 1 1 0b 3f 57 ff
4 0 1 0 13 fb fb 0 1 fb ff 0 1 00 00 00 00
4 0 0 0 07 f4 3a 0 1 00 00 0 1 00 00 00 00
4 0 1 1 11 7a d6 0 1 00 00 0 1 00 00 00 00
4 0 1 1 13 30 fb 1 1 00 00 0 1 00 00 00 00
4 0 1 0 10 6d 2e 0 1 2e ff 0 1 00 00 00 00
4 0 1 0 0c 70 a3 0 1 a3 ff 0 1 00 00 00 00
4 0 1 0 11 d6 d6 1 1 7a ff 0 1 00 00 00 00
4 0 1 0 14 8d 04 0 1 04 ff 0 1 00 00 00 00
4 0 1 0 1c 34 1b 0 1 1b ff 0 1 00 00 00 00
4 0 1 0 0b 06 57 0 1 57 ff 0 1 00 00 00 00
4 0 1 1 2a 66 b1 0 1 00 00 0 1 00 00 00 00
4 0 0 0 03 d5 a6 0 1 00 00 0 1 00 00 00 00
4 0 0 0 20 29 c3 0 1 00 00 0 1 00 00 00 00
4 0 1 0 01 60 20 0 1 20 ff 1 1 35 3f a2 ff
4 0 1 1 0b 70 57 1 1 00 00 0 1 00 00 00 00
4 0 1 1 25 1e 97 0 1 00 00 1 1 11 3f 7a ff
4 0 0 0 23 68 f1 0 1 00 00 0 1 00 00 00 00
4 0 0 0 0c c0 a3 0 1 00 00 0 1 00 00 00 00
4 1 1 1 1c 33 1b 0 1 00 00 0 1 00 00 00 00
4 0 1 0 03 33 a6 0 1 a6 ff 0 1 00 00 00 00
4 0 0 0 08 cb ec 0 1 00 00 0 1 00 00 00 00
4 0 1 0 32 4c d4 0 1 d4 ff 0 1 00 00 00 00
4 0 1 0 2a 19 b1 0 1 b1 ff 0 1 00 00 00 00
4 0 1 1 0e 41 e3 0 1 00 00 0 1 00 00 00 00
4 0 1 0 0f 3d 7d 0 1 7d ff 0 1 00 00 00 00
4 0 1 1 24 03 43 0 1 00 00 0 1 00 00 00 00
4 0 0 0 03 c0 a6 0 1 00 00 0 1 00 00 00 00
4 0 1 0 14 a4 04 0 1 04 ff 0 1 00 00 00 00
4 0 1 0 32 3c d4 0 1 d4 ff 0 1 00 00 00 00
4 0 1 0 06 ef 58 0 1 58 ff 1 1 0e 3f 41 ff
4 0 1 0 07 4c 3a 0 1 3a ff 0 1 00 00 00 00
4 0 1 0 3e 8f 14 0 1 14 ff 0 1 00 00 00 00
4 0 1 0 0e a6 41 0 1 41 ff 0 1 00 00 00 00
4 0 1 0 1a ea 43 0 1 43 ff 0 1 00 00 00 00
4 0 1 0 13 ff fb 0 1 fb ff 0 1 00 00 00 00
4 0 1 1 0f 0e 7d 0 1 00 00 0 1 00 00 00 00
4 0 1 1 24 93 43 1 1 00 00 0 1 00 00 00 00
4 0 1 0 0b 22 57 0 1 57 ff 0 1 00 00 00 00
4 0 1 1 07 3c 3a 0 1 00 00 1 1 0f 3f 0e ff
4 0 1 0 17 e2 b5 0 1 b5 ff 0 1 00 00 00 00
4 0 0 1 1e 9b 5d 0 1 00 00 0 1 00 00 00 00
4 0 1 0 0c 1e a3 0 1 a3 ff 0 1 00 00 00 00
4 0 0 1 13 d5 fb 0 1 00 00 0 1 00 00 00 00
4 0 0 0 0b d8 57 0 1 00 00 0 1 00 00 00 00
4 0 0 0 03 28 a6 0 1 00 00 0 1 00 00 00 00
4 0 1 0 13 c5 fb 0 1 fb ff 1 1 07 3f 3c ff
4 0 1 1 3b c2 21 0 1 00 00 0 1 00 00 00 00
4 0 1 0 0f c2 0e 0 1 0e ff 0 1 00 00 00 00
4 0 1 0 02 d1 59 0 1 59 ff 0 1 00 00 00 00
4 0 0 1 03 2a a6 0 1 00 00 0 1 00 00 00 00
4 0 1 1 0f 86 0e 1 1 00 00 0 1 00 00 00 00
4 0 1 0 03 8c a6 0 1 a6 ff 1 1 3b 3f c2 ff
4 0 1 1 1f 5c 75 0 1 00 00 1 1 0f 3f 86 ff
4 0 1 0 0e fd 41 0 1 41 ff 0 1 00 00 00 00
4 0 1 1 13 fc fb 0 1 00 00 0 1 00 00 00 00
4 0 1 1 1d 39 fa 0 1 00 00 0 1 00 00 00 00
4 0 1 0 03 23 a6 0 1 a6 ff 1 1 1f 3f 5c ff
4 0 0 0 13 c3 fb 0 1 00 00 0 1 00 00 00 00
4 0 1 1 3f 87 5c 0 1 00 00 1 1 13 3f fc ff
4 0 1 0 02 d4 59 1 1 59 ff 0 1 00 00 00 00
4 0 1 1 14 f2 04 0 1 00 00 1 1 24 3f 93 ff
4 0 1 1 3e bd 14 0 1 00 00 0 1 00 00 00 00
4 0 0 1 07 0f 3c 0 1 00 00 0 1 00 00 00 00
4 0 0 0 15 b5 08 0 1 00 00 0 1 00 00 00 00
4 0 1 1 34 fd 15 0 1 00 00 0 1 00 00 00 00
4 0 1 0 07 be 3c 0 1 3c ff 0 1 00 00 00 00
4 0 1 1 0a de 6e 0 1 00 00 0 1 00 00 00 00
4 0 1 1 1b 2a 45 0 1 00 00 1 1 3f 3f 87 ff
4 0 1 1 0b 66 57 0 1 00 00 0 1 00 00 00 00
4 0 1 1 07 4f 3c 0 1 00 00 1 1 1b 3f 2a ff
4 0 1 1 1f 9b 5c 0 1 00 00 1 1 0b 3f 66 ff
4 0 1 0 25 c7 97 0 1 97 ff 0 1 00 00 00 00
4 0 1 0 00 de 1e 0 1 1e ff 1 1 14 3f f2 ff
4 0 0 1 19 82 c0 0 1 00 00 0 1 00 00 00 00
4 0 1 0 00 77 1e 1 1 1e ff 0 1 00 00 00 00
4 0 1 0 38 af 7b 0 1 7b ff 1 1 34 3f fd ff
4 0 1 1 03 a2 a6 0 1 00 00 1 1 07 3f 4f ff
4 0 1 1 13 d3 fc 0 1 00 00 1 1 1f 3f 9b ff
4 0 1 0 04 bd 0b 0 1 0b ff 0 1 00 00 00 00
4 0 0 0 09 07 0a 0 1 00 00 0 1 00 00 00 00
4 0 1 0 07 be 4f 0 1 4f ff 1 1 03 3f a2 ff
4 0 1 1 0f 2d 86 0 1 00 00 1 1 13 3f d3 ff
4 0 1 0 0b 57 66 0 1 66 ff 0 1 00 00 00 00
4 0 1 1 00 ef 1e 0 1 00 00 0 1 00 00 00 00
4 0 1 0 32 40 d4 0 1 d4 ff 1 1 3e 3f bd ff
4 0 0 0 13 b9 d3 0 1 00 00 0 1 00 00 00 00
4 0 0 1 07 f9 4f 0 1 00 00 0 1 00 00 00 00
4 0 1 1 28 17 4a 0 1 00 00 0 1 00 00 00 00
4 0 1 1 10 48 2e 0 1 00 00 1 1 00 3f ef ff
4 0 1 1 04 26 0b 0 1 00 00 1 1 28 3f 17 ff
4 0 1 1 38 d1 7b 0 1 00 00 1 1 10 3f 48 ff
4 0 1 0 03 d8 a2 0 1 a2 ff 1 1 0f 3f 2d ff
4 0 1 0 07 dc 4f 0 1 4f ff 0 1 00 00 00 00
4 0 1 0 0f 85 2d 0 1 2d ff 0 1 00 00 00 00
4 0 1 0 03 74 a2 0 1 a2 ff 0 1 00 00 00 00
4 0 0 0 1b 1f 2a 0 1 00 00 0 1 00 00 00 00
4 0 0 0 08 21 ec 0 1 00 00 0 1 00 00 00 00
4 0 1 1 30 8d 10 0 1 00 00 1 1 04 3f 26 ff
4 0 1 1 09 ef 0a 0 1 00 00 1 1 1d 3f 39 ff
4 0 0 0 03 fb a2 0 1 00 00 0 1 00 00 00 00
4 0 0 1 16 4c 96 0 1 00 00 0 1 00 00 00 00
4 0 1 1 31 09 54 0 1 00 00 0 1 00 00 00 00
4 0 1 0 1d bd 39 0 1 39 ff 1 1 09 3f ef ff
4 0 1 1 07 2c 4f 0 1 00 00 0 1 00 00 00 00
4 0 1 1 2d 14 fd 0 1 00 00 1 1 31 3f 09 ff
4 0 1 1 05 34 9b 0 1 00 00 0 1 00 00 00 00
4 0 1 1 12 b0 e3 0 1 00 00 1 1 0a 3f de ff
4 0 1 1 0b 76 66 0 1 00 00 0 1 00 00 00 00
4 0 1 1 0b 0b 66 1 1 00 00 0 1 00 00 00 00
4 0 1 0 3b e8 c2 0 1 c2 ff 1 1 07 3f 2c ff
4 0 1 0 0b d4 66 1 1 0b ff 0 1 00 00 00 00
4 0 1 0 0d ce c5 0 1 c5 ff 1 1 2d 3f 14 ff
4 0 1 0 34 f2 fd 0 1 fd ff 1 1 38 3f d1 ff
4 0 1 0 0b 15 66 1 1 0b ff 0 1 00 00 00 00
4 0 1 1 05 f3 9b 1 1 00 00 0 1 00 00 00 00
4 0 1 0 38 5a d1 0 1 d1 ff 1 1 30 3f 8d ff
4 0 1 1 1e c3 5d 0 1 00 00 0 1 00 00 00 00
4 0 1 0 13 f5 d3 0 1 d3 ff 0 1 00 00 00 00
4 0 1 0 0b 1e 66 1 1 0b ff 0 1 00 00 00 00
4 0 1 0 32 26 d4 0 1 d4 ff 1 1 12 3f b0 ff
4 0 1 0 1e 4c 5d 1 1 c3 ff 0 1 00 00 00 00
4 0 0 0 0b 9d 66 0 1 00 00 0 1 00 00 00 00
4 0 1 0 0a 71 de 0 1 de ff 0 1 00 00 00 00
4 0 1 1 14 7c f2 0 1 00 00 0 1 00 00 00 00
4 1 1 0 1d 58 39 0 1 00 00 0 1 00 00 00 00
4 0 1 0 0d 39 c5 0 1 c5 ff 0 1 00 00 00 00
4 0 0 0 05 16 9b 0 1 00 00 0 1 00 00 00 00
4 0 0 0 11 a0 7a 0 1 00 00 0 1 00 00 00 00
4 0 1 1 05 d9 9b 0 1 00 00 0 1 00 00 00 00
4 0 1 0 14 c8 f2 0 1 f2 ff 0 1 00 00 00 00
4 0 1 0 0f ca 2d 0 1 2d ff 0 1 00 00 00 00
4 0 1 0 04 f4 26 0 1 26 ff 0 1 00 00 00 00
4 0 1 0 1c ff 1b 0 1 1b ff 0 1 00 00 00 00
4 0 1 1 2d b1 14 0 1 00 00 0 1 00 00 00 00
4 0 1 0 01 e9 20 0 1 20 ff 1 1 05 3f d9 ff
4 0 0 0 0b 34 66 0 1 00 00 0 1 00 00 00 00
4 0 1 0 13 82 d3 0 1 d3 ff 0 1 00 00 00 00
4 0 1 0 03 08 a2 0 1 a2 ff 0 1 00 00 00 00
4 0 1 0 17 1e b5 0 1 b5 ff 0 1 00 00 00 00
4 0 1 0 03 6c a2 1 1 a2 ff 0 1 00 00 00 00
4 0 1 0 03 f5 a2 1 1 a2 ff 0 1 00 00 00 00
4 0 1 0 1b 32 2a 0 1 2a ff 0 1 00 00 00 00
4 0 1 0 0b 1d 66 0 1 66 ff 0 1 00 00 00 00
4 0 0 0 2c b0 b7 0 1 00 00 0 1 00 00 00 00
4 0 1 0 02 ec 59 0 1 59 ff 0 1 00 00 00 00
4 0 1 0 18 97 c6 0 1 c6 ff 0 1 00 00 00 00
4 0 1 1 39 56 77 0 1 00 00 1 1 2d 3f b1 ff
4 0 1 1 07 89 2c 0 1 00 00 0 1 00 00 00 00
4 0 1 0 04 93 26 0 1 26 ff 0 1 00 00 00 00
4 0 0 0 0e 4d 41 0 1 00 00 0 1 00 00 00 00
4 0 1 1 04 f8 26 1 1 00 00 0 1 00 00 00 00
4 0 0 1 07 ab 2c 0 1 00 00 0 1 00 00 00 00
4 0 1 0 00 e0 ef 0 1 ef ff 0 1 00 00 00 00
4 0 1 0 0b b3 66 1 1 66 ff 0 1 00 00 00 00
4 0 1 0 31 c1 09 0 1 09 ff 0 1 00 00 00 00
4 0 0 1 0c 39 a3 0 1 00 00 0 1 00 00 00 00
4 0 1 0 08 aa ec 0 1 ec ff 1 1 04 3f f8 ff
4 0 1 1 12 39 b0 0 1 00 00 0 1 00 00 00 00
4 0 0 1 0b e6 66 0 1 00 00 0 1 00 00 00 00
4 0 1 0 0f ef 2d 0 1 2d ff 1 1 07 3f 89 ff
4 0 1 0 0e bd 41 0 1 41 ff 0 1 00 00 00 00
4 0 1 0 31 57 09 1 1 09 ff 0 1 00 00 00 00
4 0 1 1 14 98 f2 0 1 00 00 0 1 00 00 00 00
4 0 1 1 00 9f ef 0 1 00 00 0 1 00 00 00 00
4 0 1 1 1f ed 9b 0 1 00 00 0 1 00 00 00 00
4 0 0 0 03 37 a2 0 1 00 00 0 1 00 00 00 00
4 0 1 0 0b ee 66 0 1 66 ff 0 1 00 00 00 00
4 0 1 0 18 2b c6 0 1 c6 ff 1 1 14 3f 98 ff
4 0 1 0 13 ac d3 0 1 d3 ff 1 1 1f 3f ed ff
4 0 1 0 13 49 d3 1 1 d3 ff 0 1 00 00 00 00
4 0 1 0 07 e9 89 0 1 89 ff 0 1 00 00 00 00
4 0 1 0 0b 84 66 0 1 66 ff 0 1 00 00 00 00
4 0 1 1 0b cf 66 1 1 00 00 0 1 00 00 00 00
4 0 1 0 16 b6 96 0 1 96 ff 1 1 12 3f 39 ff
4 0 1 0 0b 91 66 1 1 cf ff 0 1 00 00 00 00
4 0 1 0 1e ad 5d 0 1 5d ff 0 1 00 00 00 00
4 0 1 0 0b 50 66 1 1 cf ff 0 1 00 00 00 00
4 0 0 0 01 f5 20 0 1 00 00 0 1 00 00 00 00
4 0 0 0 0f 5d 2d 0 1 00 00 0 1 00 00 00 00
4 0 1 0 0a b6 de 0 1 de ff 0 1 00 00 00 00
4 0 1 0 03 7d a2 0 1 a2 ff 0 1 00 00 00 00
4 0 1 0 0f 93 2d 0 1 2d ff 1 1 0b 3f cf ff
4 0 1 1 13 f3 d3 0 1 00 00 0 1 00 00 00 00
4 0 1 1 27 c9 d2 0 1 00 00 0 1 00 00 00 00
4 0 1 0 00 51 ef 1 1 9f ff 0 1 00 00 00 00
4 0 1 0 38 db d1 0 1 d1 ff 0 1 00 00 00 00
4 0 1 0 0f 9a 2d 0 1 2d ff 1 1 13 3f f3 ff
4 0 0 0 2c 98 b7 0 1 00 00 0 1 00 00 00 00
4 0 1 1 03 71 a2 0 1 00 00 1 1 27 3f c9 ff
4 0 1 1 36 72 4a 0 1 00 00 0 1 00 00 00 00
4 0 1 0 03 7c a2 1 1 71 ff 0 1 00 00 00 00
4 0 1 0 14 aa 98 0 1 98 ff 1 1 00 3f 9f ff
4 0 1 0 03 5d a2 1 1 71 ff 0 1 00 00 00 00
4 0 1 0 0f e9 2d 1 1 2d ff 0 1 00 00 00 00
4 0 1 1 31 68 09 1 1 00 00 0 1 00 00 00 00
4 0 1 0 0b f6 cf 0 1 cf ff 1 1 03 3f 71 ff
4 0 1 1 0b 7c cf 1 1 00 00 0 1 00 00 00 00
4 0 1 0 0f ff 2d 1 1 2d ff 0 1 00 00 00 00
4 0 1 0 35 bf a2 0 1 a2 ff 1 1 39 3f 56 ff
4 0 1 1 12 3c 39 0 1 00 00 0 1 00 00 00 00
4 0 1 0 0f d1 2d 1 1 2d ff 0 1 00 00 00 00
4 0 1 1 03 5c 71 0 1 00 00 1 1 0b 3f 7c ff
4 0 0 0 0f 7e 2d 0 1 00 00 0 1 00 00 00 00
4 0 1 0 13 e5 f3 0 1 f3 ff 0 1 00 00 00 00
4 0 1 1 03 6e 71 1 1 00 00 0 1 00 00 00 00
4 1 1 1 3c eb e1 0 1 00 00 0 1 00 00 00 00
4 0 1 0 20 1d c3 0 1 c3 ff 0 1 00 00 00 00
4 0 1 1 17 ae b5 0 1 00 00 0 1 00 00 00 00
4 0 1 0 39 f5 56 0 1 56 ff 0 1 00 00 00 00
4 0 1 0 13 98 f3 0 1 f3 ff 0 1 00 00 00 00
4 0 1 1 29 20 fd 0 1 00 00 0 1 00 00 00 00
4 0 1 1 30 04 8d 0 1 00 00 0 1 00 00 00 00
4 0 0 0 13 7c f3 0 1 00 00 0 1 00 00 00 00
4 0 1 1 19 7f c0 0 1 00 00 0 1 00 00 00 00
4 0 1 0 0d 4c c5 0 1 c5 ff 1 1 29 3f 20 ff
4 0 1 1 13 1d f3 1 1 00 00 0 1 00 00 00 00
4 0 1 1 3a dc 53 0 1 00 00 0 1 00 00 00 00
4 0 1 0 07 c4 89 0 1 89 ff 1 1 17 3f ae ff
4 0 0 1 03 b1 71 0 1 00 00 0 1 00 00 00 00
4 0 1 0 0b de 7c 0 1 7c ff 1 1 13 3f 1d ff
4 0 1 0 0a b1 de 0 1 de ff 0 1 00 00 00 00
4 0 0 1 04 bc f8 0 1 00 00 0 1 00 00 00 00
4 0 1 0 08 f3 ec 0 1 ec ff 0 1 00 00 00 00
4 0 0 1 03 fd 71 0 1 00 00 0 1 00 00 00 00
4 0 1 0 07 10 89 1 1 89 ff 0 1 00 00 00 00
4 0 1 0 01 fa 20 0 1 20 ff 1 1 19 3f 7f ff
4 0 1 0 20 55 c3 0 1 c3 ff 1 1 30 3f 04 ff
4 0 1 1 26 4e 6f 0 1 00 00 1 1 3a 3f dc ff
4 0 1 0 13 14 1d 0 1 1d ff 0 1 00 00 00 00
4 0 1 0 13 b5 1d 1 1 1d ff 0 1 00 00 00 00
4 0 0 1 13 66 1d 0 1 00 00 0 1 00 00 00 00
4 0 1 1 0e 43 41 0 1 00 00 0 1 00 00 00 00
4 0 0 0 01 b9 20 0 1 00 00 0 1 00 00 00 00
4 0 1 1 0d ff c5 1 1 00 00 0 1 00 00 00 00
4 0 0 0 03 ca 71 0 1 00 00 0 1 00 00 00 00
4 0 1 0 02 c6 59 0 1 59 ff 1 1 26 3f 4e ff
4 0 1 1 20 77 c3 1 1 00 00 0 1 00 00 00 00
4 0 0 0 0c eb a3 0 1 00 00 0 1 00 00 00 00
4 0 1 1 07 5f 89 1 1 00 00 0 1 00 00 00 00
4 0 0 1 3d 54 64 0 1 00 00 0 1 00 00 00 00
4 0 1 1 13 0b 1d 1 1 00 00 0 1 00 00 00 00
4 0 1 1 32 3b d4 0 1 00 00 1 1 0e 3f 43 ff
4 0 1 1 0f e7 2d 0 1 00 00 1 1 07 3f 5f ff
4 0 0 1 1e b9 5d 0 1 00 00 0 1 00 00 00 00
4 0 1 0 0b 8c 7c 0 1 7c ff 1 1 13 3f 0b ff
4 0 1 0 10 e5 48 0 1 48 ff 0 1 00 00 00 00
4 0 0 0 18 62 c6 0 1 00 00 0 1 00 00 00 00
4 0 1 1 3d ab 64 0 1 00 00 0 1 00 00 00 00
4 0 1 0 0d 35 c5 1 1 ff ff 0 1 00 00 00 00
4 0 1 0 24 86 93 0 1 93 ff 1 1 20 3f 77 ff
4 0 1 0 0d bf c5 1 1 ff ff 0 1 00 00 00 00
4 0 1 0 19 dc 7f 0 1 7f ff 1 1 3d 3f ab ff
4 0 1 0 39 ad 56 0 1 56 ff 1 1 0d 3f ff ff
4 0 1 0 00 69 9f 0 1 9f ff 0 1 00 00 00 00
4 0 1 0 0f a5 2d 1 1 e7 ff 0 1 00 00 00 00
4 0 0 0 03 b3 71 0 1 00 00 0 1 00 00 00 00
4 0 0 0 36 51 4a 0 1 00 00 0 1 00 00 00 00
4 0 1 1 03 93 71 0 1 00 00 0 1 00 00 00 00
4 0 1 1 07 e2 5f 0 1 00 00 1 1 0f 3f e7 ff
4 0 1 0 13 54 0b 0 1 0b ff 1 1 03 3f 93 ff
4 0 1 0 0f 0f e7 0 1 e7 ff 1 1 07 3f e2 ff
4 0 1 1 0b 16 7c 0 1 00 00 0 1 00 00 00 00
4 0 1 1 01 dc 20 0 1 00 00 0 1 00 00 00 00
4 0 1 0 03 ba 93 0 1 93 ff 0 1 00 00 00 00
4 0 1 0 1d 96 39 0 1 39 ff 0 1 00 00 00 00
4 0 1 1 19 dd 7f 0 1 00 00 1 1 01 3f dc ff
4 0 0 1 1f 9e ed 0 1 00 00 0 1 00 00 00 00
4 0 1 0 06 55 58 0 1 58 ff 0 1 00 00 00 00
4 0 1 1 13 c5 0b 0 1 00 00 1 1 0b 3f 16 ff
4 0 1 0 11 80 7a 0 1 7a ff 0 1 00 00 00 00
4 0 1 1 11 dd 7a 1 1 00 00 0 1 00 00 00 00
4 0 1 0 1b 61 2a 0 1 2a ff 0 1 00 00 00 00
4 0 1 0 3f 42 87 0 1 87 ff 1 1 13 3f c5 ff
4 0 1 1 03 df 93 0 1 00 00 0 1 00 00 00 00
4 0 1 1 03 d4 93 1 1 00 00 0 1 00 00 00 00
4 0 0 0 1a b1 43 0 1 00 00 0 1 00 00 00 00
4 0 1 0 32 1d d4 1 1 3b ff 0 1 00 00 00 00
4 0 1 0 18 af c6 0 1 c6 ff 0 1 00 00 00 00
4 0 1 1 1f bf ed 0 1 00 00 0 1 00 00 00 00
4 0 1 0 0b 3c 16 0 1 16 ff 1 1 03 3f d4 ff
4 0 1 1 13 db c5 0 1 00 00 1 1 1f 3f bf ff
4 0 1 0 0f 17 e7 0 1 e7 ff 0 1 00 00 00 00
4 0 1 0 00 97 9f 1 1 9f ff 0 1 00 00 00 00
4 0 0 1 07 05 e2 0 1 00 00 0 1 00 00 00 00
4 0 1 1 0f a9 e7 1 1 00 00 0 1 00 00 00 00
4 0 1 1 03 11 d4 0 1 00 00 1 1 13 3f db ff
4 0 1 1 13 b2 db 0 1 00 00 1 1 0f 3f a9 ff
4 0 0 0 08 a3 ec 0 1 00 00 0 1 00 00 00 00
4 0 1 1 07 2a e2 0 1 00 00 1 1 03 3f 11 ff
4 0 1 1 03 1c 11 0 1 00 00 1 1 13 3f b2 ff
4 0 0 0 19 a4 7f 0 1 00 00 0 1 00 00 00 00
4 0 1 0 33 27 65 0 1 65 ff 1 1 07 3f 2a ff
4 0 1 0 24 14 93 0 1 93 ff 0 1 00 00 00 00
4 0 1 0 34 20 fd 0 1 fd ff 0 1 00 00 00 00
4 0 1 0 2e 39 51 0 1 51 ff 0 1 00 00 00 00
4 0 1 1 07 99 2a 0 1 00 00 1 1 03 3f 1c ff
4 0 1 0 0b 6f 16 0 1 16 ff 0 1 00 00 00 00
4 0 1 0 26 8e 4e 0 1 4e ff 1 1 32 3f 3b ff
4 0 1 0 00 10 9f 0 1 9f ff 0 1 00 00 00 00
4 0 1 0 13 7d b2 0 1 b2 ff 1 1 07 3f 99 ff
4 0 1 0 11 ff 7a 1 1 dd ff 0 1 00 00 00 00
4 0 1 1 0f f6 a9 0 1 00 00 0 1 00 00 00 00
4 0 0 0 29 b1 20 0 1 00 00 0 1 00 00 00 00
4 0 1 1 3d 30 ab 0 1 00 00 1 1 19 3f dd ff
4 0 1 0 0d e0 ff 0 1 ff ff 1 1 11 3f dd ff
4 0 0 1 0a b5 de 0 1 00 00 0 1 00 00 00 00
4 0 1 0 22 af 04 0 1 04 ff 0 1 00 00 00 00
4 0 1 0 1b 23 2a 0 1 2a ff 0 1 00 00 00 00
4 0 1 0 12 43 39 0 1 39 ff 0 1 00 00 00 00
4 0 1 0 28 c6 17 0 1 17 ff 0 1 00 00 00 00
4 0 1 1 1b ff 2a 1 1 00 00 0 1 00 00 00 00
4 0 1 1 37 1a 49 0 1 00 00 1 1 0f 3f f6 ff
4 0 1 0 34 36 fd 0 1 fd ff 0 1 00 00 00 00
4 0 1 0 0f e5 f6 0 1 f6 ff 1 1 1b 3f ff ff
4 0 1 1 0d e5 ff 1 1 00 00 0 1 00 00 00 00
4 0 1 0 08 3c ec 0 1 ec ff 0 1 00 00 00 00
4 0 1 0 0d 52 ff 1 1 e5 ff 0 1 00 00 00 00
4 0 1 0 2a be b1 0 1 b1 ff 0 1 00 00 00 00
4 0 0 1 02 57 59 0 1 00 00 0 1 00 00 00 00
4 0 1 0 0b 9a 16 0 1 16 ff 1 1 37 3f 1a ff
4 0 0 1 1a a6 43 0 1 00 00 0 1 00 00 00 00
4 0 0 1 01 9f dc 0 1 00 00 0 1 00 00 00 00
4 0 1 1 0f fc f6 1 1 00 00 0 1 00 00 00 00
4 0 1 0 22 f5 04 0 1 04 ff 0 1 00 00 00 00
4 0 1 0 0b 96 16 1 1 16 ff 0 1 00 00 00 00
4 0 1 1 12 10 39 0 1 00 00 0 1 00 00 00 00
4 0 1 1 2a 03 b1 0 1 00 00 0 1 00 00 00 00
4 0 1 0 3b 0f c2 0 1 c2 ff 1 1 0f 3f fc ff
4 0 1 1 07 12 99 0 1 00 00 0 1 00 00 00 00
4 0 0 0 14 fb 98 0 1 00 00 0 1 00 00 00 00
4 0 1 0 17 26 ae 0 1 ae ff 0 1 00 00 00 00
4 0 1 1 0d 11 ff 1 1 00 00 0 1 00 00 00 00
4 0 1 0 1a 04 43 0 1 43 ff 1 1 12 3f 10 ff
4 0 1 0 1d 6e 39 0 1 39 ff 1 1 3d 3f 30 ff
4 0 1 0 03 d0 1c 0 1 1c ff 1 1 07 3f 12 ff
4 0 1 0 1e 3a 5d 0 1 5d ff 1 1 2a 3f 03 ff
4 0 1 1 2e 32 51 0 1 00 00 0 1 00 00 00 00
4 0 1 0 07 90 12 0 1 12 ff 0 1 00 00 00 00
4 0 1 0 03 40 1c 1 1 1c ff 0 1 00 00 00 00
4 0 1 0 00 12 9f 0 1 9f ff 0 1 00 00 00 00
4 0 1 1 0b 36 16 0 1 00 00 0 1 00 00 00 00
4 0 1 0 3e ab bd 0 1 bd ff 0 1 00 00 00 00
4 0 1 1 03 cf 1c 1 1 00 00 0 1 00 00 00 00
4 0 1 1 22 30 04 0 1 00 00 1 1 2e 3f 32 ff
4 0 1 0 1b e3 ff 0 1 ff ff 1 1 0b 3f 36 ff
4 0 1 0 00 6e 9f 1 1 9f ff 0 1 00 00 00 00
4 0 1 1 1c 73 1b 0 1 00 00 0 1 00 00 00 00
4 0 1 0 13 3c b2 0 1 b2 ff 1 1 03 3f cf ff
4 0 0 1 33 ac 65 0 1 00 00 0 1 00 00 00 00
4 0 1 0 04 81 f8 0 1 f8 ff 0 1 00 00 00 00
4 0 1 0 0b 0e 36 0 1 36 ff 0 1 00 00 00 00
4 0 1 0 15 af 08 0 1 08 ff 1 1 0d 3f 11 ff
4 0 1 0 22 b1 04 1 1 30 ff 0 1 00 00 00 00
4 0 1 0 0f 2c fc 0 1 fc ff 0 1 00 00 00 00
4 0 1 1 13 35 b2 0 1 00 00 0 1 00 00 00 00
4 0 0 0 3a 89 dc 0 1 00 00 0 1 00 00 00 00
4 0 1 0 33 fc 65 0 1 65 ff 0 1 00 00 00 00
4 0 1 1 07 72 12 0 1 00 00 1 1 13 3f 35 ff
4 0 1 0 1f 74 bf 0 1 bf ff 0 1 00 00 00 00
4 0 1 0 08 84 ec 0 1 ec ff 1 1 1c 3f 73 ff
4 0 1 0 11 92 dd 0 1 dd ff 0 1 00 00 00 00
4 0 0 0 19 01 dd 0 1 00 00 0 1 00 00 00 00
4 0 1 0 3a c0 dc 0 1 dc ff 0 1 00 00 00 00
4 0 1 1 03 a6 cf 0 1 00 00 1 1 07 3f 72 ff
4 0 1 0 34 8f fd 0 1 fd ff 0 1 00 00 00 00
4 0 1 1 07 26 72 0 1 00 00 0 1 00 00 00 00
4 0 0 0 13 7b 35 0 1 00 00 0 1 00 00 00 00
4 0 1 0 32 e8 3b 0 1 3b ff 1 1 22 3f 30 ff
4 0 0 0 0f 3d fc 0 1 00 00 0 1 00 00 00 00
4 0 1 0 07 f9 72 1 1 26 ff 0 1 00 00 00 00
4 0 0 0 09 b6 ef 0 1 00 00 0 1 00 00 00 00
4 0 1 0 0b 49 36 0 1 36 ff 1 1 03 3f a6 ff
4 0 1 0 07 5f 72 1 1 26 ff 0 1 00 00 00 00
4 0 1 1 0a 21 de 0 1 00 00 0 1 00 00 00 00
4 0 1 0 01 30 dc 0 1 dc ff 0 1 00 00 00 00
4 0 0 1 16 95 96 0 1 00 00 0 1 00 00 00 00
4 0 1 0 00 b4 9f 0 1 9f ff 0 1 00 00 00 00
4 0 1 1 0f 35 fc 0 1 00 00 0 1 00 00 00 00
4 0 1 1 13 0a 35 0 1 00 00 1 1 07 3f 26 ff
4 0 1 0 0f da fc 1 1 35 ff 0 1 00 00 00 00
4 0 1 0 1c 4b 73 0 1 73 ff 0 1 00 00 00 00
4 0 0 1 08 e7 ec 0 1 00 00 0 1 00 00 00 00
4 0 1 1 0f ef fc 1 1 00 00 0 1 00 00 00 00
4 0 1 1 07 60 26 0 1 00 00 1 1 13 3f 0a ff
4 0 1 0 37 39 1a 0 1 1a ff 1 1 0f 3f ef ff
4 0 1 1 35 be a2 0 1 00 00 0 1 00 00 00 00
4 0 1 0 07 1f 26 1 1 60 ff 0 1 00 00 00 00
4 0 1 1 13 c1 0a 0 1 00 00 0 1 00 00 00 00
4 0 1 1 25 b4 97 0 1 00 00 0 1 00 00 00 00
4 0 1 1 0b 01 36 0 1 00 00 1 1 07 3f 60 ff
4 0 1 0 0d ee 11 0 1 11 ff 1 1 35 3f be ff
4 0 0 0 0f d3 ef 0 1 00 00 0 1 00 00 00 00
4 0 1 0 04 f4 f8 0 1 f8 ff 0 1 00 00 00 00
4 0 0 1 0b e9 36 0 1 00 00 0 1 00 00 00 00
4 0 1 1 07 8d 60 0 1 00 00 1 1 13 3f c1 ff
4 0 1 1 07 94 60 1 1 00 00 0 1 00 00 00 00
4 0 1 0 1d 2f 39 0 1 39 ff 1 1 25 3f b4 ff
4 0 1 1 01 aa dc 0 1 00 00 0 1 00 00 00 00
4 0 1 0 0e 34 43 0 1 43 ff 0 1 00 00 00 00
4 0 1 0 01 60 dc 1 1 aa ff 0 1 00 00 00 00
4 0 1 0 3d 66 30 0 1 30 ff 0 1 00 00 00 00
4 0 1 0 18 8a c6 0 1 c6 ff 0 1 00 00 00 00
4 0 0 1 38 27 d1 0 1 00 00 0 1 00 00 00 00
4 0 1 1 06 00 58 0 1 00 00 1 1 0a 3f 21 ff
4 0 1 0 2b bf f8 0 1 f8 ff 1 1 0b 3f 01 ff
4 0 1 1 09 4a ef 0 1 00 00 1 1 01 3f aa ff
4 0 1 1 36 c6 4a 0 1 00 00 0 1 00 00 00 00
4 0 1 0 13 8c c1 0 1 c1 ff 1 1 07 3f 94 ff
4 0 1 0 14 0a 98 0 1 98 ff 0 1 00 00 00 00
4 0 1 0 0f ae ef 0 1 ef ff 0 1 00 00 00 00
4 0 1 0 03 8a a6 0 1 a6 ff 0 1 00 00 00 00
4 0 1 0 1d 55 39 0 1 39 ff 0 1 00 00 00 00
4 0 0 0 05 98 d9 0 1 00 00 0 1 00 00 00 00
4 0 1 0 2c f5 b7 0 1 b7 ff 0 1 00 00 00 00
4 0 1 1 06 fc 58 1 1 00 00 0 1 00 00 00 00
4 0 1 1 07 86 94 0 1 00 00 0 1 00 00 00 00
4 0 1 0 03 3e a6 1 1 a6 ff 0 1 00 00 00 00
4 0 1 1 1f b8 bf 0 1 00 00 1 1 07 3f 86 ff
4 0 1 0 38 f5 d1 0 1 d1 ff 0 1 00 00 00 00
4 0 1 0 1b 3f ff 0 1 ff ff 0 1 00 00 00 00
4 0 1 1 13 1c c1 0 1 00 00 1 1 1f 3f b8 ff
4 0 1 1 0b 0f 01 0 1 00 00 0 1 00 00 00 00
4 0 1 0 29 cc 20 0 1 20 ff 1 1 09 3f 4a ff
4 0 1 0 17 d6 ae 0 1 ae ff 1 1 13 3f 1c ff
4 0 0 0 11 77 dd 0 1 00 00 0 1 00 00 00 00
4 0 1 0 01 8d aa 0 1 aa ff 0 1 00 00 00 00
4 0 1 0 01 91 aa 1 1 aa ff 0 1 00 00 00 00
4 0 1 1 03 8a a6 0 1 00 00 1 1 0b 3f 0f ff
4 0 1 0 2a fd 03 0 1 03 ff 1 1 36 3f c6 ff
4 0 1 1 0f 66 ef 0 1 00 00 0 1 00 00 00 00
4 0 1 0 0b f1 0f 0 1 0f ff 1 1 03 3f 8a ff
4 0 1 0 0a f2 21 0 1 21 ff 1 1 06 3f fc ff
4 0 0 0 0d 04 11 0 1 00 00 0 1 00 00 00 00
4 0 1 0 07 df 86 0 1 86 ff 1 1 0f 3f 66 ff
4 0 1 1 21 5d f9 0 1 00 00 0 1 00 00 00 00
4 0 1 0 13 dc 1c 0 1 1c ff 0 1 00 00 00 00
4 0 1 0 1e bb 5d 0 1 5d ff 0 1 00 00 00 00
4 0 1 1 02 58 59 0 1 00 00 0 1 00 00 00 00
4 0 1 1 1c 07 73 0 1 00 00 0 1 00 00 00 00
4 0 1 0 0f 78 66 0 1 66 ff 0 1 00 00 00 00
4 0 1 0 1c 8d 73 1 1 07 ff 0 1 00 00 00 00
4 0 1 0 03 c3 8a 0 1 8a ff 0 1 00 00 00 00
4 0 1 0 0f 75 66 1 1 66 ff 0 1 00 00 00 00
4 0 1 1 0b 60 0f 0 1 00 00 0 1 00 00 00 00
4 0 1 0 31 f0 09 0 1 09 ff 0 1 00 00 00 00
4 0 1 0 1f ad b8 0 1 b8 ff 0 1 00 00 00 00
4 0 1 1 00 ba 9f 0 1 00 00 0 1 00 00 00 00
4 0 1 0 33 a7 65 0 1 65 ff 1 1 0b 3f 60 ff
4 0 1 0 13 8e 1c 0 1 1c ff 0 1 00 00 00 00
4 0 1 0 0f e6 66 0 1 66 ff 0 1 00 00 00 00
4 0 1 1 1c 67 73 1 1 00 00 0 1 00 00 00 00
4 0 1 0 13 9e 1c 1 1 1c ff 0 1 00 00 00 00
4 0 1 0 0c 1c a3 0 1 a3 ff 1 1 00 3f ba ff
4 0 1 1 06 33 fc 0 1 00 00 0 1 00 00 00 00
4 0 1 0 08 cc ec 0 1 ec ff 1 1 1c 3f 67 ff
4 0 1 0 03 de 8a 0 1 8a ff 0 1 00 00 00 00
4 0 1 1 11 d6 dd 0 1 00 00 1 1 21 3f 5d ff
4 0 1 0 0b 69 60 0 1 60 ff 0 1 00 00 00 00
4 0 1 0 16 5d 96 0 1 96 ff 1 1 02 3f 58 ff
4 0 1 1 28 b6 17 0 1 00 00 0 1 00 00 00 00
4 0 1 0 13 33 1c 0 1 1c ff 0 1 00 00 00 00
4 0 1 1 11 b0 dd 1 1 00 00 0 1 00 00 00 00
4 0 1 1 03 66 8a 0 1 00 00 0 1 00 00 00 00
4 0 1 0 0a f9 21 0 1 21 ff 1 1 06 3f 33 ff
4 0 1 0 33 8c 65 0 1 65 ff 0 1 00 00 00 00
4 0 1 0 0b dd 60 0 1 60 ff 1 1 03 3f 66 ff
4 0 1 0 12 a0 10 0 1 10 ff 0 1 00 00 00 00
4 0 1 0 0b 2f 60 1 1 60 ff 0 1 00 00 00 00
4 0 1 1 13 fe 1c 0 1 00 00 0 1 00 00 00 00
4 0 1 1 05 a6 d9 0 1 00 00 0 1 00 00 00 00
4 0 1 1 12 4d 10 1 1 00 00 0 1 00 00 00 00
4 0 1 1 11 09 dd 1 1 00 00 0 1 00 00 00 00
4 0 1 0 0b 10 60 1 1 60 ff 0 1 00 00 00 00
4 0 1 1 16 89 96 0 1 00 00 0 1 00 00 00 00
4 0 1 0 1d 6f 39 0 1 39 ff 1 1 05 3f a6 ff
4 0 1 0 34 c3 fd 0 1 fd ff 0 1 00 00 00 00
4 0 0 0 0b cd 60 0 1 00 00 0 1 00 00 00 00
4 0 0 0 19 c7 dd 0 1 00 00 0 1 00 00 00 00
4 0 1 0 0b 2d 60 1 1 60 ff 0 1 00 00 00 00
4 0 1 0 3f 4a 87 0 1 87 ff 1 1 13 3f fe ff
4 0 1 1 0b c5 60 1 1 00 00 0 1 00 00 00 00
4 0 1 0 1a 30 43 0 1 43 ff 1 1 12 3f 4d ff
4 0 1 1 1c 0b 67 0 1 00 00 1 1 28 3f b6 ff
4 0 0 0 1c b4 67 0 1 00 00 0 1 00 00 00 00
4 0 1 0 0b 8a 60 1 1 c5 ff 0 1 00 00 00 00
4 0 1 1 3a ba dc 0 1 00 00 1 1 16 3f 89 ff
4 0 1 0 35 08 be 0 1 be ff 1 1 11 3f 09 ff
4 0 1 0 0c d1 a3 0 1 a3 ff 0 1 00 00 00 00
4 0 1 0 07 4e 86 0 1 86 ff 0 1 00 00 00 00
4 0 1 0 0b 20 60 1 1 c5 ff 0 1 00 00 00 00
4 0 0 0 0f 74 66 0 1 00 00 0 1 00 00 00 00
4 0 1 0 1f 90 b8 0 1 b8 ff 0 1 00 00 00 00
4 0 0 1 0f 21 66 0 1 00 00 0 1 00 00 00 00
4 0 1 0 34 80 fd 0 1 fd ff 1 1 1c 3f 0b ff
4 0 1 1 05 3e a6 0 1 00 00 0 1 00 00 00 00
4 0 1 1 17 11 ae 0 1 00 00 1 1 0b 3f c5 ff
4 0 1 0 07 b5 86 0 1 86 ff 0 1 00 00 00 00
4 0 1 1 10 65 48 0 1 00 00 0 1 00 00 00 00
4 0 1 1 07 18 86 1 1 00 00 0 1 00 00 00 00
4 0 1 1 12 05 4d 0 1 00 00 0 1 00 00 00 00
4 0 1 0 13 8d fe 0 1 fe ff 1 1 17 3f 11 ff
4 0 1 1 0b 65 c5 0 1 00 00 1 1 07 3f 18 ff
4 0 1 0 0c d7 a3 0 1 a3 ff 0 1 00 00 00 00
4 0 1 0 06 b6 33 0 1 33 ff 1 1 3a 3f ba ff
4 0 0 0 0e a2 43 0 1 00 00 0 1 00 00 00 00
4 0 1 1 14 b5 98 0 1 00 00 1 1 10 3f 65 ff
4 0 1 1 07 41 18 0 1 00 00 0 1 00 00 00 00
4 0 1 1 07 26 18 1 1 00 00 0 1 00 00 00 00
4 0 1 1 07 f2 18 1 1 00 00 0 1 00 00 00 00
4 0 1 0 1c 63 0b 0 1 0b ff 0 1 00 00 00 00
4 0 1 0 03 16 66 0 1 66 ff 1 1 0b 3f 65 ff
4 0 1 0 03 60 66 1 1 66 ff 0 1 00 00 00 00
4 0 1 0 16 3f 89 0 1 89 ff 1 1 12 3f 05 ff
4 0 0 0 20 61 77 0 1 00 00 0 1 00 00 00 00
4 0 1 0 0f c6 66 0 1 66 ff 1 1 07 3f f2 ff
4 0 1 0 00 4e ba 0 1 ba ff 1 1 14 3f b5 ff
4 0 1 1 31 d0 09 0 1 00 00 0 1 00 00 00 00
4 0 1 0 1e db 5d 0 1 5d ff 0 1 00 00 00 00
4 0 1 1 2a 56 03 0 1 00 00 0 1 00 00 00 00
4 0 1 0 13 f1 fe 0 1 fe ff 0 1 00 00 00 00
4 0 1 1 32 a9 3b 0 1 00 00 0 1 00 00 00 00
4 0 0 0 0b 16 65 0 1 00 00 0 1 00 00 00 00
4 0 1 1 2c 74 b7 0 1 00 00 0 1 00 00 00 00
4 0 0 0 0f dc 66 0 1 00 00 0 1 00 00 00 00
4 0 1 0 13 57 fe 1 1 fe ff 0 1 00 00 00 00
4 0 1 1 07 b4 f2 0 1 00 00 0 1 00 00 00 00
4 0 1 0 28 40 b6 0 1 b6 ff 0 1 00 00 00 00
4 0 1 1 1e 40 5d 0 1 00 00 1 1 2a 3f 56 ff
4 0 1 0 13 86 fe 1 1 fe ff 0 1 00 00 00 00
4 0 1 1 1f 1d b8 0 1 00 00 1 1 07 3f b4 ff
4 0 1 1 07 74 b4 0 1 00 00 0 1 00 00 00 00
4 0 1 0 23 d0 f1 0 1 f1 ff 1 1 1f 3f 1d ff
4 0 0 0 1b fc ff 0 1 00 00 0 1 00 00 00 00
4 0 1 1 1c 92 0b 0 1 00 00 1 1 2c 3f 74 ff
4 0 1 1 1b b2 ff 0 1 00 00 1 1 07 3f 74 ff
4 0 1 0 07 df 74 0 1 74 ff 0 1 00 00 00 00
4 0 1 1 36 dc c6 0 1 00 00 1 1 32 3f a9 ff
4 0 1 0 1f a4 1d 0 1 1d ff 1 1 1b 3f b2 ff
4 0 1 1 0e fb 43 0 1 00 00 1 1 1e 3f 40 ff
4 0 1 1 0f 8e 66 0 1 00 00 0 1 00 00 00 00
4 0 1 0 08 ee ec 0 1 ec ff 0 1 00 00 00 00
4 0 1 1 0b 3e 65 0 1 00 00 0 1 00 00 00 00
4 0 1 0 19 2a dd 0 1 dd ff 1 1 05 3f 3e ff
4 0 1 0 03 6b 66 0 1 66 ff 1 1 0f 3f 8e ff
4 0 0 1 17 3d 11 0 1 00 00 0 1 00 00 00 00
4 0 1 1 04 1e f8 0 1 00 00 1 1 1c 3f 92 ff
4 0 0 0 1c f9 92 0 1 00 00 0 1 00 00 00 00
4 0 1 0 20 76 77 0 1 77 ff 0 1 00 00 00 00
4 0 0 0 10 68 65 0 1 00 00 0 1 00 00 00 00
4 0 1 1 07 99 74 0 1 00 00 1 1 0b 3f 3e ff
4 0 1 1 1d c2 39 0 1 00 00 1 1 31 3f d0 ff
4 0 1 0 05 75 3e 0 1 3e ff 0 1 00 00 00 00
4 0 1 1 33 1c 65 0 1 00 00 0 1 00 00 00 00
4 0 1 1 13 e5 fe 0 1 00 00 1 1 07 3f 99 ff
4 0 1 0 07 83 99 0 1 99 ff 1 1 33 3f 1c ff
4 0 1 0 33 02 1c 0 1 1c ff 1 1 13 3f e5 ff
4 0 1 0 24 b0 93 0 1 93 ff 1 1 04 3f 1e ff
4 0 0 0 0b e7 3e 0 1 00 00 0 1 00 00 00 00
4 0 1 1 0e 8b 43 1 1 00 00 0 1 00 00 00 00
4 0 0 1 2e 03 32 0 1 00 00 0 1 00 00 00 00
4 0 0 0 03 3e 66 0 1 00 00 0 1 00 00 00 00
4 0 1 0 14 54 b5 0 1 b5 ff 0 1 00 00 00 00
4 0 1 0 07 7b 99 1 1 99 ff 0 1 00 00 00 00
4 0 1 0 03 4e 66 0 1 66 ff 0 1 00 00 00 00
4 0 1 1 07 73 99 1 1 00 00 0 1 00 00 00 00
4 0 1 0 21 5d 5d 0 1 5d ff 1 1 1d 3f c2 ff
4 0 1 1 28 10 b6 0 1 00 00 0 1 00 00 00 00
4 0 1 0 00 12 ba 0 1 ba ff 0 1 00 00 00 00
4 0 1 0 08 bb ec 0 1 ec ff 1 1 28 3f 10 ff
4 0 1 1 0b c3 3e 0 1 00 00 0 1 00 00 00 00
4 0 1 0 17 30 11 0 1 11 ff 1 1 07 3f 73 ff
4 0 1 0 27 2a c9 0 1 c9 ff 1 1 0b 3f c3 ff
4 0 1 0 17 47 11 1 1 11 ff 0 1 00 00 00 00
4 0 1 1 13 4c e5 0 1 00 00 0 1 00 00 00 00
4 0 1 1 03 69 66 0 1 00 00 0 1 00 00 00 00
4 0 1 1 0b fd c3 0 1 00 00 1 1 13 3f 4c ff
4 0 1 1 2c 08 74 0 1 00 00 0 1 00 00 00 00
4 0 1 0 02 e3 58 0 1 58 ff 1 1 36 3f dc ff
4 0 0 0 14 2b b5 0 1 00 00 0 1 00 00 00 00
4 0 0 0 30 c8 04 0 1 00 00 0 1 00 00 00 00
4 0 1 1 13 a7 4c 0 1 00 00 1 1 03 3f 69 ff
4 0 1 1 0f 15 8e 0 1 00 00 1 1 0b 3f fd ff
4 0 0 1 02 5a 58 0 1 00 00 0 1 00 00 00 00
4 0 1 1 2d cf b1 0 1 00 00 0 1 00 00 00 00
4 0 1 0 0f 09 8e 1 1 15 ff 0 1 00 00 00 00
4 0 1 0 0f 0f 8e 1 1 15 ff 0 1 00 00 00 00
4 0 1 0 20 54 77 0 1 77 ff 0 1 00 00 00 00
4 0 1 1 0b e9 fd 0 1 00 00 1 1 13 3f a7 ff
4 0 1 1 07 25 73 0 1 00 00 1 1 0f 3f 15 ff
4 0 1 1 27 fc c9 0 1 00 00 1 1 0b 3f e9 ff
4 0 0 1 03 6d 69 0 1 00 00 0 1 00 00 00 00
4 0 1 0 03 e5 69 0 1 69 ff 1 1 07 3f 25 ff
4 0 1 1 21 1c 5d 1 1 00 00 0 1 00 00 00 00
4 0 1 0 0f 3d 15 0 1 15 ff 1 1 27 3f fc ff
4 0 1 1 07 94 25 0 1 00 00 0 1 00 00 00 00
4 0 1 0 07 5c 25 1 1 94 ff 0 1 00 00 00 00
4 0 1 1 30 7a 04 0 1 00 00 1 1 2c 3f 08 ff
4 0 1 0 03 c6 69 0 1 69 ff 0 1 00 00 00 00
4 0 1 0 13 56 a7 0 1 a7 ff 1 1 07 3f 94 ff
4 0 1 1 01 bd aa 0 1 00 00 1 1 2d 3f cf ff
4 0 1 0 04 b1 1e 0 1 1e ff 0 1 00 00 00 00
4 0 1 1 19 03 dd 0 1 00 00 1 1 21 3f 1c ff
4 0 1 1 0f fb 15 0 1 00 00 0 1 00 00 00 00
4 0 1 0 2a 51 56 0 1 56 ff 1 1 0e 3f 8b ff
4 0 1 0 0b 64 e9 0 1 e9 ff 0 1 00 00 00 00
4 0 1 1 22 25 30 0 1 00 00 0 1 00 00 00 00
4 0 1 0 04 28 1e 1 1 1e ff 0 1 00 00 00 00
4 0 1 1 34 d4 fd 0 1 00 00 1 1 30 3f 7a ff
4 0 1 0 13 7f a7 0 1 a7 ff 1 1 0f 3f fb ff
4 0 1 0 0f 14 fb 0 1 fb ff 0 1 00 00 00 00
4 0 1 1 0f 9d fb 1 1 00 00 0 1 00 00 00 00
4 0 1 0 0f 23 fb 1 1 9d ff 0 1 00 00 00 00
4 0 1 1 0f cc fb 1 1 00 00 0 1 00 00 00 00
4 0 1 0 0b 95 e9 0 1 e9 ff 0 1 00 00 00 00
4 0 1 1 0b a1 e9 1 1 00 00 0 1 00 00 00 00
4 0 1 0 0f 8e fb 1 1 cc ff 0 1 00 00 00 00
4 0 1 1 07 8a 94 0 1 00 00 1 1 0b 3f a1 ff
4 0 1 1 0f 03 fb 1 1 00 00 0 1 00 00 00 00
4 0 1 0 14 1b b5 0 1 b5 ff 0 1 00 00 00 00
4 0 1 1 07 46 94 1 1 00 00 0 1 00 00 00 00
4 0 1 1 1c d4 92 0 1 00 00 1 1 34 3f d4 ff
4 0 1 0 1f 0f 1d 0 1 1d ff 1 1 0f 3f 03 ff
4 0 1 0 17 2e 11 0 1 11 ff 1 1 07 3f 46 ff
4 0 0 1 03 b4 69 0 1 00 00 0 1 00 00 00 00
4 0 1 0 07 65 46 0 1 46 ff 0 1 00 00 00 00
4 0 1 0 1b be b2 0 1 b2 ff 0 1 00 00 00 00
4 0 1 1 1d 49 c2 0 1 00 00 1 1 01 3f bd ff
4 0 1 0 13 a7 a7 0 1 a7 ff 0 1 00 00 00 00
4 0 1 0 16 0f 89 0 1 89 ff 0 1 00 00 00 00
4 0 0 0 04 30 1e 0 1 00 00 0 1 00 00 00 00
4 0 1 0 0b 09 a1 0 1 a1 ff 0 1 00 00 00 00
4 0 1 0 2d 6f cf 0 1 cf ff 1 1 19 3f 03 ff
4 0 1 0 3a d0 ba 0 1 ba ff 1 1 22 3f 25 ff
4 0 1 0 13 f6 a7 1 1 a7 ff 0 1 00 00 00 00
4 0 0 1 17 3d 11 0 1 00 00 0 1 00 00 00 00
4 0 1 0 13 3a a7 1 1 a7 ff 0 1 00 00 00 00
4 0 1 1 03 02 69 0 1 00 00 0 1 00 00 00 00
4 0 1 0 22 3b 25 0 1 25 ff 0 1 00 00 00 00
4 0 1 1 07 81 46 0 1 00 00 0 1 00 00 00 00
4 0 1 0 1a 62 43 0 1 43 ff 0 1 00 00 00 00
4 0 1 0 13 f4 a7 0 1 a7 ff 1 1 03 3f 02 ff
4 0 1 1 03 3e 02 0 1 00 00 1 1 07 3f 81 ff
4 0 1 0 03 42 02 1 1 3e ff 0 1 00 00 00 00
4 0 1 0 0b ea a1 0 1 a1 ff 0 1 00 00 00 00
4 0 1 1 3a 7c ba 0 1 00 00 0 1 00 00 00 00
4 0 1 1 0d 37 11 0 1 00 00 1 1 1d 3f 49 ff
4 0 1 0 08 bd ec 0 1 ec ff 0 1 00 00 00 00
4 0 1 0 0f 5f 03 0 1 03 ff 1 1 03 3f 3e ff
4 0 1 0 22 35 25 0 1 25 ff 0 1 00 00 00 00
4 0 1 1 1a d0 43 0 1 00 00 1 1 3a 3f 7c ff
4 0 1 1 06 78 33 0 1 00 00 0 1 00 00 00 00
4 0 0 0 07 d3 81 0 1 00 00 0 1 00 00 00 00
4 0 1 0 0a 67 21 0 1 21 ff 1 1 1a 3f d0 ff
4 0 0 1 16 13 89 0 1 00 00 0 1 00 00 00 00
4 0 0 1 0f c5 03 0 1 00 00 0 1 00 00 00 00
4 0 0 1 2a af 56 0 1 00 00 0 1 00 00 00 00
4 0 0 1 06 93 33 0 1 00 00 0 1 00 00 00 00
4 0 0 1 18 0c c6 0 1 00 00 0 1 00 00 00 00
4 0 1 0 1c f3 92 1 1 d4 ff 0 1 00 00 00 00
4 0 1 0 12 b1 05 0 1 05 ff 1 1 06 3f 78 ff
4 0 1 0 0b 58 a1 1 1 a1 ff 0 1 00 00 00 00
4 0 1 1 0e da 8b 0 1 00 00 0 1 00 00 00 00
4 0 1 0 19 49 03 0 1 03 ff 0 1 00 00 00 00
4 0 1 1 15 a5 08 0 1 00 00 1 1 0d 3f 37 ff
4 0 1 0 03 f9 3e 0 1 3e ff 0 1 00 00 00 00
4 0 1 0 03 e9 3e 1 1 3e ff 0 1 00 00 00 00
4 0 1 0 16 ef 89 0 1 89 ff 0 1 00 00 00 00
4 0 1 0 07 eb 81 0 1 81 ff 0 1 00 00 00 00
4 0 1 1 0b cf a1 0 1 00 00 0 1 00 00 00 00
4 0 1 0 1f d3 1d 0 1 1d ff 0 1 00 00 00 00
4 0 1 1 13 58 a7 0 1 00 00 1 1 0b 3f cf ff
4 0 1 1 32 5d a9 0 1 00 00 1 1 0e 3f da ff
4 0 1 0 07 63 81 0 1 81 ff 0 1 00 00 00 00
4 0 1 1 0f cb 03 0 1 00 00 1 1 13 3f 58 ff
4 0 1 0 14 63 b5 0 1 b5 ff 0 1 00 00 00 00
4 0 1 1 08 9f ec 0 1 00 00 1 1 1c 3f d4 ff
4 0 1 0 0f 02 03 1 1 cb ff 0 1 00 00 00 00
4 0 1 0 31 47 d0 0 1 d0 ff 0 1 00 00 00 00
4 0 1 1 0f 9e 03 1 1 00 00 0 1 00 00 00 00
4 0 1 1 28 11 10 0 1 00 00 0 1 00 00 00 00
4 0 1 0 03 15 3e 0 1 3e ff 0 1 00 00 00 00
4 0 0 1 1b 97 b2 0 1 00 00 0 1 00 00 00 00
4 0 1 1 0b 71 cf 0 1 00 00 1 1 0f 3f 9e ff
4 0 1 0 1a 85 d0 0 1 d0 ff 0 1 00 00 00 00
4 0 1 0 0f 33 9e 0 1 9e ff 0 1 00 00 00 00
4 0 1 1 1c a7 d4 0 1 00 00 1 1 08 3f 9f ff
4 0 1 1 23 00 f1 0 1 00 00 1 1 0b 3f 71 ff
4 0 1 1 07 d6 81 0 1 00 00 0 1 00 00 00 00
4 0 1 0 03 28 3e 0 1 3e ff 1 1 23 3f 00 ff
4 0 1 1 2b d7 f8 0 1 00 00 1 1 07 3f d6 ff
4 0 1 0 0c 11 a3 0 1 a3 ff 1 1 28 3f 11 ff
4 0 1 1 0a 9b 21 0 1 00 00 1 1 32 3f 5d ff
4 0 0 0 00 aa ba 0 1 00 00 0 1 00 00 00 00
4 0 1 1 0c 17 a3 1 1 00 00 0 1 00 00 00 00
4 0 1 0 37 50 1a 0 1 1a ff 0 1 00 00 00 00
4 0 1 0 30 b5 7a 0 1 7a ff 1 1 1c 3f a7 ff
4 0 1 0 3d 98 30 0 1 30 ff 1 1 15 3f a5 ff
4 0 1 1 21 a2 1c 0 1 00 00 0 1 00 00 00 00
4 0 1 1 38 f8 d1 0 1 00 00 1 1 0c 3f 17 ff
4 0 1 1 0f 57 9e 0 1 00 00 1 1 2b 3f d7 ff
4 0 1 0 0f fb 9e 1 1 57 ff 0 1 00 00 00 00
4 0 1 1 0f a2 9e 1 1 00 00 0 1 00 00 00 00
4 0 1 1 03 05 3e 0 1 00 00 0 1 00 00 00 00
4 0 1 1 0f ab 9e 1 1 00 00 0 1 00 00 00 00
4 0 1 1 05 7a 3e 0 1 00 00 0 1 00 00 00 00
4 0 1 1 1f c8 1d 0 1 00 00 1 1 03 3f 05 ff
4 0 1 0 0f 33 9e 1 1 ab ff 0 1 00 00 00 00
4 0 1 0 3a 97 7c 0 1 7c ff 0 1 00 00 00 00
4 0 1 0 13 b5 58 0 1 58 ff 1 1 1f 3f c8 ff
4 0 1 0 0b 71 71 0 1 71 ff 1 1 0f 3f ab ff
4 0 1 0 01 14 bd 0 1 bd ff 1 1 21 3f a2 ff
4 0 0 1 0f 84 ab 0 1 00 00 0 1 00 00 00 00
4 0 1 0 07 10 d6 0 1 d6 ff 0 1 00 00 00 00
4 0 1 1 02 fb 58 0 1 00 00 1 1 0a 3f 9b ff
4 0 1 1 23 11 00 0 1 00 00 0 1 00 00 00 00
4 0 1 1 1d be 49 0 1 00 00 1 1 05 3f 7a ff
4 0 1 1 03 53 05 0 1 00 00 0 1 00 00 00 00
4 0 1 0 2e e0 32 0 1 32 ff 0 1 00 00 00 00
4 0 1 1 0b a7 71 0 1 00 00 1 1 23 3f 11 ff
4 0 1 0 0f 9e ab 0 1 ab ff 1 1 03 3f 53 ff
4 0 1 0 07 34 d6 0 1 d6 ff 1 1 0b 3f a7 ff
4 0 1 1 3d cf 30 0 1 00 00 0 1 00 00 00 00
4 0 1 1 0b 74 a7 0 1 00 00 0 1 00 00 00 00
4 0 1 1 07 f7 d6 1 1 00 00 0 1 00 00 00 00
4 0 1 1 0c 93 17 0 1 00 00 0 1 00 00 00 00
4 0 1 1 15 1b a5 0 1 00 00 1 1 1d 3f be ff
4 0 1 1 2b dd d7 0 1 00 00 1 1 0b 3f 74 ff
4 0 1 0 0f 1d ab 0 1 ab ff 1 1 07 3f f7 ff
4 0 1 1 1e 94 40 0 1 00 00 1 1 02 3f fb ff
4 0 1 0 1b 5e b2 0 1 b2 ff 1 1 2b 3f dd ff
4 0 1 1 03 17 53 0 1 00 00 0 1 00 00 00 00
4 0 1 0 0b 7f 74 0 1 74 ff 0 1 00 00 00 00
4 0 1 0 07 b4 f7 0 1 f7 ff 1 1 03 3f 17 ff
4 0 1 0 27 c8 fc 0 1 fc ff 0 1 00 00 00 00
4 0 1 1 37 6b 1a 0 1 00 00 0 1 00 00 00 00
4 0 1 0 0f 80 ab 0 1 ab ff 0 1 00 00 00 00
4 0 1 1 0b b1 74 0 1 00 00 1 1 37 3f 6b ff
4 0 1 0 06 58 78 0 1 78 ff 0 1 00 00 00 00
4 0 1 0 07 61 f7 0 1 f7 ff 0 1 00 00 00 00
4 0 0 0 0f 28 ab 0 1 00 00 0 1 00 00 00 00
4 0 0 1 1d 5c be 0 1 00 00 0 1 00 00 00 00
4 0 1 1 03 28 17 0 1 00 00 1 1 0b 3f b1 ff
4 0 1 1 0d 56 37 0 1 00 00 1 1 3d 3f cf ff
4 0 1 1 33 c7 1c 0 1 00 00 0 1 00 00 00 00
4 0 1 1 27 ae fc 0 1 00 00 1 1 03 3f 28 ff
4 0 1 0 1b a1 b2 0 1 b2 ff 1 1 33 3f c7 ff
4 0 1 1 07 c1 f7 0 1 00 00 1 1 27 3f ae ff
4 0 0 0 10 33 65 0 1 00 00 0 1 00 00 00 00
4 0 1 1 1a 7a d0 0 1 00 00 1 1 1e 3f 94 ff
4 0 1 0 07 ad f7 1 1 c1 ff 0 1 00 00 00 00
4 0 1 1 00 62 ba 0 1 00 00 1 1 38 3f f8 ff
4 0 1 0 01 86 bd 0 1 bd ff 1 1 15 3f 1b ff
4 0 1 1 22 16 25 0 1 00 00 0 1 00 00 00 00
4 0 1 1 06 24 78 0 1 00 00 1 1 1a 3f 7a ff
4 0 1 1 3d cc cf 0 1 00 00 1 1 0d 3f 56 ff
4 0 1 1 07 59 f7 1 1 00 00 0 1 00 00 00 00
4 0 1 0 1d 43 be 0 1 be ff 0 1 00 00 00 00
4 0 0 0 13 09 58 0 1 00 00 0 1 00 00 00 00
4 0 0 1 18 8c c6 0 1 00 00 0 1 00 00 00 00
4 0 1 1 14 4c b5 0 1 00 00 1 1 0c 3f 93 ff
4 0 1 1 2d 53 cf 0 1 00 00 1 1 3d 3f cc ff
4 0 1 0 0f 7b ab 0 1 ab ff 0 1 00 00 00 00
4 0 1 0 3c a9 e1 0 1 e1 ff 1 1 00 3f 62 ff
4 0 0 0 07 fe f7 0 1 00 00 0 1 00 00 00 00
4 0 1 0 0b ef b1 0 1 b1 ff 1 1 07 3f 59 ff
4 0 1 0 0b 3a b1 1 1 b1 ff 0 1 00 00 00 00
4 0 1 1 0d e6 56 0 1 00 00 0 1 00 00 00 00
4 0 1 0 1a 62 7a 0 1 7a ff 1 1 22 3f 16 ff
4 0 1 0 07 e5 59 0 1 59 ff 0 1 00 00 00 00
4 0 0 0 02 7a fb 0 1 00 00 0 1 00 00 00 00
4 0 1 1 1b 0b b2 0 1 00 00 0 1 00 00 00 00
4 0 1 1 06 c9 78 1 1 00 00 0 1 00 00 00 00
4 0 0 0 29 c2 20 0 1 00 00 0 1 00 00 00 00
4 0 1 0 07 cc 59 1 1 59 ff 0 1 00 00 00 00
4 0 1 0 0b 97 b1 0 1 b1 ff 1 1 1b 3f 0b ff
4 0 1 0 35 19 be 0 1 be ff 1 1 2d 3f 53 ff
4 0 0 0 0b 51 b1 0 1 00 00 0 1 00 00 00 00
4 0 1 1 08 ae 9f 0 1 00 00 1 1 14 3f 4c ff
4 0 1 0 03 15 28 0 1 28 ff 0 1 00 00 00 00
4 0 1 0 06 2a 78 1 1 c9 ff 0 1 00 00 00 00
4 0 1 0 3f cf 87 0 1 87 ff 0 1 00 00 00 00
4 0 1 1 0e 37 da 0 1 00 00 0 1 00 00 00 00
4 0 0 1 0b e5 b1 0 1 00 00 0 1 00 00 00 00
4 0 0 0 0a 85 9b 0 1 00 00 0 1 00 00 00 00
4 0 1 0 0a c1 9b 0 1 9b ff 1 1 06 3f c9 ff
4 0 1 0 0a e1 9b 1 1 9b ff 0 1 00 00 00 00
4 0 1 0 13 d0 58 0 1 58 ff 0 1 00 00 00 00
4 0 1 0 0f 13 ab 0 1 ab ff 0 1 00 00 00 00
4 0 1 1 04 2b 1e 0 1 00 00 0 1 00 00 00 00
4 0 1 0 03 c1 28 0 1 28 ff 0 1 00 00 00 00
4 0 1 0 13 cc 58 0 1 58 ff 0 1 00 00 00 00
4 0 1 0 0b d6 b1 0 1 b1 ff 0 1 00 00 00 00
4 0 1 1 0f 5b ab 0 1 00 00 0 1 00 00 00 00
4 0 1 1 0b 38 b1 1 1 00 00 0 1 00 00 00 00
4 0 1 0 13 5f 58 0 1 58 ff 1 1 0f 3f 5b ff
4 0 1 0 1b 8f 0b 0 1 0b ff 1 1 0b 3f 38 ff
4 0 0 1 0f fb 5b 0 1 00 00 0 1 00 00 00 00
4 0 1 1 03 eb 28 0 1 00 00 0 1 00 00 00 00
4 0 1 0 1b 9f 0b 1 1 0b ff 0 1 00 00 00 00
4 0 1 1 0f 4e 5b 0 1 00 00 1 1 03 3f eb ff
4 0 1 1 03 e9 eb 0 1 00 00 0 1 00 00 00 00
4 0 1 1 0f 97 5b 1 1 00 00 0 1 00 00 00 00
4 0 0 0 03 91 eb 0 1 00 00 0 1 00 00 00 00
4 0 1 1 1c 45 a7 0 1 00 00 1 1 08 3f ae ff
4 0 1 0 13 f4 58 0 1 58 ff 1 1 03 3f e9 ff
4 0 0 1 15 c9 1b 0 1 00 00 0 1 00 00 00 00
4 0 1 0 13 b5 58 1 1 58 ff 0 1 00 00 00 00
4 0 1 0 03 bd e9 0 1 e9 ff 1 1 0f 3f 97 ff
4 0 1 0 10 a0 65 0 1 65 ff 1 1 04 3f 2b ff
4 0 1 1 15 17 1b 0 1 00 00 1 1 0d 3f e6 ff
4 0 1 0 05 ad 7a 0 1 7a ff 0 1 00 00 00 00
4 0 0 0 0f 4e 97 0 1 00 00 0 1 00 00 00 00
4 0 1 0 2e 3c 32 0 1 32 ff 1 1 0e 3f 37 ff
4 0 0 0 0f 19 97 0 1 00 00 0 1 00 00 00 00
4 0 1 0 32 0c 5d 0 1 5d ff 0 1 00 00 00 00
4 0 1 0 01 a5 bd 0 1 bd ff 1 1 15 3f 17 ff
4 0 1 0 03 b3 e9 1 1 e9 ff 0 1 00 00 00 00
4 0 1 0 1c 4b a7 1 1 45 ff 0 1 00 00 00 00
4 0 1 0 3d 58 cc 0 1 cc ff 0 1 00 00 00 00
4 0 1 0 04 f8 2b 0 1 2b ff 0 1 00 00 00 00
4 0 1 0 1f 15 c8 0 1 c8 ff 0 1 00 00 00 00
4 0 1 0 0e 38 37 0 1 37 ff 0 1 00 00 00 00
4 0 0 0 0b cc 38 0 1 00 00 0 1 00 00 00 00
4 0 1 0 03 9e e9 1 1 e9 ff 0 1 00 00 00 00
4 0 1 0 07 ce 59 0 1 59 ff 0 1 00 00 00 00
4 0 1 0 07 d2 59 1 1 59 ff 0 1 00 00 00 00
4 0 1 0 09 21 4a 0 1 4a ff 0 1 00 00 00 00
4 0 1 0 19 82 03 0 1 03 ff 0 1 00 00 00 00
4 0 1 0 0f 1f 97 0 1 97 ff 0 1 00 00 00 00
4 0 1 0 0d a3 e6 0 1 e6 ff 0 1 00 00 00 00
4 0 1 0 06 bd c9 0 1 c9 ff 0 1 00 00 00 00
4 0 1 0 2d e3 53 0 1 53 ff 0 1 00 00 00 00
4 0 1 1 0f d3 97 1 1 00 00 0 1 00 00 00 00
4 0 1 1 0e 00 37 1 1 00 00 0 1 00 00 00 00
4 0 1 1 14 19 4c 0 1 00 00 1 1 1c 3f 45 ff
4 0 1 1 29 89 20 0 1 00 00 0 1 00 00 00 00
4 0 0 0 13 1f 58 0 1 00 00 0 1 00 00 00 00
4 0 1 1 0d d8 e6 0 1 00 00 0 1 00 00 00 00
4 0 1 1 13 a5 58 0 1 00 00 0 1 00 00 00 00
4 0 1 0 1d b6 be 0 1 be ff 1 1 29 3f 89 ff
4 0 1 0 1f 53 c8 0 1 c8 ff 1 1 0f 3f d3 ff
4 0 1 0 13 f3 58 1 1 a5 ff 0 1 00 00 00 00
4 0 1 1 0b e0 38 0 1 00 00 0 1 00 00 00 00
4 0 1 0 3a 7e 7c 0 1 7c ff 0 1 00 00 00 00
4 0 1 0 0b 8e 38 1 1 e0 ff 0 1 00 00 00 00
4 0 1 0 0f 4f d3 0 1 d3 ff 1 1 13 3f a5 ff
4 0 1 0 0b 12 38 1 1 e0 ff 0 1 00 00 00 00
4 0 1 1 13 3d a5 0 1 00 00 0 1 00 00 00 00
4 0 1 0 03 26 e9 0 1 e9 ff 1 1 0b 3f e0 ff
4 0 1 1 12 6e 05 0 1 00 00 1 1 0e 3f 00 ff
4 0 1 0 14 67 4c 1 1 19 ff 0 1 00 00 00 00
4 0 0 1 09 73 4a 0 1 00 00 0 1 00 00 00 00
4 0 1 1 35 be be 0 1 00 00 1 1 0d 3f d8 ff
4 0 0 0 03 f9 e9 0 1 00 00 0 1 00 00 00 00
4 0 1 1 34 55 d4 0 1 00 00 0 1 00 00 00 00
4 0 1 1 13 b8 a5 1 1 00 00 0 1 00 00 00 00
4 0 1 0 07 6d 59 0 1 59 ff 0 1 00 00 00 00
4 0 1 1 16 fd 89 0 1 00 00 0 1 00 00 00 00
4 0 1 1 0f 5c d3 0 1 00 00 1 1 13 3f b8 ff
4 0 1 0 0b a3 e0 0 1 e0 ff 0 1 00 00 00 00
4 0 1 1 13 df b8 0 1 00 00 1 1 0f 3f 5c ff
4 0 1 0 00 a9 62 0 1 62 ff 1 1 14 3f 19 ff
4 0 1 1 06 82 c9 0 1 00 00 1 1 12 3f 6e ff
4 0 1 0 03 56 e9 0 1 e9 ff 0 1 00 00 00 00
4 0 1 1 13 cb b8 1 1 00 00 0 1 00 00 00 00
4 0 1 1 03 70 e9 1 1 00 00 0 1 00 00 00 00
4 0 1 0 00 5a 62 1 1 62 ff 0 1 00 00 00 00
4 0 1 1 1b 86 0b 0 1 00 00 1 1 13 3f cb ff
4 0 1 1 13 5e cb 0 1 00 00 1 1 03 3f 70 ff
4 0 1 0 0f cf 5c 0 1 5c ff 1 1 1b 3f 86 ff
4 0 0 0 07 20 59 0 1 00 00 0 1 00 00 00 00
4 0 1 1 0f 46 5c 1 1 00 00 0 1 00 00 00 00
4 0 1 0 07 b9 59 0 1 59 ff 1 1 13 3f 5e ff
4 0 1 1 04 1c 2b 0 1 00 00 1 1 34 3f 55 ff
4 0 1 0 07 d0 59 1 1 59 ff 0 1 00 00 00 00
4 0 0 1 0b 11 e0 0 1 00 00 0 1 00 00 00 00
4 0 0 0 2b 8e dd 0 1 00 00 0 1 00 00 00 00
4 0 1 0 2d ab 53 0 1 53 ff 0 1 00 00 00 00
4 0 0 1 07 1c 59 0 1 00 00 0 1 00 00 00 00
4 0 1 1 35 53 be 1 1 00 00 0 1 00 00 00 00
4 0 1 1 10 b1 65 0 1 00 00 0 1 00 00 00 00
4 0 1 0 07 5b 59 1 1 59 ff 0 1 00 00 00 00
4 0 1 1 2b e3 dd 0 1 00 00 1 1 0f 3f 46 ff
4 0 1 0 01 91 bd 0 1 bd ff 0 1 00 00 00 00
4 0 1 0 0d de d8 0 1 d8 ff 1 1 35 3f 53 ff
4 0 1 0 03 b6 70 0 1 70 ff 0 1 00 00 00 00
4 0 1 1 24 4b 93 0 1 00 00 1 1 04 3f 1c ff
4 0 1 0 05 4c 7a 0 1 7a ff 0 1 00 00 00 00
4 0 1 1 3f a3 87 0 1 00 00 1 1 2b 3f e3 ff
4 0 1 1 0b 6a e0 0 1 00 00 0 1 00 00 00 00
4 0 0 1 0a 74 9b 0 1 00 00 0 1 00 00 00 00
4 0 1 0 24 49 93 1 1 4b ff 0 1 00 00 00 00
4 0 0 1 02 cb fb 0 1 00 00 0 1 00 00 00 00
4 0 1 0 10 d7 65 1 1 b1 ff 0 1 00 00 00 00
4 0 1 1 1f a0 c8 0 1 00 00 1 1 3f 3f a3 ff
4 0 1 0 16 aa 89 1 1 fd ff 0 1 00 00 00 00
4 0 1 0 07 65 59 0 1 59 ff 1 1 0b 3f 6a ff
4 0 1 1 0b 53 6a 0 1 00 00 1 1 1f 3f a0 ff
4 0 1 0 0f c9 46 0 1 46 ff 0 1 00 00 00 00
4 0 1 0 03 be 70 0 1 70 ff 1 1 0b 3f 53 ff
4 0 1 0 13 c7 5e 0 1 5e ff 0 1 00 00 00 00
4 0 1 1 16 0a 89 1 1 00 00 0 1 00 00 00 00
4 0 1 0 1f e5 a0 0 1 a0 ff 0 1 00 00 00 00
4 0 1 0 1c 65 45 0 1 45 ff 1 1 24 3f 4b ff
4 0 1 1 31 a7 d0 0 1 00 00 0 1 00 00 00 00
4 0 1 1 11 e0 09 0 1 00 00 0 1 00 00 00 00
4 0 1 0 0f 6f 46 0 1 46 ff 0 1 00 00 00 00
4 0 1 0 0b d4 53 0 1 53 ff 0 1 00 00 00 00
4 0 1 1 13 6e 5e 0 1 00 00 0 1 00 00 00 00
4 0 1 0 0b 8c 53 1 1 53 ff 0 1 00 00 00 00
4 0 1 0 10 ef 65 1 1 b1 ff 0 1 00 00 00 00
4 0 1 1 13 d4 5e 1 1 00 00 0 1 00 00 00 00
4 0 1 0 03 84 70 0 1 70 ff 0 1 00 00 00 00
4 0 1 0 16 d6 89 1 1 0a ff 0 1 00 00 00 00
4 0 1 0 14 90 19 0 1 19 ff 0 1 00 00 00 00
4 0 1 0 07 9b 59 0 1 59 ff 1 1 13 3f d4 ff
4 0 1 0 03 3f 70 1 1 70 ff 0 1 00 00 00 00
4 0 1 0 28 56 11 0 1 11 ff 1 1 10 3f b1 ff
4 0 1 1 0f 49 46 0 1 00 00 0 1 00 00 00 00
4 0 1 0 13 79 d4 0 1 d4 ff 0 1 00 00 00 00
4 0 1 0 0b 1c 53 0 1 53 ff 1 1 0f 3f 49 ff
4 0 1 1 2b 5f e3 0 1 00 00 0 1 00 00 00 00
4 0 1 0 1d 24 be 0 1 be ff 1 1 31 3f a7 ff
4 0 0 0 0e 14 00 0 1 00 00 0 1 00 00 00 00
4 0 1 0 12 6b 6e 0 1 6e ff 1 1 06 3f 82 ff
4 0 1 0 0b f1 53 1 1 53 ff 0 1 00 00 00 00
4 0 1 0 13 66 d4 0 1 d4 ff 1 1 2b 3f 5f ff
4 0 1 0 16 fb 89 1 1 0a ff 0 1 00 00 00 00
4 0 1 1 13 4e d4 1 1 00 00 0 1 00 00 00 00
4 0 1 0 13 ee d4 1 1 4e ff 0 1 00 00 00 00
4 0 1 0 2b 2c 5f 0 1 5f ff 0 1 00 00 00 00
4 0 1 0 1b 64 86 0 1 86 ff 1 1 13 3f 4e ff
4 0 1 1 03 5a 70 0 1 00 00 0 1 00 00 00 00
4 0 1 0 03 d9 70 1 1 5a ff 0 1 00 00 00 00
4 1 0 1 0f b3 49 0 1 00 00 0 1 00 00 00 00
4 0 0 1 2a ef 56 0 1 00 00 0 1 00 00 00 00
4 0 1 0 13 59 4e 0 1 4e ff 0 1 00 00 00 00
4 0 1 1 00 23 62 0 1 00 00 0 1 00 00 00 00
4 0 0 0 13 8b 4e 0 1 00 00 0 1 00 00 00 00
4 0 1 1 17 1e 11 0 1 00 00 0 1 00 00 00 00
4 0 0 1 0d 73 d8 0 1 00 00 0 1 00 00 00 00
4 0 1 0 2a 36 56 0 1 56 ff 0 1 00 00 00 00
4 0 1 1 03 a9 70 0 1 00 00 0 1 00 00 00 00
4 0 1 0 07 58 59 0 1 59 ff 1 1 17 3f 1e ff
4 0 1 0 0f 93 49 0 1 49 ff 1 1 03 3f a9 ff
4 0 1 1 35 00 53 0 1 00 00 0 1 00 00 00 00
4 0 1 0 13 66 4e 0 1 4e ff 0 1 00 00 00 00
4 0 1 1 06 c0 82 0 1 00 00 0 1 00 00 00 00
4 0 1 1 0f bc 49 1 1 00 00 0 1 00 00 00 00
4 0 1 0 06 6d 82 1 1 c0 ff 0 1 00 00 00 00
4 0 1 0 13 a2 4e 1 1 4e ff 0 1 00 00 00 00
4 0 1 1 0f 3d 49 1 1 00 00 0 1 00 00 00 00
4 0 1 0 33 e7 c7 0 1 c7 ff 0 1 00 00 00 00
4 0 1 1 02 66 fb 0 1 00 00 0 1 00 00 00 00
4 0 1 0 09 48 4a 0 1 4a ff 0 1 00 00 00 00
4 0 1 0 36 ee dc 0 1 dc ff 1 1 06 3f c0 ff
4 0 0 0 03 e1 a9 0 1 00 00 0 1 00 00 00 00
4 0 1 1 29 ba 89 0 1 00 00 1 1 35 3f 00 ff
4 0 1 1 1d 78 be 0 1 00 00 0 1 00 00 00 00
4 0 1 1 1f 50 a0 0 1 00 00 1 1 0f 3f 3d ff
4 0 1 0 0a 5b 9b 0 1 9b ff 1 1 02 3f 66 ff
4 0 1 0 16 f4 89 0 1 89 ff 0 1 00 00 00 00
4 0 1 1 11 dd 09 0 1 00 00 1 1 29 3f ba ff
4 0 0 0 0b f6 53 0 1 00 00 0 1 00 00 00 00
4 0 1 0 13 06 4e 0 1 4e ff 0 1 00 00 00 00
4 0 1 1 1f 4f a0 1 1 00 00 0 1 00 00 00 00
4 0 1 1 07 10 59 0 1 00 00 0 1 00 00 00 00
4 0 0 0 3a a5 7c 0 1 00 00 0 1 00 00 00 00
4 0 1 0 1f 90 a0 1 1 4f ff 0 1 00 00 00 00
4 0 1 0 10 95 b1 0 1 b1 ff 0 1 00 00 00 00
4 0 1 0 0b ea 53 0 1 53 ff 1 1 07 3f 10 ff
4 0 1 1 26 02 4e 0 1 00 00 0 1 00 00 00 00
4 0 1 1 16 31 89 1 1 00 00 0 1 00 00 00 00
4 0 1 1 1b 45 86 0 1 00 00 1 1 1f 3f 4f ff
4 0 1 0 0b 59 53 1 1 53 ff 0 1 00 00 00 00
4 0 1 0 2d 8a 53 0 1 53 ff 1 1 1d 3f 78 ff
4 0 1 0 2c 19 08 0 1 08 ff 1 1 00 3f 23 ff
4 0 1 0 2d 17 53 1 1 53 ff 0 1 00 00 00 00
4 0 1 0 18 a6 c6 0 1 c6 ff 0 1 00 00 00 00
4 0 0 0 39 da 56 0 1 00 00 0 1 00 00 00 00
4 0 1 0 0e cd 00 0 1 00 ff 1 1 26 3f 02 ff
4 0 1 1 3a 71 7c 0 1 00 00 1 1 16 3f 31 ff
4 0 1 1 11 10 09 1 1 00 00 0 1 00 00 00 00
4 0 1 1 1d 97 78 0 1 00 00 0 1 00 00 00 00
4 0 1 1 19 81 03 0 1 00 00 1 1 11 3f 10 ff
4 0 0 0 07 0d 10 0 1 00 00 0 1 00 00 00 00
4 0 1 0 0b ef 53 1 1 53 ff 0 1 00 00 00 00
4 0 0 1 1d 03 78 0 1 00 00 0 1 00 00 00 00
4 0 1 0 13 a9 4e 0 1 4e ff 1 1 1b 3f 45 ff
4 0 1 0 2a ea 56 0 1 56 ff 0 1 00 00 00 00
4 0 1 1 0b dc 53 1 1 00 00 0 1 00 00 00 00
4 0 1 0 13 5b 4e 1 1 4e ff 0 1 00 00 00 00
4 0 1 1 10 d9 b1 0 1 00 00 0 1 00 00 00 00
4 0 1 0 0c 18 93 0 1 93 ff 0 1 00 00 00 00
4 0 1 1 0b 4b 53 1 1 00 00 0 1 00 00 00 00
4 0 1 0 34 3f 55 0 1 55 ff 1 1 10 3f d9 ff
4 0 1 0 18 d3 c6 0 1 c6 ff 0 1 00 00 00 00
4 0 0 1 0a 6b 9b 0 1 00 00 0 1 00 00 00 00
4 0 1 1 11 4d 10 0 1 00 00 1 1 1d 3f 97 ff
4 0 1 1 37 07 6b 0 1 00 00 0 1 00 00 00 00
4 0 1 1 10 63 d9 0 1 00 00 0 1 00 00 00 00
4 0 1 0 16 e8 31 0 1 31 ff 1 1 3a 3f 71 ff
4 0 1 1 07 28 10 0 1 00 00 1 1 0b 3f 4b ff
4 0 0 0 3d cd cc 0 1 00 00 0 1 00 00 00 00
4 0 1 0 31 90 a7 0 1 a7 ff 1 1 19 3f 81 ff
4 0 1 1 0f 5e 3d 0 1 00 00 1 1 37 3f 07 ff
4 0 1 0 05 78 7a 0 1 7a ff 1 1 11 3f 4d ff
4 0 1 0 1b 15 45 0 1 45 ff 1 1 07 3f 28 ff
4 0 1 1 19 3a 81 0 1 00 00 0 1 00 00 00 00
4 0 1 0 0c b8 93 0 1 93 ff 0 1 00 00 00 00
4 0 1 1 08 37 ae 0 1 00 00 1 1 10 3f 63 ff
4 0 1 0 1a c6 7a 0 1 7a ff 0 1 00 00 00 00
4 0 1 0 3d b8 cc 0 1 cc ff 0 1 00 00 00 00
4 0 1 1 03 e9 a9 0 1 00 00 1 1 0f 3f 5e ff
4 0 1 0 39 0a 56 0 1 56 ff 1 1 19 3f 3a ff
4 0 0 1 07 e7 28 0 1 00 00 0 1 00 00 00 00
4 0 1 1 03 29 a9 1 1 00 00 0 1 00 00 00 00
4 0 1 1 2e 39 32 0 1 00 00 0 1 00 00 00 00
4 0 0 1 1f 77 4f 0 1 00 00 0 1 00 00 00 00
4 0 1 1 1e ef 94 0 1 00 00 0 1 00 00 00 00
4 0 1 1 0f fd 5e 0 1 00 00 0 1 00 00 00 00
4 0 1 1 03 d8 a9 1 1 00 00 0 1 00 00 00 00
4 0 1 0 07 a8 28 0 1 28 ff 1 1 0f 3f fd ff
4 0 1 0 34 16 55 0 1 55 ff 0 1 00 00 00 00
4 0 1 1 12 40 6e 0 1 00 00 1 1 2e 3f 39 ff
4 0 1 0 13 ed 4e 0 1 4e ff 1 1 03 3f d8 ff
4 0 1 1 0c 90 93 0 1 00 00 1 1 08 3f 37 ff
4 0 1 0 03 49 d8 0 1 d8 ff 0 1 00 00 00 00
4 0 1 1 07 10 28 0 1 00 00 0 1 00 00 00 00
4 0 1 1 0f a5 fd 0 1 00 00 0 1 00 00 00 00
4 0 1 0 05 54 7a 0 1 7a ff 0 1 00 00 00 00
4 0 1 0 1c 4a 45 0 1 45 ff 0 1 00 00 00 00
4 0 1 0 00 0e 23 0 1 23 ff 1 1 0c 3f 90 ff
4 0 1 0 2c 0f 08 0 1 08 ff 0 1 00 00 00 00
4 0 1 1 2e 53 39 0 1 00 00 1 1 1e 3f ef ff
4 0 0 0 0e 6d 00 0 1 00 00 0 1 00 00 00 00
4 0 1 0 0f cf fd 1 1 a5 ff 0 1 00 00 00 00
4 0 1 1 06 ba c0 0 1 00 00 1 1 12 3f 40 ff
4 0 1 0 1f dc 4f 0 1 4f ff 1 1 07 3f 10 ff
4 0 1 0 17 c3 1e 0 1 1e ff 1 1 0f 3f a5 ff
4 0 1 0 07 35 10 0 1 10 ff 0 1 00 00 00 00
4 0 1 1 15 df 17 0 1 00 00 0 1 00 00 00 00
4 0 1 0 36 ac dc 0 1 dc ff 1 1 2e 3f 53 ff
4 0 1 1 1d ca 97 0 1 00 00 0 1 00 00 00 00
4 0 1 0 1c 5f 45 0 1 45 ff 0 1 00 00 00 00
4 0 1 1 39 23 56 0 1 00 00 1 1 15 3f df ff
4 0 1 0 0f cd a5 0 1 a5 ff 0 1 00 00 00 00
4 0 1 0 07 5d 10 1 1 10 ff 0 1 00 00 00 00
4 0 1 1 09 1d 4a 0 1 00 00 1 1 1d 3f ca ff
4 0 1 1 0f 2d a5 1 1 00 00 0 1 00 00 00 00
4 0 1 1 03 83 d8 0 1 00 00 0 1 00 00 00 00
4 0 1 0 1a ea 7a 0 1 7a ff 1 1 06 3f ba ff
4 0 1 1 27 6e ae 0 1 00 00 1 1 0f 3f 2d ff
4 0 1 1 08 04 37 0 1 00 00 0 1 00 00 00 00
4 0 1 0 0b e5 4b 0 1 4b ff 1 1 03 3f 83 ff
4 0 1 1 0f 40 2d 0 1 00 00 1 1 27 3f 6e ff
4 0 1 0 00 5a 23 0 1 23 ff 0 1 00 00 00 00
4 0 1 0 07 42 10 0 1 10 ff 0 1 00 00 00 00
4 0 1 0 0b 0d 4b 0 1 4b ff 1 1 0f 3f 40 ff
4 0 1 0 0f 0c 40 0 1 40 ff 0 1 00 00 00 00
4 0 1 1 07 ca 10 0 1 00 00 0 1 00 00 00 00
4 0 1 1 10 3c 63 0 1 00 00 1 1 08 3f 04 ff
4 0 1 0 2e f9 53 0 1 53 ff 0 1 00 00 00 00
4 0 1 1 0f d9 40 1 1 00 00 0 1 00 00 00 00
4 0 1 0 1f 95 4f 0 1 4f ff 1 1 07 3f ca ff
4 0 1 1 1b 19 45 0 1 00 00 1 1 0f 3f d9 ff
4 0 1 1 1c 53 45 0 1 00 00 0 1 00 00 00 00
4 0 1 0 1e 2f ef 0 1 ef ff 0 1 00 00 00 00
4 0 1 1 11 ca 4d 0 1 00 00 1 1 39 3f 23 ff
4 0 1 0 34 35 55 0 1 55 ff 1 1 10 3f 3c ff
4 0 0 0 04 2f 1c 0 1 00 00 0 1 00 00 00 00
4 0 1 1 0f 61 d9 0 1 00 00 0 1 00 00 00 00
4 0 1 0 06 74 ba 0 1 ba ff 0 1 00 00 00 00
4 0 1 0 29 50 ba 0 1 ba ff 1 1 09 3f 1d ff
4 0 1 0 34 ba 55 1 1 55 ff 0 1 00 00 00 00
4 0 1 0 1c 29 45 1 1 53 ff 0 1 00 00 00 00
4 0 1 1 0b 9e 4b 0 1 00 00 1 1 1b 3f 19 ff
4 0 0 1 03 d2 83 0 1 00 00 0 1 00 00 00 00
4 0 1 1 0f 44 d9 1 1 00 00 0 1 00 00 00 00
4 0 0 0 04 2d 1c 0 1 00 00 0 1 00 00 00 00
4 0 1 0 03 c2 83 0 1 83 ff 1 1 0b 3f 9e ff
4 0 1 0 14 d5 19 0 1 19 ff 0 1 00 00 00 00
4 0 1 0 1d 79 ca 0 1 ca ff 1 1 11 3f ca ff
4 0 1 1 15 28 df 0 1 00 00 0 1 00 00 00 00
4 0 1 0 0b 44 9e 0 1 9e ff 1 1 0f 3f 44 ff
4 0 1 0 0a 40 9b 0 1 9b ff 0 1 00 00 00 00
4 0 0 0 02 b5 66 0 1 00 00 0 1 00 00 00 00
4 0 1 1 2b 55 5f 0 1 00 00 0 1 00 00 00 00
4 0 0 1 0b e2 9e 0 1 00 00 0 1 00 00 00 00
4 0 1 1 30 4e 7a 0 1 00 00 1 1 1c 3f 53 ff
4 0 1 0 16 34 31 0 1 31 ff 0 1 00 00 00 00
4 0 0 1 11 84 ca 0 1 00 00 0 1 00 00 00 00
4 0 1 0 0b 1e 9e 1 1 9e ff 0 1 00 00 00 00
4 0 0 1 1f 03 4f 0 1 00 00 0 1 00 00 00 00
4 0 1 0 0e 57 00 0 1 00 ff 0 1 00 00 00 00
4 0 1 1 07 e3 ca 0 1 00 00 1 1 2b 3f 55 ff
4 0 1 0 1f b4 4f 0 1 4f ff 0 1 00 00 00 00
4 0 0 1 11 ba ca 0 1 00 00 0 1 00 00 00 00
4 0 1 0 03 00 83 0 1 83 ff 1 1 07 3f e3 ff
4 0 1 1 0a 8c 9b 0 1 00 00 0 1 00 00 00 00
4 0 1 0 24 cf 4b 0 1 4b ff 0 1 00 00 00 00
4 0 1 1 0b 7b 9e 0 1 00 00 0 1 00 00 00 00
4 0 1 0 10 3e 3c 0 1 3c ff 1 1 30 3f 4e ff
4 0 0 0 17 89 1e 0 1 00 00 0 1 00 00 00 00
4 0 1 0 03 d7 83 1 1 83 ff 0 1 00 00 00 00
4 0 1 1 0c e7 90 0 1 00 00 0 1 00 00 00 00
4 0 0 0 0b f6 9e 0 1 00 00 0 1 00 00 00 00
4 0 1 0 28 71 11 0 1 11 ff 0 1 00 00 00 00
4 0 1 1 1b 37 19 0 1 00 00 1 1 0b 3f 7b ff
4 0 0 0 01 72 bd 0 1 00 00 0 1 00 00 00 00
4 0 1 0 16 e4 31 0 1 31 ff 0 1 00 00 00 00
4 0 1 0 01 41 bd 0 1 bd ff 0 1 00 00 00 00
4 0 1 0 00 76 23 0 1 23 ff 1 1 0c 3f e7 ff
4 0 1 0 0f ee 44 0 1 44 ff 0 1 00 00 00 00
4 0 0 1 1c af 53 0 1 00 00 0 1 00 00 00 00
4 0 1 0 03 e3 83 0 1 83 ff 1 1 1b 3f 37 ff
4 0 1 0 13 ad 4e 0 1 4e ff 0 1 00 00 00 00
4 0 1 1 12 0c 40 0 1 00 00 1 1 0a 3f 8c ff
4 0 1 0 0b 9e 7b 0 1 7b ff 0 1 00 00 00 00
4 0 1 1 16 bc 31 1 1 00 00 0 1 00 00 00 00
4 0 1 1 16 a4 31 1 1 00 00 0 1 00 00 00 00
4 0 1 0 13 ac 4e 1 1 4e ff 0 1 00 00 00 00
4 0 1 0 3c fd e1 0 1 e1 ff 0 1 00 00 00 00
4 0 1 1 17 40 1e 0 1 00 00 0 1 00 00 00 00
4 0 1 0 07 94 e3 0 1 e3 ff 0 1 00 00 00 00
4 0 0 0 33 fb c7 0 1 00 00 0 1 00 00 00 00
4 0 1 0 03 df 83 0 1 83 ff 1 1 17 3f 40 ff
4 0 1 1 0f fc 44 0 1 00 00 0 1 00 00 00 00
4 0 0 0 13 6b 4e 0 1 00 00 0 1 00 00 00 00
4 0 1 0 17 fb 40 0 1 40 ff 0 1 00 00 00 00
4 0 1 0 0f fd 44 1 1 fc ff 0 1 00 00 00 00
4 0 1 0 07 53 e3 0 1 e3 ff 0 1 00 00 00 00
4 0 1 1 1a b4 7a 0 1 00 00 1 1 12 3f 0c ff
4 0 1 1 23 b4 11 0 1 00 00 1 1 0f 3f fc ff
4 0 1 0 07 d0 e3 1 1 e3 ff 0 1 00 00 00 00
4 0 1 0 07 24 e3 1 1 e3 ff 0 1 00 00 00 00
4 0 0 1 07 a5 e3 0 1 00 00 0 1 00 00 00 00
4 0 1 0 3e e1 bd 0 1 bd ff 1 1 16 3f a4 ff
4 0 1 1 0c 53 e7 0 1 00 00 0 1 00 00 00 00
4 0 1 0 1f 85 4f 0 1 4f ff 1 1 23 3f b4 ff
4 0 1 0 1d 30 ca 0 1 ca ff 1 1 15 3f 28 ff
4 0 1 0 13 0c 4e 0 1 4e ff 0 1 00 00 00 00
4 0 1 0 13 f8 4e 1 1 4e ff 0 1 00 00 00 00
4 0 1 1 31 ea a7 0 1 00 00 0 1 00 00 00 00
4 0 1 0 0e ae 00 0 1 00 ff 1 1 1a 3f b4 ff
4 0 1 0 13 d7 4e 1 1 4e ff 0 1 00 00 00 00
4 0 1 0 1a ab b4 0 1 b4 ff 0 1 00 00 00 00
4 0 1 1 03 c8 83 0 1 00 00 0 1 00 00 00 00
4 0 1 0 13 a6 4e 1 1 4e ff 0 1 00 00 00 00
4 0 1 0 0f 11 fc 0 1 fc ff 1 1 03 3f c8 ff
4 0 0 0 34 43 55 0 1 00 00 0 1 00 00 00 00
4 0 1 0 12 22 0c 0 1 0c ff 0 1 00 00 00 00
4 0 1 0 17 7e 40 0 1 40 ff 0 1 00 00 00 00
4 0 0 1 19 77 3a 0 1 00 00 0 1 00 00 00 00
4 0 1 0 10 0f 3c 0 1 3c ff 0 1 00 00 00 00
4 0 1 0 13 0f 4e 0 1 4e ff 0 1 00 00 00 00
4 0 1 0 0c d9 e7 1 1 53 ff 0 1 00 00 00 00
4 0 1 1 0f ef fc 0 1 00 00 0 1 00 00 00 00
4 0 1 1 19 17 3a 0 1 00 00 0 1 00 00 00 00
4 0 1 0 17 64 40 0 1 40 ff 0 1 00 00 00 00
4 0 1 1 11 d8 ca 0 1 00 00 1 1 31 3f ea ff
4 0 1 0 03 5d c8 0 1 c8 ff 1 1 0f 3f ef ff
4 0 1 1 0f 0f ef 0 1 00 00 0 1 00 00 00 00
4 0 1 0 10 fa 3c 1 1 3c ff 0 1 00 00 00 00
4 0 1 0 1a 2e b4 1 1 b4 ff 0 1 00 00 00 00
4 0 0 0 1f 2d 4f 0 1 00 00 0 1 00 00 00 00
4 0 1 0 36 a7 dc 0 1 dc ff 0 1 00 00 00 00
4 0 1 1 0e b3 00 0 1 00 00 0 1 00 00 00 00
4 0 1 0 0b d7 7b 0 1 7b ff 0 1 00 00 00 00
4 0 1 0 39 a5 23 0 1 23 ff 1 1 19 3f 17 ff
4 0 1 0 00 04 23 0 1 23 ff 1 1 0c 3f 53 ff
4 0 1 0 1a 5e b4 0 1 b4 ff 0 1 00 00 00 00
4 0 1 1 03 c7 c8 0 1 00 00 1 1 0f 3f 0f ff
4 0 1 1 16 24 a4 0 1 00 00 1 1 0e 3f b3 ff
4 0 1 0 1b 50 37 0 1 37 ff 0 1 00 00 00 00
4 0 1 0 1b d4 37 1 1 37 ff 0 1 00 00 00 00
4 0 1 0 0a b4 8c 0 1 8c ff 0 1 00 00 00 00
4 0 1 0 07 d1 e3 0 1 e3 ff 1 1 03 3f c7 ff
4 0 1 1 0b f4 7b 0 1 00 00 0 1 00 00 00 00
4 0 1 1 0b 9e 7b 1 1 00 00 0 1 00 00 00 00
4 0 1 0 31 76 ea 0 1 ea ff 1 1 11 3f d8 ff
4 0 1 1 13 93 4e 0 1 00 00 0 1 00 00 00 00
4 0 1 0 1d c0 ca 0 1 ca ff 0 1 00 00 00 00
4 0 0 0 0b 40 7b 0 1 00 00 0 1 00 00 00 00
4 0 1 1 30 65 4e 0 1 00 00 0 1 00 00 00 00
4 0 1 0 0b 9c 7b 1 1 9e ff 0 1 00 00 00 00
4 0 1 0 0a 7f 8c 1 1 8c ff 0 1 00 00 00 00
4 0 1 1 07 5b e3 0 1 00 00 1 1 13 3f 93 ff
4 0 1 1 11 7c d8 0 1 00 00 0 1 00 00 00 00
4 0 1 0 1c 82 53 0 1 53 ff 0 1 00 00 00 00
4 0 1 0 3e 25 bd 0 1 bd ff 1 1 16 3f 24 ff
4 0 1 0 13 4c 93 0 1 93 ff 1 1 0b 3f 9e ff
4 0 1 1 19 46 17 0 1 00 00 0 1 00 00 00 00
4 0 1 1 2a ec 56 0 1 00 00 0 1 00 00 00 00
4 0 1 1 03 0e c7 0 1 00 00 1 1 07 3f 5b ff
4 0 0 1 03 e0 c7 0 1 00 00 0 1 00 00 00 00
4 0 0 0 0b 2e 9e 0 1 00 00 0 1 00 00 00 00
4 0 1 0 1e a0 ef 0 1 ef ff 0 1 00 00 00 00
4 0 0 1 15 05 28 0 1 00 00 0 1 00 00 00 00
4 0 1 0 3f e6 a3 0 1 a3 ff 0 1 00 00 00 00
4 0 0 1 0f 52 0f 0 1 00 00 0 1 00 00 00 00
4 0 1 1 0b 79 9e 0 1 00 00 1 1 03 3f 0e ff
4 0 1 1 0b 06 9e 1 1 00 00 0 1 00 00 00 00
4 0 0 0 03 7a 0e 0 1 00 00 0 1 00 00 00 00
4 0 1 1 02 e3 66 0 1 00 00 1 1 2a 3f ec ff
4 1 1 0 04 1d 1c 0 1 00 00 0 1 00 00 00 00
4 0 1 0 1a 67 b4 0 1 b4 ff 0 1 00 00 00 00
4 0 1 0 32 6a 5d 0 1 5d ff 0 1 00 00 00 00
4 0 0 1 0d f6 d8 0 1 00 00 0 1 00 00 00 00
4 0 1 0 13 60 93 0 1 93 ff 0 1 00 00 00 00
4 0 1 1 02 0f 66 0 1 00 00 0 1 00 00 00 00
4 0 1 1 1b 13 37 0 1 00 00 0 1 00 00 00 00
4 0 1 0 16 d6 24 0 1 24 ff 0 1 00 00 00 00
4 0 1 0 06 37 ba 0 1 ba ff 1 1 02 3f 0f ff
4 0 1 0 18 60 c6 0 1 c6 ff 0 1 00 00 00 00
4 0 1 0 2a 3a ec 0 1 ec ff 0 1 00 00 00 00
4 0 1 1 1e 7c ef 0 1 00 00 0 1 00 00 00 00
4 0 1 0 0f 95 0f 0 1 0f ff 0 1 00 00 00 00
4 0 0 0 1e 83 ef 0 1 00 00 0 1 00 00 00 00
4 0 1 1 03 97 0e 0 1 00 00 1 1 1b 3f 13 ff
4 0 1 1 13 08 93 0 1 00 00 0 1 00 00 00 00
4 0 1 0 07 5b 5b 0 1 5b ff 1 1 03 3f 97 ff
4 0 0 1 15 6f 28 0 1 00 00 0 1 00 00 00 00
4 0 0 1 0b 82 9e 0 1 00 00 0 1 00 00 00 00
4 0 1 0 09 43 1d 0 1 1d ff 0 1 00 00 00 00
4 0 1 0 3a cc 71 0 1 71 ff 0 1 00 00 00 00
4 0 0 1 38 5b f8 0 1 00 00 0 1 00 00 00 00
4 0 1 1 0b c9 9e 0 1 00 00 1 1 13 3f 08 ff
4 0 1 0 07 f9 5b 1 1 5b ff 0 1 00 00 00 00
4 0 1 1 1b 29 13 0 1 00 00 1 1 0b 3f c9 ff
4 0 1 0 09 e8 1d 1 1 1d ff 0 1 00 00 00 00
4 0 0 0 07 38 5b 0 1 00 00 0 1 00 00 00 00
4 0 1 1 03 9c 97 0 1 00 00 0 1 00 00 00 00
4 0 1 1 11 14 d8 0 1 00 00 0 1 00 00 00 00
4 0 1 1 3e c5 bd 0 1 00 00 1 1 1e 3f 7c ff
4 0 1 0 19 5c 17 0 1 17 ff 0 1 00 00 00 00
4 0 1 0 07 b6 5b 0 1 5b ff 1 1 1b 3f 29 ff
4 0 1 1 04 5b 1c 0 1 00 00 0 1 00 00 00 00
4 0 0 1 03 da 97 0 1 00 00 0 1 00 00 00 00
4 0 1 0 00 1e 23 0 1 23 ff 0 1 00 00 00 00
4 0 1 0 18 bd c6 0 1 c6 ff 1 1 04 3f 5b ff
4 0 1 1 07 66 5b 1 1 00 00 0 1 00 00 00 00
4 0 0 0 0b d7 c9 0 1 00 00 0 1 00 00 00 00
4 0 1 0 13 66 08 0 1 08 ff 1 1 03 3f 9c ff
4 0 1 1 0e 96 b3 0 1 00 00 0 1 00 00 00 00
4 0 1 1 0b 33 c9 0 1 00 00 1 1 07 3f 66 ff
4 0 1 0 18 51 c6 1 1 c6 ff 0 1 00 00 00 00
4 0 1 0 1f 27 4f 0 1 4f ff 0 1 00 00 00 00
4 0 1 1 22 28 16 0 1 00 00 1 1 3e 3f c5 ff
4 0 1 1 39 48 23 0 1 00 00 1 1 11 3f 14 ff
4 0 1 1 13 b0 08 0 1 00 00 1 1 0b 3f 33 ff
4 0 1 0 1b 75 29 0 1 29 ff 0 1 00 00 00 00
4 0 1 1 12 fd 0c 0 1 00 00 1 1 0e 3f 96 ff
4 0 1 1 13 e4 08 1 1 00 00 0 1 00 00 00 00
4 0 0 0 13 d1 08 0 1 00 00 0 1 00 00 00 00
4 0 1 0 13 5e 08 1 1 e4 ff 0 1 00 00 00 00
4 0 1 1 11 db 14 0 1 00 00 0 1 00 00 00 00
4 0 1 1 1c f0 53 0 1 00 00 0 1 00 00 00 00
4 0 0 0 20 cc 77 0 1 00 00 0 1 00 00 00 00
4 0 0 1 13 95 08 0 1 00 00 0 1 00 00 00 00
4 0 1 1 02 95 0f 0 1 00 00 1 1 22 3f 28 ff
4 0 1 0 0f 7a 0f 0 1 0f ff 0 1 00 00 00 00
4 0 0 0 03 de 9c 0 1 00 00 0 1 00 00 00 00
4 0 1 1 2a db ec 0 1 00 00 1 1 12 3f fd ff
4 0 1 0 15 52 28 0 1 28 ff 1 1 39 3f 48 ff
4 0 0 0 2f bc cd 0 1 00 00 0 1 00 00 00 00
4 0 1 1 13 86 08 1 1 00 00 0 1 00 00 00 00
4 0 0 1 28 f6 11 0 1 00 00 0 1 00 00 00 00
4 0 1 0 1b 47 29 0 1 29 ff 0 1 00 00 00 00
4 0 1 0 0b d2 33 0 1 33 ff 1 1 13 3f 86 ff
4 0 1 1 1f e3 4f 0 1 00 00 0 1 00 00 00 00
4 0 1 1 36 58 dc 0 1 00 00 1 1 02 3f 95 ff
4 0 1 0 04 b1 5b 0 1 5b ff 0 1 00 00 00 00
4 0 1 0 02 ef 95 0 1 95 ff 1 1 2a 3f db ff
4 0 0 0 12 58 fd 0 1 00 00 0 1 00 00 00 00
4 0 1 0 1e 47 7c 0 1 7c ff 1 1 36 3f 58 ff
4 0 1 0 0b a0 33 1 1 33 ff 0 1 00 00 00 00
4 0 1 1 2d 4c 53 0 1 00 00 1 1 11 3f db ff
4 0 1 1 0e 70 96 0 1 00 00 0 1 00 00 00 00
4 0 1 1 10 e8 3c 0 1 00 00 1 1 1c 3f f0 ff
4 0 1 1 0f 5d 0f 0 1 00 00 1 1 1f 3f e3 ff
4 0 0 0 0f 9b 0f 0 1 00 00 0 1 00 00 00 00
4 0 1 0 05 1e 7a 0 1 7a ff 0 1 00 00 00 00
4 0 1 1 3b 13 c2 0 1 00 00 0 1 00 00 00 00
4 0 1 0 30 1b 4e 0 1 4e ff 0 1 00 00 00 00
4 0 1 0 0f 8d 0f 1 1 5d ff 0 1 00 00 00 00
4 0 1 0 19 50 17 0 1 17 ff 1 1 2d 3f 4c ff
4 0 1 1 0f 5a 0f 1 1 00 00 0 1 00 00 00 00
4 0 1 1 17 78 40 0 1 00 00 1 1 3b 3f 13 ff
4 0 0 1 13 ca 86 0 1 00 00 0 1 00 00 00 00
4 0 0 0 03 48 9c 0 1 00 00 0 1 00 00 00 00
4 0 1 0 0f 47 0f 1 1 5a ff 0 1 00 00 00 00
4 0 1 1 39 61 48 0 1 00 00 0 1 00 00 00 00
4 0 1 1 2d 28 4c 0 1 00 00 0 1 00 00 00 00
4 0 1 0 07 b1 66 0 1 66 ff 1 1 17 3f 78 ff
4 0 1 0 11 72 db 0 1 db ff 1 1 39 3f 61 ff
4 0 1 1 1f f7 e3 0 1 00 00 1 1 0f 3f 5a ff
4 0 1 0 27 70 6e 0 1 6e ff 0 1 00 00 00 00
4 0 1 0 14 14 19 0 1 19 ff 1 1 10 3f e8 ff
4 0 1 0 26 6a 02 0 1 02 ff 0 1 00 00 00 00
4 0 1 1 1e b4 7c 0 1 00 00 1 1 0e 3f 70 ff
4 0 1 0 0f e4 5a 0 1 5a ff 1 1 1f 3f f7 ff
4 0 1 0 20 05 77 0 1 77 ff 0 1 00 00 00 00
4 0 1 0 03 15 9c 0 1 9c ff 0 1 00 00 00 00
4 0 1 1 13 34 86 0 1 00 00 0 1 00 00 00 00
4 0 0 0 0f cd 5a 0 1 00 00 0 1 00 00 00 00
4 0 1 1 1b 82 29 0 1 00 00 0 1 00 00 00 00
4 0 1 0 08 cd 04 0 1 04 ff 0 1 00 00 00 00
4 0 0 0 0b 2b 33 0 1 00 00 0 1 00 00 00 00
4 0 0 1 18 8a c6 0 1 00 00 0 1 00 00 00 00
4 0 1 0 03 b8 9c 0 1 9c ff 1 1 13 3f 34 ff
4 0 1 1 1d f8 ca 0 1 00 00 1 1 2d 3f 28 ff
4 0 1 1 13 61 34 0 1 00 00 1 1 1b 3f 82 ff
4 0 0 1 0f c7 5a 0 1 00 00 0 1 00 00 00 00
4 0 1 0 0f 58 5a 0 1 5a ff 0 1 00 00 00 00
4 0 1 1 12 4b fd 0 1 00 00 0 1 00 00 00 00
4 0 1 0 18 98 c6 0 1 c6 ff 0 1 00 00 00 00
4 0 1 0 0b 12 33 0 1 33 ff 1 1 13 3f 61 ff
4 0 1 1 07 1a 66 0 1 00 00 0 1 00 00 00 00
4 0 1 1 3b 1b 13 0 1 00 00 0 1 00 00 00 00
4 0 1 0 13 da 61 0 1 61 ff 1 1 07 3f 1a ff
4 0 1 0 03 fe 9c 0 1 9c ff 1 1 3b 3f 1b ff
4 0 1 1 13 92 61 1 1 00 00 0 1 00 00 00 00
4 0 1 1 04 dd 5b 0 1 00 00 0 1 00 00 00 00
4 0 1 1 0f dc 5a 0 1 00 00 0 1 00 00 00 00
4 0 0 0 1e 8e 7c 0 1 00 00 0 1 00 00 00 00
4 0 0 0 12 6f fd 0 1 00 00 0 1 00 00 00 00
4 0 1 1 18 6d c6 1 1 00 00 0 1 00 00 00 00
4 0 1 1 07 e5 1a 0 1 00 00 1 1 13 3f 92 ff
4 0 1 0 1e 3b 7c 1 1 b4 ff 0 1 00 00 00 00
4 0 1 1 09 63 1d 0 1 00 00 0 1 00 00 00 00
4 0 1 1 17 7a 78 0 1 00 00 1 1 0f 3f dc ff
4 0 1 0 03 29 9c 0 1 9c ff 1 1 07 3f e5 ff
4 0 1 0 0f d2 dc 0 1 dc ff 1 1 17 3f 7a ff
4 0 1 1 1e e1 7c 1 1 00 00 0 1 00 00 00 00
4 0 1 0 02 67 95 0 1 95 ff 1 1 12 3f 4b ff
4 0 0 0 14 b9 19 0 1 00 00 0 1 00 00 00 00
4 0 1 0 30 a6 4e 0 1 4e ff 1 1 04 3f dd ff
4 0 1 0 07 1c e5 0 1 e5 ff 0 1 00 00 00 00
4 0 0 1 38 69 f8 0 1 00 00 0 1 00 00 00 00
4 0 1 1 1b e5 82 0 1 00 00 0 1 00 00 00 00
4 0 1 1 18 8a c6 1 1 00 00 0 1 00 00 00 00
4 0 1 0 0b d2 33 0 1 33 ff 0 1 00 00 00 00
4 0 0 1 0d 1e d8 0 1 00 00 0 1 00 00 00 00
4 0 1 1 1c 6d f0 0 1 00 00 0 1 00 00 00 00
4 0 1 0 2e f5 53 0 1 53 ff 1 1 1e 3f e1 ff
4 0 1 0 0f 3d dc 0 1 dc ff 1 1 1b 3f e5 ff
4 0 1 1 10 f3 e8 0 1 00 00 1 1 18 3f 8a ff
4 0 1 0 13 ac 92 0 1 92 ff 0 1 00 00 00 00
4 0 1 0 08 0c 04 0 1 04 ff 1 1 1c 3f 6d ff
4 0 1 0 18 fe 8a 0 1 8a ff 1 1 10 3f f3 ff
4 0 1 1 07 02 e5 0 1 00 00 0 1 00 00 00 00
4 0 1 1 27 ff 6e 0 1 00 00 0 1 00 00 00 00
4 0 1 1 1d 7b ca 1 1 00 00 0 1 00 00 00 00
4 0 1 1 11 93 db 0 1 00 00 1 1 09 3f 63 ff
4 0 1 0 09 be 63 0 1 63 ff 1 1 1d 3f 7b ff
4 0 1 0 0b c2 33 0 1 33 ff 1 1 07 3f 02 ff
4 0 1 1 07 a6 02 0 1 00 00 1 1 27 3f ff ff
4 0 1 0 13 ca 92 0 1 92 ff 0 1 00 00 00 00
4 0 1 0 1c d5 6d 0 1 6d ff 0 1 00 00 00 00
4 0 1 0 3a 9d 71 0 1 71 ff 0 1 00 00 00 00
4 0 1 0 3b 87 1b 0 1 1b ff 1 1 07 3f a6 ff
4 0 1 0 13 43 92 1 1 92 ff 0 1 00 00 00 00
4 0 1 1 0b cd 33 0 1 00 00 0 1 00 00 00 00
4 0 0 0 01 7f bd 0 1 00 00 0 1 00 00 00 00
4 0 1 1 03 2d 9c 0 1 00 00 0 1 00 00 00 00
4 0 1 1 07 56 a6 0 1 00 00 1 1 0b 3f cd ff
4 0 0 0 1b 17 e5 0 1 00 00 0 1 00 00 00 00
4 0 0 0 0b f7 cd 0 1 00 00 0 1 00 00 00 00
4 0 1 0 04 60 dd 0 1 dd ff 0 1 00 00 00 00
4 0 0 0 23 4d b4 0 1 00 00 0 1 00 00 00 00
4 0 1 0 02 9f 95 0 1 95 ff 0 1 00 00 00 00
4 0 1 0 08 7e 04 0 1 04 ff 0 1 00 00 00 00
4 0 1 0 3f c8 a3 0 1 a3 ff 1 1 03 3f 2d ff
4 0 1 1 03 dc 2d 0 1 00 00 1 1 07 3f 56 ff
4 0 0 1 02 3c 95 0 1 00 00 0 1 00 00 00 00
4 0 1 0 08 bc 04 1 1 04 ff 0 1 00 00 00 00
4 0 1 1 10 7b f3 0 1 00 00 0 1 00 00 00 00
4 0 1 0 13 a9 92 0 1 92 ff 0 1 00 00 00 00
4 0 1 0 3c e8 e1 0 1 e1 ff 0 1 00 00 00 00
4 0 1 1 1b c7 e5 0 1 00 00 1 1 03 3f dc ff
4 0 0 0 0a 7d 8c 0 1 00 00 0 1 00 00 00 00
4 0 1 0 01 54 bd 0 1 bd ff 1 1 11 3f 93 ff
4 0 1 0 03 c6 dc 0 1 dc ff 0 1 00 00 00 00
4 0 0 1 10 59 f3 0 1 00 00 0 1 00 00 00 00
4 0 1 0 1b 4d e5 1 1 c7 ff 0 1 00 00 00 00
4 0 1 1 09 6e 63 1 1 00 00 0 1 00 00 00 00
4 0 1 0 03 d2 dc 1 1 dc ff 0 1 00 00 00 00
4 0 1 0 0f 27 dc 0 1 dc ff 1 1 1b 3f c7 ff
4 0 0 1 0b 77 cd 0 1 00 00 0 1 00 00 00 00
4 0 1 1 1d 1d 7b 0 1 00 00 0 1 00 00 00 00
4 0 1 0 03 8a dc 1 1 dc ff 0 1 00 00 00 00
4 0 1 0 0c 10 53 0 1 53 ff 1 1 10 3f 7b ff
4 0 1 0 0f 34 dc 1 1 dc ff 0 1 00 00 00 00
4 0 1 0 13 22 92 0 1 92 ff 0 1 00 00 00 00
4 0 1 0 0f 33 dc 1 1 dc ff 0 1 00 00 00 00
4 0 1 0 0f c1 dc 1 1 dc ff 0 1 00 00 00 00
4 0 1 0 07 11 56 0 1 56 ff 0 1 00 00 00 00
4 0 1 1 13 08 92 0 1 00 00 0 1 00 00 00 00
4 0 1 0 13 51 92 1 1 08 ff 0 1 00 00 00 00
4 0 1 0 18 69 8a 0 1 8a ff 0 1 00 00 00 00
4 0 1 0 03 c4 dc 0 1 dc ff 0 1 00 00 00 00
4 0 1 1 03 f8 dc 1 1 00 00 0 1 00 00 00 00
4 0 1 0 20 6c 77 0 1 77 ff 0 1 00 00 00 00
4 0 0 0 0b 73 cd 0 1 00 00 0 1 00 00 00 00
4 0 0 0 0f 7b dc 0 1 00 00 0 1 00 00 00 00
4 0 1 0 3a 19 71 1 1 71 ff 0 1 00 00 00 00
4 0 1 0 01 29 bd 0 1 bd ff 1 1 09 3f 6e ff
4 0 1 0 01 21 bd 1 1 bd ff 0 1 00 00 00 00
4 0 1 1 20 c0 77 1 1 00 00 0 1 00 00 00 00
4 0 1 1 09 6a 6e 0 1 00 00 1 1 1d 3f 1d ff
4 0 1 1 09 ff 6e 1 1 00 00 0 1 00 00 00 00
4 0 1 0 19 fc 17 0 1 17 ff 0 1 00 00 00 00
4 0 1 0 0b 71 cd 0 1 cd ff 1 1 13 3f 08 ff
4 0 1 1 0d 41 d8 0 1 00 00 1 1 09 3f ff ff
4 0 1 0 04 45 dd 0 1 dd ff 0 1 00 00 00 00
4 0 1 1 34 9f 55 0 1 00 00 1 1 20 3f c0 ff
4 0 0 0 3a 83 71 0 1 00 00 0 1 00 00 00 00
4 0 1 0 18 da 8a 0 1 8a ff 0 1 00 00 00 00
4 0 0 0 20 b2 c0 0 1 00 00 0 1 00 00 00 00
4 0 1 1 2a 1f db 0 1 00 00 0 1 00 00 00 00
4 0 1 1 18 50 8a 1 1 00 00 0 1 00 00 00 00
4 0 1 1 12 4d 4b 0 1 00 00 0 1 00 00 00 00
4 0 1 0 13 f4 08 0 1 08 ff 1 1 03 3f f8 ff
4 0 1 1 0a b9 8c 0 1 00 00 1 1 2a 3f 1f ff
4 0 0 0 15 89 28 0 1 00 00 0 1 00 00 00 00
4 0 1 1 0f ed dc 0 1 00 00 0 1 00 00 00 00
4 0 1 0 02 d5 95 0 1 95 ff 1 1 12 3f 4d ff
4 0 1 0 02 cf 95 1 1 95 ff 0 1 00 00 00 00
4 0 1 0 03 0e f8 0 1 f8 ff 0 1 00 00 00 00
4 0 0 1 03 e6 f8 0 1 00 00 0 1 00 00 00 00
4 0 1 0 08 02 04 0 1 04 ff 1 1 34 3f 9f ff
4 0 1 0 11 0b 93 0 1 93 ff 0 1 00 00 00 00
4 0 1 1 0b 0a cd 0 1 00 00 1 1 0f 3f ed ff
4 0 1 1 15 da 28 0 1 00 00 1 1 0d 3f 41 ff
4 0 1 0 0f 46 ed 0 1 ed ff 0 1 00 00 00 00
4 0 1 0 08 ed 04 1 1 04 ff 0 1 00 00 00 00
4 0 0 0 32 f8 5d 0 1 00 00 0 1 00 00 00 00
4 0 1 1 01 33 bd 0 1 00 00 0 1 00 00 00 00
4 0 1 0 0b 73 cd 1 1 0a ff 0 1 00 00 00 00
4 0 1 1 01 16 bd 1 1 00 00 0 1 00 00 00 00
4 0 1 0 1b dd c7 0 1 c7 ff 0 1 00 00 00 00
4 0 1 0 06 37 ba 0 1 ba ff 1 1 0a 3f b9 ff
4 0 0 0 3e 98 c5 0 1 00 00 0 1 00 00 00 00
4 0 1 1 07 26 56 0 1 00 00 1 1 0b 3f 0a ff
4 0 1 0 07 ea 56 1 1 26 ff 0 1 00 00 00 00
4 0 1 0 0a 31 b9 0 1 b9 ff 0 1 00 00 00 00
4 0 1 0 13 34 08 0 1 08 ff 0 1 00 00 00 00
4 0 1 1 0f 2f ed 0 1 00 00 1 1 07 3f 26 ff
4 0 1 0 05 73 7a 0 1 7a ff 1 1 15 3f da ff
4 0 1 1 38 f7 f8 0 1 00 00 1 1 18 3f 50 ff
4 0 1 0 3d b6 cc 0 1 cc ff 1 1 01 3f 16 ff
4 0 1 1 09 1f ff 0 1 00 00 0 1 00 00 00 00
4 0 1 0 3b 1e 1b 0 1 1b ff 0 1 00 00 00 00
4 0 1 0 0f 61 ed 1 1 2f ff 0 1 00 00 00 00
4 0 1 0 08 a7 04 1 1 04 ff 0 1 00 00 00 00
4 0 1 0 0f fa ed 1 1 2f ff 0 1 00 00 00 00
4 0 1 1 22 40 28 0 1 00 00 0 1 00 00 00 00
4 0 1 0 18 7a 50 0 1 50 ff 1 1 38 3f f7 ff
4 0 1 0 0b 45 0a 0 1 0a ff 0 1 00 00 00 00
4 0 1 0 07 92 26 0 1 26 ff 1 1 0f 3f 2f ff
4 0 1 0 0f 07 2f 0 1 2f ff 0 1 00 00 00 00
4 0 1 0 0b e1 0a 0 1 0a ff 0 1 00 00 00 00
4 0 1 1 13 75 08 0 1 00 00 0 1 00 00 00 00
4 0 1 0 03 72 f8 0 1 f8 ff 0 1 00 00 00 00
4 0 1 0 2c 9c 08 0 1 08 ff 0 1 00 00 00 00
4 0 0 0 03 78 f8 0 1 00 00 0 1 00 00 00 00
4 0 1 0 0d 07 41 0 1 41 ff 0 1 00 00 00 00
4 0 1 1 1e f3 e1 0 1 00 00 0 1 00 00 00 00
4 0 1 1 1c fc 6d 0 1 00 00 0 1 00 00 00 00
4 0 1 0 03 d4 f8 1 1 f8 ff 0 1 00 00 00 00
4 0 0 0 08 ba 04 0 1 00 00 0 1 00 00 00 00
4 0 0 0 0d 5c 41 0 1 00 00 0 1 00 00 00 00
4 0 1 0 09 28 ff 1 1 1f ff 0 1 00 00 00 00
4 0 0 0 0b b8 0a 0 1 00 00 0 1 00 00 00 00
4 0 1 1 0b a2 0a 0 1 00 00 1 1 13 3f 75 ff
4 0 1 0 3e 82 c5 0 1 c5 ff 1 1 22 3f 40 ff
4 0 1 0 0f 80 2f 0 1 2f ff 0 1 00 00 00 00
4 0 1 0 0c 62 53 0 1 53 ff 0 1 00 00 00 00
4 0 1 1 13 4d 75 0 1 00 00 1 1 0b 3f a2 ff
4 0 1 0 0d 7a 41 1 1 41 ff 0 1 00 00 00 00
4 0 0 0 02 5e 95 0 1 00 00 0 1 00 00 00 00
4 0 1 1 0f 26 2f 1 1 00 00 0 1 00 00 00 00
4 0 0 1 07 52 26 0 1 00 00 0 1 00 00 00 00
4 0 1 1 3c 6e e1 0 1 00 00 1 1 1c 3f fc ff
4 0 0 1 04 4d dd 0 1 00 00 0 1 00 00 00 00
4 0 1 1 03 16 f8 0 1 00 00 1 1 13 3f 4d ff
4 0 0 0 04 79 dd 0 1 00 00 0 1 00 00 00 00
4 0 1 0 07 6d 26 0 1 26 ff 1 1 0f 3f 26 ff
4 0 1 1 1e 12 e1 1 1 00 00 0 1 00 00 00 00
4 0 1 1 03 6e f8 1 1 00 00 0 1 00 00 00 00
4 0 1 0 13 2a 4d 0 1 4d ff 0 1 00 00 00 00
4 0 1 0 02 f3 95 0 1 95 ff 0 1 00 00 00 00
4 0 0 1 2f 5c cd 0 1 00 00 0 1 00 00 00 00
4 0 1 1 32 cd 5d 0 1 00 00 1 1 1e 3f 12 ff
4 0 0 0 15 0f da 0 1 00 00 0 1 00 00 00 00
4 0 1 1 22 22 40 0 1 00 00 0 1 00 00 00 00
4 0 0 1 06 ec ba 0 1 00 00 0 1 00 00 00 00
4 0 1 0 08 f8 04 0 1 04 ff 0 1 00 00 00 00
4 0 0 0 05 1f 7a 0 1 00 00 0 1 00 00 00 00
4 0 1 0 0e d3 70 0 1 70 ff 1 1 32 3f cd ff
4 0 0 1 04 7f dd 0 1 00 00 0 1 00 00 00 00
4 0 1 1 1b e9 c7 0 1 00 00 1 1 03 3f 6e ff
4 0 1 0 0f ff 26 0 1 26 ff 0 1 00 00 00 00
4 0 1 1 04 05 dd 0 1 00 00 1 1 3c 3f 6e ff
4 0 1 0 02 7b 95 0 1 95 ff 1 1 22 3f 22 ff
4 0 1 0 22 19 22 0 1 22 ff 0 1 00 00 00 00
4 0 1 0 1e f5 12 0 1 12 ff 0 1 00 00 00 00
4 0 1 0 05 e5 7a 0 1 7a ff 1 1 09 3f 1f ff
4 0 1 0 0f 98 26 1 1 26 ff 0 1 00 00 00 00
4 0 1 0 03 69 6e 0 1 6e ff 1 1 1b 3f e9 ff
4 0 1 0 09 ec 1f 0 1 1f ff 0 1 00 00 00 00
4 0 1 1 12 7c 4d 0 1 00 00 0 1 00 00 00 00
4 0 1 0 1d 5a 1d 0 1 1d ff 0 1 00 00 00 00
4 0 0 0 03 5f 6e 0 1 00 00 0 1 00 00 00 00
4 0 1 1 05 63 7a 0 1 00 00 0 1 00 00 00 00
4 0 1 1 11 ab 93 0 1 00 00 0 1 00 00 00 00
4 0 0 0 08 70 04 0 1 00 00 0 1 00 00 00 00
4 0 1 0 08 85 04 1 1 04 ff 0 1 00 00 00 00
4 0 1 0 15 c0 da 0 1 da ff 1 1 05 3f 63 ff
4 0 1 0 15 4e da 1 1 da ff 0 1 00 00 00 00
4 0 1 0 03 9b 6e 1 1 6e ff 0 1 00 00 00 00
4 0 1 0 03 0b 6e 1 1 6e ff 0 1 00 00 00 00
4 0 1 1 0f bd 26 1 1 00 00 0 1 00 00 00 00
4 0 1 1 13 b6 4d 0 1 00 00 0 1 00 00 00 00
4 0 1 1 19 47 17 0 1 00 00 1 1 11 3f ab ff
4 0 1 0 0b e3 a2 0 1 a2 ff 1 1 0f 3f bd ff
4 0 1 1 0b a8 a2 1 1 00 00 0 1 00 00 00 00
4 0 1 0 03 33 6e 0 1 6e ff 1 1 13 3f b6 ff
4 0 1 1 07 de 26 0 1 00 00 1 1 0b 3f a8 ff
4 0 1 1 06 b3 ba 0 1 00 00 0 1 00 00 00 00
4 0 1 1 22 13 22 0 1 00 00 1 1 12 3f 7c ff
4 0 0 0 0b de a8 0 1 00 00 0 1 00 00 00 00
4 0 1 0 13 cd b6 0 1 b6 ff 0 1 00 00 00 00
4 0 1 0 30 27 4e 0 1 4e ff 1 1 04 3f 05 ff
4 0 1 1 0f e6 bd 0 1 00 00 1 1 07 3f de ff
4 0 1 1 3d 10 cc 0 1 00 00 0 1 00 00 00 00
4 0 1 0 0a 6a b9 0 1 b9 ff 1 1 06 3f b3 ff
4 0 1 1 1d 42 1d 0 1 00 00 1 1 19 3f 47 ff
4 0 0 0 1c 7a fc 0 1 00 00 0 1 00 00 00 00
4 0 1 0 0b eb a8 0 1 a8 ff 0 1 00 00 00 00
4 0 1 0 08 cf 04 1 1 04 ff 0 1 00 00 00 00
4 0 1 0 07 73 de 0 1 de ff 1 1 0f 3f e6 ff
4 0 0 0 0b 54 a8 0 1 00 00 0 1 00 00 00 00
4 0 1 0 33 98 c7 0 1 c7 ff 0 1 00 00 00 00
4 0 0 1 07 61 de 0 1 00 00 0 1 00 00 00 00
4 0 1 0 0c 88 53 0 1 53 ff 0 1 00 00 00 00
4 0 1 1 25 ee b4 0 1 00 00 1 1 3d 3f 10 ff
4 0 0 0 1e 8f 12 0 1 00 00 0 1 00 00 00 00
4 0 1 1 1e 39 12 0 1 00 00 1 1 22 3f 13 ff
4 0 1 0 13 86 b6 0 1 b6 ff 0 1 00 00 00 00
4 0 0 0 1c 10 fc 0 1 00 00 0 1 00 00 00 00
4 0 0 0 1d 40 1d 0 1 00 00 0 1 00 00 00 00
4 0 1 0 03 b4 6e 0 1 6e ff 0 1 00 00 00 00
4 0 1 1 0a a5 b9 1 1 00 00 0 1 00 00 00 00
4 0 1 0 0e f4 70 0 1 70 ff 1 1 1e 3f 39 ff
4 0 1 0 03 31 6e 1 1 6e ff 0 1 00 00 00 00
4 0 0 1 2c a7 08 0 1 00 00 0 1 00 00 00 00
4 0 1 0 0c a4 53 1 1 53 ff 0 1 00 00 00 00
4 0 1 0 01 55 16 0 1 16 ff 1 1 1d 3f 42 ff
4 0 1 0 01 82 16 1 1 16 ff 0 1 00 00 00 00
4 0 1 0 01 30 16 1 1 16 ff 0 1 00 00 00 00
4 0 1 0 0f 5d e6 0 1 e6 ff 0 1 00 00 00 00
4 0 1 1 0f 9b e6 1 1 00 00 0 1 00 00 00 00
4 0 1 1 03 53 6e 1 1 00 00 0 1 00 00 00 00
4 0 0 1 11 9e ab 0 1 00 00 0 1 00 00 00 00
4 0 1 0 0f ac e6 1 1 9b ff 0 1 00 00 00 00
4 0 1 0 07 69 de 0 1 de ff 1 1 03 3f 53 ff
4 0 1 1 0b 1f a8 0 1 00 00 1 1 0f 3f 9b ff
4 0 1 0 02 ff 95 0 1 95 ff 1 1 0a 3f a5 ff
4 0 1 1 0c 65 53 1 1 00 00 0 1 00 00 00 00
4 0 1 0 09 0c 1f 0 1 1f ff 1 1 25 3f ee ff
4 0 1 0 0c 3c 53 1 1 65 ff 0 1 00 00 00 00
4 0 0 0 07 03 de 0 1 00 00 0 1 00 00 00 00
4 0 1 0 2f 88 cd 0 1 cd ff 0 1 00 00 00 00
4 0 1 0 0b 64 a8 1 1 1f ff 0 1 00 00 00 00
4 0 1 1 03 75 53 0 1 00 00 0 1 00 00 00 00
4 0 1 0 14 d7 19 0 1 19 ff 0 1 00 00 00 00
4 0 0 0 0e 78 70 0 1 00 00 0 1 00 00 00 00
4 0 0 1 03 12 53 0 1 00 00 0 1 00 00 00 00
4 0 1 0 00 45 23 0 1 23 ff 1 1 0c 3f 65 ff
4 0 1 1 20 a8 c0 0 1 00 00 0 1 00 00 00 00
4 0 1 0 01 c1 16 1 1 16 ff 0 1 00 00 00 00
4 0 1 0 07 4a de 0 1 de ff 1 1 0b 3f 1f ff
4 0 1 0 1c 81 fc 0 1 fc ff 0 1 00 00 00 00
4 0 1 0 13 7a b6 0 1 b6 ff 1 1 03 3f 75 ff
4 0 1 1 15 0c da 0 1 00 00 0 1 00 00 00 00
4 0 1 0 01 79 16 1 1 16 ff 0 1 00 00 00 00
4 0 1 1 0f 93 9b 0 1 00 00 0 1 00 00 00 00
4 0 1 1 0e e2 70 1 1 00 00 0 1 00 00 00 00
4 0 1 0 03 0a 75 0 1 75 ff 0 1 00 00 00 00
4 0 1 0 13 ca b6 0 1 b6 ff 1 1 0f 3f 93 ff
4 0 1 0 07 35 de 0 1 de ff 0 1 00 00 00 00
4 0 1 0 22 1e 13 0 1 13 ff 0 1 00 00 00 00
4 0 0 0 03 5f 75 0 1 00 00 0 1 00 00 00 00
4 0 1 1 1c a2 fc 1 1 00 00 0 1 00 00 00 00
4 0 1 0 0b 38 1f 0 1 1f ff 0 1 00 00 00 00
4 0 1 1 03 fa 75 0 1 00 00 0 1 00 00 00 00
4 0 0 1 39 15 61 0 1 00 00 0 1 00 00 00 00
4 0 1 0 03 ed 75 1 1 fa ff 0 1 00 00 00 00
4 0 1 1 0a a2 a5 0 1 00 00 1 1 0e 3f e2 ff
4 0 1 1 07 85 de 0 1 00 00 0 1 00 00 00 00
4 0 1 0 03 94 75 1 1 fa ff 0 1 00 00 00 00
4 0 1 0 30 2e 4e 0 1 4e ff 1 1 20 3f a8 ff
4 0 1 0 0b d3 1f 0 1 1f ff 1 1 07 3f 85 ff
4 0 1 0 13 3f b6 0 1 b6 ff 1 1 03 3f fa ff
4 0 1 1 0f 8f 93 0 1 00 00 0 1 00 00 00 00
4 0 1 0 10 6a 7b 0 1 7b ff 1 1 1c 3f a2 ff
4 0 0 0 17 3a 7a 0 1 00 00 0 1 00 00 00 00
4 0 1 0 37 30 07 0 1 07 ff 0 1 00 00 00 00
4 0 1 1 17 20 7a 0 1 00 00 1 1 0f 3f 8f ff
4 0 1 1 10 26 7b 1 1 00 00 0 1 00 00 00 00
4 0 1 0 03 5f fa 0 1 fa ff 0 1 00 00 00 00
4 0 1 0 18 00 50 0 1 50 ff 0 1 00 00 00 00
4 0 1 0 07 96 85 0 1 85 ff 1 1 17 3f 20 ff
4 0 1 0 13 e2 b6 0 1 b6 ff 0 1 00 00 00 00
4 0 1 0 13 47 b6 1 1 b6 ff 0 1 00 00 00 00
4 0 0 0 30 79 4e 0 1 00 00 0 1 00 00 00 00
4 0 1 1 03 31 fa 0 1 00 00 0 1 00 00 00 00
4 0 0 0 0b 47 1f 0 1 00 00 0 1 00 00 00 00
4 0 0 1 09 63 1f 0 1 00 00 0 1 00 00 00 00
4 0 1 0 13 a4 b6 1 1 b6 ff 0 1 00 00 00 00
4 0 1 1 0e 83 e2 0 1 00 00 0 1 00 00 00 00
4 0 1 0 1f f6 f7 0 1 f7 ff 1 1 03 3f 31 ff
4 0 1 1 0f d0 8f 0 1 00 00 0 1 00 00 00 00
4 0 1 1 0e f7 e2 1 1 00 00 0 1 00 00 00 00
4 0 1 1 0b e8 1f 0 1 00 00 0 1 00 00 00 00
4 0 1 0 13 6e b6 0 1 b6 ff 1 1 0f 3f d0 ff
4 0 0 0 17 dd 20 0 1 00 00 0 1 00 00 00 00
4 0 1 1 14 c7 19 0 1 00 00 1 1 10 3f 26 ff
4 0 1 0 2f 66 cd 0 1 cd ff 1 1 0b 3f e8 ff
4 0 1 0 0e 3d e2 1 1 f7 ff 0 1 00 00 00 00
4 0 1 0 0f 69 d0 0 1 d0 ff 0 1 00 00 00 00
4 0 0 0 0b 0a e8 0 1 00 00 0 1 00 00 00 00
4 0 1 0 14 49 19 1 1 c7 ff 0 1 00 00 00 00
4 0 1 1 0b b5 e8 0 1 00 00 0 1 00 00 00 00
4 0 1 1 0b f6 e8 1 1 00 00 0 1 00 00 00 00
4 0 1 0 1d 12 42 0 1 42 ff 1 1 15 3f 0c ff
4 0 1 0 0b f2 e8 1 1 f6 ff 0 1 00 00 00 00
4 0 0 0 05 5a 63 0 1 00 00 0 1 00 00 00 00
4 0 1 0 13 21 b6 0 1 b6 ff 0 1 00 00 00 00
4 0 1 1 08 81 04 0 1 00 00 0 1 00 00 00 00
4 0 1 1 04 e7 05 0 1 00 00 1 1 14 3f c7 ff
4 0 1 1 1a 07 b4 0 1 00 00 1 1 0a 3f a2 ff
4 0 1 0 04 3e 05 1 1 e7 ff 0 1 00 00 00 00
4 0 1 0 03 2a 31 0 1 31 ff 1 1 0b 3f f6 ff
4 0 1 0 0f af d0 0 1 d0 ff 0 1 00 00 00 00
4 0 1 1 04 21 05 1 1 00 00 0 1 00 00 00 00
4 0 0 1 04 8c 05 0 1 00 00 0 1 00 00 00 00
4 0 1 0 0a 7b a2 0 1 a2 ff 1 1 0e 3f f7 ff
4 0 1 0 18 00 50 0 1 50 ff 1 1 08 3f 81 ff
4 0 1 1 05 40 63 0 1 00 00 0 1 00 00 00 00
4 0 1 0 14 f7 c7 0 1 c7 ff 1 1 04 3f 21 ff
4 0 0 0 0f 44 d0 0 1 00 00 0 1 00 00 00 00
4 0 0 0 07 b9 85 0 1 00 00 0 1 00 00 00 00
4 0 1 0 3d 7f 10 0 1 10 ff 0 1 00 00 00 00
4 0 1 0 09 83 1f 0 1 1f ff 1 1 05 3f 40 ff
4 0 1 0 13 f5 b6 0 1 b6 ff 0 1 00 00 00 00
4 0 1 1 07 6b 85 0 1 00 00 0 1 00 00 00 00
4 0 1 1 16 13 24 0 1 00 00 1 1 1a 3f 07 ff
4 0 1 1 10 6a 26 0 1 00 00 0 1 00 00 00 00
4 0 1 1 0b de f6 0 1 00 00 0 1 00 00 00 00
4 0 1 1 03 94 31 0 1 00 00 1 1 07 3f 6b ff
4 0 1 1 31 2f ea 0 1 00 00 0 1 00 00 00 00
4 0 0 1 01 3e 16 0 1 00 00 0 1 00 00 00 00
4 0 1 1 1f 90 f7 0 1 00 00 1 1 0b 3f de ff
4 0 1 0 0f 3b d0 0 1 d0 ff 1 1 03 3f 94 ff
4 0 1 0 13 07 b6 0 1 b6 ff 1 1 1f 3f 90 ff
4 0 1 1 0f 7e d0 1 1 00 00 0 1 00 00 00 00
4 0 1 1 16 35 24 1 1 00 00 0 1 00 00 00 00
4 0 0 0 0b 7f de 0 1 00 00 0 1 00 00 00 00
4 0 1 1 28 db 11 0 1 00 00 0 1 00 00 00 00
4 0 1 1 0e 3a f7 0 1 00 00 0 1 00 00 00 00
4 0 1 1 0b 6f de 0 1 00 00 0 1 00 00 00 00
4 0 1 1 18 7b 50 0 1 00 00 1 1 10 3f 6a ff
4 0 1 0 0f 2f d0 1 1 7e ff 0 1 00 00 00 00
4 0 1 0 1a ea 07 0 1 07 ff 1 1 16 3f 35 ff
4 0 0 1 0e 1c f7 0 1 00 00 0 1 00 00 00 00
4 0 1 1 29 5f ba 0 1 00 00 0 1 00 00 00 00
4 0 1 0 0b fa de 1 1 6f ff 0 1 00 00 00 00
4 0 0 0 26 1d 02 0 1 00 00 0 1 00 00 00 00
4 0 1 0 04 80 21 0 1 21 ff 1 1 28 3f db ff
4 0 1 0 13 07 b6 0 1 b6 ff 1 1 0f 3f 7e ff
4 0 1 0 10 58 6a 0 1 6a ff 1 1 18 3f 7b ff
4 0 1 0 3a 23 71 0 1 71 ff 1 1 0e 3f 3a ff
4 0 1 1 07 bb 6b 0 1 00 00 1 1 0b 3f 6f ff
4 0 1 0 1f ee 90 0 1 90 ff 0 1 00 00 00 00
4 0 1 0 0e e4 3a 0 1 3a ff 0 1 00 00 00 00
4 0 1 0 11 4f ab 0 1 ab ff 1 1 31 3f 2f ff
4 0 0 0 15 db 0c 0 1 00 00 0 1 00 00 00 00
4 0 1 1 1e 00 39 0 1 00 00 0 1 00 00 00 00
4 0 1 0 18 d7 7b 0 1 7b ff 0 1 00 00 00 00
4 0 1 0 0e a0 3a 1 1 3a ff 0 1 00 00 00 00
4 0 1 1 0b d3 6f 0 1 00 00 1 1 07 3f bb ff
4 0 0 0 28 d1 db 0 1 00 00 0 1 00 00 00 00
4 0 0 1 0f e8 7e 0 1 00 00 0 1 00 00 00 00
4 0 1 1 14 81 c7 0 1 00 00 0 1 00 00 00 00
4 0 0 0 10 5d 6a 0 1 00 00 0 1 00 00 00 00
4 0 1 0 0b 1a 6f 1 1 d3 ff 0 1 00 00 00 00
4 0 0 0 2f 5d cd 0 1 00 00 0 1 00 00 00 00
4 0 1 0 03 0d 94 0 1 94 ff 0 1 00 00 00 00
4 0 1 1 13 68 b6 0 1 00 00 1 1 0b 3f d3 ff
4 0 1 1 0e 9b 3a 1 1 00 00 0 1 00 00 00 00
4 0 1 0 08 1f 81 0 1 81 ff 0 1 00 00 00 00
4 0 1 1 14 b4 c7 1 1 00 00 0 1 00 00 00 00
4 0 1 1 03 cb 94 1 1 00 00 0 1 00 00 00 00
4 0 1 0 0f da 7e 0 1 7e ff 1 1 13 3f 68 ff
4 0 1 1 3a 6b 71 0 1 00 00 1 1 1e 3f 00 ff
4 0 1 0 1c eb a2 0 1 a2 ff 0 1 00 00 00 00
4 0 1 0 0b 9c d3 0 1 d3 ff 1 1 03 3f cb ff
4 0 1 1 02 8b 95 0 1 00 00 1 1 0e 3f 9b ff
4 0 1 0 1c 5c a2 1 1 a2 ff 0 1 00 00 00 00
4 0 1 0 10 0f 6a 0 1 6a ff 1 1 14 3f b4 ff
4 0 1 1 06 d4 b3 0 1 00 00 1 1 3a 3f 6b ff
4 0 1 1 06 80 b3 1 1 00 00 0 1 00 00 00 00
4 0 1 0 03 42 cb 0 1 cb ff 0 1 00 00 00 00
4 0 1 0 08 53 81 0 1 81 ff 0 1 00 00 00 00
4 0 0 1 0b b9 d3 0 1 00 00 0 1 00 00 00 00
4 0 1 0 13 77 68 0 1 68 ff 0 1 00 00 00 00
4 0 1 0 38 f6 f7 0 1 f7 ff 0 1 00 00 00 00
4 0 0 0 22 46 13 0 1 00 00 0 1 00 00 00 00
4 0 0 0 04 15 21 0 1 00 00 0 1 00 00 00 00
4 0 1 0 03 58 cb 1 1 cb ff 0 1 00 00 00 00
4 0 1 1 02 0e 95 1 1 00 00 0 1 00 00 00 00
4 0 1 0 13 25 68 1 1 68 ff 0 1 00 00 00 00
4 0 1 1 38 7c f7 1 1 00 00 0 1 00 00 00 00
4 0 0 0 02 fa 95 0 1 00 00 0 1 00 00 00 00
4 0 1 0 0b 38 d3 0 1 d3 ff 0 1 00 00 00 00
4 0 1 0 05 ae 40 0 1 40 ff 1 1 29 3f 5f ff
4 0 1 0 07 ca bb 0 1 bb ff 0 1 00 00 00 00
4 0 1 1 1e 44 00 0 1 00 00 1 1 06 3f 80 ff
4 0 1 0 14 dc b4 0 1 b4 ff 0 1 00 00 00 00
4 0 1 1 23 2c b4 0 1 00 00 0 1 00 00 00 00
4 0 1 0 24 8a 4b 0 1 4b ff 1 1 38 3f 7c ff
4 0 1 1 13 17 68 0 1 00 00 0 1 00 00 00 00
4 0 1 1 10 2a 6a 0 1 00 00 0 1 00 00 00 00
4 0 1 0 0f 9c 7e 0 1 7e ff 1 1 23 3f 2c ff
4 0 1 0 2e 1f 53 0 1 53 ff 1 1 02 3f 0e ff
4 0 1 1 00 f2 23 0 1 00 00 0 1 00 00 00 00
4 0 1 1 35 d7 00 0 1 00 00 0 1 00 00 00 00
4 0 1 0 03 5a cb 0 1 cb ff 1 1 13 3f 17 ff
4 0 1 1 10 bd 6a 1 1 00 00 0 1 00 00 00 00
4 0 0 0 03 98 cb 0 1 00 00 0 1 00 00 00 00
4 0 1 0 22 5d 13 0 1 13 ff 1 1 1e 3f 44 ff
4 0 1 0 28 52 db 0 1 db ff 1 1 00 3f f2 ff
4 0 1 0 03 35 cb 1 1 cb ff 0 1 00 00 00 00
4 0 1 0 08 03 81 0 1 81 ff 1 1 10 3f bd ff
4 0 1 0 07 c3 bb 0 1 bb ff 0 1 00 00 00 00
4 0 1 0 26 c7 02 0 1 02 ff 0 1 00 00 00 00
4 0 1 0 0b fd d3 0 1 d3 ff 0 1 00 00 00 00
4 0 1 0 0e 03 9b 0 1 9b ff 0 1 00 00 00 00
4 0 1 0 0f 16 7e 0 1 7e ff 0 1 00 00 00 00
4 0 1 0 3d 9e 10 0 1 10 ff 0 1 00 00 00 00
4 0 1 1 15 f5 0c 0 1 00 00 1 1 35 3f d7 ff
4 0 1 0 02 13 0e 0 1 0e ff 0 1 00 00 00 00
4 0 1 0 10 22 bd 0 1 bd ff 0 1 00 00 00 00
4 0 1 1 2f 08 cd 0 1 00 00 0 1 00 00 00 00
4 0 1 0 16 f3 35 0 1 35 ff 0 1 00 00 00 00
4 0 0 0 07 1d bb 0 1 00 00 0 1 00 00 00 00
4 0 0 0 01 56 16 0 1 00 00 0 1 00 00 00 00
4 0 1 0 08 04 81 1 1 81 ff 0 1 00 00 00 00
4 0 1 0 03 3e cb 0 1 cb ff 0 1 00 00 00 00
4 0 1 0 1e 95 44 0 1 44 ff 0 1 00 00 00 00
4 0 1 0 0f 4f 7e 0 1 7e ff 1 1 2f 3f 08 ff
4 0 1 0 03 91 cb 1 1 cb ff 0 1 00 00 00 00
4 0 1 0 19 bc 47 0 1 47 ff 0 1 00 00 00 00
4 0 1 1 10 4e bd 1 1 00 00 0 1 00 00 00 00
4 0 1 0 11 ba ab 0 1 ab ff 1 1 15 3f f5 ff
4 0 0 0 0e a2 9b 0 1 00 00 0 1 00 00 00 00
4 0 1 0 09 9d 1f 0 1 1f ff 0 1 00 00 00 00
4 0 1 1 17 6f 20 0 1 00 00 0 1 00 00 00 00
4 0 1 0 0b ab d3 0 1 d3 ff 0 1 00 00 00 00
4 0 1 1 11 93 ab 1 1 00 00 0 1 00 00 00 00
4 0 1 1 0b b8 d3 1 1 00 00 0 1 00 00 00 00
4 0 1 0 12 83 7c 0 1 7c ff 0 1 00 00 00 00
4 0 0 0 03 ae cb 0 1 00 00 0 1 00 00 00 00
4 0 1 1 37 cf 07 0 1 00 00 1 1 17 3f 6f ff
4 0 1 0 15 6f f5 0 1 f5 ff 0 1 00 00 00 00
4 0 1 1 16 58 35 0 1 00 00 0 1 00 00 00 00
4 0 1 1 03 ea cb 0 1 00 00 1 1 0b 3f b8 ff
4 0 1 1 1e 04 44 0 1 00 00 0 1 00 00 00 00
4 0 0 0 2d 90 28 0 1 00 00 0 1 00 00 00 00
4 0 1 0 0d 91 41 0 1 41 ff 1 1 11 3f 93 ff
4 0 1 1 0f 4f 7e 0 1 00 00 1 1 37 3f cf ff
4 0 1 1 07 70 bb 0 1 00 00 1 1 03 3f ea ff
4 0 1 1 04 8d 21 0 1 00 00 0 1 00 00 00 00
4 0 0 0 0f 58 7e 0 1 00 00 0 1 00 00 00 00
4 0 1 0 05 e9 40 0 1 40 ff 0 1 00 00 00 00
4 0 0 1 13 d0 17 0 1 00 00 0 1 00 00 00 00
4 0 0 1 0f 91 7e 0 1 00 00 0 1 00 00 00 00
4 0 1 0 10 16 bd 1 1 4e ff 0 1 00 00 00 00
4 0 1 0 05 8b 40 1 1 40 ff 0 1 00 00 00 00
4 0 1 0 3b c8 1b 0 1 1b ff 1 1 0f 3f 4f ff
4 0 1 0 13 1c 17 0 1 17 ff 1 1 07 3f 70 ff
4 0 1 1 2d 18 28 0 1 00 00 0 1 00 00 00 00
4 0 1 0 0e 8b 9b 0 1 9b ff 1 1 16 3f 58 ff
4 0 1 0 07 9e 70 0 1 70 ff 0 1 00 00 00 00
4 0 1 0 0c 73 65 0 1 65 ff 1 1 04 3f 8d ff
4 0 1 1 17 c9 6f 0 1 00 00 0 1 00 00 00 00
4 0 0 1 03 7e ea 0 1 00 00 0 1 00 00 00 00
4 0 1 1 07 2b 70 1 1 00 00 0 1 00 00 00 00
4 0 1 1 21 01 a2 0 1 00 00 0 1 00 00 00 00
4 0 0 1 1b 61 e9 0 1 00 00 0 1 00 00 00 00
4 0 1 1 13 3a 17 0 1 00 00 1 1 17 3f c9 ff
4 0 1 1 0b c7 b8 0 1 00 00 1 1 07 3f 2b ff
4 0 1 1 03 79 ea 0 1 00 00 1 1 13 3f 3a ff
4 0 1 0 2b fb 55 0 1 55 ff 1 1 0b 3f c7 ff
4 0 1 0 0b 51 c7 0 1 c7 ff 1 1 03 3f 79 ff
4 0 1 0 18 5c 7b 0 1 7b ff 1 1 10 3f 4e ff
4 0 1 0 3a d3 6b 0 1 6b ff 1 1 1e 3f 04 ff
4 0 1 0 22 1d 13 0 1 13 ff 0 1 00 00 00 00
4 0 1 0 3f 56 a3 0 1 a3 ff 0 1 00 00 00 00
4 0 1 1 3e d2 c5 0 1 00 00 0 1 00 00 00 00
4 0 1 0 13 4e 3a 0 1 3a ff 0 1 00 00 00 00
4 0 1 0 25 21 ee 0 1 ee ff 1 1 2d 3f 18 ff
4 0 1 0 0f d9 4f 0 1 4f ff 0 1 00 00 00 00
4 0 1 0 10 b6 4e 0 1 4e ff 0 1 00 00 00 00
4 0 1 0 13 7d 3a 1 1 3a ff 0 1 00 00 00 00
4 0 1 1 12 32 7c 0 1 00 00 0 1 00 00 00 00
4 0 1 0 07 40 2b 0 1 2b ff 0 1 00 00 00 00
4 0 1 0 01 e3 16 0 1 16 ff 1 1 21 3f 01 ff
4 0 1 1 2c 56 08 0 1 00 00 0 1 00 00 00 00
4 0 1 0 1d 91 42 0 1 42 ff 0 1 00 00 00 00
4 0 1 0 12 67 7c 1 1 32 ff 0 1 00 00 00 00
4 0 1 0 14 be b4 0 1 b4 ff 0 1 00 00 00 00
