0 1 0.00000000000000000e+00 0 1
0 0 0.00000000000000000e+00 1 1
0 0 0.00000000000000000e+00 1 1
0 0 0.00000000000000000e+00 0 1
0 0 0.00000000000000000e+00 1 1
0 0 0.00000000000000000e+00 0 1
0 0 0.00000000000000000e+00 1 1
0 0 0.00000000000000000e+00 0 1
0 0 0.00000000000000000e+00 1 1
0 0 0.00000000000000000e+00 0 1
0 0 0.00000000000000000e+00 1 1
0 0 0.00000000000000000e+00 0 1
0 0 0.00000000000000000e+00 1 1
0 0 0.00000000000000000e+00 0 1
0 0 0.00000000000000000e+00 1 1
0 0 0.00000000000000000e+00 0 1
0 0 0.00000000000000000e+00 1 1
0 0 0.00000000000000000e+00 0 1
0 0 0.00000000000000000e+00 1 1
0 0 0.00000000000000000e+00 0 1
0 0 0.00000000000000000e+00 1 1
0 0 0.00000000000000000e+00 0 1
0 0 0.00000000000000000e+00 1 1
0 0 0.00000000000000000e+00 0 1
0 0 0.00000000000000000e+00 1 1
0 0 0.00000000000000000e+00 0 1
0 0 0.00000000000000000e+00 1 1
0 0 0.00000000000000000e+00 0 1
0 0 0.00000000000000000e+00 1 1
0 0 0.00000000000000000e+00 0 1
0 0 0.00000000000000000e+00 1 1
0 0 0.00000000000000000e+00 0 1
0 0 0.00000000000000000e+00 1 1
0 0 0.00000000000000000e+00 0 1
0 0 0.00000000000000000e+00 1 1
0 0 0.00000000000000000e+00 0 1
0 0 0.00000000000000000e+00 1 1
0 0 0.00000000000000000e+00 0 1
0 0 0.00000000000000000e+00 1 1
0 0 0.00000000000000000e+00 0 1
0 0 0.00000000000000000e+00 1 1
1 0 5.00000000000000000e-01 0 1
1 0 5.00000000000000000e-01 1 1
1 0 5.00000000000000000e-01 1 1
1 0 5.00000000000000000e-01 1 1
1 0 5.00000000000000000e-01 0 1
1 0 5.00000000000000000e-01 1 1
1 0 5.00000000000000000e-01 1 1
1 0 5.00000000000000000e-01 1 1
1 0 5.00000000000000000e-01 0 1
1 0 5.00000000000000000e-01 1 1
1 0 5.00000000000000000e-01 1 1
1 0 5.00000000000000000e-01 1 1
1 0 5.00000000000000000e-01 0 1
1 0 5.00000000000000000e-01 1 1
1 0 5.00000000000000000e-01 1 1
1 0 5.00000000000000000e-01 1 1
1 0 5.00000000000000000e-01 0 1
1 0 5.00000000000000000e-01 1 1
1 0 5.00000000000000000e-01 1 1
1 0 5.00000000000000000e-01 1 1
1 0 5.00000000000000000e-01 0 1
1 0 5.00000000000000000e-01 1 1
1 0 5.00000000000000000e-01 1 1
1 0 5.00000000000000000e-01 1 1
1 0 5.00000000000000000e-01 0 1
1 0 5.00000000000000000e-01 1 1
1 0 5.00000000000000000e-01 1 1
1 0 5.00000000000000000e-01 1 1
1 0 5.00000000000000000e-01 0 1
1 0 5.00000000000000000e-01 1 1
1 0 5.00000000000000000e-01 1 1
1 0 5.00000000000000000e-01 1 1
1 0 5.00000000000000000e-01 0 1
1 0 5.00000000000000000e-01 1 1
1 0 5.00000000000000000e-01 1 1
1 0 5.00000000000000000e-01 1 1
1 0 5.00000000000000000e-01 0 1
1 0 5.00000000000000000e-01 1 1
1 0 5.00000000000000000e-01 1 1
1 0 5.00000000000000000e-01 1 1
1 0 5.00000000000000000e-01 0 1
1 0 5.00000000000000000e-01 1 1
1 0 5.00000000000000000e-01 1 1
1 0 5.00000000000000000e-01 1 1
1 0 5.00000000000000000e-01 0 1
1 0 5.00000000000000000e-01 1 1
1 0 5.00000000000000000e-01 1 1
1 0 5.00000000000000000e-01 1 1
1 0 5.00000000000000000e-01 0 1
1 0 5.00000000000000000e-01 1 1
1 0 5.00000000000000000e-01 1 1
1 0 5.00000000000000000e-01 1 1
1 0 5.00000000000000000e-01 0 1
1 0 5.00000000000000000e-01 1 1
1 0 5.00000000000000000e-01 1 1
1 0 5.00000000000000000e-01 1 1
1 0 5.00000000000000000e-01 0 1
1 0 5.00000000000000000e-01 1 1
1 0 5.00000000000000000e-01 1 1
1 0 5.00000000000000000e-01 1 1
1 0 5.00000000000000000e-01 0 1
1 0 5.00000000000000000e-01 1 1
1 0 5.00000000000000000e-01 1 1
1 0 5.00000000000000000e-01 1 1
1 0 5.00000000000000000e-01 0 1
1 0 5.00000000000000000e-01 1 1
1 0 5.00000000000000000e-01 1 1
1 0 5.00000000000000000e-01 1 1
1 0 5.00000000000000000e-01 0 1
1 0 5.00000000000000000e-01 1 1
1 0 5.00000000000000000e-01 1 1
1 0 5.00000000000000000e-01 1 1
1 0 5.00000000000000000e-01 0 1
1 0 5.00000000000000000e-01 1 1
1 0 5.00000000000000000e-01 1 1
1 0 5.00000000000000000e-01 1 1
1 0 5.00000000000000000e-01 0 1
1 0 5.00000000000000000e-01 1 1
1 0 5.00000000000000000e-01 1 1
1 0 5.00000000000000000e-01 1 1
1 0 5.00000000000000000e-01 0 1
1 0 5.00000000000000000e-01 1 1
1 0 5.00000000000000000e-01 1 1
1 0 5.00000000000000000e-01 1 1
1 0 5.00000000000000000e-01 0 1
1 0 5.00000000000000000e-01 1 1
1 0 5.00000000000000000e-01 1 1
1 0 5.00000000000000000e-01 1 1
1 0 5.00000000000000000e-01 0 1
1 0 5.00000000000000000e-01 1 1
1 0 5.00000000000000000e-01 1 1
1 0 5.00000000000000000e-01 1 1
1 0 5.00000000000000000e-01 0 1
1 0 5.00000000000000000e-01 1 1
1 0 5.00000000000000000e-01 1 1
1 0 5.00000000000000000e-01 1 1
1 0 5.00000000000000000e-01 0 1
1 0 5.00000000000000000e-01 1 1
1 0 5.00000000000000000e-01 1 1
1 0 5.00000000000000000e-01 1 1
1 0 5.00000000000000000e-01 0 1
1 0 5.00000000000000000e-01 1 1
1 0 5.00000000000000000e-01 1 1
1 0 5.00000000000000000e-01 1 1
1 0 5.00000000000000000e-01 0 1
1 0 5.00000000000000000e-01 1 1
1 0 5.00000000000000000e-01 1 1
1 0 5.00000000000000000e-01 1 1
1 0 5.00000000000000000e-01 0 1
1 0 5.00000000000000000e-01 1 1
1 0 5.00000000000000000e-01 1 1
1 0 5.00000000000000000e-01 1 1
1 0 5.00000000000000000e-01 0 1
1 0 5.00000000000000000e-01 1 1
1 0 5.00000000000000000e-01 1 1
1 0 5.00000000000000000e-01 1 1
1 0 5.00000000000000000e-01 0 1
1 0 5.00000000000000000e-01 1 1
1 0 5.00000000000000000e-01 1 1
1 0 5.00000000000000000e-01 1 1
1 0 5.00000000000000000e-01 0 1
1 0 5.00000000000000000e-01 1 1
1 0 5.00000000000000000e-01 1 1
1 0 5.00000000000000000e-01 1 1
1 0 5.00000000000000000e-01 0 1
1 0 5.00000000000000000e-01 1 1
1 0 5.00000000000000000e-01 1 1
1 0 5.00000000000000000e-01 1 1
1 0 5.00000000000000000e-01 0 1
1 0 5.00000000000000000e-01 1 1
1 0 5.00000000000000000e-01 1 1
1 0 5.00000000000000000e-01 1 1
1 0 5.00000000000000000e-01 0 1
1 0 5.00000000000000000e-01 1 1
1 0 5.00000000000000000e-01 1 1
1 0 5.00000000000000000e-01 1 1
1 0 5.00000000000000000e-01 0 1
1 0 5.00000000000000000e-01 1 1
1 0 5.00000000000000000e-01 1 1
1 0 5.00000000000000000e-01 1 1
1 0 5.00000000000000000e-01 0 1
1 0 5.00000000000000000e-01 1 1
1 0 5.00000000000000000e-01 1 1
1 0 5.00000000000000000e-01 1 1
1 0 5.00000000000000000e-01 0 1
1 0 5.00000000000000000e-01 1 1
1 0 5.00000000000000000e-01 1 1
1 0 5.00000000000000000e-01 1 1
1 0 5.00000000000000000e-01 0 1
1 0 5.00000000000000000e-01 1 1
1 0 5.00000000000000000e-01 1 1
1 0 5.00000000000000000e-01 1 1
1 0 5.00000000000000000e-01 0 1
1 0 5.00000000000000000e-01 1 1
1 0 5.00000000000000000e-01 1 1
1 0 5.00000000000000000e-01 1 1
1 0 5.00000000000000000e-01 0 1
1 0 5.00000000000000000e-01 1 1
1 0 5.00000000000000000e-01 1 1
1 0 5.00000000000000000e-01 1 1
1 0 5.00000000000000000e-01 0 1
1 0 5.00000000000000000e-01 1 1
1 0 5.00000000000000000e-01 1 1
1 0 5.00000000000000000e-01 1 1
1 0 5.00000000000000000e-01 0 1
1 0 5.00000000000000000e-01 1 1
1 0 5.00000000000000000e-01 1 1
1 0 5.00000000000000000e-01 1 1
1 0 5.00000000000000000e-01 0 1
1 0 5.00000000000000000e-01 1 1
1 0 5.00000000000000000e-01 1 1
1 0 5.00000000000000000e-01 1 1
1 0 5.00000000000000000e-01 0 1
1 0 5.00000000000000000e-01 1 1
1 0 5.00000000000000000e-01 1 1
1 0 5.00000000000000000e-01 1 1
1 0 5.00000000000000000e-01 0 1
1 0 5.00000000000000000e-01 1 1
1 0 5.00000000000000000e-01 1 1
1 0 5.00000000000000000e-01 1 1
1 0 5.00000000000000000e-01 0 1
1 0 5.00000000000000000e-01 1 1
1 0 5.00000000000000000e-01 1 1
1 0 5.00000000000000000e-01 1 1
1 0 5.00000000000000000e-01 0 1
1 0 5.00000000000000000e-01 1 1
1 0 5.00000000000000000e-01 1 1
1 0 5.00000000000000000e-01 1 1
1 0 5.00000000000000000e-01 0 1
1 0 5.00000000000000000e-01 1 1
1 0 5.00000000000000000e-01 1 1
1 0 5.00000000000000000e-01 1 1
1 0 5.00000000000000000e-01 0 1
1 0 5.00000000000000000e-01 1 1
1 0 5.00000000000000000e-01 1 1
1 0 5.00000000000000000e-01 1 1
1 0 5.00000000000000000e-01 0 1
1 0 5.00000000000000000e-01 1 1
1 0 5.00000000000000000e-01 1 1
1 0 5.00000000000000000e-01 1 1
2 1 0.00000000000000000e+00 0 1
2 0 -7.50000000000000000e-01 1 1
2 0 -7.50000000000000000e-01 0 1
2 0 -7.50000000000000000e-01 0 1
2 0 -7.50000000000000000e-01 0 1
2 0 -7.50000000000000000e-01 0 1
2 0 -7.50000000000000000e-01 0 1
2 0 -7.50000000000000000e-01 0 1
2 0 -7.50000000000000000e-01 1 1
2 0 -7.50000000000000000e-01 0 1
2 0 -7.50000000000000000e-01 0 1
2 0 -7.50000000000000000e-01 0 1
2 0 -7.50000000000000000e-01 0 1
2 0 -7.50000000000000000e-01 0 1
2 0 -7.50000000000000000e-01 0 1
2 0 -7.50000000000000000e-01 0 1
2 0 -7.50000000000000000e-01 1 1
2 0 -7.50000000000000000e-01 0 1
2 0 -7.50000000000000000e-01 0 1
2 0 -7.50000000000000000e-01 0 1
2 0 -7.50000000000000000e-01 0 1
2 0 -7.50000000000000000e-01 0 1
2 0 -7.50000000000000000e-01 0 1
2 0 -7.50000000000000000e-01 0 1
2 0 -7.50000000000000000e-01 1 1
2 0 -7.50000000000000000e-01 0 1
2 0 -7.50000000000000000e-01 0 1
2 0 -7.50000000000000000e-01 0 1
2 0 -7.50000000000000000e-01 0 1
2 0 -7.50000000000000000e-01 0 1
2 0 -7.50000000000000000e-01 0 1
2 0 -7.50000000000000000e-01 0 1
2 0 -7.50000000000000000e-01 1 1
2 0 -7.50000000000000000e-01 0 1
2 0 -7.50000000000000000e-01 0 1
2 0 -7.50000000000000000e-01 0 1
2 0 -7.50000000000000000e-01 0 1
2 0 -7.50000000000000000e-01 0 1
2 0 -7.50000000000000000e-01 0 1
2 0 -7.50000000000000000e-01 0 1
2 0 -7.50000000000000000e-01 1 1
2 0 -7.50000000000000000e-01 0 1
2 0 -7.50000000000000000e-01 0 1
2 0 -7.50000000000000000e-01 0 1
2 0 -7.50000000000000000e-01 0 1
2 0 -7.50000000000000000e-01 0 1
2 0 -7.50000000000000000e-01 0 1
2 0 -7.50000000000000000e-01 0 1
2 0 -7.50000000000000000e-01 1 1
2 0 -7.50000000000000000e-01 0 1
2 0 -7.50000000000000000e-01 0 1
2 0 -7.50000000000000000e-01 0 1
2 0 -7.50000000000000000e-01 0 1
2 0 -7.50000000000000000e-01 0 1
2 0 -7.50000000000000000e-01 0 1
2 0 -7.50000000000000000e-01 0 1
2 0 -7.50000000000000000e-01 1 1
2 0 -7.50000000000000000e-01 0 1
2 0 -7.50000000000000000e-01 0 1
2 0 -7.50000000000000000e-01 0 1
2 0 -7.50000000000000000e-01 0 1
2 0 -7.50000000000000000e-01 0 1
2 0 -7.50000000000000000e-01 0 1
2 0 -7.50000000000000000e-01 0 1
2 0 -7.50000000000000000e-01 1 1
2 0 -7.50000000000000000e-01 0 1
2 0 -7.50000000000000000e-01 0 1
2 0 -7.50000000000000000e-01 0 1
2 0 -7.50000000000000000e-01 0 1
2 0 -7.50000000000000000e-01 0 1
2 0 -7.50000000000000000e-01 0 1
2 0 -7.50000000000000000e-01 0 1
2 0 -7.50000000000000000e-01 1 1
2 0 -7.50000000000000000e-01 0 1
2 0 -7.50000000000000000e-01 0 1
2 0 -7.50000000000000000e-01 0 1
2 0 -7.50000000000000000e-01 0 1
2 0 -7.50000000000000000e-01 0 1
2 0 -7.50000000000000000e-01 0 1
2 0 -7.50000000000000000e-01 0 1
2 0 -7.50000000000000000e-01 1 1
2 0 -7.50000000000000000e-01 0 1
2 0 -7.50000000000000000e-01 0 1
2 0 -7.50000000000000000e-01 0 1
2 0 -7.50000000000000000e-01 0 1
2 0 -7.50000000000000000e-01 0 1
2 0 -7.50000000000000000e-01 0 1
2 0 -7.50000000000000000e-01 0 1
2 0 -7.50000000000000000e-01 1 1
2 0 -7.50000000000000000e-01 0 1
2 0 -7.50000000000000000e-01 0 1
2 0 -7.50000000000000000e-01 0 1
2 0 -7.50000000000000000e-01 0 1
2 0 -7.50000000000000000e-01 0 1
2 0 -7.50000000000000000e-01 0 1
2 0 -7.50000000000000000e-01 0 1
2 0 -7.50000000000000000e-01 1 1
2 0 -7.50000000000000000e-01 0 1
2 0 -7.50000000000000000e-01 0 1
2 0 -7.50000000000000000e-01 0 1
2 0 -7.50000000000000000e-01 0 1
2 0 -7.50000000000000000e-01 0 1
2 0 -7.50000000000000000e-01 0 1
2 0 -7.50000000000000000e-01 0 1
2 0 -7.50000000000000000e-01 1 1
2 0 -7.50000000000000000e-01 0 1
2 0 -7.50000000000000000e-01 0 1
2 0 -7.50000000000000000e-01 0 1
2 0 -7.50000000000000000e-01 0 1
2 0 -7.50000000000000000e-01 0 1
2 0 -7.50000000000000000e-01 0 1
2 0 -7.50000000000000000e-01 0 1
2 0 -7.50000000000000000e-01 1 1
2 0 -7.50000000000000000e-01 0 1
2 0 -7.50000000000000000e-01 0 1
2 0 -7.50000000000000000e-01 0 1
2 0 -7.50000000000000000e-01 0 1
2 0 -7.50000000000000000e-01 0 1
2 0 -7.50000000000000000e-01 0 1
2 0 -7.50000000000000000e-01 0 1
2 0 -7.50000000000000000e-01 1 1
2 0 -7.50000000000000000e-01 0 1
2 0 -7.50000000000000000e-01 0 1
2 0 -7.50000000000000000e-01 0 1
2 0 -7.50000000000000000e-01 0 1
2 0 -7.50000000000000000e-01 0 1
2 0 -7.50000000000000000e-01 0 1
2 0 -7.50000000000000000e-01 0 1
2 0 -7.50000000000000000e-01 1 1
2 0 -7.50000000000000000e-01 0 1
2 0 -7.50000000000000000e-01 0 1
2 0 -7.50000000000000000e-01 0 1
2 0 -7.50000000000000000e-01 0 1
2 0 -7.50000000000000000e-01 0 1
2 0 -7.50000000000000000e-01 0 1
2 0 -7.50000000000000000e-01 0 1
2 0 -7.50000000000000000e-01 1 1
2 0 -7.50000000000000000e-01 0 1
2 0 -7.50000000000000000e-01 0 1
2 0 -7.50000000000000000e-01 0 1
2 0 -7.50000000000000000e-01 0 1
2 0 -7.50000000000000000e-01 0 1
2 0 -7.50000000000000000e-01 0 1
2 0 -7.50000000000000000e-01 0 1
2 0 -7.50000000000000000e-01 1 1
2 0 -7.50000000000000000e-01 0 1
2 0 -7.50000000000000000e-01 0 1
2 0 -7.50000000000000000e-01 0 1
2 0 -7.50000000000000000e-01 0 1
2 0 -7.50000000000000000e-01 0 1
2 0 -7.50000000000000000e-01 0 1
2 0 -7.50000000000000000e-01 0 1
2 0 -7.50000000000000000e-01 1 1
2 0 -7.50000000000000000e-01 0 1
2 0 -7.50000000000000000e-01 0 1
2 0 -7.50000000000000000e-01 0 1
2 0 -7.50000000000000000e-01 0 1
2 0 -7.50000000000000000e-01 0 1
2 0 -7.50000000000000000e-01 0 1
2 0 -7.50000000000000000e-01 0 1
2 0 -7.50000000000000000e-01 1 1
2 0 -7.50000000000000000e-01 0 1
2 0 -7.50000000000000000e-01 0 1
2 0 -7.50000000000000000e-01 0 1
2 0 -7.50000000000000000e-01 0 1
2 0 -7.50000000000000000e-01 0 1
2 0 -7.50000000000000000e-01 0 1
2 0 -7.50000000000000000e-01 0 1
2 0 -7.50000000000000000e-01 1 1
2 0 -7.50000000000000000e-01 0 1
2 0 -7.50000000000000000e-01 0 1
2 0 -7.50000000000000000e-01 0 1
2 0 -7.50000000000000000e-01 0 1
2 0 -7.50000000000000000e-01 0 1
2 0 -7.50000000000000000e-01 0 1
2 0 -7.50000000000000000e-01 0 1
2 0 -7.50000000000000000e-01 1 1
2 0 -7.50000000000000000e-01 0 1
2 0 -7.50000000000000000e-01 0 1
2 0 -7.50000000000000000e-01 0 1
2 0 -7.50000000000000000e-01 0 1
2 0 -7.50000000000000000e-01 0 1
2 0 -7.50000000000000000e-01 0 1
2 0 -7.50000000000000000e-01 0 1
2 0 -7.50000000000000000e-01 1 1
2 0 -7.50000000000000000e-01 0 1
2 0 -7.50000000000000000e-01 0 1
2 0 -7.50000000000000000e-01 0 1
2 0 -7.50000000000000000e-01 0 1
2 0 -7.50000000000000000e-01 0 1
2 0 -7.50000000000000000e-01 0 1
2 0 -7.50000000000000000e-01 0 1
2 0 -7.50000000000000000e-01 1 1
2 0 -7.50000000000000000e-01 0 1
2 0 -7.50000000000000000e-01 0 1
2 0 -7.50000000000000000e-01 0 1
2 0 -7.50000000000000000e-01 0 1
2 0 -7.50000000000000000e-01 0 1
2 0 -7.50000000000000000e-01 0 1
2 0 -7.50000000000000000e-01 0 1
2 0 -7.50000000000000000e-01 1 1
3 0 2.50000000000000000e-01 0 1
3 0 2.50000000000000000e-01 1 1
3 0 2.50000000000000000e-01 0 1
3 1 2.50000000000000000e-01 0 1
3 0 2.50000000000000000e-01 1 1
3 0 2.50000000000000000e-01 1 1
3 0 2.50000000000000000e-01 0 1
3 0 2.50000000000000000e-01 1 1
3 0 2.50000000000000000e-01 1 1
3 0 2.50000000000000000e-01 0 1
3 0 2.50000000000000000e-01 1 1
3 0 2.50000000000000000e-01 1 1
3 0 2.50000000000000000e-01 0 1
3 0 2.50000000000000000e-01 1 1
3 0 2.50000000000000000e-01 0 1
3 0 2.50000000000000000e-01 1 1
3 0 2.50000000000000000e-01 1 1
3 0 2.50000000000000000e-01 0 1
3 0 2.50000000000000000e-01 1 1
3 0 2.50000000000000000e-01 1 1
3 0 2.50000000000000000e-01 0 1
3 0 2.50000000000000000e-01 1 1
3 0 2.50000000000000000e-01 0 1
3 0 2.50000000000000000e-01 1 1
4 0 0.00000000000000000e+00 1 1
4 0 1.56250000000000000e-02 0 1
4 0 3.12500000000000000e-02 1 1
4 0 4.68750000000000000e-02 0 1
4 0 6.25000000000000000e-02 1 1
4 0 7.81250000000000000e-02 0 1
4 0 7.81250000000000000e-02 1 1
4 0 9.37500000000000000e-02 0 1
4 0 1.09375000000000000e-01 1 1
4 0 1.25000000000000000e-01 0 1
4 0 1.40625000000000000e-01 1 1
4 0 1.56250000000000000e-01 0 1
4 0 1.71875000000000000e-01 1 1
4 0 1.87500000000000000e-01 1 1
4 0 2.03125000000000000e-01 0 1
4 0 2.03125000000000000e-01 1 1
4 0 2.18750000000000000e-01 0 1
4 0 2.34375000000000000e-01 1 1
4 0 2.50000000000000000e-01 1 1
4 0 2.65625000000000000e-01 0 1
4 0 2.81250000000000000e-01 1 1
4 0 2.96875000000000000e-01 1 1
4 0 3.12500000000000000e-01 0 1
4 0 3.12500000000000000e-01 1 1
4 0 3.28125000000000000e-01 1 1
4 0 3.43750000000000000e-01 0 1
4 0 3.59375000000000000e-01 1 1
4 0 3.75000000000000000e-01 1 1
4 0 3.90625000000000000e-01 0 1
4 0 3.90625000000000000e-01 1 1
4 0 4.06250000000000000e-01 1 1
4 0 4.21875000000000000e-01 0 1
4 0 4.37500000000000000e-01 1 1
4 0 4.53125000000000000e-01 1 1
4 0 4.53125000000000000e-01 1 1
4 0 4.68750000000000000e-01 0 1
4 0 4.84375000000000000e-01 1 1
4 0 5.00000000000000000e-01 1 1
4 0 5.00000000000000000e-01 1 1
4 0 5.15625000000000000e-01 0 1
4 0 5.31250000000000000e-01 1 1
4 0 5.46875000000000000e-01 1 1
4 0 5.46875000000000000e-01 1 1
4 0 5.62500000000000000e-01 0 1
4 0 5.78125000000000000e-01 1 1
4 0 5.78125000000000000e-01 1 1
4 0 5.93750000000000000e-01 1 1
4 0 6.09375000000000000e-01 1 1
4 0 6.09375000000000000e-01 0 1
4 0 6.25000000000000000e-01 1 1
4 0 6.40625000000000000e-01 1 1
4 0 6.40625000000000000e-01 1 1
4 0 6.56250000000000000e-01 1 1
4 0 6.71875000000000000e-01 1 1
4 0 6.71875000000000000e-01 0 1
4 0 6.87500000000000000e-01 1 1
4 0 6.87500000000000000e-01 1 1
4 0 7.03125000000000000e-01 1 1
4 0 7.18750000000000000e-01 1 1
4 0 7.18750000000000000e-01 1 1
4 0 7.34375000000000000e-01 1 1
4 0 7.34375000000000000e-01 0 1
4 0 7.50000000000000000e-01 1 1
4 0 7.50000000000000000e-01 1 1
4 0 7.65625000000000000e-01 1 1
4 0 7.65625000000000000e-01 1 1
4 0 7.81250000000000000e-01 1 1
4 0 7.81250000000000000e-01 1 1
4 0 7.81250000000000000e-01 1 1
4 0 7.96875000000000000e-01 0 1
4 0 7.96875000000000000e-01 1 1
4 0 8.12500000000000000e-01 1 1
4 0 8.12500000000000000e-01 1 1
4 0 8.12500000000000000e-01 1 1
4 0 8.28125000000000000e-01 1 1
4 0 8.28125000000000000e-01 1 1
4 0 8.43750000000000000e-01 1 1
4 0 8.43750000000000000e-01 1 1
4 0 8.43750000000000000e-01 1 1
4 0 8.43750000000000000e-01 1 1
4 0 8.59375000000000000e-01 1 1
4 0 8.59375000000000000e-01 0 1
4 0 8.59375000000000000e-01 1 1
4 0 8.75000000000000000e-01 1 1
4 0 8.75000000000000000e-01 1 1
4 0 8.75000000000000000e-01 1 1
4 0 8.75000000000000000e-01 1 1
4 0 8.75000000000000000e-01 1 1
4 0 8.90625000000000000e-01 1 1
4 0 8.90625000000000000e-01 1 1
4 0 8.90625000000000000e-01 1 1
4 0 8.90625000000000000e-01 1 1
4 0 8.90625000000000000e-01 1 1
4 0 8.90625000000000000e-01 1 1
4 0 8.90625000000000000e-01 1 1
4 0 8.90625000000000000e-01 1 1
4 0 8.90625000000000000e-01 1 1
4 0 9.06250000000000000e-01 1 1
4 0 9.06250000000000000e-01 0 1
4 0 9.06250000000000000e-01 1 1
4 0 9.06250000000000000e-01 1 1
4 0 9.06250000000000000e-01 1 1
4 0 9.06250000000000000e-01 1 1
4 0 9.06250000000000000e-01 1 1
4 0 8.90625000000000000e-01 1 1
4 0 8.90625000000000000e-01 1 1
4 0 8.90625000000000000e-01 1 1
4 0 8.90625000000000000e-01 1 1
4 0 8.90625000000000000e-01 1 1
4 0 8.90625000000000000e-01 1 1
4 0 8.90625000000000000e-01 1 1
4 0 8.90625000000000000e-01 1 1
4 0 8.90625000000000000e-01 1 1
4 0 8.75000000000000000e-01 1 1
4 0 8.75000000000000000e-01 1 1
4 0 8.75000000000000000e-01 1 1
4 0 8.75000000000000000e-01 1 1
4 0 8.75000000000000000e-01 0 1
4 0 8.59375000000000000e-01 1 1
4 0 8.59375000000000000e-01 1 1
4 0 8.59375000000000000e-01 1 1
4 0 8.43750000000000000e-01 1 1
4 0 8.43750000000000000e-01 1 1
4 0 8.43750000000000000e-01 1 1
4 0 8.43750000000000000e-01 1 1
4 0 8.28125000000000000e-01 1 1
4 0 8.28125000000000000e-01 1 1
4 0 8.12500000000000000e-01 1 1
4 0 8.12500000000000000e-01 1 1
4 0 8.12500000000000000e-01 0 1
4 0 7.96875000000000000e-01 1 1
4 0 7.96875000000000000e-01 1 1
4 0 7.81250000000000000e-01 1 1
4 0 7.81250000000000000e-01 1 1
4 0 7.81250000000000000e-01 1 1
4 0 7.65625000000000000e-01 1 1
4 0 7.65625000000000000e-01 1 1
4 0 7.50000000000000000e-01 1 1
4 0 7.50000000000000000e-01 0 1
4 0 7.34375000000000000e-01 1 1
4 0 7.34375000000000000e-01 1 1
4 0 7.18750000000000000e-01 1 1
4 0 7.18750000000000000e-01 1 1
4 0 7.03125000000000000e-01 1 1
4 0 6.87500000000000000e-01 1 1
4 0 6.87500000000000000e-01 0 1
4 0 6.71875000000000000e-01 1 1
4 0 6.71875000000000000e-01 1 1
4 0 6.56250000000000000e-01 1 1
4 0 6.40625000000000000e-01 1 1
4 0 6.40625000000000000e-01 1 1
4 0 6.25000000000000000e-01 0 1
4 0 6.09375000000000000e-01 1 1
4 0 6.09375000000000000e-01 1 1
4 0 5.93750000000000000e-01 1 1
4 0 5.78125000000000000e-01 1 1
4 0 5.78125000000000000e-01 0 1
4 0 5.62500000000000000e-01 1 1
4 0 5.46875000000000000e-01 1 1
4 0 5.46875000000000000e-01 1 1
4 0 5.31250000000000000e-01 0 1
4 0 5.15625000000000000e-01 1 1
4 0 5.00000000000000000e-01 1 1
4 0 5.00000000000000000e-01 1 1
4 0 4.84375000000000000e-01 0 1
4 0 4.68750000000000000e-01 1 1
4 0 4.53125000000000000e-01 1 1
4 0 4.53125000000000000e-01 1 1
4 0 4.37500000000000000e-01 0 1
4 0 4.21875000000000000e-01 1 1
4 0 4.06250000000000000e-01 1 1
4 0 3.90625000000000000e-01 0 1
4 0 3.90625000000000000e-01 1 1
4 0 3.75000000000000000e-01 1 1
4 0 3.59375000000000000e-01 1 1
4 0 3.43750000000000000e-01 0 1
4 0 3.28125000000000000e-01 1 1
4 0 3.12500000000000000e-01 1 1
4 0 3.12500000000000000e-01 0 1
4 0 2.96875000000000000e-01 1 1
4 0 2.81250000000000000e-01 0 1
4 0 2.65625000000000000e-01 1 1
4 0 2.50000000000000000e-01 1 1
4 0 2.34375000000000000e-01 0 1
4 0 2.18750000000000000e-01 1 1
4 0 2.03125000000000000e-01 1 1
4 0 2.03125000000000000e-01 0 1
4 0 1.87500000000000000e-01 1 1
4 0 1.71875000000000000e-01 0 1
4 0 1.56250000000000000e-01 1 1
4 0 1.40625000000000000e-01 1 1
4 0 1.25000000000000000e-01 0 1
4 0 1.09375000000000000e-01 1 1
4 0 9.37500000000000000e-02 0 1
4 0 7.81250000000000000e-02 1 1
4 0 7.81250000000000000e-02 0 1
4 0 6.25000000000000000e-02 1 1
4 0 4.68750000000000000e-02 0 1
4 0 3.12500000000000000e-02 1 1
4 0 1.56250000000000000e-02 0 1
4 0 0.00000000000000000e+00 1 1
4 0 -1.56250000000000000e-02 0 1
4 0 -3.12500000000000000e-02 1 1
4 0 -4.68750000000000000e-02 0 1
4 0 -6.25000000000000000e-02 1 1
4 0 -7.81250000000000000e-02 0 1
4 0 -7.81250000000000000e-02 1 1
4 0 -9.37500000000000000e-02 0 1
4 0 -1.09375000000000000e-01 1 1
4 0 -1.25000000000000000e-01 0 1
4 0 -1.40625000000000000e-01 0 1
4 0 -1.56250000000000000e-01 1 1
4 0 -1.71875000000000000e-01 0 1
4 0 -1.87500000000000000e-01 1 1
4 0 -2.03125000000000000e-01 0 1
4 0 -2.03125000000000000e-01 0 1
4 0 -2.18750000000000000e-01 1 1
4 0 -2.34375000000000000e-01 0 1
4 0 -2.50000000000000000e-01 1 1
4 0 -2.65625000000000000e-01 0 1
4 0 -2.81250000000000000e-01 0 1
4 0 -2.96875000000000000e-01 1 1
4 0 -3.12500000000000000e-01 0 1
4 0 -3.12500000000000000e-01 0 1
4 0 -3.28125000000000000e-01 1 1
4 0 -3.43750000000000000e-01 0 1
4 0 -3.59375000000000000e-01 0 1
4 0 -3.75000000000000000e-01 1 1
4 0 -3.90625000000000000e-01 0 1
4 0 -3.90625000000000000e-01 0 1
4 0 -4.06250000000000000e-01 1 1
4 0 -4.21875000000000000e-01 0 1
4 0 -4.37500000000000000e-01 0 1
4 0 -4.53125000000000000e-01 0 1
4 0 -4.53125000000000000e-01 1 1
4 0 -4.68750000000000000e-01 0 1
4 0 -4.84375000000000000e-01 0 1
4 0 -5.00000000000000000e-01 0 1
4 0 -5.00000000000000000e-01 1 1
4 0 -5.15625000000000000e-01 0 1
4 0 -5.31250000000000000e-01 0 1
4 0 -5.46875000000000000e-01 0 1
4 0 -5.46875000000000000e-01 1 1
4 0 -5.62500000000000000e-01 0 1
4 0 -5.78125000000000000e-01 0 1
4 0 -5.78125000000000000e-01 0 1
4 0 -5.93750000000000000e-01 1 1
4 0 -6.09375000000000000e-01 0 1
4 0 -6.09375000000000000e-01 0 1
4 0 -6.25000000000000000e-01 0 1
4 0 -6.40625000000000000e-01 0 1
4 0 -6.40625000000000000e-01 0 1
4 0 -6.56250000000000000e-01 1 1
4 0 -6.71875000000000000e-01 0 1
4 0 -6.71875000000000000e-01 0 1
4 0 -6.87500000000000000e-01 0 1
4 0 -6.87500000000000000e-01 0 1
4 0 -7.03125000000000000e-01 0 1
4 0 -7.18750000000000000e-01 1 1
4 0 -7.18750000000000000e-01 0 1
4 0 -7.34375000000000000e-01 0 1
4 0 -7.34375000000000000e-01 0 1
4 0 -7.50000000000000000e-01 0 1
4 0 -7.50000000000000000e-01 0 1
4 0 -7.65625000000000000e-01 0 1
4 0 -7.65625000000000000e-01 0 1
4 0 -7.81250000000000000e-01 1 1
4 0 -7.81250000000000000e-01 0 1
4 0 -7.81250000000000000e-01 0 1
4 0 -7.96875000000000000e-01 0 1
4 0 -7.96875000000000000e-01 0 1
4 0 -8.12500000000000000e-01 0 1
4 0 -8.12500000000000000e-01 0 1
4 0 -8.12500000000000000e-01 0 1
4 0 -8.28125000000000000e-01 0 1
4 0 -8.28125000000000000e-01 0 1
4 0 -8.43750000000000000e-01 1 1
4 0 -8.43750000000000000e-01 0 1
4 0 -8.43750000000000000e-01 0 1
4 0 -8.43750000000000000e-01 0 1
4 0 -8.59375000000000000e-01 0 1
4 0 -8.59375000000000000e-01 0 1
4 0 -8.59375000000000000e-01 0 1
4 0 -8.75000000000000000e-01 0 1
4 0 -8.75000000000000000e-01 0 1
4 0 -8.75000000000000000e-01 0 1
4 0 -8.75000000000000000e-01 0 1
4 0 -8.75000000000000000e-01 0 1
4 0 -8.90625000000000000e-01 0 1
4 0 -8.90625000000000000e-01 0 1
4 0 -8.90625000000000000e-01 0 1
4 0 -8.90625000000000000e-01 0 1
4 0 -8.90625000000000000e-01 1 1
4 0 -8.90625000000000000e-01 0 1
4 0 -8.90625000000000000e-01 0 1
4 0 -8.90625000000000000e-01 0 1
4 0 -8.90625000000000000e-01 0 1
4 0 -9.06250000000000000e-01 0 1
4 0 -9.06250000000000000e-01 0 1
4 0 -9.06250000000000000e-01 0 1
4 0 -9.06250000000000000e-01 0 1
4 0 -9.06250000000000000e-01 0 1
4 0 -9.06250000000000000e-01 0 1
4 0 -9.06250000000000000e-01 0 1
4 0 -8.90625000000000000e-01 0 1
4 0 -8.90625000000000000e-01 0 1
4 0 -8.90625000000000000e-01 0 1
4 0 -8.90625000000000000e-01 0 1
4 0 -8.90625000000000000e-01 0 1
4 0 -8.90625000000000000e-01 0 1
4 0 -8.90625000000000000e-01 0 1
4 0 -8.90625000000000000e-01 1 1
4 0 -8.90625000000000000e-01 0 1
4 0 -8.75000000000000000e-01 0 1
4 0 -8.75000000000000000e-01 0 1
4 0 -8.75000000000000000e-01 0 1
4 0 -8.75000000000000000e-01 0 1
4 0 -8.75000000000000000e-01 0 1
4 0 -8.59375000000000000e-01 0 1
4 0 -8.59375000000000000e-01 0 1
4 0 -8.59375000000000000e-01 0 1
4 0 -8.43750000000000000e-01 0 1
4 0 -8.43750000000000000e-01 0 1
4 0 -8.43750000000000000e-01 0 1
4 0 -8.43750000000000000e-01 0 1
4 0 -8.28125000000000000e-01 0 1
4 0 -8.28125000000000000e-01 1 1
4 0 -8.12500000000000000e-01 0 1
4 0 -8.12500000000000000e-01 0 1
4 0 -8.12500000000000000e-01 0 1
4 0 -7.96875000000000000e-01 0 1
4 0 -7.96875000000000000e-01 0 1
4 0 -7.81250000000000000e-01 0 1
4 0 -7.81250000000000000e-01 0 1
4 0 -7.81250000000000000e-01 0 1
4 0 -7.65625000000000000e-01 1 1
4 0 -7.65625000000000000e-01 0 1
4 0 -7.50000000000000000e-01 0 1
4 0 -7.50000000000000000e-01 0 1
4 0 -7.34375000000000000e-01 0 1
4 0 -7.34375000000000000e-01 0 1
4 0 -7.18750000000000000e-01 0 1
4 0 -7.18750000000000000e-01 0 1
4 0 -7.03125000000000000e-01 1 1
4 0 -6.87500000000000000e-01 0 1
4 0 -6.87500000000000000e-01 0 1
4 0 -6.71875000000000000e-01 0 1
4 0 -6.71875000000000000e-01 0 1
4 0 -6.56250000000000000e-01 0 1
4 0 -6.40625000000000000e-01 1 1
4 0 -6.40625000000000000e-01 0 1
4 0 -6.25000000000000000e-01 0 1
4 0 -6.09375000000000000e-01 0 1
4 0 -6.09375000000000000e-01 0 1
4 0 -5.93750000000000000e-01 1 1
4 0 -5.78125000000000000e-01 0 1
4 0 -5.78125000000000000e-01 0 1
4 0 -5.62500000000000000e-01 0 1
4 0 -5.46875000000000000e-01 0 1
4 0 -5.46875000000000000e-01 1 1
4 0 -5.31250000000000000e-01 0 1
4 0 -5.15625000000000000e-01 0 1
4 0 -5.00000000000000000e-01 0 1
4 0 -5.00000000000000000e-01 1 1
4 0 -4.84375000000000000e-01 0 1
4 0 -4.68750000000000000e-01 0 1
4 0 -4.53125000000000000e-01 0 1
4 0 -4.53125000000000000e-01 1 1
4 0 -4.37500000000000000e-01 0 1
4 0 -4.21875000000000000e-01 0 1
4 0 -4.06250000000000000e-01 1 1
4 0 -3.90625000000000000e-01 0 1
4 0 -3.90625000000000000e-01 0 1
4 0 -3.75000000000000000e-01 0 1
4 0 -3.59375000000000000e-01 1 1
4 0 -3.43750000000000000e-01 0 1
4 0 -3.28125000000000000e-01 0 1
4 0 -3.12500000000000000e-01 1 1
4 0 -3.12500000000000000e-01 0 1
4 0 -2.96875000000000000e-01 0 1
4 0 -2.81250000000000000e-01 1 1
4 0 -2.65625000000000000e-01 0 1
4 0 -2.50000000000000000e-01 1 1
4 0 -2.34375000000000000e-01 0 1
4 0 -2.18750000000000000e-01 0 1
4 0 -2.03125000000000000e-01 1 1
4 0 -2.03125000000000000e-01 0 1
4 0 -1.87500000000000000e-01 1 1
4 0 -1.71875000000000000e-01 0 1
4 0 -1.56250000000000000e-01 0 1
4 0 -1.40625000000000000e-01 1 1
4 0 -1.25000000000000000e-01 0 1
4 0 -1.09375000000000000e-01 1 1
4 0 -9.37500000000000000e-02 0 1
4 0 -7.81250000000000000e-02 1 1
4 0 -7.81250000000000000e-02 0 1
4 0 -6.25000000000000000e-02 1 1
4 0 -4.68750000000000000e-02 0 1
4 0 -3.12500000000000000e-02 1 1
4 0 -1.56250000000000000e-02 0 1
4 0 0.00000000000000000e+00 1 1
4 0 1.56250000000000000e-02 0 1
4 0 3.12500000000000000e-02 1 1
4 0 4.68750000000000000e-02 0 1
4 0 6.25000000000000000e-02 1 1
4 0 7.81250000000000000e-02 0 1
4 0 7.81250000000000000e-02 1 1
4 0 9.37500000000000000e-02 0 1
4 0 1.09375000000000000e-01 1 1
4 0 1.25000000000000000e-01 0 1
4 0 1.40625000000000000e-01 1 1
4 0 1.56250000000000000e-01 0 1
4 0 1.71875000000000000e-01 1 1
4 0 1.87500000000000000e-01 1 1
4 0 2.03125000000000000e-01 0 1
4 0 2.03125000000000000e-01 1 1
4 0 2.18750000000000000e-01 0 1
4 0 2.34375000000000000e-01 1 1
4 0 2.50000000000000000e-01 1 1
4 0 2.65625000000000000e-01 0 1
4 0 2.81250000000000000e-01 1 1
4 0 2.96875000000000000e-01 1 1
4 0 3.12500000000000000e-01 0 1
4 0 3.12500000000000000e-01 1 1
4 0 3.28125000000000000e-01 1 1
4 0 3.43750000000000000e-01 0 1
4 0 3.59375000000000000e-01 1 1
4 0 3.75000000000000000e-01 1 1
4 0 3.90625000000000000e-01 0 1
4 0 3.90625000000000000e-01 1 1
4 0 4.06250000000000000e-01 1 1
4 0 4.21875000000000000e-01 0 1
4 0 4.37500000000000000e-01 1 1
4 0 4.53125000000000000e-01 1 1
4 0 4.53125000000000000e-01 1 1
4 0 4.68750000000000000e-01 0 1
4 0 4.84375000000000000e-01 1 1
4 0 5.00000000000000000e-01 1 1
4 0 5.00000000000000000e-01 1 1
4 0 5.15625000000000000e-01 0 1
4 0 5.31250000000000000e-01 1 1
4 0 5.46875000000000000e-01 1 1
4 0 5.46875000000000000e-01 1 1
4 0 5.62500000000000000e-01 0 1
4 0 5.78125000000000000e-01 1 1
4 0 5.78125000000000000e-01 1 1
4 0 5.93750000000000000e-01 1 1
4 0 6.09375000000000000e-01 1 1
4 0 6.09375000000000000e-01 0 1
4 0 6.25000000000000000e-01 1 1
4 0 6.40625000000000000e-01 1 1
4 0 6.40625000000000000e-01 1 1
4 0 6.56250000000000000e-01 1 1
4 0 6.71875000000000000e-01 1 1
4 0 6.71875000000000000e-01 0 1
4 0 6.87500000000000000e-01 1 1
4 0 6.87500000000000000e-01 1 1
4 0 7.03125000000000000e-01 1 1
4 0 7.18750000000000000e-01 1 1
4 0 7.18750000000000000e-01 1 1
4 0 7.34375000000000000e-01 1 1
4 0 7.34375000000000000e-01 0 1
4 0 7.50000000000000000e-01 1 1
4 0 7.50000000000000000e-01 1 1
4 0 7.65625000000000000e-01 1 1
4 0 7.65625000000000000e-01 1 1
4 0 7.81250000000000000e-01 1 1
4 0 7.81250000000000000e-01 1 1
4 0 7.81250000000000000e-01 1 1
4 0 7.96875000000000000e-01 0 1
4 0 7.96875000000000000e-01 1 1
4 0 8.12500000000000000e-01 1 1
4 0 8.12500000000000000e-01 1 1
4 0 8.12500000000000000e-01 1 1
4 0 8.28125000000000000e-01 1 1
4 0 8.28125000000000000e-01 1 1
4 0 8.43750000000000000e-01 1 1
4 0 8.43750000000000000e-01 1 1
4 0 8.43750000000000000e-01 1 1
4 0 8.43750000000000000e-01 1 1
4 0 8.59375000000000000e-01 1 1
4 0 8.59375000000000000e-01 0 1
4 0 8.59375000000000000e-01 1 1
4 0 8.75000000000000000e-01 1 1
4 0 8.75000000000000000e-01 1 1
4 0 8.75000000000000000e-01 1 1
4 0 8.75000000000000000e-01 1 1
4 0 8.75000000000000000e-01 1 1
4 0 8.90625000000000000e-01 1 1
4 0 8.90625000000000000e-01 1 1
4 0 8.90625000000000000e-01 1 1
4 0 8.90625000000000000e-01 1 1
4 0 8.90625000000000000e-01 1 1
4 0 8.90625000000000000e-01 1 1
4 0 8.90625000000000000e-01 1 1
4 0 8.90625000000000000e-01 1 1
4 0 8.90625000000000000e-01 1 1
4 0 9.06250000000000000e-01 1 1
4 0 9.06250000000000000e-01 0 1
4 0 9.06250000000000000e-01 1 1
4 0 9.06250000000000000e-01 1 1
4 0 9.06250000000000000e-01 1 1
4 0 9.06250000000000000e-01 1 1
4 0 9.06250000000000000e-01 1 1
4 0 8.90625000000000000e-01 1 1
4 0 8.90625000000000000e-01 1 1
4 0 8.90625000000000000e-01 1 1
4 0 8.90625000000000000e-01 1 1
4 0 8.90625000000000000e-01 1 1
4 0 8.90625000000000000e-01 1 1
4 0 8.90625000000000000e-01 1 1
4 0 8.90625000000000000e-01 1 1
4 0 8.90625000000000000e-01 1 1
4 0 8.75000000000000000e-01 1 1
4 0 8.75000000000000000e-01 1 1
4 0 8.75000000000000000e-01 1 1
4 0 8.75000000000000000e-01 1 1
4 0 8.75000000000000000e-01 0 1
4 0 8.59375000000000000e-01 1 1
4 0 8.59375000000000000e-01 1 1
4 0 8.59375000000000000e-01 1 1
4 0 8.43750000000000000e-01 1 1
4 0 8.43750000000000000e-01 1 1
4 0 8.43750000000000000e-01 1 1
4 0 8.43750000000000000e-01 1 1
4 0 8.28125000000000000e-01 1 1
4 0 8.28125000000000000e-01 1 1
4 0 8.12500000000000000e-01 1 1
4 0 8.12500000000000000e-01 1 1
4 0 8.12500000000000000e-01 0 1
4 0 7.96875000000000000e-01 1 1
4 0 7.96875000000000000e-01 1 1
4 0 7.81250000000000000e-01 1 1
4 0 7.81250000000000000e-01 1 1
4 0 7.81250000000000000e-01 1 1
4 0 7.65625000000000000e-01 1 1
4 0 7.65625000000000000e-01 1 1
4 0 7.50000000000000000e-01 1 1
4 0 7.50000000000000000e-01 0 1
4 0 7.34375000000000000e-01 1 1
4 0 7.34375000000000000e-01 1 1
4 0 7.18750000000000000e-01 1 1
4 0 7.18750000000000000e-01 1 1
4 0 7.03125000000000000e-01 1 1
4 0 6.87500000000000000e-01 1 1
4 0 6.87500000000000000e-01 0 1
4 0 6.71875000000000000e-01 1 1
4 0 6.71875000000000000e-01 1 1
4 0 6.56250000000000000e-01 1 1
4 0 6.40625000000000000e-01 1 1
4 0 6.40625000000000000e-01 1 1
4 0 6.25000000000000000e-01 0 1
4 0 6.09375000000000000e-01 1 1
4 0 6.09375000000000000e-01 1 1
4 0 5.93750000000000000e-01 1 1
4 0 5.78125000000000000e-01 1 1
4 0 5.78125000000000000e-01 0 1
4 0 5.62500000000000000e-01 1 1
4 0 5.46875000000000000e-01 1 1
4 0 5.46875000000000000e-01 1 1
4 0 5.31250000000000000e-01 0 1
4 0 5.15625000000000000e-01 1 1
4 0 5.00000000000000000e-01 1 1
4 0 5.00000000000000000e-01 1 1
4 0 4.84375000000000000e-01 0 1
4 0 4.68750000000000000e-01 1 1
4 0 4.53125000000000000e-01 1 1
4 0 4.53125000000000000e-01 1 1
4 0 4.37500000000000000e-01 0 1
4 0 4.21875000000000000e-01 1 1
4 0 4.06250000000000000e-01 1 1
4 0 3.90625000000000000e-01 0 1
4 0 3.90625000000000000e-01 1 1
4 0 3.75000000000000000e-01 1 1
4 0 3.59375000000000000e-01 1 1
4 0 3.43750000000000000e-01 0 1
4 0 3.28125000000000000e-01 1 1
4 0 3.12500000000000000e-01 1 1
4 0 3.12500000000000000e-01 0 1
4 0 2.96875000000000000e-01 1 1
4 0 2.81250000000000000e-01 0 1
4 0 2.65625000000000000e-01 1 1
4 0 2.50000000000000000e-01 1 1
4 0 2.34375000000000000e-01 0 1
4 0 2.18750000000000000e-01 1 1
4 0 2.03125000000000000e-01 1 1
4 0 2.03125000000000000e-01 0 1
4 0 1.87500000000000000e-01 1 1
4 0 1.71875000000000000e-01 0 1
4 0 1.56250000000000000e-01 1 1
4 0 1.40625000000000000e-01 1 1
4 0 1.25000000000000000e-01 0 1
4 0 1.09375000000000000e-01 1 1
4 0 9.37500000000000000e-02 0 1
4 0 7.81250000000000000e-02 1 1
4 0 7.81250000000000000e-02 0 1
4 0 6.25000000000000000e-02 1 1
4 0 4.68750000000000000e-02 0 1
4 0 3.12500000000000000e-02 1 1
4 0 1.56250000000000000e-02 0 1
4 0 0.00000000000000000e+00 1 1
4 0 -1.56250000000000000e-02 0 1
4 0 -3.12500000000000000e-02 1 1
4 0 -4.68750000000000000e-02 0 1
4 0 -6.25000000000000000e-02 1 1
4 0 -7.81250000000000000e-02 0 1
4 0 -7.81250000000000000e-02 1 1
4 0 -9.37500000000000000e-02 0 1
4 0 -1.09375000000000000e-01 1 1
4 0 -1.25000000000000000e-01 0 1
4 0 -1.40625000000000000e-01 0 1
4 0 -1.56250000000000000e-01 1 1
4 0 -1.71875000000000000e-01 0 1
4 0 -1.87500000000000000e-01 1 1
4 0 -2.03125000000000000e-01 0 1
4 0 -2.03125000000000000e-01 0 1
4 0 -2.18750000000000000e-01 1 1
4 0 -2.34375000000000000e-01 0 1
4 0 -2.50000000000000000e-01 1 1
4 0 -2.65625000000000000e-01 0 1
4 0 -2.81250000000000000e-01 0 1
4 0 -2.96875000000000000e-01 1 1
4 0 -3.12500000000000000e-01 0 1
4 0 -3.12500000000000000e-01 0 1
4 0 -3.28125000000000000e-01 1 1
4 0 -3.43750000000000000e-01 0 1
4 0 -3.59375000000000000e-01 0 1
4 0 -3.75000000000000000e-01 1 1
4 0 -3.90625000000000000e-01 0 1
4 0 -3.90625000000000000e-01 0 1
4 0 -4.06250000000000000e-01 1 1
4 0 -4.21875000000000000e-01 0 1
4 0 -4.37500000000000000e-01 0 1
4 0 -4.53125000000000000e-01 0 1
4 0 -4.53125000000000000e-01 1 1
4 0 -4.68750000000000000e-01 0 1
4 0 -4.84375000000000000e-01 0 1
4 0 -5.00000000000000000e-01 0 1
4 0 -5.00000000000000000e-01 1 1
4 0 -5.15625000000000000e-01 0 1
4 0 -5.31250000000000000e-01 0 1
4 0 -5.46875000000000000e-01 0 1
4 0 -5.46875000000000000e-01 1 1
4 0 -5.62500000000000000e-01 0 1
4 0 -5.78125000000000000e-01 0 1
4 0 -5.78125000000000000e-01 0 1
4 0 -5.93750000000000000e-01 1 1
4 0 -6.09375000000000000e-01 0 1
4 0 -6.09375000000000000e-01 0 1
4 0 -6.25000000000000000e-01 0 1
4 0 -6.40625000000000000e-01 0 1
4 0 -6.40625000000000000e-01 0 1
4 0 -6.56250000000000000e-01 1 1
4 0 -6.71875000000000000e-01 0 1
4 0 -6.71875000000000000e-01 0 1
4 0 -6.87500000000000000e-01 0 1
4 0 -6.87500000000000000e-01 0 1
4 0 -7.03125000000000000e-01 0 1
4 0 -7.18750000000000000e-01 1 1
4 0 -7.18750000000000000e-01 0 1
4 0 -7.34375000000000000e-01 0 1
4 0 -7.34375000000000000e-01 0 1
4 0 -7.50000000000000000e-01 0 1
4 0 -7.50000000000000000e-01 0 1
4 0 -7.65625000000000000e-01 0 1
4 0 -7.65625000000000000e-01 0 1
4 0 -7.81250000000000000e-01 1 1
4 0 -7.81250000000000000e-01 0 1
4 0 -7.81250000000000000e-01 0 1
4 0 -7.96875000000000000e-01 0 1
4 0 -7.96875000000000000e-01 0 1
4 0 -8.12500000000000000e-01 0 1
4 0 -8.12500000000000000e-01 0 1
4 0 -8.12500000000000000e-01 0 1
4 0 -8.28125000000000000e-01 0 1
4 0 -8.28125000000000000e-01 0 1
4 0 -8.43750000000000000e-01 1 1
4 0 -8.43750000000000000e-01 0 1
4 0 -8.43750000000000000e-01 0 1
4 0 -8.43750000000000000e-01 0 1
4 0 -8.59375000000000000e-01 0 1
4 0 -8.59375000000000000e-01 0 1
4 0 -8.59375000000000000e-01 0 1
4 0 -8.75000000000000000e-01 0 1
4 0 -8.75000000000000000e-01 0 1
4 0 -8.75000000000000000e-01 0 1
4 0 -8.75000000000000000e-01 0 1
4 0 -8.75000000000000000e-01 0 1
4 0 -8.90625000000000000e-01 0 1
4 0 -8.90625000000000000e-01 0 1
4 0 -8.90625000000000000e-01 0 1
4 0 -8.90625000000000000e-01 0 1
4 0 -8.90625000000000000e-01 1 1
4 0 -8.90625000000000000e-01 0 1
4 0 -8.90625000000000000e-01 0 1
4 0 -8.90625000000000000e-01 0 1
4 0 -8.90625000000000000e-01 0 1
4 0 -9.06250000000000000e-01 0 1
4 0 -9.06250000000000000e-01 0 1
4 0 -9.06250000000000000e-01 0 1
4 0 -9.06250000000000000e-01 0 1
4 0 -9.06250000000000000e-01 0 1
4 0 -9.06250000000000000e-01 0 1
4 0 -9.06250000000000000e-01 0 1
4 0 -8.90625000000000000e-01 0 1
4 0 -8.90625000000000000e-01 0 1
4 0 -8.90625000000000000e-01 0 1
4 0 -8.90625000000000000e-01 0 1
4 0 -8.90625000000000000e-01 0 1
4 0 -8.90625000000000000e-01 0 1
4 0 -8.90625000000000000e-01 0 1
4 0 -8.90625000000000000e-01 1 1
4 0 -8.90625000000000000e-01 0 1
4 0 -8.75000000000000000e-01 0 1
4 0 -8.75000000000000000e-01 0 1
4 0 -8.75000000000000000e-01 0 1
4 0 -8.75000000000000000e-01 0 1
4 0 -8.75000000000000000e-01 0 1
4 0 -8.59375000000000000e-01 0 1
4 0 -8.59375000000000000e-01 0 1
4 0 -8.59375000000000000e-01 0 1
4 0 -8.43750000000000000e-01 0 1
4 0 -8.43750000000000000e-01 0 1
4 0 -8.43750000000000000e-01 0 1
4 0 -8.43750000000000000e-01 0 1
4 0 -8.28125000000000000e-01 0 1
4 0 -8.28125000000000000e-01 1 1
4 0 -8.12500000000000000e-01 0 1
4 0 -8.12500000000000000e-01 0 1
4 0 -8.12500000000000000e-01 0 1
4 0 -7.96875000000000000e-01 0 1
4 0 -7.96875000000000000e-01 0 1
4 0 -7.81250000000000000e-01 0 1
4 0 -7.81250000000000000e-01 0 1
4 0 -7.81250000000000000e-01 0 1
4 0 -7.65625000000000000e-01 1 1
4 0 -7.65625000000000000e-01 0 1
4 0 -7.50000000000000000e-01 0 1
4 0 -7.50000000000000000e-01 0 1
4 0 -7.34375000000000000e-01 0 1
4 0 -7.34375000000000000e-01 0 1
4 0 -7.18750000000000000e-01 0 1
4 0 -7.18750000000000000e-01 0 1
4 0 -7.03125000000000000e-01 1 1
4 0 -6.87500000000000000e-01 0 1
4 0 -6.87500000000000000e-01 0 1
4 0 -6.71875000000000000e-01 0 1
4 0 -6.71875000000000000e-01 0 1
4 0 -6.56250000000000000e-01 0 1
4 0 -6.40625000000000000e-01 1 1
4 0 -6.40625000000000000e-01 0 1
4 0 -6.25000000000000000e-01 0 1
4 0 -6.09375000000000000e-01 0 1
4 0 -6.09375000000000000e-01 0 1
4 0 -5.93750000000000000e-01 1 1
4 0 -5.78125000000000000e-01 0 1
4 0 -5.78125000000000000e-01 0 1
4 0 -5.62500000000000000e-01 0 1
4 0 -5.46875000000000000e-01 0 1
4 0 -5.46875000000000000e-01 1 1
4 0 -5.31250000000000000e-01 0 1
4 0 -5.15625000000000000e-01 0 1
4 0 -5.00000000000000000e-01 0 1
4 0 -5.00000000000000000e-01 1 1
4 0 -4.84375000000000000e-01 0 1
4 0 -4.68750000000000000e-01 0 1
4 0 -4.53125000000000000e-01 0 1
4 0 -4.53125000000000000e-01 1 1
4 0 -4.37500000000000000e-01 0 1
4 0 -4.21875000000000000e-01 0 1
4 0 -4.06250000000000000e-01 1 1
4 0 -3.90625000000000000e-01 0 1
4 0 -3.90625000000000000e-01 0 1
4 0 -3.75000000000000000e-01 0 1
4 0 -3.59375000000000000e-01 1 1
4 0 -3.43750000000000000e-01 0 1
4 0 -3.28125000000000000e-01 0 1
4 0 -3.12500000000000000e-01 1 1
4 0 -3.12500000000000000e-01 0 1
4 0 -2.96875000000000000e-01 0 1
4 0 -2.81250000000000000e-01 1 1
4 0 -2.65625000000000000e-01 0 1
4 0 -2.50000000000000000e-01 1 1
4 0 -2.34375000000000000e-01 0 1
4 0 -2.18750000000000000e-01 0 1
4 0 -2.03125000000000000e-01 1 1
4 0 -2.03125000000000000e-01 0 1
4 0 -1.87500000000000000e-01 1 1
4 0 -1.71875000000000000e-01 0 1
4 0 -1.56250000000000000e-01 0 1
4 0 -1.40625000000000000e-01 1 1
4 0 -1.25000000000000000e-01 0 1
4 0 -1.09375000000000000e-01 1 1
4 0 -9.37500000000000000e-02 0 1
4 0 -7.81250000000000000e-02 1 1
4 0 -7.81250000000000000e-02 0 1
4 0 -6.25000000000000000e-02 1 1
4 0 -4.68750000000000000e-02 0 1
4 0 -3.12500000000000000e-02 1 1
4 0 -1.56250000000000000e-02 0 1
4 0 0.00000000000000000e+00 1 1
4 0 1.56250000000000000e-02 0 1
4 0 3.12500000000000000e-02 1 1
4 0 4.68750000000000000e-02 0 1
4 0 6.25000000000000000e-02 1 1
4 0 7.81250000000000000e-02 0 1
4 0 7.81250000000000000e-02 1 1
4 0 9.37500000000000000e-02 0 1
4 0 1.09375000000000000e-01 1 1
4 0 1.25000000000000000e-01 0 1
4 0 1.40625000000000000e-01 1 1
4 0 1.56250000000000000e-01 0 1
4 0 1.71875000000000000e-01 1 1
4 0 1.87500000000000000e-01 1 1
4 0 2.03125000000000000e-01 0 1
4 0 2.03125000000000000e-01 1 1
4 0 2.18750000000000000e-01 0 1
4 0 2.34375000000000000e-01 1 1
4 0 2.50000000000000000e-01 1 1
4 0 2.65625000000000000e-01 0 1
4 0 2.81250000000000000e-01 1 1
4 0 2.96875000000000000e-01 1 1
4 0 3.12500000000000000e-01 0 1
4 0 3.12500000000000000e-01 1 1
4 0 3.28125000000000000e-01 1 1
4 0 3.43750000000000000e-01 0 1
4 0 3.59375000000000000e-01 1 1
4 0 3.75000000000000000e-01 1 1
4 0 3.90625000000000000e-01 0 1
4 0 3.90625000000000000e-01 1 1
4 0 4.06250000000000000e-01 1 1
4 0 4.21875000000000000e-01 0 1
4 0 4.37500000000000000e-01 1 1
4 0 4.53125000000000000e-01 1 1
4 0 4.53125000000000000e-01 1 1
4 0 4.68750000000000000e-01 0 1
4 0 4.84375000000000000e-01 1 1
4 0 5.00000000000000000e-01 1 1
4 0 5.00000000000000000e-01 1 1
4 0 5.15625000000000000e-01 0 1
4 0 5.31250000000000000e-01 1 1
4 0 5.46875000000000000e-01 1 1
4 0 5.46875000000000000e-01 1 1
4 0 5.62500000000000000e-01 0 1
4 0 5.78125000000000000e-01 1 1
4 0 5.78125000000000000e-01 1 1
4 0 5.93750000000000000e-01 1 1
4 0 6.09375000000000000e-01 1 1
4 0 6.09375000000000000e-01 0 1
4 0 6.25000000000000000e-01 1 1
4 0 6.40625000000000000e-01 1 1
4 0 6.40625000000000000e-01 1 1
4 0 6.56250000000000000e-01 1 1
4 0 6.71875000000000000e-01 1 1
4 0 6.71875000000000000e-01 0 1
4 0 6.87500000000000000e-01 1 1
4 0 6.87500000000000000e-01 1 1
4 0 7.03125000000000000e-01 1 1
4 0 7.18750000000000000e-01 1 1
4 0 7.18750000000000000e-01 1 1
4 0 7.34375000000000000e-01 1 1
4 0 7.34375000000000000e-01 0 1
4 0 7.50000000000000000e-01 1 1
4 0 7.50000000000000000e-01 1 1
4 0 7.65625000000000000e-01 1 1
4 0 7.65625000000000000e-01 1 1
4 0 7.81250000000000000e-01 1 1
4 0 7.81250000000000000e-01 1 1
4 0 7.81250000000000000e-01 1 1
4 0 7.96875000000000000e-01 0 1
4 0 7.96875000000000000e-01 1 1
4 0 8.12500000000000000e-01 1 1
4 0 8.12500000000000000e-01 1 1
4 0 8.12500000000000000e-01 1 1
4 0 8.28125000000000000e-01 1 1
4 0 8.28125000000000000e-01 1 1
4 0 8.43750000000000000e-01 1 1
4 0 8.43750000000000000e-01 1 1
4 0 8.43750000000000000e-01 1 1
4 0 8.43750000000000000e-01 1 1
4 0 8.59375000000000000e-01 1 1
4 0 8.59375000000000000e-01 0 1
4 0 8.59375000000000000e-01 1 1
4 0 8.75000000000000000e-01 1 1
4 0 8.75000000000000000e-01 1 1
4 0 8.75000000000000000e-01 1 1
4 0 8.75000000000000000e-01 1 1
4 0 8.75000000000000000e-01 1 1
4 0 8.90625000000000000e-01 1 1
4 0 8.90625000000000000e-01 1 1
4 0 8.90625000000000000e-01 1 1
4 0 8.90625000000000000e-01 1 1
4 0 8.90625000000000000e-01 1 1
4 0 8.90625000000000000e-01 1 1
4 0 8.90625000000000000e-01 1 1
4 0 8.90625000000000000e-01 1 1
4 0 8.90625000000000000e-01 1 1
4 0 9.06250000000000000e-01 1 1
4 0 9.06250000000000000e-01 0 1
4 0 9.06250000000000000e-01 1 1
4 0 9.06250000000000000e-01 1 1
4 0 9.06250000000000000e-01 1 1
4 0 9.06250000000000000e-01 1 1
4 0 9.06250000000000000e-01 1 1
4 0 8.90625000000000000e-01 1 1
4 0 8.90625000000000000e-01 1 1
4 0 8.90625000000000000e-01 1 1
4 0 8.90625000000000000e-01 1 1
4 0 8.90625000000000000e-01 1 1
4 0 8.90625000000000000e-01 1 1
4 0 8.90625000000000000e-01 1 1
4 0 8.90625000000000000e-01 1 1
4 0 8.90625000000000000e-01 1 1
4 0 8.75000000000000000e-01 1 1
4 0 8.75000000000000000e-01 1 1
4 0 8.75000000000000000e-01 1 1
4 0 8.75000000000000000e-01 1 1
4 0 8.75000000000000000e-01 0 1
4 0 8.59375000000000000e-01 1 1
4 0 8.59375000000000000e-01 1 1
4 0 8.59375000000000000e-01 1 1
4 0 8.43750000000000000e-01 1 1
4 0 8.43750000000000000e-01 1 1
4 0 8.43750000000000000e-01 1 1
4 0 8.43750000000000000e-01 1 1
4 0 8.28125000000000000e-01 1 1
4 0 8.28125000000000000e-01 1 1
4 0 8.12500000000000000e-01 1 1
4 0 8.12500000000000000e-01 1 1
4 0 8.12500000000000000e-01 0 1
4 0 7.96875000000000000e-01 1 1
4 0 7.96875000000000000e-01 1 1
4 0 7.81250000000000000e-01 1 1
4 0 7.81250000000000000e-01 1 1
4 0 7.81250000000000000e-01 1 1
4 0 7.65625000000000000e-01 1 1
4 0 7.65625000000000000e-01 1 1
4 0 7.50000000000000000e-01 1 1
4 0 7.50000000000000000e-01 0 1
4 0 7.34375000000000000e-01 1 1
4 0 7.34375000000000000e-01 1 1
4 0 7.18750000000000000e-01 1 1
4 0 7.18750000000000000e-01 1 1
4 0 7.03125000000000000e-01 1 1
4 0 6.87500000000000000e-01 1 1
4 0 6.87500000000000000e-01 0 1
4 0 6.71875000000000000e-01 1 1
4 0 6.71875000000000000e-01 1 1
4 0 6.56250000000000000e-01 1 1
4 0 6.40625000000000000e-01 1 1
4 0 6.40625000000000000e-01 1 1
4 0 6.25000000000000000e-01 0 1
4 0 6.09375000000000000e-01 1 1
4 0 6.09375000000000000e-01 1 1
4 0 5.93750000000000000e-01 1 1
4 0 5.78125000000000000e-01 1 1
4 0 5.78125000000000000e-01 0 1
4 0 5.62500000000000000e-01 1 1
4 0 5.46875000000000000e-01 1 1
4 0 5.46875000000000000e-01 1 1
4 0 5.31250000000000000e-01 0 1
4 0 5.15625000000000000e-01 1 1
4 0 5.00000000000000000e-01 1 1
4 0 5.00000000000000000e-01 1 1
4 0 4.84375000000000000e-01 0 1
4 0 4.68750000000000000e-01 1 1
4 0 4.53125000000000000e-01 1 1
4 0 4.53125000000000000e-01 1 1
4 0 4.37500000000000000e-01 0 1
4 0 4.21875000000000000e-01 1 1
4 0 4.06250000000000000e-01 1 1
4 0 3.90625000000000000e-01 0 1
4 0 3.90625000000000000e-01 1 1
4 0 3.75000000000000000e-01 1 1
4 0 3.59375000000000000e-01 1 1
4 0 3.43750000000000000e-01 0 1
4 0 3.28125000000000000e-01 1 1
4 0 3.12500000000000000e-01 1 1
4 0 3.12500000000000000e-01 0 1
4 0 2.96875000000000000e-01 1 1
4 0 2.81250000000000000e-01 0 1
4 0 2.65625000000000000e-01 1 1
4 0 2.50000000000000000e-01 1 1
4 0 2.34375000000000000e-01 0 1
4 0 2.18750000000000000e-01 1 1
4 0 2.03125000000000000e-01 1 1
4 0 2.03125000000000000e-01 0 1
4 0 1.87500000000000000e-01 1 1
4 0 1.71875000000000000e-01 0 1
4 0 1.56250000000000000e-01 1 1
4 0 1.40625000000000000e-01 1 1
4 0 1.25000000000000000e-01 0 1
4 0 1.09375000000000000e-01 1 1
4 0 9.37500000000000000e-02 0 1
4 0 7.81250000000000000e-02 1 1
4 0 7.81250000000000000e-02 0 1
4 0 6.25000000000000000e-02 1 1
4 0 4.68750000000000000e-02 0 1
4 0 3.12500000000000000e-02 1 1
4 0 1.56250000000000000e-02 0 1
4 0 0.00000000000000000e+00 1 1
4 0 -1.56250000000000000e-02 0 1
4 0 -3.12500000000000000e-02 1 1
4 0 -4.68750000000000000e-02 0 1
4 0 -6.25000000000000000e-02 1 1
4 0 -7.81250000000000000e-02 0 1
4 0 -7.81250000000000000e-02 1 1
4 0 -9.37500000000000000e-02 0 1
4 0 -1.09375000000000000e-01 1 1
4 0 -1.25000000000000000e-01 0 1
4 0 -1.40625000000000000e-01 0 1
4 0 -1.56250000000000000e-01 1 1
4 0 -1.71875000000000000e-01 0 1
4 0 -1.87500000000000000e-01 1 1
4 0 -2.03125000000000000e-01 0 1
4 0 -2.03125000000000000e-01 0 1
4 0 -2.18750000000000000e-01 1 1
4 0 -2.34375000000000000e-01 0 1
4 0 -2.50000000000000000e-01 1 1
4 0 -2.65625000000000000e-01 0 1
4 0 -2.81250000000000000e-01 0 1
4 0 -2.96875000000000000e-01 1 1
4 0 -3.12500000000000000e-01 0 1
4 0 -3.12500000000000000e-01 0 1
4 0 -3.28125000000000000e-01 1 1
4 0 -3.43750000000000000e-01 0 1
4 0 -3.59375000000000000e-01 0 1
4 0 -3.75000000000000000e-01 1 1
4 0 -3.90625000000000000e-01 0 1
4 0 -3.90625000000000000e-01 0 1
4 0 -4.06250000000000000e-01 1 1
4 0 -4.21875000000000000e-01 0 1
4 0 -4.37500000000000000e-01 0 1
4 0 -4.53125000000000000e-01 0 1
4 0 -4.53125000000000000e-01 1 1
4 0 -4.68750000000000000e-01 0 1
4 0 -4.84375000000000000e-01 0 1
4 0 -5.00000000000000000e-01 0 1
4 0 -5.00000000000000000e-01 1 1
4 0 -5.15625000000000000e-01 0 1
4 0 -5.31250000000000000e-01 0 1
4 0 -5.46875000000000000e-01 0 1
4 0 -5.46875000000000000e-01 1 1
4 0 -5.62500000000000000e-01 0 1
4 0 -5.78125000000000000e-01 0 1
4 0 -5.78125000000000000e-01 0 1
4 0 -5.93750000000000000e-01 1 1
4 0 -6.09375000000000000e-01 0 1
4 0 -6.09375000000000000e-01 0 1
4 0 -6.25000000000000000e-01 0 1
4 0 -6.40625000000000000e-01 0 1
4 0 -6.40625000000000000e-01 0 1
4 0 -6.56250000000000000e-01 1 1
4 0 -6.71875000000000000e-01 0 1
4 0 -6.71875000000000000e-01 0 1
4 0 -6.87500000000000000e-01 0 1
4 0 -6.87500000000000000e-01 0 1
4 0 -7.03125000000000000e-01 0 1
4 0 -7.18750000000000000e-01 1 1
4 0 -7.18750000000000000e-01 0 1
4 0 -7.34375000000000000e-01 0 1
4 0 -7.34375000000000000e-01 0 1
4 0 -7.50000000000000000e-01 0 1
4 0 -7.50000000000000000e-01 0 1
4 0 -7.65625000000000000e-01 0 1
4 0 -7.65625000000000000e-01 0 1
4 0 -7.81250000000000000e-01 1 1
4 0 -7.81250000000000000e-01 0 1
4 0 -7.81250000000000000e-01 0 1
4 0 -7.96875000000000000e-01 0 1
4 0 -7.96875000000000000e-01 0 1
4 0 -8.12500000000000000e-01 0 1
4 0 -8.12500000000000000e-01 0 1
4 0 -8.12500000000000000e-01 0 1
4 0 -8.28125000000000000e-01 0 1
4 0 -8.28125000000000000e-01 0 1
4 0 -8.43750000000000000e-01 1 1
4 0 -8.43750000000000000e-01 0 1
4 0 -8.43750000000000000e-01 0 1
4 0 -8.43750000000000000e-01 0 1
4 0 -8.59375000000000000e-01 0 1
4 0 -8.59375000000000000e-01 0 1
4 0 -8.59375000000000000e-01 0 1
4 0 -8.75000000000000000e-01 0 1
4 0 -8.75000000000000000e-01 0 1
4 0 -8.75000000000000000e-01 0 1
4 0 -8.75000000000000000e-01 0 1
4 0 -8.75000000000000000e-01 0 1
4 0 -8.90625000000000000e-01 0 1
4 0 -8.90625000000000000e-01 0 1
4 0 -8.90625000000000000e-01 0 1
4 0 -8.90625000000000000e-01 0 1
4 0 -8.90625000000000000e-01 1 1
4 0 -8.90625000000000000e-01 0 1
4 0 -8.90625000000000000e-01 0 1
4 0 -8.90625000000000000e-01 0 1
4 0 -8.90625000000000000e-01 0 1
4 0 -9.06250000000000000e-01 0 1
4 0 -9.06250000000000000e-01 0 1
4 0 -9.06250000000000000e-01 0 1
4 0 -9.06250000000000000e-01 0 1
4 0 -9.06250000000000000e-01 0 1
4 0 -9.06250000000000000e-01 0 1
4 0 -9.06250000000000000e-01 0 1
4 0 -8.90625000000000000e-01 0 1
4 0 -8.90625000000000000e-01 0 1
4 0 -8.90625000000000000e-01 0 1
4 0 -8.90625000000000000e-01 0 1
4 0 -8.90625000000000000e-01 0 1
4 0 -8.90625000000000000e-01 0 1
4 0 -8.90625000000000000e-01 0 1
4 0 -8.90625000000000000e-01 1 1
4 0 -8.90625000000000000e-01 0 1
4 0 -8.75000000000000000e-01 0 1
4 0 -8.75000000000000000e-01 0 1
4 0 -8.75000000000000000e-01 0 1
4 0 -8.75000000000000000e-01 0 1
4 0 -8.75000000000000000e-01 0 1
4 0 -8.59375000000000000e-01 0 1
4 0 -8.59375000000000000e-01 0 1
4 0 -8.59375000000000000e-01 0 1
4 0 -8.43750000000000000e-01 0 1
4 0 -8.43750000000000000e-01 0 1
4 0 -8.43750000000000000e-01 0 1
4 0 -8.43750000000000000e-01 0 1
4 0 -8.28125000000000000e-01 0 1
4 0 -8.28125000000000000e-01 1 1
4 0 -8.12500000000000000e-01 0 1
4 0 -8.12500000000000000e-01 0 1
4 0 -8.12500000000000000e-01 0 1
4 0 -7.96875000000000000e-01 0 1
4 0 -7.96875000000000000e-01 0 1
4 0 -7.81250000000000000e-01 0 1
4 0 -7.81250000000000000e-01 0 1
4 0 -7.81250000000000000e-01 0 1
4 0 -7.65625000000000000e-01 1 1
4 0 -7.65625000000000000e-01 0 1
4 0 -7.50000000000000000e-01 0 1
4 0 -7.50000000000000000e-01 0 1
4 0 -7.34375000000000000e-01 0 1
4 0 -7.34375000000000000e-01 0 1
4 0 -7.18750000000000000e-01 0 1
4 0 -7.18750000000000000e-01 0 1
4 0 -7.03125000000000000e-01 1 1
4 0 -6.87500000000000000e-01 0 1
4 0 -6.87500000000000000e-01 0 1
4 0 -6.71875000000000000e-01 0 1
4 0 -6.71875000000000000e-01 0 1
4 0 -6.56250000000000000e-01 0 1
4 0 -6.40625000000000000e-01 1 1
4 0 -6.40625000000000000e-01 0 1
4 0 -6.25000000000000000e-01 0 1
4 0 -6.09375000000000000e-01 0 1
4 0 -6.09375000000000000e-01 0 1
4 0 -5.93750000000000000e-01 1 1
4 0 -5.78125000000000000e-01 0 1
4 0 -5.78125000000000000e-01 0 1
4 0 -5.62500000000000000e-01 0 1
4 0 -5.46875000000000000e-01 0 1
4 0 -5.46875000000000000e-01 1 1
4 0 -5.31250000000000000e-01 0 1
4 0 -5.15625000000000000e-01 0 1
4 0 -5.00000000000000000e-01 0 1
4 0 -5.00000000000000000e-01 1 1
4 0 -4.84375000000000000e-01 0 1
4 0 -4.68750000000000000e-01 0 1
4 0 -4.53125000000000000e-01 0 1
4 0 -4.53125000000000000e-01 1 1
4 0 -4.37500000000000000e-01 0 1
4 0 -4.21875000000000000e-01 0 1
4 0 -4.06250000000000000e-01 1 1
4 0 -3.90625000000000000e-01 0 1
4 0 -3.90625000000000000e-01 0 1
4 0 -3.75000000000000000e-01 0 1
4 0 -3.59375000000000000e-01 1 1
4 0 -3.43750000000000000e-01 0 1
4 0 -3.28125000000000000e-01 0 1
4 0 -3.12500000000000000e-01 1 1
4 0 -3.12500000000000000e-01 0 1
4 0 -2.96875000000000000e-01 0 1
4 0 -2.81250000000000000e-01 1 1
4 0 -2.65625000000000000e-01 0 1
4 0 -2.50000000000000000e-01 1 1
4 0 -2.34375000000000000e-01 0 1
4 0 -2.18750000000000000e-01 0 1
4 0 -2.03125000000000000e-01 1 1
4 0 -2.03125000000000000e-01 0 1
4 0 -1.87500000000000000e-01 1 1
4 0 -1.71875000000000000e-01 0 1
4 0 -1.56250000000000000e-01 0 1
4 0 -1.40625000000000000e-01 1 1
4 0 -1.25000000000000000e-01 0 1
4 0 -1.09375000000000000e-01 1 1
4 0 -9.37500000000000000e-02 0 1
4 0 -7.81250000000000000e-02 1 1
4 0 -7.81250000000000000e-02 0 1
4 0 -6.25000000000000000e-02 1 1
4 0 -4.68750000000000000e-02 0 1
4 0 -3.12500000000000000e-02 1 1
4 0 -1.56250000000000000e-02 0 1
4 0 0.00000000000000000e+00 1 1
4 0 1.56250000000000000e-02 0 1
4 0 3.12500000000000000e-02 1 1
4 0 4.68750000000000000e-02 0 1
4 0 6.25000000000000000e-02 1 1
4 0 7.81250000000000000e-02 0 1
4 0 7.81250000000000000e-02 1 1
4 0 9.37500000000000000e-02 0 1
4 0 1.09375000000000000e-01 1 1
4 0 1.25000000000000000e-01 0 1
4 0 1.40625000000000000e-01 1 1
4 0 1.56250000000000000e-01 0 1
4 0 1.71875000000000000e-01 1 1
4 0 1.87500000000000000e-01 1 1
4 0 2.03125000000000000e-01 0 1
4 0 2.03125000000000000e-01 1 1
4 0 2.18750000000000000e-01 0 1
4 0 2.34375000000000000e-01 1 1
4 0 2.50000000000000000e-01 1 1
4 0 2.65625000000000000e-01 0 1
4 0 2.81250000000000000e-01 1 1
4 0 2.96875000000000000e-01 1 1
4 0 3.12500000000000000e-01 0 1
4 0 3.12500000000000000e-01 1 1
4 0 3.28125000000000000e-01 1 1
4 0 3.43750000000000000e-01 0 1
4 0 3.59375000000000000e-01 1 1
4 0 3.75000000000000000e-01 1 1
4 0 3.90625000000000000e-01 0 1
4 0 3.90625000000000000e-01 1 1
4 0 4.06250000000000000e-01 1 1
4 0 4.21875000000000000e-01 0 1
4 0 4.37500000000000000e-01 1 1
4 0 4.53125000000000000e-01 1 1
4 0 4.53125000000000000e-01 1 1
4 0 4.68750000000000000e-01 0 1
4 0 4.84375000000000000e-01 1 1
4 0 5.00000000000000000e-01 1 1
4 0 5.00000000000000000e-01 1 1
4 0 5.15625000000000000e-01 0 1
4 0 5.31250000000000000e-01 1 1
4 0 5.46875000000000000e-01 1 1
4 0 5.46875000000000000e-01 1 1
4 0 5.62500000000000000e-01 0 1
4 0 5.78125000000000000e-01 1 1
4 0 5.78125000000000000e-01 1 1
4 0 5.93750000000000000e-01 1 1
4 0 6.09375000000000000e-01 1 1
4 0 6.09375000000000000e-01 0 1
4 0 6.25000000000000000e-01 1 1
4 0 6.40625000000000000e-01 1 1
4 0 6.40625000000000000e-01 1 1
4 0 6.56250000000000000e-01 1 1
4 0 6.71875000000000000e-01 1 1
4 0 6.71875000000000000e-01 0 1
4 0 6.87500000000000000e-01 1 1
4 0 6.87500000000000000e-01 1 1
4 0 7.03125000000000000e-01 1 1
4 0 7.18750000000000000e-01 1 1
4 0 7.18750000000000000e-01 1 1
4 0 7.34375000000000000e-01 1 1
4 0 7.34375000000000000e-01 0 1
4 0 7.50000000000000000e-01 1 1
4 0 7.50000000000000000e-01 1 1
4 0 7.65625000000000000e-01 1 1
4 0 7.65625000000000000e-01 1 1
4 0 7.81250000000000000e-01 1 1
4 0 7.81250000000000000e-01 1 1
4 0 7.81250000000000000e-01 1 1
4 0 7.96875000000000000e-01 0 1
4 0 7.96875000000000000e-01 1 1
4 0 8.12500000000000000e-01 1 1
4 0 8.12500000000000000e-01 1 1
4 0 8.12500000000000000e-01 1 1
4 0 8.28125000000000000e-01 1 1
4 0 8.28125000000000000e-01 1 1
4 0 8.43750000000000000e-01 1 1
4 0 8.43750000000000000e-01 1 1
4 0 8.43750000000000000e-01 1 1
4 0 8.43750000000000000e-01 1 1
4 0 8.59375000000000000e-01 1 1
4 0 8.59375000000000000e-01 0 1
4 0 8.59375000000000000e-01 1 1
4 0 8.75000000000000000e-01 1 1
4 0 8.75000000000000000e-01 1 1
4 0 8.75000000000000000e-01 1 1
4 0 8.75000000000000000e-01 1 1
4 0 8.75000000000000000e-01 1 1
4 0 8.90625000000000000e-01 1 1
4 0 8.90625000000000000e-01 1 1
4 0 8.90625000000000000e-01 1 1
4 0 8.90625000000000000e-01 1 1
4 0 8.90625000000000000e-01 1 1
4 0 8.90625000000000000e-01 1 1
4 0 8.90625000000000000e-01 1 1
4 0 8.90625000000000000e-01 1 1
4 0 8.90625000000000000e-01 1 1
4 0 9.06250000000000000e-01 1 1
4 0 9.06250000000000000e-01 0 1
4 0 9.06250000000000000e-01 1 1
4 0 9.06250000000000000e-01 1 1
4 0 9.06250000000000000e-01 1 1
4 0 9.06250000000000000e-01 1 1
4 0 9.06250000000000000e-01 1 1
4 0 8.90625000000000000e-01 1 1
4 0 8.90625000000000000e-01 1 1
4 0 8.90625000000000000e-01 1 1
4 0 8.90625000000000000e-01 1 1
4 0 8.90625000000000000e-01 1 1
4 0 8.90625000000000000e-01 1 1
4 0 8.90625000000000000e-01 1 1
4 0 8.90625000000000000e-01 1 1
4 0 8.90625000000000000e-01 1 1
4 0 8.75000000000000000e-01 1 1
4 0 8.75000000000000000e-01 1 1
4 0 8.75000000000000000e-01 1 1
4 0 8.75000000000000000e-01 1 1
4 0 8.75000000000000000e-01 0 1
4 0 8.59375000000000000e-01 1 1
4 0 8.59375000000000000e-01 1 1
4 0 8.59375000000000000e-01 1 1
4 0 8.43750000000000000e-01 1 1
4 0 8.43750000000000000e-01 1 1
4 0 8.43750000000000000e-01 1 1
4 0 8.43750000000000000e-01 1 1
4 0 8.28125000000000000e-01 1 1
4 0 8.28125000000000000e-01 1 1
4 0 8.12500000000000000e-01 1 1
4 0 8.12500000000000000e-01 1 1
4 0 8.12500000000000000e-01 0 1
4 0 7.96875000000000000e-01 1 1
4 0 7.96875000000000000e-01 1 1
4 0 7.81250000000000000e-01 1 1
4 0 7.81250000000000000e-01 1 1
4 0 7.81250000000000000e-01 1 1
4 0 7.65625000000000000e-01 1 1
4 0 7.65625000000000000e-01 1 1
4 0 7.50000000000000000e-01 1 1
4 0 7.50000000000000000e-01 0 1
4 0 7.34375000000000000e-01 1 1
4 0 7.34375000000000000e-01 1 1
4 0 7.18750000000000000e-01 1 1
4 0 7.18750000000000000e-01 1 1
4 0 7.03125000000000000e-01 1 1
4 0 6.87500000000000000e-01 1 1
4 0 6.87500000000000000e-01 0 1
4 0 6.71875000000000000e-01 1 1
4 0 6.71875000000000000e-01 1 1
4 0 6.56250000000000000e-01 1 1
4 0 6.40625000000000000e-01 1 1
4 0 6.40625000000000000e-01 1 1
4 0 6.25000000000000000e-01 0 1
4 0 6.09375000000000000e-01 1 1
4 0 6.09375000000000000e-01 1 1
4 0 5.93750000000000000e-01 1 1
4 0 5.78125000000000000e-01 1 1
4 0 5.78125000000000000e-01 0 1
4 0 5.62500000000000000e-01 1 1
4 0 5.46875000000000000e-01 1 1
4 0 5.46875000000000000e-01 1 1
4 0 5.31250000000000000e-01 0 1
4 0 5.15625000000000000e-01 1 1
4 0 5.00000000000000000e-01 1 1
4 0 5.00000000000000000e-01 1 1
4 0 4.84375000000000000e-01 0 1
4 0 4.68750000000000000e-01 1 1
4 0 4.53125000000000000e-01 1 1
4 0 4.53125000000000000e-01 1 1
4 0 4.37500000000000000e-01 0 1
4 0 4.21875000000000000e-01 1 1
4 0 4.06250000000000000e-01 1 1
4 0 3.90625000000000000e-01 0 1
4 0 3.90625000000000000e-01 1 1
4 0 3.75000000000000000e-01 1 1
4 0 3.59375000000000000e-01 1 1
4 0 3.43750000000000000e-01 0 1
4 0 3.28125000000000000e-01 1 1
4 0 3.12500000000000000e-01 1 1
4 0 3.12500000000000000e-01 0 1
4 0 2.96875000000000000e-01 1 1
4 0 2.81250000000000000e-01 0 1
4 0 2.65625000000000000e-01 1 1
4 0 2.50000000000000000e-01 1 1
4 0 2.34375000000000000e-01 0 1
4 0 2.18750000000000000e-01 1 1
4 0 2.03125000000000000e-01 1 1
4 0 2.03125000000000000e-01 0 1
4 0 1.87500000000000000e-01 1 1
4 0 1.71875000000000000e-01 0 1
4 0 1.56250000000000000e-01 1 1
4 0 1.40625000000000000e-01 1 1
4 0 1.25000000000000000e-01 0 1
4 0 1.09375000000000000e-01 1 1
4 0 9.37500000000000000e-02 0 1
4 0 7.81250000000000000e-02 1 1
4 0 7.81250000000000000e-02 0 1
4 0 6.25000000000000000e-02 1 1
4 0 4.68750000000000000e-02 0 1
4 0 3.12500000000000000e-02 1 1
4 0 1.56250000000000000e-02 0 1
4 0 0.00000000000000000e+00 1 1
4 0 -1.56250000000000000e-02 0 1
4 0 -3.12500000000000000e-02 1 1
4 0 -4.68750000000000000e-02 0 1
4 0 -6.25000000000000000e-02 1 1
4 0 -7.81250000000000000e-02 0 1
4 0 -7.81250000000000000e-02 1 1
4 0 -9.37500000000000000e-02 0 1
4 0 -1.09375000000000000e-01 1 1
4 0 -1.25000000000000000e-01 0 1
4 0 -1.40625000000000000e-01 0 1
4 0 -1.56250000000000000e-01 1 1
4 0 -1.71875000000000000e-01 0 1
4 0 -1.87500000000000000e-01 1 1
4 0 -2.03125000000000000e-01 0 1
4 0 -2.03125000000000000e-01 0 1
4 0 -2.18750000000000000e-01 1 1
4 0 -2.34375000000000000e-01 0 1
4 0 -2.50000000000000000e-01 1 1
4 0 -2.65625000000000000e-01 0 1
4 0 -2.81250000000000000e-01 0 1
4 0 -2.96875000000000000e-01 1 1
4 0 -3.12500000000000000e-01 0 1
4 0 -3.12500000000000000e-01 0 1
4 0 -3.28125000000000000e-01 1 1
4 0 -3.43750000000000000e-01 0 1
4 0 -3.59375000000000000e-01 0 1
4 0 -3.75000000000000000e-01 1 1
4 0 -3.90625000000000000e-01 0 1
4 0 -3.90625000000000000e-01 0 1
4 0 -4.06250000000000000e-01 1 1
4 0 -4.21875000000000000e-01 0 1
4 0 -4.37500000000000000e-01 0 1
4 0 -4.53125000000000000e-01 0 1
4 0 -4.53125000000000000e-01 1 1
4 0 -4.68750000000000000e-01 0 1
4 0 -4.84375000000000000e-01 0 1
4 0 -5.00000000000000000e-01 0 1
4 0 -5.00000000000000000e-01 1 1
4 0 -5.15625000000000000e-01 0 1
4 0 -5.31250000000000000e-01 0 1
4 0 -5.46875000000000000e-01 0 1
4 0 -5.46875000000000000e-01 1 1
4 0 -5.62500000000000000e-01 0 1
4 0 -5.78125000000000000e-01 0 1
4 0 -5.78125000000000000e-01 0 1
4 0 -5.93750000000000000e-01 1 1
4 0 -6.09375000000000000e-01 0 1
4 0 -6.09375000000000000e-01 0 1
4 0 -6.25000000000000000e-01 0 1
4 0 -6.40625000000000000e-01 0 1
4 0 -6.40625000000000000e-01 0 1
4 0 -6.56250000000000000e-01 1 1
4 0 -6.71875000000000000e-01 0 1
4 0 -6.71875000000000000e-01 0 1
4 0 -6.87500000000000000e-01 0 1
4 0 -6.87500000000000000e-01 0 1
4 0 -7.03125000000000000e-01 0 1
4 0 -7.18750000000000000e-01 1 1
4 0 -7.18750000000000000e-01 0 1
4 0 -7.34375000000000000e-01 0 1
4 0 -7.34375000000000000e-01 0 1
4 0 -7.50000000000000000e-01 0 1
4 0 -7.50000000000000000e-01 0 1
4 0 -7.65625000000000000e-01 0 1
4 0 -7.65625000000000000e-01 0 1
4 0 -7.81250000000000000e-01 1 1
4 0 -7.81250000000000000e-01 0 1
4 0 -7.81250000000000000e-01 0 1
4 0 -7.96875000000000000e-01 0 1
4 0 -7.96875000000000000e-01 0 1
4 0 -8.12500000000000000e-01 0 1
4 0 -8.12500000000000000e-01 0 1
4 0 -8.12500000000000000e-01 0 1
4 0 -8.28125000000000000e-01 0 1
4 0 -8.28125000000000000e-01 0 1
4 0 -8.43750000000000000e-01 1 1
4 0 -8.43750000000000000e-01 0 1
4 0 -8.43750000000000000e-01 0 1
4 0 -8.43750000000000000e-01 0 1
4 0 -8.59375000000000000e-01 0 1
4 0 -8.59375000000000000e-01 0 1
4 0 -8.59375000000000000e-01 0 1
4 0 -8.75000000000000000e-01 0 1
4 0 -8.75000000000000000e-01 0 1
4 0 -8.75000000000000000e-01 0 1
4 0 -8.75000000000000000e-01 0 1
4 0 -8.75000000000000000e-01 0 1
4 0 -8.90625000000000000e-01 0 1
4 0 -8.90625000000000000e-01 0 1
4 0 -8.90625000000000000e-01 0 1
4 0 -8.90625000000000000e-01 0 1
4 0 -8.90625000000000000e-01 1 1
4 0 -8.90625000000000000e-01 0 1
4 0 -8.90625000000000000e-01 0 1
4 0 -8.90625000000000000e-01 0 1
4 0 -8.90625000000000000e-01 0 1
4 0 -9.06250000000000000e-01 0 1
4 0 -9.06250000000000000e-01 0 1
4 0 -9.06250000000000000e-01 0 1
4 0 -9.06250000000000000e-01 0 1
4 0 -9.06250000000000000e-01 0 1
4 0 -9.06250000000000000e-01 0 1
4 0 -9.06250000000000000e-01 0 1
4 0 -8.90625000000000000e-01 0 1
4 0 -8.90625000000000000e-01 0 1
4 0 -8.90625000000000000e-01 0 1
4 0 -8.90625000000000000e-01 0 1
4 0 -8.90625000000000000e-01 0 1
4 0 -8.90625000000000000e-01 0 1
4 0 -8.90625000000000000e-01 0 1
4 0 -8.90625000000000000e-01 1 1
4 0 -8.90625000000000000e-01 0 1
4 0 -8.75000000000000000e-01 0 1
4 0 -8.75000000000000000e-01 0 1
4 0 -8.75000000000000000e-01 0 1
4 0 -8.75000000000000000e-01 0 1
4 0 -8.75000000000000000e-01 0 1
4 0 -8.59375000000000000e-01 0 1
4 0 -8.59375000000000000e-01 0 1
4 0 -8.59375000000000000e-01 0 1
4 0 -8.43750000000000000e-01 0 1
4 0 -8.43750000000000000e-01 0 1
4 0 -8.43750000000000000e-01 0 1
4 0 -8.43750000000000000e-01 0 1
4 0 -8.28125000000000000e-01 0 1
4 0 -8.28125000000000000e-01 1 1
4 0 -8.12500000000000000e-01 0 1
4 0 -8.12500000000000000e-01 0 1
4 0 -8.12500000000000000e-01 0 1
4 0 -7.96875000000000000e-01 0 1
4 0 -7.96875000000000000e-01 0 1
4 0 -7.81250000000000000e-01 0 1
4 0 -7.81250000000000000e-01 0 1
4 0 -7.81250000000000000e-01 0 1
4 0 -7.65625000000000000e-01 1 1
4 0 -7.65625000000000000e-01 0 1
4 0 -7.50000000000000000e-01 0 1
4 0 -7.50000000000000000e-01 0 1
4 0 -7.34375000000000000e-01 0 1
4 0 -7.34375000000000000e-01 0 1
4 0 -7.18750000000000000e-01 0 1
4 0 -7.18750000000000000e-01 0 1
4 0 -7.03125000000000000e-01 1 1
4 0 -6.87500000000000000e-01 0 1
4 0 -6.87500000000000000e-01 0 1
4 0 -6.71875000000000000e-01 0 1
4 0 -6.71875000000000000e-01 0 1
4 0 -6.56250000000000000e-01 0 1
4 0 -6.40625000000000000e-01 1 1
4 0 -6.40625000000000000e-01 0 1
4 0 -6.25000000000000000e-01 0 1
4 0 -6.09375000000000000e-01 0 1
4 0 -6.09375000000000000e-01 0 1
4 0 -5.93750000000000000e-01 1 1
4 0 -5.78125000000000000e-01 0 1
4 0 -5.78125000000000000e-01 0 1
4 0 -5.62500000000000000e-01 0 1
4 0 -5.46875000000000000e-01 0 1
4 0 -5.46875000000000000e-01 1 1
4 0 -5.31250000000000000e-01 0 1
4 0 -5.15625000000000000e-01 0 1
4 0 -5.00000000000000000e-01 0 1
4 0 -5.00000000000000000e-01 1 1
4 0 -4.84375000000000000e-01 0 1
4 0 -4.68750000000000000e-01 0 1
4 0 -4.53125000000000000e-01 0 1
4 0 -4.53125000000000000e-01 1 1
4 0 -4.37500000000000000e-01 0 1
4 0 -4.21875000000000000e-01 0 1
4 0 -4.06250000000000000e-01 1 1
4 0 -3.90625000000000000e-01 0 1
4 0 -3.90625000000000000e-01 0 1
4 0 -3.75000000000000000e-01 0 1
4 0 -3.59375000000000000e-01 1 1
4 0 -3.43750000000000000e-01 0 1
4 0 -3.28125000000000000e-01 0 1
4 0 -3.12500000000000000e-01 1 1
4 0 -3.12500000000000000e-01 0 1
4 0 -2.96875000000000000e-01 0 1
4 0 -2.81250000000000000e-01 1 1
4 0 -2.65625000000000000e-01 0 1
4 0 -2.50000000000000000e-01 1 1
4 0 -2.34375000000000000e-01 0 1
4 0 -2.18750000000000000e-01 0 1
4 0 -2.03125000000000000e-01 1 1
4 0 -2.03125000000000000e-01 0 1
4 0 -1.87500000000000000e-01 1 1
4 0 -1.71875000000000000e-01 0 1
4 0 -1.56250000000000000e-01 0 1
4 0 -1.40625000000000000e-01 1 1
4 0 -1.25000000000000000e-01 0 1
4 0 -1.09375000000000000e-01 1 1
4 0 -9.37500000000000000e-02 0 1
4 0 -7.81250000000000000e-02 1 1
4 0 -7.81250000000000000e-02 0 1
4 0 -6.25000000000000000e-02 1 1
4 0 -4.68750000000000000e-02 0 1
4 0 -3.12500000000000000e-02 1 1
4 0 -1.56250000000000000e-02 0 1
4 0 0.00000000000000000e+00 1 1
4 0 1.56250000000000000e-02 0 1
4 0 3.12500000000000000e-02 1 1
4 0 4.68750000000000000e-02 0 1
4 0 6.25000000000000000e-02 1 1
4 0 7.81250000000000000e-02 0 1
4 0 7.81250000000000000e-02 1 1
4 0 9.37500000000000000e-02 0 1
4 0 1.09375000000000000e-01 1 1
4 0 1.25000000000000000e-01 0 1
4 0 1.40625000000000000e-01 1 1
4 0 1.56250000000000000e-01 0 1
4 0 1.71875000000000000e-01 1 1
4 0 1.87500000000000000e-01 1 1
4 0 2.03125000000000000e-01 0 1
4 0 2.03125000000000000e-01 1 1
4 0 2.18750000000000000e-01 0 1
4 0 2.34375000000000000e-01 1 1
4 0 2.50000000000000000e-01 1 1
4 0 2.65625000000000000e-01 0 1
4 0 2.81250000000000000e-01 1 1
4 0 2.96875000000000000e-01 1 1
4 0 3.12500000000000000e-01 0 1
4 0 3.12500000000000000e-01 1 1
4 0 3.28125000000000000e-01 1 1
4 0 3.43750000000000000e-01 0 1
4 0 3.59375000000000000e-01 1 1
4 0 3.75000000000000000e-01 1 1
4 0 3.90625000000000000e-01 0 1
4 0 3.90625000000000000e-01 1 1
4 0 4.06250000000000000e-01 1 1
4 0 4.21875000000000000e-01 0 1
4 0 4.37500000000000000e-01 1 1
4 0 4.53125000000000000e-01 1 1
4 0 4.53125000000000000e-01 1 1
4 0 4.68750000000000000e-01 0 1
4 0 4.84375000000000000e-01 1 1
4 0 5.00000000000000000e-01 1 1
4 0 5.00000000000000000e-01 1 1
4 0 5.15625000000000000e-01 0 1
4 0 5.31250000000000000e-01 1 1
4 0 5.46875000000000000e-01 1 1
4 0 5.46875000000000000e-01 1 1
4 0 5.62500000000000000e-01 0 1
4 0 5.78125000000000000e-01 1 1
4 0 5.78125000000000000e-01 1 1
4 0 5.93750000000000000e-01 1 1
4 0 6.09375000000000000e-01 1 1
4 0 6.09375000000000000e-01 0 1
4 0 6.25000000000000000e-01 1 1
4 0 6.40625000000000000e-01 1 1
4 0 6.40625000000000000e-01 1 1
4 0 6.56250000000000000e-01 1 1
4 0 6.71875000000000000e-01 1 1
4 0 6.71875000000000000e-01 0 1
4 0 6.87500000000000000e-01 1 1
4 0 6.87500000000000000e-01 1 1
4 0 7.03125000000000000e-01 1 1
4 0 7.18750000000000000e-01 1 1
4 0 7.18750000000000000e-01 1 1
4 0 7.34375000000000000e-01 1 1
4 0 7.34375000000000000e-01 0 1
4 0 7.50000000000000000e-01 1 1
4 0 7.50000000000000000e-01 1 1
4 0 7.65625000000000000e-01 1 1
4 0 7.65625000000000000e-01 1 1
4 0 7.81250000000000000e-01 1 1
4 0 7.81250000000000000e-01 1 1
4 0 7.81250000000000000e-01 1 1
4 0 7.96875000000000000e-01 0 1
4 0 7.96875000000000000e-01 1 1
4 0 8.12500000000000000e-01 1 1
4 0 8.12500000000000000e-01 1 1
4 0 8.12500000000000000e-01 1 1
4 0 8.28125000000000000e-01 1 1
4 0 8.28125000000000000e-01 1 1
4 0 8.43750000000000000e-01 1 1
4 0 8.43750000000000000e-01 1 1
4 0 8.43750000000000000e-01 1 1
4 0 8.43750000000000000e-01 1 1
4 0 8.59375000000000000e-01 1 1
4 0 8.59375000000000000e-01 0 1
4 0 8.59375000000000000e-01 1 1
4 0 8.75000000000000000e-01 1 1
4 0 8.75000000000000000e-01 1 1
4 0 8.75000000000000000e-01 1 1
4 0 8.75000000000000000e-01 1 1
4 0 8.75000000000000000e-01 1 1
4 0 8.90625000000000000e-01 1 1
4 0 8.90625000000000000e-01 1 1
4 0 8.90625000000000000e-01 1 1
4 0 8.90625000000000000e-01 1 1
4 0 8.90625000000000000e-01 1 1
4 0 8.90625000000000000e-01 1 1
4 0 8.90625000000000000e-01 1 1
4 0 8.90625000000000000e-01 1 1
4 0 8.90625000000000000e-01 1 1
4 0 9.06250000000000000e-01 1 1
4 0 9.06250000000000000e-01 0 1
4 0 9.06250000000000000e-01 1 1
4 0 9.06250000000000000e-01 1 1
4 0 9.06250000000000000e-01 1 1
4 0 9.06250000000000000e-01 1 1
4 0 9.06250000000000000e-01 1 1
4 0 8.90625000000000000e-01 1 1
4 0 8.90625000000000000e-01 1 1
4 0 8.90625000000000000e-01 1 1
4 0 8.90625000000000000e-01 1 1
4 0 8.90625000000000000e-01 1 1
4 0 8.90625000000000000e-01 1 1
4 0 8.90625000000000000e-01 1 1
4 0 8.90625000000000000e-01 1 1
4 0 8.90625000000000000e-01 1 1
4 0 8.75000000000000000e-01 1 1
4 0 8.75000000000000000e-01 1 1
4 0 8.75000000000000000e-01 1 1
4 0 8.75000000000000000e-01 1 1
4 0 8.75000000000000000e-01 0 1
4 0 8.59375000000000000e-01 1 1
4 0 8.59375000000000000e-01 1 1
4 0 8.59375000000000000e-01 1 1
4 0 8.43750000000000000e-01 1 1
4 0 8.43750000000000000e-01 1 1
4 0 8.43750000000000000e-01 1 1
4 0 8.43750000000000000e-01 1 1
4 0 8.28125000000000000e-01 1 1
4 0 8.28125000000000000e-01 1 1
4 0 8.12500000000000000e-01 1 1
4 0 8.12500000000000000e-01 1 1
4 0 8.12500000000000000e-01 0 1
4 0 7.96875000000000000e-01 1 1
4 0 7.96875000000000000e-01 1 1
4 0 7.81250000000000000e-01 1 1
4 0 7.81250000000000000e-01 1 1
4 0 7.81250000000000000e-01 1 1
4 0 7.65625000000000000e-01 1 1
4 0 7.65625000000000000e-01 1 1
4 0 7.50000000000000000e-01 1 1
4 0 7.50000000000000000e-01 0 1
4 0 7.34375000000000000e-01 1 1
4 0 7.34375000000000000e-01 1 1
4 0 7.18750000000000000e-01 1 1
4 0 7.18750000000000000e-01 1 1
4 0 7.03125000000000000e-01 1 1
4 0 6.87500000000000000e-01 1 1
4 0 6.87500000000000000e-01 0 1
4 0 6.71875000000000000e-01 1 1
4 0 6.71875000000000000e-01 1 1
4 0 6.56250000000000000e-01 1 1
4 0 6.40625000000000000e-01 1 1
4 0 6.40625000000000000e-01 1 1
4 0 6.25000000000000000e-01 0 1
4 0 6.09375000000000000e-01 1 1
4 0 6.09375000000000000e-01 1 1
4 0 5.93750000000000000e-01 1 1
4 0 5.78125000000000000e-01 1 1
4 0 5.78125000000000000e-01 0 1
4 0 5.62500000000000000e-01 1 1
4 0 5.46875000000000000e-01 1 1
4 0 5.46875000000000000e-01 1 1
4 0 5.31250000000000000e-01 0 1
4 0 5.15625000000000000e-01 1 1
4 0 5.00000000000000000e-01 1 1
4 0 5.00000000000000000e-01 1 1
4 0 4.84375000000000000e-01 0 1
4 0 4.68750000000000000e-01 1 1
4 0 4.53125000000000000e-01 1 1
4 0 4.53125000000000000e-01 1 1
4 0 4.37500000000000000e-01 0 1
4 0 4.21875000000000000e-01 1 1
4 0 4.06250000000000000e-01 1 1
4 0 3.90625000000000000e-01 0 1
4 0 3.90625000000000000e-01 1 1
4 0 3.75000000000000000e-01 1 1
4 0 3.59375000000000000e-01 1 1
4 0 3.43750000000000000e-01 0 1
4 0 3.28125000000000000e-01 1 1
4 0 3.12500000000000000e-01 1 1
4 0 3.12500000000000000e-01 0 1
4 0 2.96875000000000000e-01 1 1
4 0 2.81250000000000000e-01 0 1
4 0 2.65625000000000000e-01 1 1
4 0 2.50000000000000000e-01 1 1
4 0 2.34375000000000000e-01 0 1
4 0 2.18750000000000000e-01 1 1
4 0 2.03125000000000000e-01 1 1
4 0 2.03125000000000000e-01 0 1
4 0 1.87500000000000000e-01 1 1
4 0 1.71875000000000000e-01 0 1
4 0 1.56250000000000000e-01 1 1
4 0 1.40625000000000000e-01 1 1
4 0 1.25000000000000000e-01 0 1
4 0 1.09375000000000000e-01 1 1
4 0 9.37500000000000000e-02 0 1
4 0 7.81250000000000000e-02 1 1
4 0 7.81250000000000000e-02 0 1
4 0 6.25000000000000000e-02 1 1
4 0 4.68750000000000000e-02 0 1
4 0 3.12500000000000000e-02 1 1
4 0 1.56250000000000000e-02 0 1
4 0 0.00000000000000000e+00 1 1
4 0 -1.56250000000000000e-02 0 1
4 0 -3.12500000000000000e-02 1 1
4 0 -4.68750000000000000e-02 0 1
4 0 -6.25000000000000000e-02 1 1
4 0 -7.81250000000000000e-02 0 1
4 0 -7.81250000000000000e-02 1 1
4 0 -9.37500000000000000e-02 0 1
4 0 -1.09375000000000000e-01 1 1
4 0 -1.25000000000000000e-01 0 1
4 0 -1.40625000000000000e-01 0 1
4 0 -1.56250000000000000e-01 1 1
4 0 -1.71875000000000000e-01 0 1
4 0 -1.87500000000000000e-01 1 1
4 0 -2.03125000000000000e-01 0 1
4 0 -2.03125000000000000e-01 0 1
4 0 -2.18750000000000000e-01 1 1
4 0 -2.34375000000000000e-01 0 1
4 0 -2.50000000000000000e-01 1 1
4 0 -2.65625000000000000e-01 0 1
4 0 -2.81250000000000000e-01 0 1
4 0 -2.96875000000000000e-01 1 1
4 0 -3.12500000000000000e-01 0 1
4 0 -3.12500000000000000e-01 0 1
4 0 -3.28125000000000000e-01 1 1
4 0 -3.43750000000000000e-01 0 1
4 0 -3.59375000000000000e-01 0 1
4 0 -3.75000000000000000e-01 1 1
4 0 -3.90625000000000000e-01 0 1
4 0 -3.90625000000000000e-01 0 1
4 0 -4.06250000000000000e-01 1 1
4 0 -4.21875000000000000e-01 0 1
4 0 -4.37500000000000000e-01 0 1
4 0 -4.53125000000000000e-01 0 1
4 0 -4.53125000000000000e-01 1 1
4 0 -4.68750000000000000e-01 0 1
4 0 -4.84375000000000000e-01 0 1
4 0 -5.00000000000000000e-01 0 1
4 0 -5.00000000000000000e-01 1 1
4 0 -5.15625000000000000e-01 0 1
4 0 -5.31250000000000000e-01 0 1
4 0 -5.46875000000000000e-01 0 1
4 0 -5.46875000000000000e-01 1 1
4 0 -5.62500000000000000e-01 0 1
4 0 -5.78125000000000000e-01 0 1
4 0 -5.78125000000000000e-01 0 1
4 0 -5.93750000000000000e-01 1 1
4 0 -6.09375000000000000e-01 0 1
4 0 -6.09375000000000000e-01 0 1
4 0 -6.25000000000000000e-01 0 1
4 0 -6.40625000000000000e-01 0 1
4 0 -6.40625000000000000e-01 0 1
4 0 -6.56250000000000000e-01 1 1
4 0 -6.71875000000000000e-01 0 1
4 0 -6.71875000000000000e-01 0 1
4 0 -6.87500000000000000e-01 0 1
4 0 -6.87500000000000000e-01 0 1
4 0 -7.03125000000000000e-01 0 1
4 0 -7.18750000000000000e-01 1 1
4 0 -7.18750000000000000e-01 0 1
4 0 -7.34375000000000000e-01 0 1
4 0 -7.34375000000000000e-01 0 1
4 0 -7.50000000000000000e-01 0 1
4 0 -7.50000000000000000e-01 0 1
4 0 -7.65625000000000000e-01 0 1
4 0 -7.65625000000000000e-01 0 1
4 0 -7.81250000000000000e-01 1 1
4 0 -7.81250000000000000e-01 0 1
4 0 -7.81250000000000000e-01 0 1
4 0 -7.96875000000000000e-01 0 1
4 0 -7.96875000000000000e-01 0 1
4 0 -8.12500000000000000e-01 0 1
4 0 -8.12500000000000000e-01 0 1
4 0 -8.12500000000000000e-01 0 1
4 0 -8.28125000000000000e-01 0 1
4 0 -8.28125000000000000e-01 0 1
4 0 -8.43750000000000000e-01 1 1
4 0 -8.43750000000000000e-01 0 1
4 0 -8.43750000000000000e-01 0 1
4 0 -8.43750000000000000e-01 0 1
4 0 -8.59375000000000000e-01 0 1
4 0 -8.59375000000000000e-01 0 1
4 0 -8.59375000000000000e-01 0 1
4 0 -8.75000000000000000e-01 0 1
4 0 -8.75000000000000000e-01 0 1
4 0 -8.75000000000000000e-01 0 1
4 0 -8.75000000000000000e-01 0 1
4 0 -8.75000000000000000e-01 0 1
4 0 -8.90625000000000000e-01 0 1
4 0 -8.90625000000000000e-01 0 1
4 0 -8.90625000000000000e-01 0 1
4 0 -8.90625000000000000e-01 0 1
4 0 -8.90625000000000000e-01 1 1
4 0 -8.90625000000000000e-01 0 1
4 0 -8.90625000000000000e-01 0 1
4 0 -8.90625000000000000e-01 0 1
4 0 -8.90625000000000000e-01 0 1
4 0 -9.06250000000000000e-01 0 1
4 0 -9.06250000000000000e-01 0 1
4 0 -9.06250000000000000e-01 0 1
4 0 -9.06250000000000000e-01 0 1
4 0 -9.06250000000000000e-01 0 1
4 0 -9.06250000000000000e-01 0 1
4 0 -9.06250000000000000e-01 0 1
4 0 -8.90625000000000000e-01 0 1
4 0 -8.90625000000000000e-01 0 1
4 0 -8.90625000000000000e-01 0 1
4 0 -8.90625000000000000e-01 0 1
4 0 -8.90625000000000000e-01 0 1
4 0 -8.90625000000000000e-01 0 1
4 0 -8.90625000000000000e-01 0 1
4 0 -8.90625000000000000e-01 1 1
4 0 -8.90625000000000000e-01 0 1
4 0 -8.75000000000000000e-01 0 1
4 0 -8.75000000000000000e-01 0 1
4 0 -8.75000000000000000e-01 0 1
4 0 -8.75000000000000000e-01 0 1
4 0 -8.75000000000000000e-01 0 1
4 0 -8.59375000000000000e-01 0 1
4 0 -8.59375000000000000e-01 0 1
4 0 -8.59375000000000000e-01 0 1
4 0 -8.43750000000000000e-01 0 1
4 0 -8.43750000000000000e-01 0 1
4 0 -8.43750000000000000e-01 0 1
4 0 -8.43750000000000000e-01 0 1
4 0 -8.28125000000000000e-01 0 1
4 0 -8.28125000000000000e-01 1 1
4 0 -8.12500000000000000e-01 0 1
4 0 -8.12500000000000000e-01 0 1
4 0 -8.12500000000000000e-01 0 1
4 0 -7.96875000000000000e-01 0 1
4 0 -7.96875000000000000e-01 0 1
4 0 -7.81250000000000000e-01 0 1
4 0 -7.81250000000000000e-01 0 1
4 0 -7.81250000000000000e-01 0 1
4 0 -7.65625000000000000e-01 1 1
4 0 -7.65625000000000000e-01 0 1
4 0 -7.50000000000000000e-01 0 1
4 0 -7.50000000000000000e-01 0 1
4 0 -7.34375000000000000e-01 0 1
4 0 -7.34375000000000000e-01 0 1
4 0 -7.18750000000000000e-01 0 1
4 0 -7.18750000000000000e-01 0 1
4 0 -7.03125000000000000e-01 1 1
4 0 -6.87500000000000000e-01 0 1
4 0 -6.87500000000000000e-01 0 1
4 0 -6.71875000000000000e-01 0 1
4 0 -6.71875000000000000e-01 0 1
4 0 -6.56250000000000000e-01 0 1
4 0 -6.40625000000000000e-01 1 1
4 0 -6.40625000000000000e-01 0 1
4 0 -6.25000000000000000e-01 0 1
4 0 -6.09375000000000000e-01 0 1
4 0 -6.09375000000000000e-01 0 1
4 0 -5.93750000000000000e-01 1 1
4 0 -5.78125000000000000e-01 0 1
4 0 -5.78125000000000000e-01 0 1
4 0 -5.62500000000000000e-01 0 1
4 0 -5.46875000000000000e-01 0 1
4 0 -5.46875000000000000e-01 1 1
4 0 -5.31250000000000000e-01 0 1
4 0 -5.15625000000000000e-01 0 1
4 0 -5.00000000000000000e-01 0 1
4 0 -5.00000000000000000e-01 1 1
4 0 -4.84375000000000000e-01 0 1
4 0 -4.68750000000000000e-01 0 1
4 0 -4.53125000000000000e-01 0 1
4 0 -4.53125000000000000e-01 1 1
4 0 -4.37500000000000000e-01 0 1
4 0 -4.21875000000000000e-01 0 1
4 0 -4.06250000000000000e-01 1 1
4 0 -3.90625000000000000e-01 0 1
4 0 -3.90625000000000000e-01 0 1
4 0 -3.75000000000000000e-01 0 1
4 0 -3.59375000000000000e-01 1 1
4 0 -3.43750000000000000e-01 0 1
4 0 -3.28125000000000000e-01 0 1
4 0 -3.12500000000000000e-01 1 1
4 0 -3.12500000000000000e-01 0 1
4 0 -2.96875000000000000e-01 0 1
4 0 -2.81250000000000000e-01 1 1
4 0 -2.65625000000000000e-01 0 1
4 0 -2.50000000000000000e-01 1 1
4 0 -2.34375000000000000e-01 0 1
4 0 -2.18750000000000000e-01 0 1
4 0 -2.03125000000000000e-01 1 1
4 0 -2.03125000000000000e-01 0 1
4 0 -1.87500000000000000e-01 1 1
4 0 -1.71875000000000000e-01 0 1
4 0 -1.56250000000000000e-01 0 1
4 0 -1.40625000000000000e-01 1 1
4 0 -1.25000000000000000e-01 0 1
4 0 -1.09375000000000000e-01 1 1
4 0 -9.37500000000000000e-02 0 1
4 0 -7.81250000000000000e-02 1 1
4 0 -7.81250000000000000e-02 0 1
4 0 -6.25000000000000000e-02 1 1
4 0 -4.68750000000000000e-02 0 1
4 0 -3.12500000000000000e-02 1 1
4 0 -1.56250000000000000e-02 0 1
5 0 1.40625000000000000e-01 1 1
5 0 6.40625000000000000e-01 0 1
5 0 2.96875000000000000e-01 1 1
5 0 8.12500000000000000e-01 1 1
5 0 2.96875000000000000e-01 1 1
5 0 0.00000000000000000e+00 0 1
5 0 6.25000000000000000e-02 1 1
5 0 8.90625000000000000e-01 1 1
5 0 -3.90625000000000000e-01 0 1
5 0 0.00000000000000000e+00 0 1
5 0 2.18750000000000000e-01 1 1
5 0 -1.40625000000000000e-01 0 1
5 0 8.59375000000000000e-01 1 1
5 0 3.59375000000000000e-01 1 1
5 0 -8.90625000000000000e-01 0 1
5 0 -4.37500000000000000e-01 0 1
5 0 7.96875000000000000e-01 1 1
5 0 -7.50000000000000000e-01 0 1
5 0 -5.15625000000000000e-01 1 1
5 0 -9.84375000000000000e-01 0 1
5 0 -3.90625000000000000e-01 0 1
5 0 -6.25000000000000000e-01 0 1
5 0 -9.37500000000000000e-01 0 1
5 0 5.00000000000000000e-01 1 1
5 0 -7.50000000000000000e-01 0 1
5 0 -7.65625000000000000e-01 0 1
5 0 -8.90625000000000000e-01 0 1
5 0 -5.93750000000000000e-01 0 1
5 0 3.12500000000000000e-01 1 1
5 0 -4.68750000000000000e-02 1 1
5 0 7.81250000000000000e-02 0 1
5 0 -3.90625000000000000e-01 0 1
5 0 -3.12500000000000000e-02 1 1
5 0 5.62500000000000000e-01 1 1
5 0 7.50000000000000000e-01 1 1
5 0 7.81250000000000000e-02 0 1
5 0 -3.75000000000000000e-01 0 1
5 0 4.06250000000000000e-01 1 1
5 0 -1.56250000000000000e-02 1 1
5 0 -9.37500000000000000e-01 0 1
5 0 2.03125000000000000e-01 0 1
5 0 -7.81250000000000000e-02 1 1
5 0 1.56250000000000000e-02 0 1
5 0 7.50000000000000000e-01 1 1
5 0 -3.12500000000000000e-02 1 1
5 0 -2.03125000000000000e-01 0 1
5 0 -3.43750000000000000e-01 0 1
5 0 -6.25000000000000000e-01 0 1
5 0 2.50000000000000000e-01 1 1
5 0 2.50000000000000000e-01 1 1
5 0 9.37500000000000000e-01 1 1
5 0 -1.25000000000000000e-01 0 1
5 0 8.43750000000000000e-01 1 1
5 0 5.00000000000000000e-01 1 1
5 0 1.56250000000000000e-02 0 1
5 0 2.50000000000000000e-01 1 1
5 0 -5.46875000000000000e-01 0 1
5 0 -4.53125000000000000e-01 0 1
5 0 1.40625000000000000e-01 1 1
5 0 -6.25000000000000000e-01 0 1
5 0 -8.59375000000000000e-01 0 1
5 0 5.46875000000000000e-01 1 1
5 0 9.84375000000000000e-01 1 1
5 0 -9.84375000000000000e-01 0 1
5 0 -1.71875000000000000e-01 0 1
5 0 6.25000000000000000e-01 1 1
5 0 -9.21875000000000000e-01 0 1
5 0 5.62500000000000000e-01 1 1
5 0 -5.46875000000000000e-01 0 1
5 0 -2.65625000000000000e-01 1 1
5 0 4.84375000000000000e-01 0 1
5 0 9.37500000000000000e-01 1 1
5 0 6.71875000000000000e-01 1 1
5 0 -9.84375000000000000e-01 0 1
5 0 2.34375000000000000e-01 1 1
5 0 -7.50000000000000000e-01 0 1
5 0 -3.28125000000000000e-01 0 1
5 0 -9.37500000000000000e-02 1 1
5 0 -8.28125000000000000e-01 0 1
5 0 -7.50000000000000000e-01 0 1
5 0 -1.71875000000000000e-01 0 1
5 0 5.93750000000000000e-01 1 1
5 0 -7.81250000000000000e-02 1 1
5 0 -5.31250000000000000e-01 0 1
5 0 -8.43750000000000000e-01 0 1
5 0 -2.81250000000000000e-01 0 1
5 0 -3.90625000000000000e-01 1 1
5 0 -9.84375000000000000e-01 0 1
5 0 -2.34375000000000000e-01 0 1
5 0 4.53125000000000000e-01 1 1
5 0 -9.21875000000000000e-01 0 1
5 0 9.53125000000000000e-01 1 1
5 0 -7.65625000000000000e-01 0 1
5 0 2.96875000000000000e-01 0 1
5 0 -3.43750000000000000e-01 1 1
5 0 -9.21875000000000000e-01 0 1
5 0 5.93750000000000000e-01 1 1
5 0 5.78125000000000000e-01 0 1
5 0 7.50000000000000000e-01 1 1
5 0 2.50000000000000000e-01 1 1
5 0 -5.93750000000000000e-01 0 1
5 0 -1.40625000000000000e-01 1 1
5 0 -4.37500000000000000e-01 0 1
5 0 8.12500000000000000e-01 1 1
5 0 -5.31250000000000000e-01 0 1
5 0 9.06250000000000000e-01 1 1
5 0 -1.09375000000000000e-01 0 1
5 0 -7.96875000000000000e-01 1 1
5 0 -6.87500000000000000e-01 0 1
5 0 -9.37500000000000000e-01 0 1
5 0 -2.34375000000000000e-01 0 1
5 0 -6.56250000000000000e-01 0 1
5 0 5.15625000000000000e-01 1 1
5 0 -7.34375000000000000e-01 0 1
5 0 8.12500000000000000e-01 1 1
5 0 1.40625000000000000e-01 1 1
5 0 7.50000000000000000e-01 0 1
5 0 7.96875000000000000e-01 1 1
5 0 -2.34375000000000000e-01 1 1
5 0 5.78125000000000000e-01 1 1
5 0 -1.56250000000000000e-02 0 1
5 0 -3.75000000000000000e-01 0 1
5 0 9.37500000000000000e-02 1 1
5 0 -7.81250000000000000e-02 0 1
5 0 -5.31250000000000000e-01 1 1
5 0 -3.90625000000000000e-01 0 1
5 0 -3.90625000000000000e-01 0 1
5 0 8.59375000000000000e-01 1 1
5 0 6.09375000000000000e-01 1 1
5 0 -9.37500000000000000e-02 0 1
5 0 -5.15625000000000000e-01 1 1
5 0 7.34375000000000000e-01 1 1
5 0 -2.96875000000000000e-01 0 1
5 0 -9.37500000000000000e-01 0 1
5 0 9.37500000000000000e-02 0 1
5 0 6.40625000000000000e-01 1 1
5 0 2.50000000000000000e-01 1 1
5 0 -3.43750000000000000e-01 0 1
5 0 -2.96875000000000000e-01 1 1
5 0 -7.65625000000000000e-01 0 1
5 0 7.96875000000000000e-01 1 1
5 0 4.37500000000000000e-01 0 1
5 0 -1.71875000000000000e-01 1 1
5 0 8.12500000000000000e-01 1 1
5 0 1.56250000000000000e-02 0 1
5 0 -4.84375000000000000e-01 0 1
5 0 -8.75000000000000000e-01 0 1
5 0 9.37500000000000000e-02 1 1
5 0 3.43750000000000000e-01 1 1
5 0 9.84375000000000000e-01 1 1
5 0 -1.40625000000000000e-01 0 1
5 0 -6.40625000000000000e-01 0 1
5 0 4.37500000000000000e-01 1 1
5 0 -6.40625000000000000e-01 0 1
5 0 -2.50000000000000000e-01 1 1
5 0 -4.06250000000000000e-01 0 1
5 0 1.71875000000000000e-01 0 1
5 0 1.87500000000000000e-01 1 1
5 0 7.81250000000000000e-02 1 1
5 0 -3.59375000000000000e-01 0 1
5 0 8.59375000000000000e-01 1 1
5 0 -1.71875000000000000e-01 0 1
5 0 2.50000000000000000e-01 1 1
5 0 -6.71875000000000000e-01 0 1
5 0 -5.93750000000000000e-01 0 1
5 0 5.15625000000000000e-01 1 1
5 0 2.65625000000000000e-01 1 1
5 0 -3.28125000000000000e-01 0 1
5 0 9.37500000000000000e-01 1 1
5 0 5.15625000000000000e-01 1 1
5 0 8.75000000000000000e-01 1 1
5 0 3.28125000000000000e-01 0 1
5 0 1.25000000000000000e-01 1 1
5 0 8.28125000000000000e-01 1 1
5 0 9.37500000000000000e-02 0 1
5 0 2.65625000000000000e-01 1 1
5 0 2.18750000000000000e-01 1 1
5 0 4.84375000000000000e-01 0 1
5 0 2.34375000000000000e-01 1 1
5 0 4.84375000000000000e-01 1 1
5 0 6.09375000000000000e-01 0 1
5 0 6.56250000000000000e-01 1 1
5 0 7.96875000000000000e-01 1 1
5 0 3.90625000000000000e-01 1 1
5 0 -4.21875000000000000e-01 0 1
5 0 7.81250000000000000e-01 1 1
5 0 -5.78125000000000000e-01 0 1
5 0 8.12500000000000000e-01 1 1
5 0 -7.18750000000000000e-01 0 1
5 0 1.09375000000000000e-01 1 1
5 0 -5.00000000000000000e-01 0 1
5 0 -9.06250000000000000e-01 0 1
5 0 9.37500000000000000e-02 1 1
5 0 -1.56250000000000000e-02 0 1
5 0 -2.81250000000000000e-01 1 1
5 1 4.68750000000000000e-02 0 1
5 0 -5.93750000000000000e-01 1 1
5 0 3.12500000000000000e-01 0 1
5 0 -5.15625000000000000e-01 1 1
5 0 2.96875000000000000e-01 0 1
5 0 5.62500000000000000e-01 1 1
5 0 6.40625000000000000e-01 1 1
5 0 2.34375000000000000e-01 0 1
5 0 -1.40625000000000000e-01 1 1
5 0 -4.84375000000000000e-01 0 1
5 0 7.65625000000000000e-01 1 1
5 0 -7.65625000000000000e-01 0 1
5 0 -6.56250000000000000e-01 0 1
5 0 8.28125000000000000e-01 1 1
5 0 -9.53125000000000000e-01 0 1
5 0 -6.56250000000000000e-01 0 1
5 0 8.90625000000000000e-01 1 1
5 0 -2.03125000000000000e-01 1 1
5 0 -1.56250000000000000e-02 0 1
5 0 -2.03125000000000000e-01 1 1
5 0 5.62500000000000000e-01 0 1
5 0 9.68750000000000000e-01 1 1
5 0 4.06250000000000000e-01 1 1
5 0 8.43750000000000000e-01 1 1
5 0 7.50000000000000000e-01 1 1
5 0 -2.50000000000000000e-01 0 1
5 0 -7.65625000000000000e-01 0 1
5 0 -2.65625000000000000e-01 1 1
5 0 -6.25000000000000000e-01 0 1
5 0 -3.75000000000000000e-01 0 1
5 0 5.93750000000000000e-01 1 1
5 0 -5.46875000000000000e-01 0 1
5 0 -8.28125000000000000e-01 0 1
5 0 -6.71875000000000000e-01 1 1
5 0 1.25000000000000000e-01 0 1
5 0 3.12500000000000000e-01 1 1
5 0 7.50000000000000000e-01 1 1
5 0 -5.46875000000000000e-01 0 1
5 0 7.18750000000000000e-01 1 1
5 0 2.96875000000000000e-01 0 1
5 0 6.25000000000000000e-01 1 1
5 0 -6.25000000000000000e-01 0 1
5 0 8.28125000000000000e-01 1 1
5 0 -9.84375000000000000e-01 0 1
5 0 -1.09375000000000000e-01 1 1
5 0 7.50000000000000000e-01 1 1
5 0 -8.59375000000000000e-01 0 1
5 0 5.46875000000000000e-01 0 1
5 0 -3.59375000000000000e-01 1 1
5 0 -9.68750000000000000e-01 0 1
5 0 7.65625000000000000e-01 1 1
5 0 7.81250000000000000e-01 1 1
5 0 1.25000000000000000e-01 0 1
5 0 -7.34375000000000000e-01 0 1
5 0 9.84375000000000000e-01 1 1
5 0 5.46875000000000000e-01 1 1
5 0 -4.84375000000000000e-01 0 1
5 0 5.62500000000000000e-01 1 1
5 0 9.84375000000000000e-01 1 1
5 0 -4.68750000000000000e-02 1 1
5 0 5.62500000000000000e-01 0 1
5 0 4.84375000000000000e-01 1 1
5 0 -4.68750000000000000e-02 1 1
5 0 4.53125000000000000e-01 0 1
5 0 -3.43750000000000000e-01 1 1
5 0 -7.81250000000000000e-02 0 1
5 1 8.59375000000000000e-01 0 1
5 0 2.34375000000000000e-01 1 1
5 0 7.34375000000000000e-01 1 1
5 0 7.96875000000000000e-01 1 1
5 0 8.75000000000000000e-01 1 1
5 0 -8.75000000000000000e-01 0 1
5 0 -6.25000000000000000e-02 0 1
5 0 -1.09375000000000000e-01 1 1
5 0 4.68750000000000000e-01 1 1
5 0 0.00000000000000000e+00 0 1
5 0 3.43750000000000000e-01 1 1
5 0 -7.81250000000000000e-02 0 1
5 0 3.75000000000000000e-01 1 1
5 0 -2.50000000000000000e-01 0 1
5 0 4.06250000000000000e-01 1 1
5 0 1.25000000000000000e-01 0 1
5 0 3.12500000000000000e-01 1 1
5 0 7.96875000000000000e-01 1 1
5 0 -9.84375000000000000e-01 0 1
5 0 -3.28125000000000000e-01 0 1
5 0 6.71875000000000000e-01 1 1
5 0 8.28125000000000000e-01 1 1
5 0 -3.12500000000000000e-01 0 1
5 0 7.18750000000000000e-01 1 1
5 0 -7.65625000000000000e-01 0 1
5 0 3.90625000000000000e-01 1 1
5 0 -7.96875000000000000e-01 0 1
5 0 -3.59375000000000000e-01 1 1
5 0 3.28125000000000000e-01 0 1
5 0 -6.56250000000000000e-01 0 1
5 0 1.87500000000000000e-01 1 1
5 0 9.84375000000000000e-01 1 1
5 0 -7.34375000000000000e-01 0 1
5 0 5.46875000000000000e-01 1 1
5 0 -9.37500000000000000e-01 0 1
5 0 2.50000000000000000e-01 1 1
5 0 5.15625000000000000e-01 0 1
5 0 -9.06250000000000000e-01 0 1
5 0 9.06250000000000000e-01 1 1
5 0 5.78125000000000000e-01 1 1
5 0 -1.40625000000000000e-01 1 1
5 0 2.03125000000000000e-01 0 1
5 0 -1.71875000000000000e-01 1 1
5 0 9.06250000000000000e-01 1 1
5 0 8.12500000000000000e-01 0 1
5 0 1.87500000000000000e-01 1 1
5 0 -1.87500000000000000e-01 0 1
5 0 -4.37500000000000000e-01 1 1
5 0 -2.18750000000000000e-01 0 1
5 0 -5.15625000000000000e-01 0 1
5 0 -5.62500000000000000e-01 1 1
5 0 -6.25000000000000000e-02 0 1
5 0 -4.53125000000000000e-01 0 1
5 0 5.46875000000000000e-01 1 1
5 0 -7.65625000000000000e-01 0 1
5 0 -5.93750000000000000e-01 0 1
5 0 -5.15625000000000000e-01 1 1
5 0 -2.65625000000000000e-01 0 1
5 0 5.93750000000000000e-01 1 1
5 0 -3.75000000000000000e-01 0 1
5 0 1.71875000000000000e-01 1 1
5 0 4.21875000000000000e-01 0 1
5 1 -8.75000000000000000e-01 0 1
5 0 6.09375000000000000e-01 1 1
5 0 5.00000000000000000e-01 1 1
5 0 9.06250000000000000e-01 1 1
5 0 6.87500000000000000e-01 1 1
5 0 7.81250000000000000e-01 1 1
5 0 -9.21875000000000000e-01 0 1
5 0 -5.31250000000000000e-01 0 1
5 0 -9.68750000000000000e-01 0 1
5 0 -6.25000000000000000e-02 1 1
5 0 6.56250000000000000e-01 0 1
5 0 8.28125000000000000e-01 1 1
5 0 9.37500000000000000e-01 1 1
5 0 3.59375000000000000e-01 1 1
5 0 3.59375000000000000e-01 1 1
5 0 -8.28125000000000000e-01 0 1
5 0 -9.21875000000000000e-01 0 1
5 0 6.40625000000000000e-01 1 1
5 0 4.53125000000000000e-01 0 1
5 0 9.68750000000000000e-01 1 1
5 0 8.28125000000000000e-01 1 1
5 0 -6.09375000000000000e-01 0 1
5 0 -1.25000000000000000e-01 1 1
5 0 7.03125000000000000e-01 1 1
5 0 5.00000000000000000e-01 0 1
5 0 4.53125000000000000e-01 1 1
5 0 4.37500000000000000e-01 1 1
5 0 9.21875000000000000e-01 1 1
5 0 4.84375000000000000e-01 1 1
5 0 5.46875000000000000e-01 0 1
5 0 -4.68750000000000000e-01 1 1
5 0 -3.75000000000000000e-01 0 1
5 0 -7.03125000000000000e-01 0 1
5 0 -5.62500000000000000e-01 0 1
5 0 4.68750000000000000e-01 1 1
5 0 -3.28125000000000000e-01 0 1
5 0 7.34375000000000000e-01 1 1
5 0 1.40625000000000000e-01 1 1
5 0 -6.56250000000000000e-01 0 1
5 0 6.09375000000000000e-01 1 1
5 0 7.81250000000000000e-02 0 1
5 0 -8.90625000000000000e-01 0 1
5 0 4.68750000000000000e-02 1 1
5 0 -4.84375000000000000e-01 0 1
5 0 -7.96875000000000000e-01 0 1
5 0 -1.87500000000000000e-01 1 1
5 0 9.06250000000000000e-01 1 1
5 0 -7.81250000000000000e-01 0 1
5 0 2.65625000000000000e-01 0 1
5 0 2.50000000000000000e-01 1 1
5 0 6.09375000000000000e-01 1 1
5 0 1.71875000000000000e-01 0 1
5 0 9.06250000000000000e-01 1 1
5 0 -7.81250000000000000e-01 0 1
5 0 -1.87500000000000000e-01 1 1
5 0 -1.56250000000000000e-02 0 1
5 0 9.06250000000000000e-01 1 1
5 0 9.37500000000000000e-02 1 1
5 0 -3.90625000000000000e-01 0 1
5 0 0.00000000000000000e+00 1 1
5 0 1.40625000000000000e-01 0 1
5 0 -4.84375000000000000e-01 0 1
5 0 2.96875000000000000e-01 1 1
5 0 6.71875000000000000e-01 1 1
5 0 -1.71875000000000000e-01 0 1
5 0 7.96875000000000000e-01 1 1
5 0 -4.06250000000000000e-01 1 1
5 0 3.59375000000000000e-01 0 1
5 0 4.06250000000000000e-01 1 1
5 0 -8.75000000000000000e-01 0 1
5 0 5.78125000000000000e-01 1 1
5 0 9.06250000000000000e-01 1 1
5 0 -5.00000000000000000e-01 0 1
5 0 6.56250000000000000e-01 1 1
5 0 7.81250000000000000e-02 0 1
5 0 4.06250000000000000e-01 1 1
5 1 -9.53125000000000000e-01 0 1
5 0 -3.12500000000000000e-01 1 1
5 0 9.37500000000000000e-02 0 1
5 0 3.12500000000000000e-02 1 1
5 0 -6.40625000000000000e-01 0 1
5 0 3.43750000000000000e-01 1 1
5 0 1.25000000000000000e-01 0 1
5 0 6.71875000000000000e-01 1 1
5 0 -4.68750000000000000e-01 0 1
5 0 -6.09375000000000000e-01 1 1
5 0 6.56250000000000000e-01 0 1
5 0 -6.87500000000000000e-01 1 1
5 0 1.87500000000000000e-01 0 1
5 0 -3.12500000000000000e-01 1 1
5 0 -4.37500000000000000e-01 0 1
5 0 -5.46875000000000000e-01 0 1
5 0 7.18750000000000000e-01 1 1
5 0 -4.68750000000000000e-02 0 1
5 0 3.59375000000000000e-01 1 1
5 0 -3.28125000000000000e-01 0 1
5 0 -3.28125000000000000e-01 1 1
5 0 1.56250000000000000e-01 0 1
5 0 1.40625000000000000e-01 1 1
5 1 5.00000000000000000e-01 0 1
5 0 -4.68750000000000000e-02 1 1
5 0 -8.90625000000000000e-01 0 1
5 0 5.78125000000000000e-01 1 1
5 0 3.12500000000000000e-02 0 1
5 0 -2.03125000000000000e-01 1 1
5 0 1.56250000000000000e-02 0 1
5 0 -6.25000000000000000e-02 1 1
5 0 2.18750000000000000e-01 0 1
5 0 -4.68750000000000000e-01 1 1
5 0 5.00000000000000000e-01 0 1
5 0 1.56250000000000000e-01 1 1
5 0 1.71875000000000000e-01 1 1
5 0 -4.84375000000000000e-01 0 1
5 0 4.53125000000000000e-01 0 1
5 0 -7.18750000000000000e-01 1 1
5 0 5.93750000000000000e-01 0 1
5 0 -5.46875000000000000e-01 1 1
5 0 0.00000000000000000e+00 0 1
5 0 -3.59375000000000000e-01 0 1
5 0 9.68750000000000000e-01 1 1
5 0 -5.62500000000000000e-01 1 1
5 0 -7.03125000000000000e-01 0 1
5 0 -4.84375000000000000e-01 0 1
5 0 -5.62500000000000000e-01 0 1
5 0 -3.12500000000000000e-01 1 1
5 0 -3.12500000000000000e-01 0 1
5 0 -1.87500000000000000e-01 0 1
5 0 2.50000000000000000e-01 1 1
5 0 -5.46875000000000000e-01 0 1
5 0 -9.37500000000000000e-01 0 1
5 0 3.12500000000000000e-02 1 1
5 0 8.75000000000000000e-01 1 1
5 0 -6.87500000000000000e-01 0 1
5 0 -6.09375000000000000e-01 0 1
5 0 -9.37500000000000000e-01 0 1
5 0 9.06250000000000000e-01 1 1
5 0 -9.53125000000000000e-01 0 1
5 0 -2.96875000000000000e-01 0 1
5 0 -7.96875000000000000e-01 1 1
5 0 7.50000000000000000e-01 0 1
5 0 -6.40625000000000000e-01 1 1
5 0 3.59375000000000000e-01 0 1
5 0 7.18750000000000000e-01 1 1
5 0 -2.65625000000000000e-01 1 1
5 0 -8.28125000000000000e-01 0 1
5 0 -6.09375000000000000e-01 0 1
5 0 3.90625000000000000e-01 0 1
5 0 5.93750000000000000e-01 1 1
5 0 3.28125000000000000e-01 1 1
5 0 4.21875000000000000e-01 1 1
5 0 -6.25000000000000000e-02 0 1
5 0 3.59375000000000000e-01 1 1
5 0 -5.78125000000000000e-01 0 1
5 0 3.75000000000000000e-01 1 1
5 0 -5.46875000000000000e-01 0 1
5 0 -6.09375000000000000e-01 0 1
5 0 7.03125000000000000e-01 1 1
5 0 7.18750000000000000e-01 1 1
5 0 -4.21875000000000000e-01 0 1
5 0 3.12500000000000000e-01 1 1
5 0 -1.56250000000000000e-02 0 1
5 0 -9.37500000000000000e-01 0 1
5 0 -9.53125000000000000e-01 0 1
5 0 3.90625000000000000e-01 1 1
5 0 -2.65625000000000000e-01 0 1
5 0 -1.56250000000000000e-02 1 1
5 0 -8.12500000000000000e-01 0 1
5 0 2.03125000000000000e-01 1 1
5 0 4.06250000000000000e-01 0 1
5 0 4.06250000000000000e-01 1 1
5 0 8.75000000000000000e-01 1 1
5 0 5.00000000000000000e-01 1 1
5 0 -8.28125000000000000e-01 0 1
5 0 -9.37500000000000000e-02 0 1
5 0 5.93750000000000000e-01 1 1
5 0 -2.65625000000000000e-01 0 1
5 0 -9.37500000000000000e-02 1 1
5 0 3.12500000000000000e-02 0 1
5 0 -8.12500000000000000e-01 0 1
5 0 -7.34375000000000000e-01 1 1
5 1 -9.68750000000000000e-01 0 1
5 0 9.21875000000000000e-01 1 1
5 0 -2.18750000000000000e-01 1 1
5 0 -8.43750000000000000e-01 0 1
5 0 7.34375000000000000e-01 1 1
5 0 -9.53125000000000000e-01 0 1
5 0 7.50000000000000000e-01 1 1
5 0 4.06250000000000000e-01 0 1
5 0 5.46875000000000000e-01 1 1
5 0 7.81250000000000000e-02 1 1
5 0 4.37500000000000000e-01 0 1
5 0 -8.59375000000000000e-01 1 1
5 0 1.56250000000000000e-01 0 1
5 0 -4.21875000000000000e-01 0 1
5 0 1.87500000000000000e-01 1 1
5 0 -6.56250000000000000e-01 0 1
5 0 -4.53125000000000000e-01 0 1
5 0 -1.71875000000000000e-01 1 1
5 0 -3.59375000000000000e-01 0 1
5 0 9.37500000000000000e-01 1 1
5 0 5.93750000000000000e-01 1 1
5 0 -7.81250000000000000e-02 0 1
5 0 -2.03125000000000000e-01 1 1
5 0 -3.28125000000000000e-01 0 1
5 0 4.68750000000000000e-01 1 1
5 0 -1.40625000000000000e-01 0 1
5 0 -7.81250000000000000e-02 1 1
5 0 2.65625000000000000e-01 0 1
5 0 1.71875000000000000e-01 1 1
5 0 -7.34375000000000000e-01 0 1
5 0 6.09375000000000000e-01 1 1
5 0 -9.37500000000000000e-01 0 1
5 0 5.31250000000000000e-01 1 1
5 0 9.06250000000000000e-01 1 1
5 0 -6.71875000000000000e-01 0 1
5 0 -9.53125000000000000e-01 0 1
5 0 -1.09375000000000000e-01 0 1
5 0 0.00000000000000000e+00 1 1
5 0 -2.50000000000000000e-01 0 1
5 0 7.50000000000000000e-01 1 1
5 0 1.25000000000000000e-01 1 1
5 0 1.40625000000000000e-01 0 1
5 0 -3.43750000000000000e-01 0 1
5 0 1.56250000000000000e-02 1 1
5 0 -7.18750000000000000e-01 0 1
5 0 2.50000000000000000e-01 1 1
5 0 -3.43750000000000000e-01 0 1
5 0 6.56250000000000000e-01 1 1
5 0 7.50000000000000000e-01 1 1
5 0 -1.71875000000000000e-01 0 1
5 0 -4.21875000000000000e-01 0 1
5 0 8.59375000000000000e-01 1 1
5 0 -6.25000000000000000e-01 1 1
5 0 2.96875000000000000e-01 0 1
5 0 -3.12500000000000000e-01 1 1
5 0 -9.37500000000000000e-02 0 1
5 0 -2.96875000000000000e-01 0 1
5 0 -5.15625000000000000e-01 1 1
5 0 -5.00000000000000000e-01 0 1
5 0 -5.31250000000000000e-01 0 1
5 0 5.62500000000000000e-01 1 1
5 0 1.56250000000000000e-01 0 1
5 0 -4.21875000000000000e-01 1 1
5 0 -2.65625000000000000e-01 0 1
5 0 -2.03125000000000000e-01 1 1
5 0 2.50000000000000000e-01 0 1
5 0 4.21875000000000000e-01 1 1
5 0 -9.53125000000000000e-01 0 1
5 0 2.96875000000000000e-01 1 1
5 0 2.34375000000000000e-01 0 1
5 0 4.84375000000000000e-01 1 1
5 0 -9.68750000000000000e-01 0 1
5 0 -1.25000000000000000e-01 0 1
5 0 -7.18750000000000000e-01 1 1
5 0 3.28125000000000000e-01 0 1
5 0 3.12500000000000000e-02 1 1
5 0 7.50000000000000000e-01 1 1
5 0 -6.71875000000000000e-01 0 1
5 0 -8.12500000000000000e-01 0 1
5 0 7.96875000000000000e-01 1 1
5 0 -2.96875000000000000e-01 0 1
5 0 -7.18750000000000000e-01 0 1
5 0 -1.56250000000000000e-01 1 1
5 0 -6.25000000000000000e-02 0 1
5 0 0.00000000000000000e+00 1 1
5 0 0.00000000000000000e+00 0 1
5 0 -5.93750000000000000e-01 0 1
5 0 5.46875000000000000e-01 1 1
5 0 2.18750000000000000e-01 1 1
5 0 1.71875000000000000e-01 0 1
5 0 7.34375000000000000e-01 1 1
5 1 -3.28125000000000000e-01 0 1
5 0 8.28125000000000000e-01 1 1
5 0 -3.59375000000000000e-01 1 1
5 0 -5.62500000000000000e-01 0 1
5 0 2.03125000000000000e-01 1 1
5 0 5.15625000000000000e-01 0 1
5 0 -8.12500000000000000e-01 0 1
5 0 -3.28125000000000000e-01 1 1
5 0 -4.21875000000000000e-01 0 1
5 0 -8.28125000000000000e-01 0 1
5 0 -7.03125000000000000e-01 0 1
5 0 -9.53125000000000000e-01 0 1
5 0 -4.53125000000000000e-01 1 1
5 0 -3.12500000000000000e-01 0 1
5 0 -2.50000000000000000e-01 0 1
5 0 -2.50000000000000000e-01 1 1
5 0 -3.12500000000000000e-02 0 1
5 0 -5.62500000000000000e-01 0 1
5 0 -3.59375000000000000e-01 1 1
5 0 7.81250000000000000e-02 0 1
5 0 6.56250000000000000e-01 1 1
5 0 3.28125000000000000e-01 1 1
5 0 4.68750000000000000e-02 0 1
5 0 -2.81250000000000000e-01 1 1
5 0 8.28125000000000000e-01 1 1
5 0 -3.59375000000000000e-01 0 1
5 0 -2.34375000000000000e-01 0 1
5 0 -4.68750000000000000e-01 0 1
5 0 1.25000000000000000e-01 1 1
5 0 4.68750000000000000e-02 1 1
5 0 2.65625000000000000e-01 0 1
5 0 -3.12500000000000000e-02 1 1
5 0 2.50000000000000000e-01 0 1
5 0 -6.71875000000000000e-01 0 1
5 0 3.43750000000000000e-01 1 1
5 0 -1.87500000000000000e-01 1 1
5 0 -8.90625000000000000e-01 0 1
5 0 0.00000000000000000e+00 0 1
5 0 4.53125000000000000e-01 1 1
5 0 8.43750000000000000e-01 1 1
5 0 -6.40625000000000000e-01 0 1
5 0 5.78125000000000000e-01 1 1
5 0 3.75000000000000000e-01 0 1
5 0 6.71875000000000000e-01 1 1
5 0 -5.00000000000000000e-01 0 1
5 0 5.31250000000000000e-01 1 1
5 0 6.25000000000000000e-02 1 1
5 0 -7.81250000000000000e-01 0 1
5 0 6.40625000000000000e-01 1 1
5 0 2.03125000000000000e-01 0 1
5 0 -4.21875000000000000e-01 1 1
5 0 -4.68750000000000000e-01 0 1
5 0 -3.59375000000000000e-01 0 1
5 0 -8.59375000000000000e-01 0 1
5 0 7.81250000000000000e-01 1 1
5 0 5.46875000000000000e-01 1 1
5 0 9.53125000000000000e-01 1 1
5 0 -5.31250000000000000e-01 0 1
5 0 6.25000000000000000e-02 1 1
5 0 -9.37500000000000000e-02 0 1
5 0 -9.21875000000000000e-01 0 1
5 0 4.84375000000000000e-01 1 1
5 0 7.50000000000000000e-01 1 1
5 0 -2.81250000000000000e-01 0 1
5 0 1.56250000000000000e-01 1 1
5 0 -7.50000000000000000e-01 0 1
5 0 4.53125000000000000e-01 1 1
5 0 -5.00000000000000000e-01 0 1
5 0 7.03125000000000000e-01 1 1
5 0 -7.50000000000000000e-01 0 1
5 0 -6.71875000000000000e-01 0 1
5 0 9.84375000000000000e-01 1 1
5 0 9.21875000000000000e-01 1 1
5 0 -7.03125000000000000e-01 0 1
5 0 5.31250000000000000e-01 1 1
5 0 -7.96875000000000000e-01 0 1
5 0 7.50000000000000000e-01 1 1
5 0 7.34375000000000000e-01 1 1
5 0 -5.31250000000000000e-01 0 1
5 0 -9.37500000000000000e-01 0 1
5 0 8.28125000000000000e-01 1 1
5 0 -2.50000000000000000e-01 0 1
5 0 2.18750000000000000e-01 1 1
5 0 1.40625000000000000e-01 0 1
5 0 3.28125000000000000e-01 1 1
5 0 -4.06250000000000000e-01 0 1
5 0 -4.68750000000000000e-02 1 1
5 0 9.84375000000000000e-01 1 1
5 0 -9.53125000000000000e-01 0 1
5 0 9.53125000000000000e-01 1 1
5 0 -7.03125000000000000e-01 0 1
5 0 8.12500000000000000e-01 1 1
5 0 -5.15625000000000000e-01 0 1
5 0 -3.12500000000000000e-02 1 1
5 0 -5.78125000000000000e-01 0 1
5 0 6.25000000000000000e-02 0 1
5 0 2.96875000000000000e-01 1 1
5 0 -7.81250000000000000e-02 0 1
5 0 -7.18750000000000000e-01 1 1
5 0 6.09375000000000000e-01 0 1
5 0 -7.34375000000000000e-01 1 1
5 0 7.34375000000000000e-01 0 1
5 0 -4.53125000000000000e-01 1 1
5 0 -7.03125000000000000e-01 0 1
5 0 -9.84375000000000000e-01 0 1
5 0 -6.09375000000000000e-01 0 1
5 0 9.37500000000000000e-01 1 1
5 0 -3.12500000000000000e-01 0 1
5 0 2.65625000000000000e-01 1 1
5 0 6.25000000000000000e-01 1 1
5 0 5.62500000000000000e-01 1 1
5 0 5.78125000000000000e-01 0 1
5 0 -9.68750000000000000e-01 0 1
5 0 -2.96875000000000000e-01 1 1
5 0 -7.18750000000000000e-01 0 1
5 0 6.25000000000000000e-01 1 1
5 0 2.65625000000000000e-01 0 1
5 0 -4.53125000000000000e-01 1 1
5 0 -8.43750000000000000e-01 0 1
5 0 2.96875000000000000e-01 0 1
5 0 5.15625000000000000e-01 1 1
5 0 1.40625000000000000e-01 1 1
5 0 2.50000000000000000e-01 0 1
5 0 5.46875000000000000e-01 1 1
5 0 -9.37500000000000000e-01 0 1
5 0 -2.03125000000000000e-01 0 1
5 0 -8.59375000000000000e-01 1 1
5 0 2.50000000000000000e-01 0 1
5 0 7.81250000000000000e-01 1 1
5 0 -3.28125000000000000e-01 0 1
5 0 -5.00000000000000000e-01 1 1
5 0 -8.90625000000000000e-01 0 1
5 0 1.71875000000000000e-01 0 1
5 0 1.25000000000000000e-01 1 1
5 0 1.09375000000000000e-01 0 1
5 0 5.00000000000000000e-01 1 1
5 0 8.28125000000000000e-01 1 1
5 0 5.31250000000000000e-01 1 1
5 0 7.03125000000000000e-01 1 1
5 0 -2.03125000000000000e-01 0 1
5 0 4.68750000000000000e-02 1 1
5 0 -1.25000000000000000e-01 0 1
5 0 -2.50000000000000000e-01 0 1
5 0 2.65625000000000000e-01 1 1
5 0 -2.65625000000000000e-01 0 1
5 0 -2.34375000000000000e-01 1 1
5 0 -2.34375000000000000e-01 0 1
5 0 -7.18750000000000000e-01 0 1
5 0 3.12500000000000000e-01 1 1
5 0 5.78125000000000000e-01 1 1
5 0 -7.81250000000000000e-02 0 1
5 0 -3.43750000000000000e-01 1 1
5 0 7.96875000000000000e-01 0 1
5 0 -7.65625000000000000e-01 1 1
5 0 2.65625000000000000e-01 0 1
5 0 -5.93750000000000000e-01 0 1
5 0 -1.25000000000000000e-01 1 1
5 0 7.50000000000000000e-01 1 1
5 0 9.53125000000000000e-01 1 1
5 0 -6.71875000000000000e-01 0 1
5 0 1.56250000000000000e-01 0 1
5 0 4.53125000000000000e-01 1 1
5 0 4.53125000000000000e-01 1 1
5 0 -5.31250000000000000e-01 0 1
5 0 3.28125000000000000e-01 1 1
5 0 6.25000000000000000e-02 0 1
5 0 -1.56250000000000000e-02 1 1
5 0 7.81250000000000000e-01 1 1
5 0 -6.09375000000000000e-01 0 1
5 0 -1.25000000000000000e-01 0 1
5 0 6.71875000000000000e-01 1 1
5 0 9.21875000000000000e-01 1 1
5 0 -4.53125000000000000e-01 0 1
5 0 1.40625000000000000e-01 1 1
5 0 -5.62500000000000000e-01 0 1
5 0 -8.75000000000000000e-01 0 1
5 0 -6.09375000000000000e-01 0 1
5 0 4.37500000000000000e-01 1 1
5 0 -5.78125000000000000e-01 0 1
5 0 8.12500000000000000e-01 1 1
5 0 8.12500000000000000e-01 1 1
5 0 -3.12500000000000000e-02 1 1
5 0 -5.31250000000000000e-01 0 1
5 0 8.28125000000000000e-01 1 1
5 0 5.00000000000000000e-01 1 1
5 0 6.87500000000000000e-01 0 1
5 0 -6.40625000000000000e-01 1 1
5 0 3.28125000000000000e-01 0 1
5 0 5.62500000000000000e-01 1 1
5 0 -6.87500000000000000e-01 0 1
5 0 -3.59375000000000000e-01 1 1
5 0 7.03125000000000000e-01 0 1
5 0 -5.46875000000000000e-01 1 1
5 0 6.71875000000000000e-01 0 1
5 0 -9.37500000000000000e-02 1 1
5 0 6.56250000000000000e-01 1 1
5 0 2.18750000000000000e-01 0 1
5 0 5.31250000000000000e-01 1 1
5 0 2.18750000000000000e-01 1 1
5 0 7.81250000000000000e-02 0 1
5 0 4.21875000000000000e-01 1 1
5 0 -9.37500000000000000e-01 0 1
5 0 3.12500000000000000e-01 1 1
5 0 1.40625000000000000e-01 0 1
5 0 -5.31250000000000000e-01 0 1
5 0 -8.90625000000000000e-01 1 1
5 0 6.40625000000000000e-01 0 1
5 0 2.03125000000000000e-01 1 1
5 0 -8.59375000000000000e-01 0 1
5 0 -7.50000000000000000e-01 0 1
5 0 1.71875000000000000e-01 1 1
5 0 -3.28125000000000000e-01 0 1
5 0 1.56250000000000000e-01 1 1
5 0 -3.12500000000000000e-01 0 1
5 0 2.03125000000000000e-01 1 1
5 0 6.25000000000000000e-02 0 1
5 0 -8.43750000000000000e-01 0 1
5 0 5.78125000000000000e-01 1 1
5 0 -4.06250000000000000e-01 0 1
5 0 -5.62500000000000000e-01 0 1
5 0 -4.53125000000000000e-01 1 1
5 0 -2.03125000000000000e-01 0 1
5 0 5.78125000000000000e-01 1 1
5 0 -9.68750000000000000e-01 0 1
5 0 -7.81250000000000000e-01 0 1
5 0 -1.09375000000000000e-01 1 1
5 0 -2.81250000000000000e-01 0 1
5 0 -4.06250000000000000e-01 0 1
5 0 9.37500000000000000e-02 1 1
5 0 -5.46875000000000000e-01 0 1
5 0 4.37500000000000000e-01 1 1
5 0 6.87500000000000000e-01 1 1
5 0 0.00000000000000000e+00 0 1
5 0 5.62500000000000000e-01 1 1
5 0 -1.71875000000000000e-01 0 1
5 0 5.46875000000000000e-01 1 1
5 0 -5.31250000000000000e-01 0 1
5 0 7.50000000000000000e-01 1 1
5 0 6.09375000000000000e-01 1 1
5 0 -1.40625000000000000e-01 0 1
5 0 2.50000000000000000e-01 1 1
5 0 -2.96875000000000000e-01 0 1
5 0 -3.59375000000000000e-01 1 1
5 0 -3.12500000000000000e-01 0 1
5 0 -8.90625000000000000e-01 0 1
5 0 5.31250000000000000e-01 1 1
5 0 -9.37500000000000000e-01 0 1
5 0 -3.75000000000000000e-01 0 1
5 0 1.87500000000000000e-01 1 1
5 0 8.28125000000000000e-01 1 1
5 0 -6.87500000000000000e-01 0 1
5 0 -4.21875000000000000e-01 0 1
5 0 -5.00000000000000000e-01 0 1
5 0 9.53125000000000000e-01 1 1
5 0 7.50000000000000000e-01 1 1
5 0 7.18750000000000000e-01 1 1
5 0 -2.96875000000000000e-01 0 1
5 0 -1.71875000000000000e-01 1 1
5 0 -4.06250000000000000e-01 0 1
5 0 5.78125000000000000e-01 1 1
5 0 3.12500000000000000e-01 1 1
5 0 -4.84375000000000000e-01 0 1
5 0 3.59375000000000000e-01 0 1
5 0 3.12500000000000000e-01 1 1
5 0 5.93750000000000000e-01 1 1
5 0 9.37500000000000000e-01 1 1
5 0 4.84375000000000000e-01 1 1
5 0 -5.31250000000000000e-01 0 1
5 0 4.68750000000000000e-01 1 1
5 0 -6.25000000000000000e-02 0 1
5 0 -3.43750000000000000e-01 0 1
5 0 8.75000000000000000e-01 1 1
5 0 -2.65625000000000000e-01 1 1
5 0 -7.34375000000000000e-01 0 1
5 0 6.40625000000000000e-01 1 1
5 0 -7.03125000000000000e-01 0 1
5 0 6.56250000000000000e-01 1 1
5 0 -9.68750000000000000e-01 0 1
5 0 -5.00000000000000000e-01 0 1
5 0 -6.25000000000000000e-01 0 1
5 0 2.18750000000000000e-01 1 1
5 0 3.43750000000000000e-01 0 1
5 0 5.46875000000000000e-01 1 1
5 0 7.81250000000000000e-02 1 1
5 0 -2.81250000000000000e-01 0 1
5 0 -2.50000000000000000e-01 0 1
5 0 6.40625000000000000e-01 1 1
5 0 -9.84375000000000000e-01 0 1
5 0 -1.25000000000000000e-01 1 1
5 0 -9.37500000000000000e-02 0 1
5 0 -1.00000000000000000e+00 0 1
5 0 1.71875000000000000e-01 1 1
5 0 -5.46875000000000000e-01 0 1
5 0 6.25000000000000000e-01 1 1
5 0 -5.93750000000000000e-01 0 1
5 0 7.03125000000000000e-01 1 1
5 0 3.28125000000000000e-01 0 1
5 0 1.71875000000000000e-01 1 1
5 0 7.18750000000000000e-01 1 1
5 0 -2.50000000000000000e-01 0 1
5 0 -1.56250000000000000e-02 1 1
5 0 2.50000000000000000e-01 0 1
5 0 8.43750000000000000e-01 1 1
5 0 -1.25000000000000000e-01 1 1
5 0 7.96875000000000000e-01 1 1
5 0 -9.37500000000000000e-02 0 1
5 0 -9.84375000000000000e-01 0 1
5 0 -1.56250000000000000e-02 1 1
5 0 -7.81250000000000000e-02 0 1
5 0 -3.75000000000000000e-01 0 1
5 0 8.90625000000000000e-01 1 1
5 0 6.09375000000000000e-01 1 1
5 0 -3.90625000000000000e-01 0 1
5 0 5.15625000000000000e-01 1 1
5 0 -5.15625000000000000e-01 0 1
5 0 3.12500000000000000e-01 1 1
5 0 3.43750000000000000e-01 1 1
5 0 -4.68750000000000000e-01 0 1
5 0 6.25000000000000000e-01 1 1
5 0 -6.71875000000000000e-01 0 1
5 0 3.59375000000000000e-01 1 1
5 0 -4.68750000000000000e-01 0 1
5 0 3.59375000000000000e-01 1 1
5 0 -9.37500000000000000e-02 0 1
5 0 1.87500000000000000e-01 1 1
5 0 -6.40625000000000000e-01 0 1
5 0 6.09375000000000000e-01 1 1
5 0 -4.06250000000000000e-01 0 1
5 0 -6.56250000000000000e-01 0 1
5 0 -5.00000000000000000e-01 0 1
5 0 -1.40625000000000000e-01 1 1
5 0 2.34375000000000000e-01 0 1
5 0 8.75000000000000000e-01 1 1
5 0 -4.68750000000000000e-02 1 1
5 0 -7.81250000000000000e-02 0 1
5 0 -1.09375000000000000e-01 1 1
5 0 -2.50000000000000000e-01 0 1
5 0 -4.06250000000000000e-01 0 1
5 0 -7.65625000000000000e-01 1 1
5 0 -5.62500000000000000e-01 0 1
5 0 -1.56250000000000000e-02 0 1
5 0 2.96875000000000000e-01 1 1
5 0 1.56250000000000000e-02 0 1
5 0 2.18750000000000000e-01 1 1
5 0 1.00000000000000000e+00 1 1
5 0 -8.75000000000000000e-01 0 1
5 0 1.87500000000000000e-01 1 1
5 0 2.81250000000000000e-01 0 1
5 0 -7.81250000000000000e-02 1 1
5 0 -9.06250000000000000e-01 0 1
5 0 2.50000000000000000e-01 0 1
5 0 8.59375000000000000e-01 1 1
5 0 -4.37500000000000000e-01 1 1
5 0 4.06250000000000000e-01 0 1
5 0 -2.81250000000000000e-01 1 1
5 0 4.84375000000000000e-01 0 1
5 0 -2.18750000000000000e-01 1 1
5 0 -7.96875000000000000e-01 0 1
5 0 6.25000000000000000e-01 1 1
5 0 7.18750000000000000e-01 1 1
5 0 -3.90625000000000000e-01 0 1
5 0 8.28125000000000000e-01 1 1
5 0 -6.71875000000000000e-01 0 1
5 0 -3.28125000000000000e-01 0 1
5 0 -8.12500000000000000e-01 0 1
5 0 7.81250000000000000e-01 1 1
5 0 6.09375000000000000e-01 1 1
5 0 7.81250000000000000e-02 1 1
5 0 -3.43750000000000000e-01 0 1
5 0 -9.53125000000000000e-01 0 1
5 0 -2.18750000000000000e-01 0 1
5 0 8.75000000000000000e-01 1 1
5 0 -7.65625000000000000e-01 1 1
5 0 -7.81250000000000000e-02 0 1
5 0 2.50000000000000000e-01 1 1
5 0 7.18750000000000000e-01 0 1
5 0 3.43750000000000000e-01 1 1
5 0 -6.40625000000000000e-01 0 1
5 0 9.37500000000000000e-02 1 1
5 0 -7.65625000000000000e-01 0 1
5 0 7.96875000000000000e-01 1 1
5 0 8.28125000000000000e-01 1 1
5 0 -9.21875000000000000e-01 0 1
5 0 4.68750000000000000e-02 0 1
5 0 6.56250000000000000e-01 1 1
5 0 6.40625000000000000e-01 1 1
5 0 -8.75000000000000000e-01 0 1
5 0 -3.43750000000000000e-01 0 1
5 0 4.37500000000000000e-01 1 1
5 0 9.53125000000000000e-01 1 1
5 0 -6.09375000000000000e-01 0 1
5 0 8.43750000000000000e-01 1 1
5 0 9.37500000000000000e-01 1 1
5 0 9.37500000000000000e-01 1 1
5 0 3.12500000000000000e-02 1 1
5 0 -3.12500000000000000e-02 0 1
5 0 -9.21875000000000000e-01 0 1
5 0 -6.40625000000000000e-01 0 1
5 0 -9.68750000000000000e-01 0 1
5 0 8.75000000000000000e-01 1 1
5 0 4.68750000000000000e-01 1 1
5 0 -6.25000000000000000e-02 1 1
5 0 -6.25000000000000000e-02 0 1
5 0 -3.43750000000000000e-01 0 1
5 0 4.68750000000000000e-01 1 1
5 0 5.15625000000000000e-01 1 1
