0 0.00000000000000000e+00 8.00000000000000044e-01 1.19999999999999996e+00 0.00000000000000000e+00 1
0 2.00000000000000011e-01 8.00000000000000044e-01 1.19999999999999996e+00 0.00000000000000000e+00 1
0 5.00000000000000000e-01 8.00000000000000044e-01 1.19999999999999996e+00 1.19999999999999996e+00 1
0 8.00000000000000044e-01 8.00000000000000044e-01 1.19999999999999996e+00 1.19999999999999996e+00 1
0 2.99999999999999989e-01 8.00000000000000044e-01 1.19999999999999996e+00 0.00000000000000000e+00 1
0 0.00000000000000000e+00 8.00000000000000044e-01 1.19999999999999996e+00 0.00000000000000000e+00 1
1 0.00000000000000000e+00 8.00000000000000044e-01 1.19999999999999996e+00 0.00000000000000000e+00 1
1 4.00000000000000022e-01 8.00000000000000044e-01 1.19999999999999996e+00 0.00000000000000000e+00 1
1 4.50000000000000011e-01 8.00000000000000044e-01 1.19999999999999996e+00 0.00000000000000000e+00 1
1 5.00000000000000000e-01 8.00000000000000044e-01 1.19999999999999996e+00 1.19999999999999996e+00 1
1 4.00000000000000022e-01 8.00000000000000044e-01 1.19999999999999996e+00 1.19999999999999996e+00 1
1 3.49999999999999978e-01 8.00000000000000044e-01 1.19999999999999996e+00 1.19999999999999996e+00 1
1 3.30000000000000016e-01 8.00000000000000044e-01 1.19999999999999996e+00 1.19999999999999996e+00 1
1 3.09999999999999998e-01 8.00000000000000044e-01 1.19999999999999996e+00 0.00000000000000000e+00 1
1 4.00000000000000022e-01 8.00000000000000044e-01 1.19999999999999996e+00 0.00000000000000000e+00 1
2 8.00000000000000044e-01 8.00000000000000044e-01 1.19999999999999996e+00 1.19999999999999996e+00 1
2 8.00000000000000044e-01 0.00000000000000000e+00 1.19999999999999996e+00 0.00000000000000000e+00 1
2 0.00000000000000000e+00 0.00000000000000000e+00 1.19999999999999996e+00 0.00000000000000000e+00 1
2 4.00000000000000022e-01 8.00000000000000044e-01 1.19999999999999996e+00 0.00000000000000000e+00 1
3 5.99999999999999978e-01 1.00000000000000000e+00 1.80000000000000004e+00 0.00000000000000000e+00 1
3 5.00000000000000000e-01 1.00000000000000000e+00 1.80000000000000004e+00 0.00000000000000000e+00 1
3 3.49999999999999978e-01 1.00000000000000000e+00 1.80000000000000004e+00 0.00000000000000000e+00 1
3 3.49999999999999978e-01 1.00000000000000000e+00 3.29999999999999982e+00 0.00000000000000000e+00 1
4 4.61999999999999980e-02 0.00000000000000000e+00 1.19999999999999996e+00 0.00000000000000000e+00 1
4 5.02399999999999958e-01 9.00000000000000022e-01 3.29999999999999982e+00 0.00000000000000000e+00 1
4 1.95000000000000000e-02 8.00000000000000044e-01 1.19999999999999996e+00 0.00000000000000000e+00 1
4 3.27699999999999991e-01 5.99999999999999978e-01 3.29999999999999982e+00 0.00000000000000000e+00 1
4 2.08999999999999984e-02 0.00000000000000000e+00 1.19999999999999996e+00 0.00000000000000000e+00 1
4 3.01900000000000002e-01 5.99999999999999978e-01 1.80000000000000004e+00 0.00000000000000000e+00 1
4 8.08999999999999997e-02 2.50000000000000000e-01 1.80000000000000004e+00 0.00000000000000000e+00 1
4 2.31999999999999984e-02 0.00000000000000000e+00 3.29999999999999982e+00 0.00000000000000000e+00 1
4 2.07699999999999996e-01 8.00000000000000044e-01 1.19999999999999996e+00 0.00000000000000000e+00 1
4 8.48300000000000054e-01 9.00000000000000022e-01 1.80000000000000004e+00 1.80000000000000004e+00 1
4 8.90999999999999986e-02 2.50000000000000000e-01 1.19999999999999996e+00 0.00000000000000000e+00 1
4 3.33999999999999991e-02 0.00000000000000000e+00 3.29999999999999982e+00 0.00000000000000000e+00 1
4 4.03100000000000014e-01 8.00000000000000044e-01 1.80000000000000004e+00 0.00000000000000000e+00 1
4 5.05700000000000038e-01 5.99999999999999978e-01 3.29999999999999982e+00 3.29999999999999982e+00 1
4 5.90400000000000036e-01 8.00000000000000044e-01 1.19999999999999996e+00 1.19999999999999996e+00 1
4 8.45000000000000057e-02 0.00000000000000000e+00 1.80000000000000004e+00 0.00000000000000000e+00 1
4 7.26400000000000046e-01 8.00000000000000044e-01 1.80000000000000004e+00 1.80000000000000004e+00 1
4 5.56100000000000039e-01 8.00000000000000044e-01 3.29999999999999982e+00 3.29999999999999982e+00 1
4 6.01600000000000024e-01 9.00000000000000022e-01 1.80000000000000004e+00 1.80000000000000004e+00 1
4 8.92000000000000015e-02 5.99999999999999978e-01 1.80000000000000004e+00 0.00000000000000000e+00 1
4 2.27899999999999991e-01 2.50000000000000000e-01 1.19999999999999996e+00 0.00000000000000000e+00 1
4 7.49999999999999972e-03 0.00000000000000000e+00 1.19999999999999996e+00 0.00000000000000000e+00 1
4 9.60000000000000020e-02 5.99999999999999978e-01 3.29999999999999982e+00 0.00000000000000000e+00 1
4 4.37000000000000027e-02 0.00000000000000000e+00 3.29999999999999982e+00 0.00000000000000000e+00 1
4 3.40799999999999992e-01 8.00000000000000044e-01 1.80000000000000004e+00 0.00000000000000000e+00 1
4 4.42000000000000004e-01 8.00000000000000044e-01 1.19999999999999996e+00 0.00000000000000000e+00 1
4 1.93200000000000011e-01 2.50000000000000000e-01 3.29999999999999982e+00 0.00000000000000000e+00 1
4 1.35199999999999987e-01 8.00000000000000044e-01 3.29999999999999982e+00 0.00000000000000000e+00 1
4 8.90999999999999986e-02 5.99999999999999978e-01 1.19999999999999996e+00 0.00000000000000000e+00 1
4 1.78600000000000009e-01 8.00000000000000044e-01 1.80000000000000004e+00 0.00000000000000000e+00 1
4 1.14000000000000004e-02 0.00000000000000000e+00 1.19999999999999996e+00 0.00000000000000000e+00 1
4 4.19899999999999995e-01 5.99999999999999978e-01 3.29999999999999982e+00 3.29999999999999982e+00 1
4 2.33699999999999991e-01 2.50000000000000000e-01 3.29999999999999982e+00 0.00000000000000000e+00 1
4 9.28999999999999965e-02 0.00000000000000000e+00 1.19999999999999996e+00 0.00000000000000000e+00 1
4 1.60599999999999993e-01 8.00000000000000044e-01 1.80000000000000004e+00 0.00000000000000000e+00 1
4 3.44000000000000000e-02 0.00000000000000000e+00 1.19999999999999996e+00 0.00000000000000000e+00 1
4 5.19399999999999973e-01 5.99999999999999978e-01 1.19999999999999996e+00 1.19999999999999996e+00 1
4 1.84100000000000014e-01 2.50000000000000000e-01 3.29999999999999982e+00 0.00000000000000000e+00 1
4 6.87899999999999956e-01 8.00000000000000044e-01 1.19999999999999996e+00 1.19999999999999996e+00 1
4 2.64999999999999993e-02 0.00000000000000000e+00 1.80000000000000004e+00 0.00000000000000000e+00 1
4 7.00999999999999956e-02 0.00000000000000000e+00 3.29999999999999982e+00 0.00000000000000000e+00 1
4 1.17499999999999993e-01 5.99999999999999978e-01 1.19999999999999996e+00 0.00000000000000000e+00 1
4 4.68600000000000017e-01 5.99999999999999978e-01 1.80000000000000004e+00 1.80000000000000004e+00 1
4 3.97699999999999998e-01 8.00000000000000044e-01 3.29999999999999982e+00 3.29999999999999982e+00 1
4 3.83000000000000007e-02 8.00000000000000044e-01 1.80000000000000004e+00 0.00000000000000000e+00 1
4 7.98999999999999988e-02 0.00000000000000000e+00 1.19999999999999996e+00 0.00000000000000000e+00 1
4 7.78999999999999970e-02 0.00000000000000000e+00 1.80000000000000004e+00 0.00000000000000000e+00 1
4 2.58299999999999974e-01 9.00000000000000022e-01 1.80000000000000004e+00 0.00000000000000000e+00 1
4 2.53699999999999981e-01 5.99999999999999978e-01 3.29999999999999982e+00 0.00000000000000000e+00 1
4 7.14999999999999941e-02 5.99999999999999978e-01 1.19999999999999996e+00 0.00000000000000000e+00 1
4 7.34000000000000069e-02 0.00000000000000000e+00 3.29999999999999982e+00 0.00000000000000000e+00 1
4 2.99999999999999989e-01 8.00000000000000044e-01 1.80000000000000004e+00 0.00000000000000000e+00 1
4 6.51000000000000051e-02 0.00000000000000000e+00 1.19999999999999996e+00 0.00000000000000000e+00 1
4 9.24999999999999989e-02 0.00000000000000000e+00 1.80000000000000004e+00 0.00000000000000000e+00 1
4 1.82999999999999996e-01 9.00000000000000022e-01 1.19999999999999996e+00 0.00000000000000000e+00 1
4 2.88499999999999979e-01 5.99999999999999978e-01 1.19999999999999996e+00 0.00000000000000000e+00 1
4 3.79300000000000026e-01 8.00000000000000044e-01 3.29999999999999982e+00 0.00000000000000000e+00 1
4 1.54599999999999987e-01 9.00000000000000022e-01 3.29999999999999982e+00 0.00000000000000000e+00 1
4 6.49700000000000055e-01 8.00000000000000044e-01 1.19999999999999996e+00 1.19999999999999996e+00 1
4 5.79400000000000026e-01 8.00000000000000044e-01 1.19999999999999996e+00 1.19999999999999996e+00 1
4 4.97999999999999970e-02 0.00000000000000000e+00 1.19999999999999996e+00 0.00000000000000000e+00 1
4 4.34000000000000011e-02 0.00000000000000000e+00 1.19999999999999996e+00 0.00000000000000000e+00 1
4 1.42399999999999999e-01 2.50000000000000000e-01 3.29999999999999982e+00 0.00000000000000000e+00 1
4 8.44700000000000006e-01 9.00000000000000022e-01 3.29999999999999982e+00 3.29999999999999982e+00 1
4 1.50499999999999995e-01 2.50000000000000000e-01 1.80000000000000004e+00 0.00000000000000000e+00 1
4 2.74299999999999988e-01 8.00000000000000044e-01 3.29999999999999982e+00 0.00000000000000000e+00 1
4 3.42399999999999982e-01 5.99999999999999978e-01 1.19999999999999996e+00 0.00000000000000000e+00 1
4 6.61499999999999977e-01 9.00000000000000022e-01 1.19999999999999996e+00 1.19999999999999996e+00 1
4 3.29799999999999982e-01 8.00000000000000044e-01 3.29999999999999982e+00 3.29999999999999982e+00 1
4 4.27900000000000003e-01 8.00000000000000044e-01 3.29999999999999982e+00 3.29999999999999982e+00 1
4 6.68699999999999961e-01 8.00000000000000044e-01 1.19999999999999996e+00 1.19999999999999996e+00 1
4 5.08399999999999963e-01 8.00000000000000044e-01 3.29999999999999982e+00 3.29999999999999982e+00 1
4 1.62399999999999989e-01 2.50000000000000000e-01 1.80000000000000004e+00 0.00000000000000000e+00 1
4 5.65000000000000016e-02 5.99999999999999978e-01 3.29999999999999982e+00 0.00000000000000000e+00 1
4 5.26200000000000001e-01 8.00000000000000044e-01 1.19999999999999996e+00 1.19999999999999996e+00 1
4 2.24999999999999992e-02 0.00000000000000000e+00 1.19999999999999996e+00 0.00000000000000000e+00 1
4 4.14200000000000013e-01 9.00000000000000022e-01 3.29999999999999982e+00 0.00000000000000000e+00 1
4 4.70200000000000007e-01 8.00000000000000044e-01 1.19999999999999996e+00 0.00000000000000000e+00 1
4 6.28000000000000003e-01 8.00000000000000044e-01 1.19999999999999996e+00 1.19999999999999996e+00 1
4 7.27700000000000014e-01 9.00000000000000022e-01 3.29999999999999982e+00 3.29999999999999982e+00 1
4 4.51000000000000012e-02 0.00000000000000000e+00 1.19999999999999996e+00 0.00000000000000000e+00 1
4 4.36499999999999999e-01 8.00000000000000044e-01 1.80000000000000004e+00 0.00000000000000000e+00 1
4 3.20400000000000018e-01 5.99999999999999978e-01 1.80000000000000004e+00 0.00000000000000000e+00 1
4 2.17999999999999999e-01 9.00000000000000022e-01 1.80000000000000004e+00 0.00000000000000000e+00 1
4 5.32299999999999995e-01 5.99999999999999978e-01 1.19999999999999996e+00 1.19999999999999996e+00 1
4 9.19999999999999984e-03 0.00000000000000000e+00 3.29999999999999982e+00 0.00000000000000000e+00 1
4 4.26700000000000024e-01 8.00000000000000044e-01 1.19999999999999996e+00 0.00000000000000000e+00 1
4 2.19599999999999990e-01 8.00000000000000044e-01 1.80000000000000004e+00 0.00000000000000000e+00 1
4 1.65500000000000008e-01 5.99999999999999978e-01 3.29999999999999982e+00 0.00000000000000000e+00 1
4 2.29999999999999996e-02 5.99999999999999978e-01 1.80000000000000004e+00 0.00000000000000000e+00 1
4 8.26500000000000012e-01 9.00000000000000022e-01 1.19999999999999996e+00 1.19999999999999996e+00 1
4 8.14899999999999958e-01 9.00000000000000022e-01 3.29999999999999982e+00 3.29999999999999982e+00 1
4 8.89999999999999993e-03 8.00000000000000044e-01 1.80000000000000004e+00 0.00000000000000000e+00 1
4 2.17900000000000010e-01 2.50000000000000000e-01 3.29999999999999982e+00 0.00000000000000000e+00 1
4 6.75999999999999934e-02 0.00000000000000000e+00 1.19999999999999996e+00 0.00000000000000000e+00 1
4 2.42100000000000010e-01 2.50000000000000000e-01 1.80000000000000004e+00 0.00000000000000000e+00 1
4 1.68199999999999988e-01 9.00000000000000022e-01 1.80000000000000004e+00 0.00000000000000000e+00 1
4 1.81900000000000006e-01 5.99999999999999978e-01 1.80000000000000004e+00 0.00000000000000000e+00 1
4 5.24000000000000021e-02 0.00000000000000000e+00 3.29999999999999982e+00 0.00000000000000000e+00 1
4 1.04099999999999998e-01 5.99999999999999978e-01 3.29999999999999982e+00 0.00000000000000000e+00 1
4 3.76000000000000015e-02 2.50000000000000000e-01 1.19999999999999996e+00 0.00000000000000000e+00 1
4 1.91999999999999983e-02 2.50000000000000000e-01 1.80000000000000004e+00 0.00000000000000000e+00 1
4 3.46899999999999986e-01 8.00000000000000044e-01 1.19999999999999996e+00 0.00000000000000000e+00 1
4 7.52199999999999980e-01 8.00000000000000044e-01 1.80000000000000004e+00 1.80000000000000004e+00 1
4 4.17700000000000016e-01 5.99999999999999978e-01 1.80000000000000004e+00 1.80000000000000004e+00 1
4 6.80300000000000016e-01 8.00000000000000044e-01 1.80000000000000004e+00 1.80000000000000004e+00 1
4 4.73000000000000018e-02 5.99999999999999978e-01 3.29999999999999982e+00 0.00000000000000000e+00 1
4 5.24100000000000010e-01 5.99999999999999978e-01 1.80000000000000004e+00 1.80000000000000004e+00 1
4 1.75000000000000017e-02 0.00000000000000000e+00 1.80000000000000004e+00 0.00000000000000000e+00 1
4 2.01999999999999992e-02 8.00000000000000044e-01 1.80000000000000004e+00 0.00000000000000000e+00 1
4 5.68100000000000049e-01 8.00000000000000044e-01 3.29999999999999982e+00 3.29999999999999982e+00 1
4 2.20000000000000001e-01 2.50000000000000000e-01 1.80000000000000004e+00 0.00000000000000000e+00 1
4 5.28499999999999970e-01 8.00000000000000044e-01 1.19999999999999996e+00 1.19999999999999996e+00 1
4 1.68000000000000010e-01 5.99999999999999978e-01 1.19999999999999996e+00 0.00000000000000000e+00 1
4 7.53000000000000058e-02 5.99999999999999978e-01 1.19999999999999996e+00 0.00000000000000000e+00 1
4 5.60999999999999971e-02 9.00000000000000022e-01 1.80000000000000004e+00 0.00000000000000000e+00 1
4 1.12100000000000005e-01 2.50000000000000000e-01 3.29999999999999982e+00 0.00000000000000000e+00 1
4 3.48700000000000010e-01 5.99999999999999978e-01 1.19999999999999996e+00 0.00000000000000000e+00 1
4 9.71999999999999947e-02 9.00000000000000022e-01 1.19999999999999996e+00 0.00000000000000000e+00 1
4 7.50700000000000034e-01 9.00000000000000022e-01 1.19999999999999996e+00 1.19999999999999996e+00 1
4 7.32000000000000012e-02 2.50000000000000000e-01 1.80000000000000004e+00 0.00000000000000000e+00 1
4 4.17600000000000027e-01 5.99999999999999978e-01 1.80000000000000004e+00 1.80000000000000004e+00 1
4 8.89999999999999993e-03 8.00000000000000044e-01 1.80000000000000004e+00 0.00000000000000000e+00 1
4 1.79699999999999999e-01 2.50000000000000000e-01 1.80000000000000004e+00 0.00000000000000000e+00 1
4 1.85400000000000009e-01 5.99999999999999978e-01 1.19999999999999996e+00 0.00000000000000000e+00 1
4 7.30800000000000005e-01 9.00000000000000022e-01 1.19999999999999996e+00 1.19999999999999996e+00 1
4 1.61999999999999991e-02 0.00000000000000000e+00 3.29999999999999982e+00 0.00000000000000000e+00 1
4 1.77699999999999997e-01 2.50000000000000000e-01 1.19999999999999996e+00 0.00000000000000000e+00 1
4 4.78000000000000022e-02 8.00000000000000044e-01 3.29999999999999982e+00 0.00000000000000000e+00 1
4 7.74399999999999977e-01 8.00000000000000044e-01 1.19999999999999996e+00 1.19999999999999996e+00 1
4 1.25900000000000012e-01 8.00000000000000044e-01 1.80000000000000004e+00 0.00000000000000000e+00 1
4 2.70000000000000018e-01 8.00000000000000044e-01 1.80000000000000004e+00 0.00000000000000000e+00 1
4 6.31000000000000033e-02 0.00000000000000000e+00 1.80000000000000004e+00 0.00000000000000000e+00 1
4 3.63999999999999990e-01 8.00000000000000044e-01 1.80000000000000004e+00 0.00000000000000000e+00 1
4 1.69999999999999991e-03 0.00000000000000000e+00 3.29999999999999982e+00 0.00000000000000000e+00 1
4 2.63000000000000005e-02 0.00000000000000000e+00 1.19999999999999996e+00 0.00000000000000000e+00 1
4 1.02700000000000000e-01 2.50000000000000000e-01 1.80000000000000004e+00 0.00000000000000000e+00 1
4 5.77699999999999991e-01 8.00000000000000044e-01 1.19999999999999996e+00 1.19999999999999996e+00 1
4 4.70600000000000018e-01 8.00000000000000044e-01 1.19999999999999996e+00 1.19999999999999996e+00 1
4 1.02499999999999994e-01 2.50000000000000000e-01 1.80000000000000004e+00 0.00000000000000000e+00 1
4 2.56500000000000006e-01 8.00000000000000044e-01 1.80000000000000004e+00 0.00000000000000000e+00 1
4 8.00000000000000017e-03 2.50000000000000000e-01 1.19999999999999996e+00 0.00000000000000000e+00 1
4 1.18800000000000003e-01 2.50000000000000000e-01 1.80000000000000004e+00 0.00000000000000000e+00 1
4 4.42099999999999993e-01 5.99999999999999978e-01 1.19999999999999996e+00 1.19999999999999996e+00 1
4 8.83000000000000035e-02 0.00000000000000000e+00 1.19999999999999996e+00 0.00000000000000000e+00 1
4 2.74000000000000007e-02 0.00000000000000000e+00 3.29999999999999982e+00 0.00000000000000000e+00 1
4 5.12900000000000023e-01 5.99999999999999978e-01 3.29999999999999982e+00 3.29999999999999982e+00 1
4 1.80299999999999988e-01 8.00000000000000044e-01 3.29999999999999982e+00 0.00000000000000000e+00 1
4 9.61999999999999938e-02 0.00000000000000000e+00 1.80000000000000004e+00 0.00000000000000000e+00 1
4 5.56200000000000028e-01 5.99999999999999978e-01 3.29999999999999982e+00 3.29999999999999982e+00 1
4 3.53600000000000025e-01 8.00000000000000044e-01 1.19999999999999996e+00 1.19999999999999996e+00 1
4 3.65300000000000014e-01 5.99999999999999978e-01 3.29999999999999982e+00 3.29999999999999982e+00 1
4 5.44499999999999984e-01 5.99999999999999978e-01 1.80000000000000004e+00 1.80000000000000004e+00 1
4 7.61099999999999999e-01 8.00000000000000044e-01 1.80000000000000004e+00 1.80000000000000004e+00 1
4 2.39699999999999996e-01 8.00000000000000044e-01 1.80000000000000004e+00 0.00000000000000000e+00 1
4 8.82600000000000051e-01 9.00000000000000022e-01 1.80000000000000004e+00 1.80000000000000004e+00 1
4 3.62000000000000030e-02 8.00000000000000044e-01 3.29999999999999982e+00 0.00000000000000000e+00 1
4 4.38900000000000012e-01 9.00000000000000022e-01 1.19999999999999996e+00 0.00000000000000000e+00 1
4 1.30000000000000004e-01 2.50000000000000000e-01 3.29999999999999982e+00 0.00000000000000000e+00 1
4 1.24399999999999997e-01 9.00000000000000022e-01 1.80000000000000004e+00 0.00000000000000000e+00 1
4 2.43999999999999995e-01 8.00000000000000044e-01 1.80000000000000004e+00 0.00000000000000000e+00 1
4 6.30000000000000004e-03 0.00000000000000000e+00 1.19999999999999996e+00 0.00000000000000000e+00 1
4 8.84000000000000064e-02 0.00000000000000000e+00 1.80000000000000004e+00 0.00000000000000000e+00 1
4 2.69100000000000006e-01 8.00000000000000044e-01 1.80000000000000004e+00 0.00000000000000000e+00 1
4 3.65300000000000014e-01 8.00000000000000044e-01 3.29999999999999982e+00 0.00000000000000000e+00 1
4 6.75400000000000000e-01 8.00000000000000044e-01 1.80000000000000004e+00 1.80000000000000004e+00 1
4 4.85000000000000014e-02 8.00000000000000044e-01 1.19999999999999996e+00 0.00000000000000000e+00 1
4 7.46800000000000019e-01 9.00000000000000022e-01 1.80000000000000004e+00 1.80000000000000004e+00 1
4 4.60500000000000020e-01 8.00000000000000044e-01 1.19999999999999996e+00 1.19999999999999996e+00 1
4 1.85299999999999992e-01 2.50000000000000000e-01 1.80000000000000004e+00 0.00000000000000000e+00 1
4 3.35999999999999979e-02 2.50000000000000000e-01 1.80000000000000004e+00 0.00000000000000000e+00 1
4 8.59000000000000041e-02 9.00000000000000022e-01 3.29999999999999982e+00 0.00000000000000000e+00 1
4 7.82800000000000051e-01 8.00000000000000044e-01 1.19999999999999996e+00 1.19999999999999996e+00 1
4 5.63000000000000028e-02 8.00000000000000044e-01 1.80000000000000004e+00 0.00000000000000000e+00 1
4 2.96300000000000008e-01 5.99999999999999978e-01 3.29999999999999982e+00 0.00000000000000000e+00 1
4 4.51299999999999979e-01 8.00000000000000044e-01 1.80000000000000004e+00 0.00000000000000000e+00 1
4 2.27000000000000014e-02 2.50000000000000000e-01 1.19999999999999996e+00 0.00000000000000000e+00 1
4 3.52600000000000025e-01 9.00000000000000022e-01 3.29999999999999982e+00 0.00000000000000000e+00 1
4 7.00400000000000023e-01 8.00000000000000044e-01 1.80000000000000004e+00 1.80000000000000004e+00 1
4 3.01200000000000023e-01 9.00000000000000022e-01 3.29999999999999982e+00 0.00000000000000000e+00 1
4 1.94899999999999990e-01 2.50000000000000000e-01 3.29999999999999982e+00 0.00000000000000000e+00 1
4 9.11000000000000004e-02 0.00000000000000000e+00 1.19999999999999996e+00 0.00000000000000000e+00 1
4 1.41399999999999998e-01 5.99999999999999978e-01 1.80000000000000004e+00 0.00000000000000000e+00 1
4 5.05800000000000027e-01 5.99999999999999978e-01 3.29999999999999982e+00 3.29999999999999982e+00 1
4 2.46499999999999997e-01 2.50000000000000000e-01 1.80000000000000004e+00 0.00000000000000000e+00 1
4 1.58599999999999991e-01 2.50000000000000000e-01 1.80000000000000004e+00 0.00000000000000000e+00 1
4 1.37899999999999995e-01 8.00000000000000044e-01 3.29999999999999982e+00 0.00000000000000000e+00 1
4 1.02400000000000005e-01 9.00000000000000022e-01 1.80000000000000004e+00 0.00000000000000000e+00 1
4 2.16200000000000003e-01 9.00000000000000022e-01 3.29999999999999982e+00 0.00000000000000000e+00 1
4 4.62700000000000000e-01 5.99999999999999978e-01 1.19999999999999996e+00 1.19999999999999996e+00 1
4 3.30600000000000005e-01 8.00000000000000044e-01 3.29999999999999982e+00 3.29999999999999982e+00 1
4 3.61800000000000010e-01 5.99999999999999978e-01 3.29999999999999982e+00 3.29999999999999982e+00 1
4 5.43799999999999950e-01 8.00000000000000044e-01 1.80000000000000004e+00 1.80000000000000004e+00 1
4 2.59999999999999988e-03 8.00000000000000044e-01 1.80000000000000004e+00 0.00000000000000000e+00 1
4 2.07300000000000012e-01 2.50000000000000000e-01 3.29999999999999982e+00 0.00000000000000000e+00 1
4 6.51100000000000012e-01 8.00000000000000044e-01 1.19999999999999996e+00 1.19999999999999996e+00 1
4 2.29500000000000010e-01 2.50000000000000000e-01 1.80000000000000004e+00 0.00000000000000000e+00 1
4 4.81499999999999984e-01 5.99999999999999978e-01 1.80000000000000004e+00 1.80000000000000004e+00 1
4 9.87999999999999989e-02 0.00000000000000000e+00 1.80000000000000004e+00 0.00000000000000000e+00 1
4 7.87000000000000061e-02 2.50000000000000000e-01 3.29999999999999982e+00 0.00000000000000000e+00 1
4 7.70599999999999952e-01 9.00000000000000022e-01 3.29999999999999982e+00 3.29999999999999982e+00 1
4 2.27899999999999991e-01 8.00000000000000044e-01 1.19999999999999996e+00 0.00000000000000000e+00 1
4 2.53999999999999990e-02 0.00000000000000000e+00 1.80000000000000004e+00 0.00000000000000000e+00 1
4 5.91700000000000004e-01 9.00000000000000022e-01 3.29999999999999982e+00 3.29999999999999982e+00 1
4 1.87200000000000005e-01 9.00000000000000022e-01 3.29999999999999982e+00 0.00000000000000000e+00 1
4 1.98300000000000004e-01 8.00000000000000044e-01 1.80000000000000004e+00 0.00000000000000000e+00 1
4 2.28399999999999992e-01 5.99999999999999978e-01 3.29999999999999982e+00 0.00000000000000000e+00 1
4 5.00900000000000012e-01 5.99999999999999978e-01 1.80000000000000004e+00 1.80000000000000004e+00 1
4 2.70199999999999996e-01 9.00000000000000022e-01 3.29999999999999982e+00 0.00000000000000000e+00 1
4 7.95399999999999996e-01 9.00000000000000022e-01 1.80000000000000004e+00 1.80000000000000004e+00 1
4 6.61000000000000060e-02 0.00000000000000000e+00 3.29999999999999982e+00 0.00000000000000000e+00 1
4 3.98100000000000009e-01 9.00000000000000022e-01 1.19999999999999996e+00 0.00000000000000000e+00 1
4 1.88000000000000007e-02 2.50000000000000000e-01 1.80000000000000004e+00 0.00000000000000000e+00 1
4 1.21099999999999999e-01 8.00000000000000044e-01 3.29999999999999982e+00 0.00000000000000000e+00 1
4 1.89900000000000013e-01 2.50000000000000000e-01 1.19999999999999996e+00 0.00000000000000000e+00 1
4 3.63400000000000001e-01 8.00000000000000044e-01 1.19999999999999996e+00 0.00000000000000000e+00 1
4 2.18500000000000000e-01 8.00000000000000044e-01 1.19999999999999996e+00 0.00000000000000000e+00 1
4 4.90400000000000003e-01 8.00000000000000044e-01 3.29999999999999982e+00 3.29999999999999982e+00 1
4 2.71999999999999985e-02 0.00000000000000000e+00 1.80000000000000004e+00 0.00000000000000000e+00 1
4 4.25800000000000012e-01 8.00000000000000044e-01 1.80000000000000004e+00 0.00000000000000000e+00 1
4 2.87600000000000022e-01 5.99999999999999978e-01 1.19999999999999996e+00 0.00000000000000000e+00 1
4 4.47699999999999987e-01 5.99999999999999978e-01 1.80000000000000004e+00 1.80000000000000004e+00 1
4 4.32900000000000007e-01 8.00000000000000044e-01 3.29999999999999982e+00 3.29999999999999982e+00 1
4 2.35999999999999995e-02 0.00000000000000000e+00 1.80000000000000004e+00 0.00000000000000000e+00 1
4 1.63800000000000001e-01 2.50000000000000000e-01 3.29999999999999982e+00 0.00000000000000000e+00 1
4 6.99200000000000044e-01 9.00000000000000022e-01 3.29999999999999982e+00 3.29999999999999982e+00 1
4 5.00999999999999987e-02 2.50000000000000000e-01 1.80000000000000004e+00 0.00000000000000000e+00 1
4 7.00000000000000067e-02 0.00000000000000000e+00 3.29999999999999982e+00 0.00000000000000000e+00 1
4 3.66700000000000026e-01 5.99999999999999978e-01 1.19999999999999996e+00 1.19999999999999996e+00 1
4 5.96199999999999952e-01 8.00000000000000044e-01 1.80000000000000004e+00 1.80000000000000004e+00 1
4 2.23200000000000010e-01 2.50000000000000000e-01 1.80000000000000004e+00 0.00000000000000000e+00 1
4 5.55400000000000005e-01 9.00000000000000022e-01 3.29999999999999982e+00 3.29999999999999982e+00 1
4 1.02700000000000000e-01 8.00000000000000044e-01 1.19999999999999996e+00 0.00000000000000000e+00 1
4 2.11299999999999988e-01 2.50000000000000000e-01 1.80000000000000004e+00 0.00000000000000000e+00 1
4 9.56000000000000044e-02 0.00000000000000000e+00 3.29999999999999982e+00 0.00000000000000000e+00 1
4 2.13900000000000007e-01 2.50000000000000000e-01 3.29999999999999982e+00 0.00000000000000000e+00 1
4 3.54800000000000004e-01 9.00000000000000022e-01 1.80000000000000004e+00 0.00000000000000000e+00 1
4 1.26500000000000001e-01 8.00000000000000044e-01 3.29999999999999982e+00 0.00000000000000000e+00 1
4 7.56600000000000050e-01 8.00000000000000044e-01 1.19999999999999996e+00 1.19999999999999996e+00 1
4 2.79999999999999997e-03 2.50000000000000000e-01 1.19999999999999996e+00 0.00000000000000000e+00 1
4 3.35999999999999979e-02 2.50000000000000000e-01 1.19999999999999996e+00 0.00000000000000000e+00 1
4 1.87099999999999989e-01 2.50000000000000000e-01 3.29999999999999982e+00 0.00000000000000000e+00 1
4 1.81900000000000006e-01 9.00000000000000022e-01 1.19999999999999996e+00 0.00000000000000000e+00 1
4 1.94300000000000000e-01 5.99999999999999978e-01 1.80000000000000004e+00 0.00000000000000000e+00 1
4 3.44299999999999995e-01 8.00000000000000044e-01 1.19999999999999996e+00 0.00000000000000000e+00 1
4 5.16000000000000000e-02 9.00000000000000022e-01 3.29999999999999982e+00 0.00000000000000000e+00 1
4 1.37000000000000004e-02 9.00000000000000022e-01 1.19999999999999996e+00 0.00000000000000000e+00 1
4 1.49100000000000010e-01 2.50000000000000000e-01 3.29999999999999982e+00 0.00000000000000000e+00 1
4 3.48100000000000021e-01 8.00000000000000044e-01 1.19999999999999996e+00 0.00000000000000000e+00 1
4 1.06999999999999998e-01 8.00000000000000044e-01 1.19999999999999996e+00 0.00000000000000000e+00 1
4 2.42999999999999994e-01 2.50000000000000000e-01 3.29999999999999982e+00 0.00000000000000000e+00 1
4 4.92400000000000004e-01 8.00000000000000044e-01 1.19999999999999996e+00 1.19999999999999996e+00 1
4 3.45499999999999974e-01 9.00000000000000022e-01 3.29999999999999982e+00 0.00000000000000000e+00 1
4 4.22399999999999998e-01 9.00000000000000022e-01 1.19999999999999996e+00 0.00000000000000000e+00 1
4 5.19900000000000029e-01 8.00000000000000044e-01 1.19999999999999996e+00 1.19999999999999996e+00 1
4 3.88999999999999971e-02 0.00000000000000000e+00 1.19999999999999996e+00 0.00000000000000000e+00 1
4 4.34599999999999986e-01 5.99999999999999978e-01 3.29999999999999982e+00 3.29999999999999982e+00 1
4 7.71299999999999986e-01 9.00000000000000022e-01 1.19999999999999996e+00 1.19999999999999996e+00 1
4 3.63099999999999978e-01 8.00000000000000044e-01 3.29999999999999982e+00 3.29999999999999982e+00 1
4 2.29999999999999996e-03 8.00000000000000044e-01 3.29999999999999982e+00 0.00000000000000000e+00 1
4 4.30499999999999994e-01 9.00000000000000022e-01 1.19999999999999996e+00 0.00000000000000000e+00 1
4 1.01500000000000007e-01 8.00000000000000044e-01 3.29999999999999982e+00 0.00000000000000000e+00 1
4 3.25999999999999970e-02 8.00000000000000044e-01 1.80000000000000004e+00 0.00000000000000000e+00 1
4 1.20700000000000002e-01 2.50000000000000000e-01 1.80000000000000004e+00 0.00000000000000000e+00 1
4 1.38100000000000001e-01 5.99999999999999978e-01 3.29999999999999982e+00 0.00000000000000000e+00 1
4 6.74599999999999977e-01 8.00000000000000044e-01 1.80000000000000004e+00 1.80000000000000004e+00 1
4 8.05000000000000021e-02 5.99999999999999978e-01 1.19999999999999996e+00 0.00000000000000000e+00 1
4 2.64000000000000012e-01 5.99999999999999978e-01 1.80000000000000004e+00 0.00000000000000000e+00 1
4 4.98300000000000021e-01 9.00000000000000022e-01 3.29999999999999982e+00 0.00000000000000000e+00 1
4 5.51999999999999991e-02 8.00000000000000044e-01 3.29999999999999982e+00 0.00000000000000000e+00 1
4 1.92299999999999999e-01 2.50000000000000000e-01 3.29999999999999982e+00 0.00000000000000000e+00 1
4 4.73299999999999998e-01 8.00000000000000044e-01 3.29999999999999982e+00 0.00000000000000000e+00 1
4 4.91099999999999981e-01 8.00000000000000044e-01 1.19999999999999996e+00 1.19999999999999996e+00 1
4 3.15599999999999992e-01 8.00000000000000044e-01 1.80000000000000004e+00 0.00000000000000000e+00 1
4 2.17499999999999999e-01 5.99999999999999978e-01 1.19999999999999996e+00 0.00000000000000000e+00 1
4 6.33000000000000007e-01 9.00000000000000022e-01 1.80000000000000004e+00 1.80000000000000004e+00 1
4 6.51399999999999979e-01 8.00000000000000044e-01 3.29999999999999982e+00 3.29999999999999982e+00 1
4 5.99999999999999947e-04 2.50000000000000000e-01 1.80000000000000004e+00 0.00000000000000000e+00 1
4 1.93000000000000012e-02 8.00000000000000044e-01 1.19999999999999996e+00 0.00000000000000000e+00 1
4 4.94300000000000017e-01 8.00000000000000044e-01 3.29999999999999982e+00 3.29999999999999982e+00 1
4 1.46600000000000008e-01 2.50000000000000000e-01 1.19999999999999996e+00 0.00000000000000000e+00 1
4 2.21599999999999991e-01 5.99999999999999978e-01 3.29999999999999982e+00 0.00000000000000000e+00 1
4 1.98000000000000009e-01 8.00000000000000044e-01 3.29999999999999982e+00 0.00000000000000000e+00 1
4 9.77999999999999980e-02 0.00000000000000000e+00 3.29999999999999982e+00 0.00000000000000000e+00 1
4 2.68000000000000009e-02 0.00000000000000000e+00 1.80000000000000004e+00 0.00000000000000000e+00 1
4 8.45999999999999946e-02 9.00000000000000022e-01 1.19999999999999996e+00 0.00000000000000000e+00 1
4 5.53799999999999959e-01 9.00000000000000022e-01 3.29999999999999982e+00 3.29999999999999982e+00 1
4 1.76400000000000001e-01 9.00000000000000022e-01 1.19999999999999996e+00 0.00000000000000000e+00 1
4 3.18500000000000005e-01 8.00000000000000044e-01 1.80000000000000004e+00 0.00000000000000000e+00 1
4 4.59999999999999992e-02 8.00000000000000044e-01 1.80000000000000004e+00 0.00000000000000000e+00 1
4 2.36800000000000010e-01 5.99999999999999978e-01 1.80000000000000004e+00 0.00000000000000000e+00 1
4 2.19200000000000006e-01 5.99999999999999978e-01 3.29999999999999982e+00 0.00000000000000000e+00 1
4 1.44100000000000006e-01 2.50000000000000000e-01 3.29999999999999982e+00 0.00000000000000000e+00 1
4 2.30300000000000005e-01 9.00000000000000022e-01 1.80000000000000004e+00 0.00000000000000000e+00 1
4 6.09700000000000020e-01 8.00000000000000044e-01 3.29999999999999982e+00 3.29999999999999982e+00 1
4 2.14400000000000007e-01 9.00000000000000022e-01 1.80000000000000004e+00 0.00000000000000000e+00 1
4 5.78300000000000036e-01 8.00000000000000044e-01 3.29999999999999982e+00 3.29999999999999982e+00 1
4 9.51000000000000040e-02 2.50000000000000000e-01 3.29999999999999982e+00 0.00000000000000000e+00 1
4 2.16000000000000011e-02 2.50000000000000000e-01 1.80000000000000004e+00 0.00000000000000000e+00 1
4 2.18700000000000006e-01 2.50000000000000000e-01 1.80000000000000004e+00 0.00000000000000000e+00 1
4 5.85200000000000053e-01 5.99999999999999978e-01 1.19999999999999996e+00 1.19999999999999996e+00 1
4 2.11000000000000007e-02 0.00000000000000000e+00 3.29999999999999982e+00 0.00000000000000000e+00 1
4 4.59799999999999986e-01 8.00000000000000044e-01 3.29999999999999982e+00 0.00000000000000000e+00 1
4 5.62699999999999978e-01 5.99999999999999978e-01 1.19999999999999996e+00 1.19999999999999996e+00 1
4 5.85000000000000034e-02 2.50000000000000000e-01 1.80000000000000004e+00 0.00000000000000000e+00 1
4 5.67100000000000048e-01 8.00000000000000044e-01 1.80000000000000004e+00 1.80000000000000004e+00 1
4 5.05999999999999991e-02 0.00000000000000000e+00 3.29999999999999982e+00 0.00000000000000000e+00 1
4 7.38999999999999935e-02 0.00000000000000000e+00 1.19999999999999996e+00 0.00000000000000000e+00 1
4 3.66400000000000003e-01 5.99999999999999978e-01 1.80000000000000004e+00 1.80000000000000004e+00 1
4 1.80400000000000005e-01 2.50000000000000000e-01 1.19999999999999996e+00 0.00000000000000000e+00 1
4 1.34099999999999997e-01 8.00000000000000044e-01 1.19999999999999996e+00 0.00000000000000000e+00 1
4 8.80299999999999971e-01 9.00000000000000022e-01 1.19999999999999996e+00 1.19999999999999996e+00 1
4 6.11400000000000055e-01 9.00000000000000022e-01 3.29999999999999982e+00 3.29999999999999982e+00 1
4 1.15199999999999997e-01 2.50000000000000000e-01 1.19999999999999996e+00 0.00000000000000000e+00 1
4 3.08000000000000010e-02 5.99999999999999978e-01 1.19999999999999996e+00 0.00000000000000000e+00 1
4 4.60299999999999987e-01 9.00000000000000022e-01 1.19999999999999996e+00 0.00000000000000000e+00 1
4 4.97599999999999987e-01 8.00000000000000044e-01 3.29999999999999982e+00 3.29999999999999982e+00 1
4 2.05999999999999989e-01 2.50000000000000000e-01 1.19999999999999996e+00 0.00000000000000000e+00 1
4 9.67999999999999972e-02 2.50000000000000000e-01 1.19999999999999996e+00 0.00000000000000000e+00 1
4 7.34000000000000069e-02 8.00000000000000044e-01 1.19999999999999996e+00 0.00000000000000000e+00 1
4 5.65699999999999981e-01 9.00000000000000022e-01 3.29999999999999982e+00 3.29999999999999982e+00 1
4 7.68000000000000016e-01 8.00000000000000044e-01 3.29999999999999982e+00 3.29999999999999982e+00 1
4 2.04600000000000004e-01 2.50000000000000000e-01 1.19999999999999996e+00 0.00000000000000000e+00 1
4 5.26000000000000023e-01 9.00000000000000022e-01 3.29999999999999982e+00 0.00000000000000000e+00 1
4 4.26999999999999991e-01 8.00000000000000044e-01 3.29999999999999982e+00 0.00000000000000000e+00 1
4 1.69100000000000000e-01 2.50000000000000000e-01 1.19999999999999996e+00 0.00000000000000000e+00 1
4 8.40000000000000052e-02 0.00000000000000000e+00 1.80000000000000004e+00 0.00000000000000000e+00 1
4 1.67599999999999999e-01 9.00000000000000022e-01 1.80000000000000004e+00 0.00000000000000000e+00 1
4 1.84999999999999991e-02 0.00000000000000000e+00 1.80000000000000004e+00 0.00000000000000000e+00 1
4 6.46000000000000046e-02 0.00000000000000000e+00 1.80000000000000004e+00 0.00000000000000000e+00 1
4 4.58000000000000004e-02 5.99999999999999978e-01 1.80000000000000004e+00 0.00000000000000000e+00 1
4 8.06000000000000050e-02 5.99999999999999978e-01 1.19999999999999996e+00 0.00000000000000000e+00 1
4 2.56599999999999995e-01 5.99999999999999978e-01 1.80000000000000004e+00 0.00000000000000000e+00 1
4 4.40000000000000002e-01 8.00000000000000044e-01 3.29999999999999982e+00 0.00000000000000000e+00 1
4 5.86400000000000032e-01 5.99999999999999978e-01 1.80000000000000004e+00 1.80000000000000004e+00 1
4 4.21099999999999974e-01 5.99999999999999978e-01 3.29999999999999982e+00 3.29999999999999982e+00 1
4 1.33599999999999997e-01 8.00000000000000044e-01 1.80000000000000004e+00 0.00000000000000000e+00 1
4 2.45999999999999996e-01 8.00000000000000044e-01 1.19999999999999996e+00 0.00000000000000000e+00 1
4 7.77699999999999947e-01 9.00000000000000022e-01 3.29999999999999982e+00 3.29999999999999982e+00 1
4 3.98999999999999980e-02 0.00000000000000000e+00 1.19999999999999996e+00 0.00000000000000000e+00 1
4 5.05999999999999991e-02 2.50000000000000000e-01 1.19999999999999996e+00 0.00000000000000000e+00 1
4 2.88800000000000001e-01 5.99999999999999978e-01 1.80000000000000004e+00 0.00000000000000000e+00 1
4 2.83799999999999997e-01 8.00000000000000044e-01 1.80000000000000004e+00 0.00000000000000000e+00 1
4 3.28400000000000025e-01 9.00000000000000022e-01 3.29999999999999982e+00 0.00000000000000000e+00 1
4 1.80600000000000011e-01 2.50000000000000000e-01 1.80000000000000004e+00 0.00000000000000000e+00 1
4 8.72800000000000020e-01 9.00000000000000022e-01 3.29999999999999982e+00 3.29999999999999982e+00 1
4 2.36899999999999999e-01 2.50000000000000000e-01 1.19999999999999996e+00 0.00000000000000000e+00 1
4 3.93400000000000027e-01 8.00000000000000044e-01 1.19999999999999996e+00 0.00000000000000000e+00 1
4 5.00000000000000010e-03 0.00000000000000000e+00 1.19999999999999996e+00 0.00000000000000000e+00 1
4 6.91999999999999976e-02 5.99999999999999978e-01 1.19999999999999996e+00 0.00000000000000000e+00 1
4 4.28999999999999992e-01 5.99999999999999978e-01 1.80000000000000004e+00 1.80000000000000004e+00 1
4 2.42600000000000010e-01 5.99999999999999978e-01 1.19999999999999996e+00 1.19999999999999996e+00 1
4 8.45999999999999946e-02 0.00000000000000000e+00 3.29999999999999982e+00 0.00000000000000000e+00 1
4 3.28699999999999992e-01 8.00000000000000044e-01 3.29999999999999982e+00 0.00000000000000000e+00 1
4 1.31500000000000006e-01 2.50000000000000000e-01 3.29999999999999982e+00 0.00000000000000000e+00 1
4 6.50599999999999956e-01 9.00000000000000022e-01 3.29999999999999982e+00 3.29999999999999982e+00 1
4 7.87000000000000061e-02 0.00000000000000000e+00 1.19999999999999996e+00 0.00000000000000000e+00 1
4 1.43499999999999989e-01 2.50000000000000000e-01 1.80000000000000004e+00 0.00000000000000000e+00 1
4 7.23700000000000010e-01 8.00000000000000044e-01 3.29999999999999982e+00 3.29999999999999982e+00 1
4 2.52000000000000002e-01 8.00000000000000044e-01 3.29999999999999982e+00 0.00000000000000000e+00 1
4 9.61999999999999938e-02 0.00000000000000000e+00 3.29999999999999982e+00 0.00000000000000000e+00 1
4 5.14399999999999968e-01 8.00000000000000044e-01 1.80000000000000004e+00 1.80000000000000004e+00 1
4 2.15900000000000009e-01 5.99999999999999978e-01 1.80000000000000004e+00 0.00000000000000000e+00 1
4 2.51000000000000008e-02 0.00000000000000000e+00 3.29999999999999982e+00 0.00000000000000000e+00 1
4 6.59100000000000019e-01 8.00000000000000044e-01 1.80000000000000004e+00 1.80000000000000004e+00 1
4 2.97300000000000009e-01 8.00000000000000044e-01 1.80000000000000004e+00 0.00000000000000000e+00 1
4 2.97899999999999998e-01 8.00000000000000044e-01 3.29999999999999982e+00 0.00000000000000000e+00 1
4 5.12000000000000011e-01 5.99999999999999978e-01 1.19999999999999996e+00 1.19999999999999996e+00 1
4 4.73999999999999977e-02 0.00000000000000000e+00 1.19999999999999996e+00 0.00000000000000000e+00 1
4 7.49999999999999972e-03 5.99999999999999978e-01 3.29999999999999982e+00 0.00000000000000000e+00 1
4 7.62100000000000000e-01 8.00000000000000044e-01 1.80000000000000004e+00 1.80000000000000004e+00 1
4 1.66699999999999987e-01 9.00000000000000022e-01 1.19999999999999996e+00 0.00000000000000000e+00 1
4 5.59100000000000041e-01 8.00000000000000044e-01 3.29999999999999982e+00 3.29999999999999982e+00 1
4 5.05000000000000032e-02 0.00000000000000000e+00 1.80000000000000004e+00 0.00000000000000000e+00 1
4 1.29000000000000004e-01 2.50000000000000000e-01 3.29999999999999982e+00 0.00000000000000000e+00 1
4 9.33999999999999969e-02 2.50000000000000000e-01 3.29999999999999982e+00 0.00000000000000000e+00 1
4 8.30000000000000043e-02 0.00000000000000000e+00 1.80000000000000004e+00 0.00000000000000000e+00 1
4 2.07999999999999990e-02 0.00000000000000000e+00 3.29999999999999982e+00 0.00000000000000000e+00 1
4 4.27099999999999980e-01 5.99999999999999978e-01 1.19999999999999996e+00 1.19999999999999996e+00 1
4 7.29800000000000004e-01 8.00000000000000044e-01 3.29999999999999982e+00 3.29999999999999982e+00 1
4 5.21000000000000005e-02 0.00000000000000000e+00 1.19999999999999996e+00 0.00000000000000000e+00 1
4 1.54999999999999999e-01 8.00000000000000044e-01 1.19999999999999996e+00 0.00000000000000000e+00 1
4 2.69799999999999984e-01 5.99999999999999978e-01 1.80000000000000004e+00 0.00000000000000000e+00 1
4 3.84999999999999995e-02 9.00000000000000022e-01 1.80000000000000004e+00 0.00000000000000000e+00 1
4 4.91400000000000003e-01 8.00000000000000044e-01 1.80000000000000004e+00 1.80000000000000004e+00 1
4 2.74000000000000021e-01 5.99999999999999978e-01 1.19999999999999996e+00 1.19999999999999996e+00 1
4 3.13900000000000012e-01 9.00000000000000022e-01 3.29999999999999982e+00 0.00000000000000000e+00 1
4 5.19000000000000017e-02 5.99999999999999978e-01 3.29999999999999982e+00 0.00000000000000000e+00 1
4 1.29000000000000000e-02 8.00000000000000044e-01 1.80000000000000004e+00 0.00000000000000000e+00 1
4 3.52700000000000014e-01 9.00000000000000022e-01 1.19999999999999996e+00 0.00000000000000000e+00 1
4 2.75999999999999995e-02 9.00000000000000022e-01 1.19999999999999996e+00 0.00000000000000000e+00 1
4 8.83000000000000035e-02 9.00000000000000022e-01 3.29999999999999982e+00 0.00000000000000000e+00 1
4 7.22300000000000053e-01 8.00000000000000044e-01 3.29999999999999982e+00 3.29999999999999982e+00 1
4 1.04400000000000007e-01 2.50000000000000000e-01 3.29999999999999982e+00 0.00000000000000000e+00 1
4 2.29599999999999999e-01 9.00000000000000022e-01 1.80000000000000004e+00 0.00000000000000000e+00 1
4 1.07200000000000004e-01 2.50000000000000000e-01 1.80000000000000004e+00 0.00000000000000000e+00 1
4 2.19599999999999990e-01 2.50000000000000000e-01 1.19999999999999996e+00 0.00000000000000000e+00 1
4 6.08899999999999997e-01 8.00000000000000044e-01 1.80000000000000004e+00 1.80000000000000004e+00 1
4 1.00300000000000000e-01 2.50000000000000000e-01 1.80000000000000004e+00 0.00000000000000000e+00 1
4 3.91999999999999987e-02 0.00000000000000000e+00 3.29999999999999982e+00 0.00000000000000000e+00 1
4 5.53000000000000019e-02 2.50000000000000000e-01 1.80000000000000004e+00 0.00000000000000000e+00 1
4 2.05600000000000005e-01 2.50000000000000000e-01 1.19999999999999996e+00 0.00000000000000000e+00 1
4 2.21899999999999986e-01 2.50000000000000000e-01 1.80000000000000004e+00 0.00000000000000000e+00 1
4 1.46000000000000001e-02 2.50000000000000000e-01 1.19999999999999996e+00 0.00000000000000000e+00 1
4 3.96000000000000033e-02 5.99999999999999978e-01 1.80000000000000004e+00 0.00000000000000000e+00 1
4 6.07999999999999999e-02 0.00000000000000000e+00 3.29999999999999982e+00 0.00000000000000000e+00 1
4 7.03000000000000014e-02 0.00000000000000000e+00 3.29999999999999982e+00 0.00000000000000000e+00 1
4 2.79999999999999997e-03 2.50000000000000000e-01 1.19999999999999996e+00 0.00000000000000000e+00 1
4 1.43900000000000000e-01 9.00000000000000022e-01 1.19999999999999996e+00 0.00000000000000000e+00 1
4 1.02700000000000000e-01 8.00000000000000044e-01 1.80000000000000004e+00 0.00000000000000000e+00 1
4 3.48600000000000021e-01 9.00000000000000022e-01 1.19999999999999996e+00 0.00000000000000000e+00 1
4 1.09399999999999997e-01 8.00000000000000044e-01 1.19999999999999996e+00 0.00000000000000000e+00 1
4 7.18000000000000027e-02 0.00000000000000000e+00 1.19999999999999996e+00 0.00000000000000000e+00 1
4 9.03000000000000053e-02 0.00000000000000000e+00 1.80000000000000004e+00 0.00000000000000000e+00 1
4 3.73999999999999999e-01 8.00000000000000044e-01 1.80000000000000004e+00 0.00000000000000000e+00 1
4 6.50000000000000022e-02 0.00000000000000000e+00 1.19999999999999996e+00 0.00000000000000000e+00 1
4 5.05999999999999991e-02 5.99999999999999978e-01 1.19999999999999996e+00 0.00000000000000000e+00 1
4 9.22000000000000042e-02 0.00000000000000000e+00 3.29999999999999982e+00 0.00000000000000000e+00 1
4 3.09999999999999989e-03 8.00000000000000044e-01 1.80000000000000004e+00 0.00000000000000000e+00 1
4 7.07300000000000040e-01 8.00000000000000044e-01 1.80000000000000004e+00 1.80000000000000004e+00 1
4 2.87399999999999989e-01 8.00000000000000044e-01 3.29999999999999982e+00 0.00000000000000000e+00 1
4 1.02999999999999994e-01 2.50000000000000000e-01 3.29999999999999982e+00 0.00000000000000000e+00 1
4 5.32399999999999984e-01 8.00000000000000044e-01 1.19999999999999996e+00 1.19999999999999996e+00 1
4 2.67299999999999982e-01 8.00000000000000044e-01 1.80000000000000004e+00 0.00000000000000000e+00 1
4 2.02000000000000013e-01 8.00000000000000044e-01 1.19999999999999996e+00 0.00000000000000000e+00 1
4 1.41999999999999987e-01 2.50000000000000000e-01 1.19999999999999996e+00 0.00000000000000000e+00 1
4 1.69199999999999989e-01 2.50000000000000000e-01 1.80000000000000004e+00 0.00000000000000000e+00 1
4 7.12600000000000011e-01 9.00000000000000022e-01 3.29999999999999982e+00 3.29999999999999982e+00 1
4 7.69000000000000017e-01 8.00000000000000044e-01 3.29999999999999982e+00 3.29999999999999982e+00 1
4 1.00000000000000006e-01 5.99999999999999978e-01 1.19999999999999996e+00 0.00000000000000000e+00 1
4 1.21200000000000002e-01 9.00000000000000022e-01 1.80000000000000004e+00 0.00000000000000000e+00 1
4 3.99299999999999988e-01 5.99999999999999978e-01 1.19999999999999996e+00 1.19999999999999996e+00 1
4 6.82999999999999996e-02 0.00000000000000000e+00 1.80000000000000004e+00 0.00000000000000000e+00 1
4 1.52700000000000002e-01 9.00000000000000022e-01 1.19999999999999996e+00 0.00000000000000000e+00 1
4 1.98399999999999993e-01 2.50000000000000000e-01 1.80000000000000004e+00 0.00000000000000000e+00 1
4 1.07800000000000007e-01 8.00000000000000044e-01 3.29999999999999982e+00 0.00000000000000000e+00 1
4 4.35999999999999999e-01 5.99999999999999978e-01 1.80000000000000004e+00 1.80000000000000004e+00 1
4 6.45000000000000018e-01 8.00000000000000044e-01 3.29999999999999982e+00 3.29999999999999982e+00 1
4 6.59999999999999996e-03 0.00000000000000000e+00 1.80000000000000004e+00 0.00000000000000000e+00 1
4 2.25999999999999986e-02 5.99999999999999978e-01 3.29999999999999982e+00 0.00000000000000000e+00 1
4 7.29800000000000004e-01 9.00000000000000022e-01 3.29999999999999982e+00 3.29999999999999982e+00 1
4 4.90499999999999992e-01 9.00000000000000022e-01 1.19999999999999996e+00 1.19999999999999996e+00 1
4 2.15999999999999998e-01 5.99999999999999978e-01 1.19999999999999996e+00 0.00000000000000000e+00 1
4 1.75699999999999995e-01 8.00000000000000044e-01 1.80000000000000004e+00 0.00000000000000000e+00 1
4 1.72399999999999998e-01 2.50000000000000000e-01 3.29999999999999982e+00 0.00000000000000000e+00 1
4 5.39999999999999994e-02 0.00000000000000000e+00 1.80000000000000004e+00 0.00000000000000000e+00 1
4 4.51000000000000012e-02 0.00000000000000000e+00 3.29999999999999982e+00 0.00000000000000000e+00 1
4 1.79999999999999993e-01 2.50000000000000000e-01 1.80000000000000004e+00 0.00000000000000000e+00 1
4 3.98000000000000020e-01 8.00000000000000044e-01 3.29999999999999982e+00 0.00000000000000000e+00 1
4 7.03000000000000014e-02 0.00000000000000000e+00 1.80000000000000004e+00 0.00000000000000000e+00 1
4 1.47299999999999986e-01 5.99999999999999978e-01 1.19999999999999996e+00 0.00000000000000000e+00 1
4 1.53799999999999992e-01 2.50000000000000000e-01 3.29999999999999982e+00 0.00000000000000000e+00 1
4 6.36000000000000038e-02 9.00000000000000022e-01 1.19999999999999996e+00 0.00000000000000000e+00 1
4 5.62000000000000000e-02 0.00000000000000000e+00 3.29999999999999982e+00 0.00000000000000000e+00 1
4 9.47999999999999954e-02 2.50000000000000000e-01 1.80000000000000004e+00 0.00000000000000000e+00 1
4 2.13400000000000006e-01 9.00000000000000022e-01 1.80000000000000004e+00 0.00000000000000000e+00 1
4 3.54200000000000015e-01 5.99999999999999978e-01 1.80000000000000004e+00 0.00000000000000000e+00 1
4 2.03899999999999998e-01 5.99999999999999978e-01 1.19999999999999996e+00 0.00000000000000000e+00 1
4 7.35999999999999988e-02 0.00000000000000000e+00 1.80000000000000004e+00 0.00000000000000000e+00 1
4 3.66000000000000006e-02 5.99999999999999978e-01 3.29999999999999982e+00 0.00000000000000000e+00 1
4 9.75000000000000033e-02 0.00000000000000000e+00 1.80000000000000004e+00 0.00000000000000000e+00 1
4 4.88099999999999978e-01 9.00000000000000022e-01 1.19999999999999996e+00 0.00000000000000000e+00 1
4 6.16000000000000020e-02 2.50000000000000000e-01 3.29999999999999982e+00 0.00000000000000000e+00 1
4 7.75000000000000022e-01 8.00000000000000044e-01 1.19999999999999996e+00 1.19999999999999996e+00 1
4 2.70600000000000007e-01 8.00000000000000044e-01 1.19999999999999996e+00 0.00000000000000000e+00 1
4 1.38199999999999990e-01 8.00000000000000044e-01 1.19999999999999996e+00 0.00000000000000000e+00 1
4 3.08499999999999996e-01 8.00000000000000044e-01 1.80000000000000004e+00 0.00000000000000000e+00 1
4 3.66000000000000006e-02 2.50000000000000000e-01 3.29999999999999982e+00 0.00000000000000000e+00 1
4 9.43999999999999978e-02 0.00000000000000000e+00 1.80000000000000004e+00 0.00000000000000000e+00 1
4 9.08000000000000057e-02 0.00000000000000000e+00 1.19999999999999996e+00 0.00000000000000000e+00 1
4 8.24000000000000010e-02 0.00000000000000000e+00 1.80000000000000004e+00 0.00000000000000000e+00 1
4 1.01999999999999993e-01 5.99999999999999978e-01 1.80000000000000004e+00 0.00000000000000000e+00 1
4 2.98000000000000001e-02 0.00000000000000000e+00 1.19999999999999996e+00 0.00000000000000000e+00 1
4 9.29999999999999924e-03 0.00000000000000000e+00 3.29999999999999982e+00 0.00000000000000000e+00 1
4 6.10099999999999976e-01 8.00000000000000044e-01 1.80000000000000004e+00 1.80000000000000004e+00 1
4 1.85299999999999992e-01 2.50000000000000000e-01 3.29999999999999982e+00 0.00000000000000000e+00 1
4 1.08899999999999997e-01 8.00000000000000044e-01 1.80000000000000004e+00 0.00000000000000000e+00 1
4 6.61200000000000010e-01 9.00000000000000022e-01 1.80000000000000004e+00 1.80000000000000004e+00 1
4 7.24300000000000055e-01 8.00000000000000044e-01 1.80000000000000004e+00 1.80000000000000004e+00 1
4 7.17899999999999983e-01 8.00000000000000044e-01 1.19999999999999996e+00 1.19999999999999996e+00 1
4 1.42100000000000004e-01 2.50000000000000000e-01 3.29999999999999982e+00 0.00000000000000000e+00 1
4 2.18900000000000011e-01 5.99999999999999978e-01 1.19999999999999996e+00 0.00000000000000000e+00 1
4 7.38000000000000045e-02 2.50000000000000000e-01 1.80000000000000004e+00 0.00000000000000000e+00 1
4 3.64999999999999977e-02 2.50000000000000000e-01 1.80000000000000004e+00 0.00000000000000000e+00 1
4 8.38300000000000045e-01 9.00000000000000022e-01 1.80000000000000004e+00 1.80000000000000004e+00 1
4 3.23900000000000021e-01 8.00000000000000044e-01 1.80000000000000004e+00 1.80000000000000004e+00 1
4 8.45999999999999946e-02 2.50000000000000000e-01 1.80000000000000004e+00 0.00000000000000000e+00 1
4 1.27200000000000008e-01 8.00000000000000044e-01 1.19999999999999996e+00 0.00000000000000000e+00 1
4 6.01999999999999980e-01 8.00000000000000044e-01 3.29999999999999982e+00 3.29999999999999982e+00 1
4 2.19299999999999995e-01 9.00000000000000022e-01 3.29999999999999982e+00 0.00000000000000000e+00 1
4 5.58200000000000029e-01 5.99999999999999978e-01 1.19999999999999996e+00 1.19999999999999996e+00 1
4 4.64000000000000024e-01 5.99999999999999978e-01 1.80000000000000004e+00 1.80000000000000004e+00 1
4 8.24500000000000011e-01 9.00000000000000022e-01 3.29999999999999982e+00 3.29999999999999982e+00 1
4 5.87700000000000000e-01 8.00000000000000044e-01 3.29999999999999982e+00 3.29999999999999982e+00 1
4 6.10099999999999976e-01 8.00000000000000044e-01 1.80000000000000004e+00 1.80000000000000004e+00 1
4 5.89999999999999969e-02 5.99999999999999978e-01 1.19999999999999996e+00 0.00000000000000000e+00 1
4 3.91000000000000014e-01 8.00000000000000044e-01 1.80000000000000004e+00 0.00000000000000000e+00 1
4 3.98500000000000021e-01 9.00000000000000022e-01 1.19999999999999996e+00 0.00000000000000000e+00 1
4 1.41199999999999992e-01 8.00000000000000044e-01 1.80000000000000004e+00 0.00000000000000000e+00 1
4 7.13000000000000023e-02 2.50000000000000000e-01 3.29999999999999982e+00 0.00000000000000000e+00 1
4 1.87599999999999989e-01 8.00000000000000044e-01 3.29999999999999982e+00 0.00000000000000000e+00 1
4 1.43600000000000005e-01 2.50000000000000000e-01 3.29999999999999982e+00 0.00000000000000000e+00 1
4 1.90000000000000000e-03 9.00000000000000022e-01 1.19999999999999996e+00 0.00000000000000000e+00 1
4 5.44999999999999998e-02 0.00000000000000000e+00 1.19999999999999996e+00 0.00000000000000000e+00 1
4 2.08999999999999984e-02 0.00000000000000000e+00 1.19999999999999996e+00 0.00000000000000000e+00 1
4 9.81000000000000066e-02 0.00000000000000000e+00 1.80000000000000004e+00 0.00000000000000000e+00 1
4 2.64500000000000013e-01 5.99999999999999978e-01 1.19999999999999996e+00 0.00000000000000000e+00 1
4 7.10000000000000041e-03 0.00000000000000000e+00 1.80000000000000004e+00 0.00000000000000000e+00 1
4 5.64999999999999947e-01 8.00000000000000044e-01 1.19999999999999996e+00 1.19999999999999996e+00 1
4 2.24800000000000000e-01 8.00000000000000044e-01 1.80000000000000004e+00 0.00000000000000000e+00 1
4 4.09700000000000009e-01 9.00000000000000022e-01 3.29999999999999982e+00 0.00000000000000000e+00 1
4 5.94000000000000014e-02 0.00000000000000000e+00 1.80000000000000004e+00 0.00000000000000000e+00 1
4 2.92399999999999993e-01 8.00000000000000044e-01 3.29999999999999982e+00 0.00000000000000000e+00 1
4 1.92700000000000010e-01 9.00000000000000022e-01 1.80000000000000004e+00 0.00000000000000000e+00 1
4 1.54999999999999999e-02 9.00000000000000022e-01 1.80000000000000004e+00 0.00000000000000000e+00 1
4 7.86900000000000044e-01 8.00000000000000044e-01 1.80000000000000004e+00 1.80000000000000004e+00 1
4 6.85000000000000053e-02 2.50000000000000000e-01 3.29999999999999982e+00 0.00000000000000000e+00 1
4 2.22500000000000003e-01 8.00000000000000044e-01 3.29999999999999982e+00 0.00000000000000000e+00 1
4 9.90000000000000081e-03 0.00000000000000000e+00 1.19999999999999996e+00 0.00000000000000000e+00 1
4 4.20099999999999973e-01 9.00000000000000022e-01 1.80000000000000004e+00 0.00000000000000000e+00 1
4 3.79800000000000026e-01 5.99999999999999978e-01 1.80000000000000004e+00 1.80000000000000004e+00 1
4 6.29499999999999948e-01 8.00000000000000044e-01 1.19999999999999996e+00 1.19999999999999996e+00 1
4 7.08000000000000018e-02 0.00000000000000000e+00 1.19999999999999996e+00 0.00000000000000000e+00 1
4 2.04100000000000004e-01 8.00000000000000044e-01 1.80000000000000004e+00 0.00000000000000000e+00 1
4 4.70000000000000001e-02 5.99999999999999978e-01 1.80000000000000004e+00 0.00000000000000000e+00 1
4 3.27400000000000024e-01 5.99999999999999978e-01 1.19999999999999996e+00 0.00000000000000000e+00 1
4 2.66100000000000003e-01 5.99999999999999978e-01 1.19999999999999996e+00 0.00000000000000000e+00 1
4 1.65000000000000008e-01 5.99999999999999978e-01 1.80000000000000004e+00 0.00000000000000000e+00 1
4 6.92300000000000026e-01 8.00000000000000044e-01 1.80000000000000004e+00 1.80000000000000004e+00 1
4 3.26299999999999979e-01 9.00000000000000022e-01 1.19999999999999996e+00 0.00000000000000000e+00 1
4 4.39000000000000015e-02 5.99999999999999978e-01 3.29999999999999982e+00 0.00000000000000000e+00 1
4 6.02899999999999991e-01 8.00000000000000044e-01 1.19999999999999996e+00 1.19999999999999996e+00 1
4 2.41699999999999998e-01 8.00000000000000044e-01 1.19999999999999996e+00 0.00000000000000000e+00 1
4 7.58000000000000063e-02 2.50000000000000000e-01 3.29999999999999982e+00 0.00000000000000000e+00 1
4 2.64999999999999993e-02 8.00000000000000044e-01 1.80000000000000004e+00 0.00000000000000000e+00 1
4 4.66000000000000025e-02 0.00000000000000000e+00 1.19999999999999996e+00 0.00000000000000000e+00 1
4 9.21000000000000013e-02 0.00000000000000000e+00 1.80000000000000004e+00 0.00000000000000000e+00 1
4 6.14199999999999968e-01 9.00000000000000022e-01 1.19999999999999996e+00 1.19999999999999996e+00 1
4 2.77999999999999983e-02 0.00000000000000000e+00 3.29999999999999982e+00 0.00000000000000000e+00 1
4 4.68999999999999972e-02 0.00000000000000000e+00 3.29999999999999982e+00 0.00000000000000000e+00 1
4 4.73299999999999998e-01 5.99999999999999978e-01 1.19999999999999996e+00 1.19999999999999996e+00 1
4 6.17399999999999949e-01 8.00000000000000044e-01 3.29999999999999982e+00 3.29999999999999982e+00 1
4 9.07000000000000028e-02 8.00000000000000044e-01 1.80000000000000004e+00 0.00000000000000000e+00 1
4 6.00500000000000034e-01 8.00000000000000044e-01 1.19999999999999996e+00 1.19999999999999996e+00 1
4 3.44000000000000000e-02 0.00000000000000000e+00 1.80000000000000004e+00 0.00000000000000000e+00 1
4 5.59999999999999994e-03 2.50000000000000000e-01 1.19999999999999996e+00 0.00000000000000000e+00 1
4 2.16299999999999992e-01 8.00000000000000044e-01 1.80000000000000004e+00 0.00000000000000000e+00 1
4 6.03700000000000014e-01 8.00000000000000044e-01 3.29999999999999982e+00 3.29999999999999982e+00 1
4 7.37000000000000016e-02 2.50000000000000000e-01 1.80000000000000004e+00 0.00000000000000000e+00 1
4 5.02700000000000036e-01 8.00000000000000044e-01 1.80000000000000004e+00 1.80000000000000004e+00 1
4 8.75499999999999945e-01 9.00000000000000022e-01 3.29999999999999982e+00 3.29999999999999982e+00 1
4 1.84999999999999991e-02 0.00000000000000000e+00 3.29999999999999982e+00 0.00000000000000000e+00 1
4 6.46100000000000008e-01 9.00000000000000022e-01 1.80000000000000004e+00 1.80000000000000004e+00 1
4 6.41499999999999959e-01 9.00000000000000022e-01 1.80000000000000004e+00 1.80000000000000004e+00 1
4 3.56599999999999973e-01 8.00000000000000044e-01 1.80000000000000004e+00 1.80000000000000004e+00 1
4 9.03000000000000053e-02 0.00000000000000000e+00 3.29999999999999982e+00 0.00000000000000000e+00 1
4 1.19599999999999998e-01 5.99999999999999978e-01 1.19999999999999996e+00 0.00000000000000000e+00 1
4 4.44400000000000017e-01 8.00000000000000044e-01 1.80000000000000004e+00 0.00000000000000000e+00 1
4 5.60599999999999987e-01 8.00000000000000044e-01 3.29999999999999982e+00 3.29999999999999982e+00 1
4 3.81400000000000017e-01 8.00000000000000044e-01 3.29999999999999982e+00 3.29999999999999982e+00 1
4 2.21899999999999986e-01 2.50000000000000000e-01 3.29999999999999982e+00 0.00000000000000000e+00 1
4 7.74000000000000021e-01 8.00000000000000044e-01 3.29999999999999982e+00 3.29999999999999982e+00 1
4 2.49200000000000005e-01 2.50000000000000000e-01 1.19999999999999996e+00 0.00000000000000000e+00 1
4 1.49000000000000000e-02 8.00000000000000044e-01 1.19999999999999996e+00 0.00000000000000000e+00 1
4 5.44999999999999998e-02 5.99999999999999978e-01 1.80000000000000004e+00 0.00000000000000000e+00 1
4 1.71300000000000008e-01 5.99999999999999978e-01 1.19999999999999996e+00 0.00000000000000000e+00 1
4 3.40200000000000002e-01 9.00000000000000022e-01 3.29999999999999982e+00 0.00000000000000000e+00 1
4 1.15400000000000003e-01 8.00000000000000044e-01 1.80000000000000004e+00 0.00000000000000000e+00 1
4 5.35100000000000020e-01 8.00000000000000044e-01 3.29999999999999982e+00 3.29999999999999982e+00 1
4 4.21099999999999974e-01 8.00000000000000044e-01 1.19999999999999996e+00 1.19999999999999996e+00 1
4 2.18099999999999988e-01 8.00000000000000044e-01 1.19999999999999996e+00 0.00000000000000000e+00 1
4 1.81299999999999989e-01 8.00000000000000044e-01 1.80000000000000004e+00 0.00000000000000000e+00 1
4 6.48199999999999998e-01 8.00000000000000044e-01 3.29999999999999982e+00 3.29999999999999982e+00 1
4 6.40199999999999991e-01 8.00000000000000044e-01 1.19999999999999996e+00 1.19999999999999996e+00 1
4 7.15899999999999981e-01 9.00000000000000022e-01 1.19999999999999996e+00 1.19999999999999996e+00 1
4 4.65500000000000025e-01 5.99999999999999978e-01 1.19999999999999996e+00 1.19999999999999996e+00 1
4 4.94099999999999984e-01 5.99999999999999978e-01 3.29999999999999982e+00 3.29999999999999982e+00 1
4 5.41200000000000014e-01 9.00000000000000022e-01 3.29999999999999982e+00 3.29999999999999982e+00 1
4 9.80000000000000038e-02 0.00000000000000000e+00 1.19999999999999996e+00 0.00000000000000000e+00 1
4 2.17099999999999987e-01 5.99999999999999978e-01 1.80000000000000004e+00 0.00000000000000000e+00 1
4 6.16500000000000048e-01 9.00000000000000022e-01 1.80000000000000004e+00 1.80000000000000004e+00 1
4 4.24800000000000011e-01 9.00000000000000022e-01 1.19999999999999996e+00 1.19999999999999996e+00 1
4 3.79999999999999991e-02 2.50000000000000000e-01 3.29999999999999982e+00 0.00000000000000000e+00 1
4 3.91699999999999993e-01 8.00000000000000044e-01 1.19999999999999996e+00 0.00000000000000000e+00 1
4 3.35999999999999979e-02 5.99999999999999978e-01 1.80000000000000004e+00 0.00000000000000000e+00 1
4 3.14199999999999979e-01 8.00000000000000044e-01 1.19999999999999996e+00 0.00000000000000000e+00 1
4 3.64999999999999991e-01 8.00000000000000044e-01 3.29999999999999982e+00 0.00000000000000000e+00 1
4 1.45199999999999996e-01 5.99999999999999978e-01 1.80000000000000004e+00 0.00000000000000000e+00 1
4 3.50300000000000000e-01 8.00000000000000044e-01 1.19999999999999996e+00 0.00000000000000000e+00 1
4 4.69799999999999995e-01 5.99999999999999978e-01 1.80000000000000004e+00 1.80000000000000004e+00 1
4 6.67300000000000004e-01 9.00000000000000022e-01 1.80000000000000004e+00 1.80000000000000004e+00 1
4 1.87400000000000011e-01 8.00000000000000044e-01 1.19999999999999996e+00 0.00000000000000000e+00 1
4 6.38700000000000045e-01 8.00000000000000044e-01 1.19999999999999996e+00 1.19999999999999996e+00 1
4 3.23000000000000023e-02 5.99999999999999978e-01 1.19999999999999996e+00 0.00000000000000000e+00 1
4 3.01900000000000002e-01 8.00000000000000044e-01 1.80000000000000004e+00 0.00000000000000000e+00 1
4 8.46199999999999952e-01 9.00000000000000022e-01 1.80000000000000004e+00 1.80000000000000004e+00 1
4 6.27900000000000014e-01 8.00000000000000044e-01 3.29999999999999982e+00 3.29999999999999982e+00 1
4 4.64200000000000002e-01 9.00000000000000022e-01 3.29999999999999982e+00 3.29999999999999982e+00 1
4 2.67000000000000015e-02 0.00000000000000000e+00 1.80000000000000004e+00 0.00000000000000000e+00 1
4 5.38000000000000006e-02 2.50000000000000000e-01 1.80000000000000004e+00 0.00000000000000000e+00 1
4 3.54999999999999968e-02 0.00000000000000000e+00 3.29999999999999982e+00 0.00000000000000000e+00 1
4 1.39899999999999997e-01 9.00000000000000022e-01 3.29999999999999982e+00 0.00000000000000000e+00 1
4 4.21499999999999986e-01 8.00000000000000044e-01 3.29999999999999982e+00 0.00000000000000000e+00 1
4 5.24999999999999981e-02 0.00000000000000000e+00 1.80000000000000004e+00 0.00000000000000000e+00 1
4 4.78600000000000025e-01 5.99999999999999978e-01 1.80000000000000004e+00 1.80000000000000004e+00 1
4 8.83299999999999974e-01 9.00000000000000022e-01 3.29999999999999982e+00 3.29999999999999982e+00 1
4 1.93899999999999989e-01 2.50000000000000000e-01 1.80000000000000004e+00 0.00000000000000000e+00 1
4 6.47199999999999998e-01 8.00000000000000044e-01 1.19999999999999996e+00 1.19999999999999996e+00 1
4 1.60000000000000008e-03 0.00000000000000000e+00 3.29999999999999982e+00 0.00000000000000000e+00 1
4 2.88999999999999986e-02 0.00000000000000000e+00 3.29999999999999982e+00 0.00000000000000000e+00 1
4 1.01699999999999999e-01 2.50000000000000000e-01 1.19999999999999996e+00 0.00000000000000000e+00 1
4 6.45199999999999996e-01 8.00000000000000044e-01 3.29999999999999982e+00 3.29999999999999982e+00 1
4 2.30300000000000005e-01 2.50000000000000000e-01 3.29999999999999982e+00 0.00000000000000000e+00 1
4 6.50599999999999956e-01 8.00000000000000044e-01 3.29999999999999982e+00 3.29999999999999982e+00 1
4 1.30800000000000000e-01 2.50000000000000000e-01 1.19999999999999996e+00 0.00000000000000000e+00 1
4 7.82900000000000040e-01 8.00000000000000044e-01 1.80000000000000004e+00 1.80000000000000004e+00 1
4 2.22500000000000003e-01 9.00000000000000022e-01 3.29999999999999982e+00 0.00000000000000000e+00 1
4 2.04100000000000004e-01 5.99999999999999978e-01 1.19999999999999996e+00 0.00000000000000000e+00 1
4 2.76299999999999990e-01 8.00000000000000044e-01 1.19999999999999996e+00 0.00000000000000000e+00 1
4 7.95100000000000029e-01 9.00000000000000022e-01 3.29999999999999982e+00 3.29999999999999982e+00 1
4 5.95600000000000018e-01 8.00000000000000044e-01 1.19999999999999996e+00 1.19999999999999996e+00 1
4 4.06799999999999995e-01 8.00000000000000044e-01 1.80000000000000004e+00 1.80000000000000004e+00 1
4 3.59200000000000019e-01 8.00000000000000044e-01 3.29999999999999982e+00 3.29999999999999982e+00 1
4 7.66000000000000014e-02 8.00000000000000044e-01 3.29999999999999982e+00 0.00000000000000000e+00 1
4 4.14499999999999980e-01 5.99999999999999978e-01 1.80000000000000004e+00 1.80000000000000004e+00 1
4 1.61899999999999988e-01 2.50000000000000000e-01 1.19999999999999996e+00 0.00000000000000000e+00 1
4 5.55100000000000038e-01 5.99999999999999978e-01 1.80000000000000004e+00 1.80000000000000004e+00 1
4 1.04499999999999996e-01 5.99999999999999978e-01 1.19999999999999996e+00 0.00000000000000000e+00 1
4 1.62099999999999994e-01 9.00000000000000022e-01 1.80000000000000004e+00 0.00000000000000000e+00 1
4 4.08200000000000007e-01 5.99999999999999978e-01 1.19999999999999996e+00 1.19999999999999996e+00 1
4 2.87800000000000000e-01 5.99999999999999978e-01 1.19999999999999996e+00 1.19999999999999996e+00 1
4 5.53200000000000025e-01 8.00000000000000044e-01 1.80000000000000004e+00 1.80000000000000004e+00 1
4 1.93599999999999994e-01 8.00000000000000044e-01 1.80000000000000004e+00 0.00000000000000000e+00 1
4 3.88000000000000012e-01 5.99999999999999978e-01 1.80000000000000004e+00 1.80000000000000004e+00 1
4 6.87799999999999967e-01 8.00000000000000044e-01 1.80000000000000004e+00 1.80000000000000004e+00 1
4 8.22799999999999976e-01 9.00000000000000022e-01 1.19999999999999996e+00 1.19999999999999996e+00 1
4 4.71399999999999986e-01 5.99999999999999978e-01 3.29999999999999982e+00 3.29999999999999982e+00 1
4 1.76699999999999996e-01 5.99999999999999978e-01 3.29999999999999982e+00 0.00000000000000000e+00 1
4 4.73999999999999977e-02 0.00000000000000000e+00 1.80000000000000004e+00 0.00000000000000000e+00 1
4 6.24299999999999966e-01 8.00000000000000044e-01 1.19999999999999996e+00 1.19999999999999996e+00 1
4 8.98999999999999938e-02 8.00000000000000044e-01 1.80000000000000004e+00 0.00000000000000000e+00 1
4 3.70599999999999985e-01 9.00000000000000022e-01 1.80000000000000004e+00 0.00000000000000000e+00 1
4 1.93000000000000005e-01 2.50000000000000000e-01 3.29999999999999982e+00 0.00000000000000000e+00 1
4 2.93999999999999991e-02 0.00000000000000000e+00 1.19999999999999996e+00 0.00000000000000000e+00 1
4 6.08400000000000052e-01 8.00000000000000044e-01 1.19999999999999996e+00 1.19999999999999996e+00 1
4 2.79899999999999982e-01 5.99999999999999978e-01 3.29999999999999982e+00 3.29999999999999982e+00 1
4 1.72600000000000003e-01 9.00000000000000022e-01 3.29999999999999982e+00 0.00000000000000000e+00 1
4 1.47699999999999998e-01 2.50000000000000000e-01 1.19999999999999996e+00 0.00000000000000000e+00 1
4 8.20000000000000034e-02 2.50000000000000000e-01 3.29999999999999982e+00 0.00000000000000000e+00 1
4 5.27399999999999980e-01 8.00000000000000044e-01 1.80000000000000004e+00 1.80000000000000004e+00 1
4 9.69000000000000000e-02 5.99999999999999978e-01 1.80000000000000004e+00 0.00000000000000000e+00 1
4 7.49999999999999972e-02 2.50000000000000000e-01 3.29999999999999982e+00 0.00000000000000000e+00 1
4 7.09000000000000047e-02 0.00000000000000000e+00 1.80000000000000004e+00 0.00000000000000000e+00 1
4 4.81899999999999995e-01 8.00000000000000044e-01 1.19999999999999996e+00 1.19999999999999996e+00 1
4 9.24999999999999989e-02 9.00000000000000022e-01 1.19999999999999996e+00 0.00000000000000000e+00 1
4 6.30000000000000004e-03 0.00000000000000000e+00 3.29999999999999982e+00 0.00000000000000000e+00 1
4 5.39000000000000035e-02 2.50000000000000000e-01 3.29999999999999982e+00 0.00000000000000000e+00 1
4 9.57999999999999963e-02 0.00000000000000000e+00 1.80000000000000004e+00 0.00000000000000000e+00 1
4 3.33999999999999991e-02 0.00000000000000000e+00 1.80000000000000004e+00 0.00000000000000000e+00 1
4 7.77999999999999942e-02 0.00000000000000000e+00 1.19999999999999996e+00 0.00000000000000000e+00 1
4 6.85999999999999943e-02 8.00000000000000044e-01 1.19999999999999996e+00 0.00000000000000000e+00 1
4 2.62400000000000022e-01 8.00000000000000044e-01 1.19999999999999996e+00 0.00000000000000000e+00 1
4 2.76799999999999990e-01 8.00000000000000044e-01 3.29999999999999982e+00 0.00000000000000000e+00 1
4 1.06999999999999994e-02 0.00000000000000000e+00 1.80000000000000004e+00 0.00000000000000000e+00 1
4 2.47700000000000004e-01 2.50000000000000000e-01 1.80000000000000004e+00 0.00000000000000000e+00 1
4 6.79000000000000020e-02 0.00000000000000000e+00 1.19999999999999996e+00 0.00000000000000000e+00 1
4 4.92000000000000007e-02 0.00000000000000000e+00 1.19999999999999996e+00 0.00000000000000000e+00 1
4 2.31999999999999984e-02 0.00000000000000000e+00 3.29999999999999982e+00 0.00000000000000000e+00 1
4 4.66000000000000025e-01 5.99999999999999978e-01 3.29999999999999982e+00 3.29999999999999982e+00 1
4 8.27999999999999986e-02 0.00000000000000000e+00 1.80000000000000004e+00 0.00000000000000000e+00 1
4 6.66100000000000025e-01 8.00000000000000044e-01 1.19999999999999996e+00 1.19999999999999996e+00 1
4 4.66000000000000025e-02 5.99999999999999978e-01 1.80000000000000004e+00 0.00000000000000000e+00 1
4 5.54799999999999960e-01 5.99999999999999978e-01 3.29999999999999982e+00 3.29999999999999982e+00 1
4 1.09200000000000005e-01 2.50000000000000000e-01 1.80000000000000004e+00 0.00000000000000000e+00 1
4 1.90000000000000000e-03 0.00000000000000000e+00 3.29999999999999982e+00 0.00000000000000000e+00 1
4 4.55400000000000027e-01 5.99999999999999978e-01 3.29999999999999982e+00 3.29999999999999982e+00 1
4 4.59999999999999992e-03 5.99999999999999978e-01 1.19999999999999996e+00 0.00000000000000000e+00 1
4 3.15000000000000002e-01 5.99999999999999978e-01 1.19999999999999996e+00 0.00000000000000000e+00 1
4 1.26500000000000001e-01 5.99999999999999978e-01 1.80000000000000004e+00 0.00000000000000000e+00 1
4 7.33000000000000040e-02 0.00000000000000000e+00 3.29999999999999982e+00 0.00000000000000000e+00 1
4 4.99300000000000022e-01 9.00000000000000022e-01 1.19999999999999996e+00 0.00000000000000000e+00 1
4 7.77000000000000052e-02 9.00000000000000022e-01 1.80000000000000004e+00 0.00000000000000000e+00 1
4 3.16099999999999992e-01 5.99999999999999978e-01 3.29999999999999982e+00 0.00000000000000000e+00 1
4 1.46000000000000001e-02 9.00000000000000022e-01 3.29999999999999982e+00 0.00000000000000000e+00 1
4 3.96000000000000033e-02 0.00000000000000000e+00 1.80000000000000004e+00 0.00000000000000000e+00 1
4 5.16800000000000037e-01 9.00000000000000022e-01 1.80000000000000004e+00 0.00000000000000000e+00 1
4 5.99999999999999978e-01 8.00000000000000044e-01 1.80000000000000004e+00 1.80000000000000004e+00 1
4 1.58299999999999996e-01 2.50000000000000000e-01 1.80000000000000004e+00 0.00000000000000000e+00 1
4 5.56000000000000050e-01 5.99999999999999978e-01 1.80000000000000004e+00 1.80000000000000004e+00 1
4 2.61299999999999977e-01 5.99999999999999978e-01 3.29999999999999982e+00 3.29999999999999982e+00 1
4 2.51099999999999990e-01 5.99999999999999978e-01 1.19999999999999996e+00 1.19999999999999996e+00 1
4 5.96300000000000052e-01 5.99999999999999978e-01 1.80000000000000004e+00 1.80000000000000004e+00 1
4 5.82799999999999985e-01 8.00000000000000044e-01 1.19999999999999996e+00 1.19999999999999996e+00 1
4 3.69000000000000022e-02 0.00000000000000000e+00 3.29999999999999982e+00 0.00000000000000000e+00 1
4 5.07499999999999951e-01 5.99999999999999978e-01 3.29999999999999982e+00 3.29999999999999982e+00 1
4 1.14000000000000004e-01 9.00000000000000022e-01 3.29999999999999982e+00 0.00000000000000000e+00 1
4 4.65299999999999991e-01 5.99999999999999978e-01 1.19999999999999996e+00 1.19999999999999996e+00 1
4 5.63999999999999946e-01 5.99999999999999978e-01 1.19999999999999996e+00 1.19999999999999996e+00 1
4 7.72900000000000031e-01 8.00000000000000044e-01 1.80000000000000004e+00 1.80000000000000004e+00 1
4 2.36199999999999993e-01 2.50000000000000000e-01 1.80000000000000004e+00 0.00000000000000000e+00 1
4 4.39099999999999990e-01 9.00000000000000022e-01 1.80000000000000004e+00 0.00000000000000000e+00 1
4 2.36499999999999988e-01 5.99999999999999978e-01 3.29999999999999982e+00 0.00000000000000000e+00 1
4 3.30000000000000016e-02 0.00000000000000000e+00 1.19999999999999996e+00 0.00000000000000000e+00 1
4 4.05000000000000013e-02 9.00000000000000022e-01 1.80000000000000004e+00 0.00000000000000000e+00 1
4 1.42300000000000010e-01 2.50000000000000000e-01 1.80000000000000004e+00 0.00000000000000000e+00 1
4 6.79999999999999962e-03 0.00000000000000000e+00 3.29999999999999982e+00 0.00000000000000000e+00 1
4 7.26600000000000024e-01 8.00000000000000044e-01 1.19999999999999996e+00 1.19999999999999996e+00 1
4 6.66000000000000064e-02 0.00000000000000000e+00 1.19999999999999996e+00 0.00000000000000000e+00 1
4 1.02300000000000002e-01 8.00000000000000044e-01 3.29999999999999982e+00 0.00000000000000000e+00 1
4 4.76499999999999979e-01 9.00000000000000022e-01 1.19999999999999996e+00 0.00000000000000000e+00 1
4 9.71999999999999947e-02 9.00000000000000022e-01 1.19999999999999996e+00 0.00000000000000000e+00 1
4 3.28699999999999992e-01 5.99999999999999978e-01 1.80000000000000004e+00 0.00000000000000000e+00 1
4 1.71000000000000013e-01 2.50000000000000000e-01 1.80000000000000004e+00 0.00000000000000000e+00 1
4 4.46699999999999986e-01 8.00000000000000044e-01 1.80000000000000004e+00 0.00000000000000000e+00 1
4 1.47699999999999998e-01 2.50000000000000000e-01 3.29999999999999982e+00 0.00000000000000000e+00 1
4 8.74999999999999944e-02 0.00000000000000000e+00 1.19999999999999996e+00 0.00000000000000000e+00 1
4 4.85200000000000020e-01 9.00000000000000022e-01 1.80000000000000004e+00 0.00000000000000000e+00 1
4 1.70899999999999996e-01 8.00000000000000044e-01 1.19999999999999996e+00 0.00000000000000000e+00 1
4 2.30399999999999994e-01 2.50000000000000000e-01 3.29999999999999982e+00 0.00000000000000000e+00 1
4 1.37000000000000011e-01 8.00000000000000044e-01 1.19999999999999996e+00 0.00000000000000000e+00 1
4 2.91800000000000004e-01 8.00000000000000044e-01 1.80000000000000004e+00 0.00000000000000000e+00 1
4 9.61000000000000049e-02 8.00000000000000044e-01 1.80000000000000004e+00 0.00000000000000000e+00 1
4 4.70600000000000018e-01 8.00000000000000044e-01 3.29999999999999982e+00 0.00000000000000000e+00 1
4 4.06799999999999995e-01 8.00000000000000044e-01 1.80000000000000004e+00 0.00000000000000000e+00 1
4 3.59800000000000009e-01 8.00000000000000044e-01 3.29999999999999982e+00 0.00000000000000000e+00 1
4 6.04000000000000023e-02 5.99999999999999978e-01 1.19999999999999996e+00 0.00000000000000000e+00 1
4 1.28000000000000006e-02 0.00000000000000000e+00 3.29999999999999982e+00 0.00000000000000000e+00 1
4 7.11999999999999994e-02 9.00000000000000022e-01 1.80000000000000004e+00 0.00000000000000000e+00 1
4 1.08899999999999997e-01 2.50000000000000000e-01 1.80000000000000004e+00 0.00000000000000000e+00 1
4 4.59399999999999975e-01 5.99999999999999978e-01 1.80000000000000004e+00 1.80000000000000004e+00 1
4 7.32000000000000012e-02 8.00000000000000044e-01 3.29999999999999982e+00 0.00000000000000000e+00 1
4 8.20300000000000029e-01 9.00000000000000022e-01 1.80000000000000004e+00 1.80000000000000004e+00 1
4 4.25999999999999990e-02 5.99999999999999978e-01 1.19999999999999996e+00 0.00000000000000000e+00 1
4 3.15099999999999991e-01 8.00000000000000044e-01 1.19999999999999996e+00 0.00000000000000000e+00 1
4 4.03000000000000025e-02 9.00000000000000022e-01 1.19999999999999996e+00 0.00000000000000000e+00 1
4 1.13199999999999995e-01 5.99999999999999978e-01 1.80000000000000004e+00 0.00000000000000000e+00 1
4 7.86000000000000032e-01 8.00000000000000044e-01 1.80000000000000004e+00 1.80000000000000004e+00 1
4 8.74900000000000011e-01 9.00000000000000022e-01 3.29999999999999982e+00 3.29999999999999982e+00 1
4 5.92999999999999985e-02 0.00000000000000000e+00 1.80000000000000004e+00 0.00000000000000000e+00 1
4 4.42800000000000027e-01 8.00000000000000044e-01 3.29999999999999982e+00 0.00000000000000000e+00 1
4 3.11800000000000022e-01 8.00000000000000044e-01 3.29999999999999982e+00 0.00000000000000000e+00 1
4 4.95900000000000007e-01 8.00000000000000044e-01 1.19999999999999996e+00 1.19999999999999996e+00 1
4 1.64300000000000002e-01 8.00000000000000044e-01 1.80000000000000004e+00 0.00000000000000000e+00 1
4 7.97999999999999959e-02 5.99999999999999978e-01 1.19999999999999996e+00 0.00000000000000000e+00 1
4 4.47999999999999995e-02 0.00000000000000000e+00 1.19999999999999996e+00 0.00000000000000000e+00 1
4 5.04000000000000004e-01 5.99999999999999978e-01 1.80000000000000004e+00 1.80000000000000004e+00 1
4 7.04000000000000042e-02 0.00000000000000000e+00 3.29999999999999982e+00 0.00000000000000000e+00 1
4 1.16500000000000006e-01 5.99999999999999978e-01 3.29999999999999982e+00 0.00000000000000000e+00 1
4 3.42000000000000012e-02 2.50000000000000000e-01 3.29999999999999982e+00 0.00000000000000000e+00 1
4 1.85900000000000010e-01 5.99999999999999978e-01 1.80000000000000004e+00 0.00000000000000000e+00 1
4 9.89000000000000018e-02 0.00000000000000000e+00 3.29999999999999982e+00 0.00000000000000000e+00 1
4 5.38900000000000046e-01 9.00000000000000022e-01 1.80000000000000004e+00 0.00000000000000000e+00 1
4 4.50299999999999978e-01 9.00000000000000022e-01 1.80000000000000004e+00 0.00000000000000000e+00 1
4 7.16899999999999982e-01 9.00000000000000022e-01 3.29999999999999982e+00 3.29999999999999982e+00 1
4 2.27899999999999991e-01 5.99999999999999978e-01 1.80000000000000004e+00 0.00000000000000000e+00 1
4 4.27499999999999991e-01 8.00000000000000044e-01 3.29999999999999982e+00 0.00000000000000000e+00 1
4 7.76100000000000012e-01 8.00000000000000044e-01 3.29999999999999982e+00 3.29999999999999982e+00 1
4 2.04999999999999988e-01 5.99999999999999978e-01 3.29999999999999982e+00 0.00000000000000000e+00 1
4 1.72699999999999992e-01 2.50000000000000000e-01 1.19999999999999996e+00 0.00000000000000000e+00 1
4 4.03999999999999984e-02 0.00000000000000000e+00 1.19999999999999996e+00 0.00000000000000000e+00 1
4 8.35799999999999987e-01 9.00000000000000022e-01 1.19999999999999996e+00 1.19999999999999996e+00 1
4 2.73000000000000013e-02 0.00000000000000000e+00 1.19999999999999996e+00 0.00000000000000000e+00 1
4 6.51399999999999979e-01 9.00000000000000022e-01 3.29999999999999982e+00 3.29999999999999982e+00 1
4 2.19900000000000012e-01 2.50000000000000000e-01 3.29999999999999982e+00 0.00000000000000000e+00 1
4 6.29399999999999959e-01 8.00000000000000044e-01 1.80000000000000004e+00 1.80000000000000004e+00 1
4 1.96399999999999991e-01 8.00000000000000044e-01 1.80000000000000004e+00 0.00000000000000000e+00 1
4 7.72999999999999937e-02 0.00000000000000000e+00 3.29999999999999982e+00 0.00000000000000000e+00 1
4 9.92999999999999994e-02 9.00000000000000022e-01 1.80000000000000004e+00 0.00000000000000000e+00 1
4 8.57600000000000029e-01 9.00000000000000022e-01 1.19999999999999996e+00 1.19999999999999996e+00 1
4 1.34500000000000008e-01 5.99999999999999978e-01 1.19999999999999996e+00 0.00000000000000000e+00 1
4 6.09299999999999953e-01 9.00000000000000022e-01 3.29999999999999982e+00 3.29999999999999982e+00 1
4 6.02999999999999980e-01 8.00000000000000044e-01 1.80000000000000004e+00 1.80000000000000004e+00 1
4 9.29999999999999993e-02 0.00000000000000000e+00 3.29999999999999982e+00 0.00000000000000000e+00 1
4 6.82400000000000007e-01 9.00000000000000022e-01 3.29999999999999982e+00 3.29999999999999982e+00 1
4 6.40000000000000031e-03 2.50000000000000000e-01 3.29999999999999982e+00 0.00000000000000000e+00 1
4 6.65000000000000036e-02 8.00000000000000044e-01 3.29999999999999982e+00 0.00000000000000000e+00 1
4 7.37900000000000000e-01 8.00000000000000044e-01 1.80000000000000004e+00 1.80000000000000004e+00 1
4 5.54699999999999971e-01 8.00000000000000044e-01 3.29999999999999982e+00 3.29999999999999982e+00 1
4 5.08299999999999974e-01 9.00000000000000022e-01 3.29999999999999982e+00 3.29999999999999982e+00 1
4 7.13099999999999956e-01 8.00000000000000044e-01 1.19999999999999996e+00 1.19999999999999996e+00 1
4 5.36100000000000021e-01 8.00000000000000044e-01 3.29999999999999982e+00 3.29999999999999982e+00 1
4 4.18399999999999994e-01 8.00000000000000044e-01 1.80000000000000004e+00 1.80000000000000004e+00 1
4 1.78799999999999987e-01 2.50000000000000000e-01 1.80000000000000004e+00 0.00000000000000000e+00 1
4 4.32999999999999982e-02 0.00000000000000000e+00 3.29999999999999982e+00 0.00000000000000000e+00 1
4 6.97400000000000020e-01 8.00000000000000044e-01 1.80000000000000004e+00 1.80000000000000004e+00 1
4 4.20899999999999996e-01 5.99999999999999978e-01 3.29999999999999982e+00 3.29999999999999982e+00 1
4 4.46400000000000019e-01 8.00000000000000044e-01 3.29999999999999982e+00 3.29999999999999982e+00 1
4 2.18500000000000000e-01 5.99999999999999978e-01 1.19999999999999996e+00 0.00000000000000000e+00 1
4 4.38500000000000001e-01 8.00000000000000044e-01 3.29999999999999982e+00 0.00000000000000000e+00 1
4 8.52800000000000002e-01 9.00000000000000022e-01 3.29999999999999982e+00 3.29999999999999982e+00 1
4 5.27100000000000013e-01 8.00000000000000044e-01 1.19999999999999996e+00 1.19999999999999996e+00 1
4 4.71000000000000030e-02 8.00000000000000044e-01 1.19999999999999996e+00 0.00000000000000000e+00 1
4 2.78000000000000025e-01 8.00000000000000044e-01 1.80000000000000004e+00 0.00000000000000000e+00 1
4 2.73000000000000013e-02 8.00000000000000044e-01 3.29999999999999982e+00 0.00000000000000000e+00 1
4 8.39000000000000024e-02 0.00000000000000000e+00 1.80000000000000004e+00 0.00000000000000000e+00 1
4 6.29600000000000048e-01 8.00000000000000044e-01 1.80000000000000004e+00 1.80000000000000004e+00 1
4 1.68199999999999988e-01 2.50000000000000000e-01 3.29999999999999982e+00 0.00000000000000000e+00 1
4 7.37000000000000016e-02 0.00000000000000000e+00 1.80000000000000004e+00 0.00000000000000000e+00 1
4 2.22099999999999992e-01 2.50000000000000000e-01 1.80000000000000004e+00 0.00000000000000000e+00 1
4 3.42000000000000012e-02 0.00000000000000000e+00 1.80000000000000004e+00 0.00000000000000000e+00 1
4 4.15999999999999981e-01 8.00000000000000044e-01 1.80000000000000004e+00 0.00000000000000000e+00 1
4 1.08600000000000002e-01 9.00000000000000022e-01 1.19999999999999996e+00 0.00000000000000000e+00 1
4 2.09499999999999992e-01 2.50000000000000000e-01 1.80000000000000004e+00 0.00000000000000000e+00 1
4 1.36800000000000005e-01 2.50000000000000000e-01 1.80000000000000004e+00 0.00000000000000000e+00 1
4 6.61000000000000060e-02 8.00000000000000044e-01 1.19999999999999996e+00 0.00000000000000000e+00 1
4 1.68300000000000005e-01 2.50000000000000000e-01 1.80000000000000004e+00 0.00000000000000000e+00 1
4 5.70000000000000021e-03 0.00000000000000000e+00 1.19999999999999996e+00 0.00000000000000000e+00 1
4 4.09399999999999986e-01 9.00000000000000022e-01 1.19999999999999996e+00 0.00000000000000000e+00 1
4 3.42399999999999982e-01 5.99999999999999978e-01 3.29999999999999982e+00 0.00000000000000000e+00 1
4 4.98099999999999987e-01 9.00000000000000022e-01 3.29999999999999982e+00 0.00000000000000000e+00 1
4 7.17700000000000005e-01 9.00000000000000022e-01 3.29999999999999982e+00 3.29999999999999982e+00 1
4 7.32999999999999985e-01 8.00000000000000044e-01 1.80000000000000004e+00 1.80000000000000004e+00 1
4 9.80000000000000038e-02 0.00000000000000000e+00 1.80000000000000004e+00 0.00000000000000000e+00 1
4 3.13999999999999974e-02 2.50000000000000000e-01 1.80000000000000004e+00 0.00000000000000000e+00 1
4 4.29800000000000015e-01 8.00000000000000044e-01 3.29999999999999982e+00 0.00000000000000000e+00 1
4 5.27900000000000036e-01 8.00000000000000044e-01 1.19999999999999996e+00 1.19999999999999996e+00 1
4 8.79000000000000059e-02 5.99999999999999978e-01 1.80000000000000004e+00 0.00000000000000000e+00 1
4 6.70100000000000029e-01 8.00000000000000044e-01 3.29999999999999982e+00 3.29999999999999982e+00 1
4 3.02300000000000013e-01 5.99999999999999978e-01 3.29999999999999982e+00 3.29999999999999982e+00 1
4 4.51999999999999971e-02 0.00000000000000000e+00 1.19999999999999996e+00 0.00000000000000000e+00 1
4 6.41000000000000042e-02 2.50000000000000000e-01 1.19999999999999996e+00 0.00000000000000000e+00 1
4 3.45899999999999985e-01 8.00000000000000044e-01 3.29999999999999982e+00 0.00000000000000000e+00 1
4 2.30999999999999990e-02 0.00000000000000000e+00 3.29999999999999982e+00 0.00000000000000000e+00 1
4 3.60899999999999999e-01 5.99999999999999978e-01 1.80000000000000004e+00 1.80000000000000004e+00 1
4 6.53900000000000037e-01 8.00000000000000044e-01 1.80000000000000004e+00 1.80000000000000004e+00 1
4 1.03499999999999995e-01 2.50000000000000000e-01 1.80000000000000004e+00 0.00000000000000000e+00 1
4 2.97999999999999987e-01 9.00000000000000022e-01 1.19999999999999996e+00 0.00000000000000000e+00 1
4 1.89599999999999991e-01 2.50000000000000000e-01 3.29999999999999982e+00 0.00000000000000000e+00 1
4 7.48399999999999954e-01 8.00000000000000044e-01 1.19999999999999996e+00 1.19999999999999996e+00 1
4 1.02999999999999994e-01 8.00000000000000044e-01 3.29999999999999982e+00 0.00000000000000000e+00 1
4 4.24000000000000002e-02 2.50000000000000000e-01 1.80000000000000004e+00 0.00000000000000000e+00 1
4 2.02899999999999997e-01 2.50000000000000000e-01 1.19999999999999996e+00 0.00000000000000000e+00 1
4 1.76000000000000011e-02 0.00000000000000000e+00 1.80000000000000004e+00 0.00000000000000000e+00 1
4 5.29499999999999971e-01 5.99999999999999978e-01 1.80000000000000004e+00 1.80000000000000004e+00 1
4 1.23899999999999996e-01 2.50000000000000000e-01 1.80000000000000004e+00 0.00000000000000000e+00 1
4 8.60000000000000001e-03 5.99999999999999978e-01 1.80000000000000004e+00 0.00000000000000000e+00 1
4 1.47600000000000009e-01 2.50000000000000000e-01 3.29999999999999982e+00 0.00000000000000000e+00 1
4 4.51000000000000012e-02 5.99999999999999978e-01 1.80000000000000004e+00 0.00000000000000000e+00 1
4 1.47900000000000004e-01 2.50000000000000000e-01 1.80000000000000004e+00 0.00000000000000000e+00 1
4 7.73700000000000054e-01 9.00000000000000022e-01 3.29999999999999982e+00 3.29999999999999982e+00 1
4 5.92999999999999972e-01 5.99999999999999978e-01 1.19999999999999996e+00 1.19999999999999996e+00 1
4 1.58599999999999991e-01 2.50000000000000000e-01 1.80000000000000004e+00 0.00000000000000000e+00 1
4 1.96599999999999997e-01 5.99999999999999978e-01 1.80000000000000004e+00 0.00000000000000000e+00 1
4 6.50900000000000034e-01 8.00000000000000044e-01 3.29999999999999982e+00 3.29999999999999982e+00 1
4 6.79000000000000048e-01 8.00000000000000044e-01 1.19999999999999996e+00 1.19999999999999996e+00 1
4 1.69199999999999989e-01 2.50000000000000000e-01 3.29999999999999982e+00 0.00000000000000000e+00 1
4 7.29999999999999954e-02 0.00000000000000000e+00 1.19999999999999996e+00 0.00000000000000000e+00 1
4 8.69800000000000018e-01 9.00000000000000022e-01 3.29999999999999982e+00 3.29999999999999982e+00 1
4 4.24700000000000022e-01 5.99999999999999978e-01 1.80000000000000004e+00 1.80000000000000004e+00 1
4 2.73000000000000013e-02 2.50000000000000000e-01 3.29999999999999982e+00 0.00000000000000000e+00 1
4 4.06799999999999995e-01 5.99999999999999978e-01 1.80000000000000004e+00 1.80000000000000004e+00 1
4 2.37400000000000000e-01 2.50000000000000000e-01 1.19999999999999996e+00 0.00000000000000000e+00 1
4 4.10899999999999987e-01 5.99999999999999978e-01 1.19999999999999996e+00 1.19999999999999996e+00 1
4 1.53299999999999992e-01 9.00000000000000022e-01 1.80000000000000004e+00 0.00000000000000000e+00 1
4 4.10600000000000021e-01 5.99999999999999978e-01 3.29999999999999982e+00 3.29999999999999982e+00 1
4 5.37599999999999967e-01 8.00000000000000044e-01 3.29999999999999982e+00 3.29999999999999982e+00 1
4 4.38300000000000023e-01 9.00000000000000022e-01 1.80000000000000004e+00 1.80000000000000004e+00 1
4 3.20000000000000007e-01 9.00000000000000022e-01 3.29999999999999982e+00 0.00000000000000000e+00 1
4 7.70800000000000041e-01 8.00000000000000044e-01 3.29999999999999982e+00 3.29999999999999982e+00 1
4 1.76699999999999996e-01 8.00000000000000044e-01 1.80000000000000004e+00 0.00000000000000000e+00 1
4 2.87600000000000022e-01 8.00000000000000044e-01 3.29999999999999982e+00 0.00000000000000000e+00 1
4 1.65099999999999997e-01 8.00000000000000044e-01 1.80000000000000004e+00 0.00000000000000000e+00 1
4 2.68199999999999994e-01 8.00000000000000044e-01 1.80000000000000004e+00 0.00000000000000000e+00 1
4 8.66999999999999993e-02 5.99999999999999978e-01 3.29999999999999982e+00 0.00000000000000000e+00 1
4 5.82999999999999963e-01 8.00000000000000044e-01 3.29999999999999982e+00 3.29999999999999982e+00 1
4 6.51000000000000051e-02 2.50000000000000000e-01 1.19999999999999996e+00 0.00000000000000000e+00 1
4 7.30700000000000016e-01 8.00000000000000044e-01 3.29999999999999982e+00 3.29999999999999982e+00 1
4 6.52800000000000047e-01 9.00000000000000022e-01 1.80000000000000004e+00 1.80000000000000004e+00 1
4 2.29999999999999996e-02 0.00000000000000000e+00 1.80000000000000004e+00 0.00000000000000000e+00 1
4 3.31600000000000006e-01 9.00000000000000022e-01 1.80000000000000004e+00 0.00000000000000000e+00 1
4 4.88599999999999979e-01 5.99999999999999978e-01 1.80000000000000004e+00 1.80000000000000004e+00 1
4 2.86000000000000004e-02 9.00000000000000022e-01 3.29999999999999982e+00 0.00000000000000000e+00 1
4 8.10499999999999998e-01 9.00000000000000022e-01 1.80000000000000004e+00 1.80000000000000004e+00 1
4 5.02700000000000036e-01 5.99999999999999978e-01 1.80000000000000004e+00 1.80000000000000004e+00 1
4 7.78599999999999959e-01 8.00000000000000044e-01 1.19999999999999996e+00 1.19999999999999996e+00 1
4 7.86000000000000032e-02 2.50000000000000000e-01 1.19999999999999996e+00 0.00000000000000000e+00 1
4 2.67900000000000027e-01 9.00000000000000022e-01 3.29999999999999982e+00 0.00000000000000000e+00 1
4 5.08299999999999974e-01 5.99999999999999978e-01 3.29999999999999982e+00 3.29999999999999982e+00 1
4 4.28300000000000014e-01 8.00000000000000044e-01 1.80000000000000004e+00 1.80000000000000004e+00 1
4 5.38000000000000034e-01 9.00000000000000022e-01 3.29999999999999982e+00 3.29999999999999982e+00 1
4 4.13600000000000023e-01 8.00000000000000044e-01 3.29999999999999982e+00 3.29999999999999982e+00 1
4 3.49000000000000005e-02 0.00000000000000000e+00 1.80000000000000004e+00 0.00000000000000000e+00 1
4 2.40999999999999992e-01 2.50000000000000000e-01 3.29999999999999982e+00 0.00000000000000000e+00 1
4 4.28099999999999981e-01 9.00000000000000022e-01 1.19999999999999996e+00 0.00000000000000000e+00 1
4 4.99800000000000022e-01 5.99999999999999978e-01 1.19999999999999996e+00 1.19999999999999996e+00 1
4 5.85000000000000034e-02 0.00000000000000000e+00 1.19999999999999996e+00 0.00000000000000000e+00 1
4 1.69100000000000000e-01 8.00000000000000044e-01 3.29999999999999982e+00 0.00000000000000000e+00 1
4 5.93300000000000050e-01 5.99999999999999978e-01 1.19999999999999996e+00 1.19999999999999996e+00 1
4 7.58000000000000063e-02 0.00000000000000000e+00 1.80000000000000004e+00 0.00000000000000000e+00 1
4 2.46600000000000014e-01 8.00000000000000044e-01 3.29999999999999982e+00 0.00000000000000000e+00 1
4 6.90999999999999948e-02 0.00000000000000000e+00 1.80000000000000004e+00 0.00000000000000000e+00 1
4 5.93899999999999983e-01 8.00000000000000044e-01 3.29999999999999982e+00 3.29999999999999982e+00 1
4 1.17699999999999999e-01 8.00000000000000044e-01 1.80000000000000004e+00 0.00000000000000000e+00 1
4 3.46299999999999997e-01 5.99999999999999978e-01 1.19999999999999996e+00 0.00000000000000000e+00 1
4 5.22999999999999993e-02 2.50000000000000000e-01 1.80000000000000004e+00 0.00000000000000000e+00 1
4 1.45300000000000012e-01 2.50000000000000000e-01 1.19999999999999996e+00 0.00000000000000000e+00 1
4 2.56500000000000006e-01 8.00000000000000044e-01 1.19999999999999996e+00 0.00000000000000000e+00 1
4 2.33699999999999991e-01 8.00000000000000044e-01 1.19999999999999996e+00 0.00000000000000000e+00 1
4 7.00000000000000067e-02 0.00000000000000000e+00 1.80000000000000004e+00 0.00000000000000000e+00 1
4 4.47799999999999976e-01 8.00000000000000044e-01 1.80000000000000004e+00 0.00000000000000000e+00 1
4 4.87300000000000011e-01 8.00000000000000044e-01 1.19999999999999996e+00 1.19999999999999996e+00 1
4 5.38100000000000023e-01 5.99999999999999978e-01 1.19999999999999996e+00 1.19999999999999996e+00 1
4 8.10300000000000020e-01 9.00000000000000022e-01 1.19999999999999996e+00 1.19999999999999996e+00 1
4 8.79999999999999949e-02 2.50000000000000000e-01 1.80000000000000004e+00 0.00000000000000000e+00 1
4 7.42399999999999949e-01 9.00000000000000022e-01 1.80000000000000004e+00 1.80000000000000004e+00 1
4 5.85799999999999987e-01 5.99999999999999978e-01 1.19999999999999996e+00 1.19999999999999996e+00 1
4 7.65000000000000013e-01 8.00000000000000044e-01 1.19999999999999996e+00 1.19999999999999996e+00 1
4 2.47700000000000004e-01 2.50000000000000000e-01 1.19999999999999996e+00 0.00000000000000000e+00 1
4 3.66000000000000006e-02 2.50000000000000000e-01 1.19999999999999996e+00 0.00000000000000000e+00 1
4 1.89999999999999995e-02 0.00000000000000000e+00 1.19999999999999996e+00 0.00000000000000000e+00 1
4 3.54000000000000009e-02 0.00000000000000000e+00 1.19999999999999996e+00 0.00000000000000000e+00 1
4 4.69700000000000006e-01 9.00000000000000022e-01 1.80000000000000004e+00 0.00000000000000000e+00 1
4 5.39000000000000035e-01 9.00000000000000022e-01 3.29999999999999982e+00 0.00000000000000000e+00 1
4 1.00300000000000000e-01 8.00000000000000044e-01 1.19999999999999996e+00 0.00000000000000000e+00 1
4 2.05199999999999994e-01 9.00000000000000022e-01 1.80000000000000004e+00 0.00000000000000000e+00 1
4 1.18099999999999997e-01 8.00000000000000044e-01 3.29999999999999982e+00 0.00000000000000000e+00 1
4 1.25000000000000000e-01 2.50000000000000000e-01 3.29999999999999982e+00 0.00000000000000000e+00 1
4 7.21700000000000008e-01 8.00000000000000044e-01 1.19999999999999996e+00 1.19999999999999996e+00 1
4 1.62999999999999985e-02 0.00000000000000000e+00 1.19999999999999996e+00 0.00000000000000000e+00 1
4 8.64999999999999936e-02 0.00000000000000000e+00 1.80000000000000004e+00 0.00000000000000000e+00 1
4 7.04999999999999960e-01 9.00000000000000022e-01 1.19999999999999996e+00 1.19999999999999996e+00 1
4 1.77699999999999997e-01 2.50000000000000000e-01 1.19999999999999996e+00 0.00000000000000000e+00 1
4 7.84499999999999975e-01 8.00000000000000044e-01 3.29999999999999982e+00 3.29999999999999982e+00 1
4 1.04700000000000001e-01 2.50000000000000000e-01 1.19999999999999996e+00 0.00000000000000000e+00 1
4 1.11100000000000004e-01 5.99999999999999978e-01 1.80000000000000004e+00 0.00000000000000000e+00 1
4 3.49499999999999977e-01 9.00000000000000022e-01 1.80000000000000004e+00 0.00000000000000000e+00 1
4 2.09799999999999986e-01 8.00000000000000044e-01 3.29999999999999982e+00 0.00000000000000000e+00 1
4 5.40399999999999991e-01 8.00000000000000044e-01 1.80000000000000004e+00 1.80000000000000004e+00 1
4 3.23299999999999976e-01 8.00000000000000044e-01 1.19999999999999996e+00 1.19999999999999996e+00 1
4 1.73399999999999999e-01 2.50000000000000000e-01 3.29999999999999982e+00 0.00000000000000000e+00 1
4 5.45599999999999974e-01 8.00000000000000044e-01 1.19999999999999996e+00 1.19999999999999996e+00 1
4 5.23800000000000043e-01 8.00000000000000044e-01 1.80000000000000004e+00 1.80000000000000004e+00 1
4 7.10999999999999965e-02 0.00000000000000000e+00 1.19999999999999996e+00 0.00000000000000000e+00 1
4 5.34599999999999964e-01 8.00000000000000044e-01 1.80000000000000004e+00 1.80000000000000004e+00 1
4 2.50500000000000000e-01 5.99999999999999978e-01 3.29999999999999982e+00 3.29999999999999982e+00 1
4 1.77300000000000013e-01 5.99999999999999978e-01 3.29999999999999982e+00 0.00000000000000000e+00 1
4 1.81000000000000015e-02 5.99999999999999978e-01 3.29999999999999982e+00 0.00000000000000000e+00 1
4 8.74000000000000055e-02 0.00000000000000000e+00 3.29999999999999982e+00 0.00000000000000000e+00 1
4 7.39999999999999963e-02 0.00000000000000000e+00 1.19999999999999996e+00 0.00000000000000000e+00 1
4 9.69000000000000000e-02 0.00000000000000000e+00 1.80000000000000004e+00 0.00000000000000000e+00 1
4 1.28599999999999992e-01 2.50000000000000000e-01 3.29999999999999982e+00 0.00000000000000000e+00 1
4 6.41700000000000048e-01 8.00000000000000044e-01 1.19999999999999996e+00 1.19999999999999996e+00 1
4 3.72699999999999976e-01 9.00000000000000022e-01 1.80000000000000004e+00 1.80000000000000004e+00 1
4 1.89000000000000001e-02 9.00000000000000022e-01 1.19999999999999996e+00 0.00000000000000000e+00 1
4 2.09999999999999992e-01 8.00000000000000044e-01 1.80000000000000004e+00 0.00000000000000000e+00 1
4 1.24700000000000005e-01 8.00000000000000044e-01 1.19999999999999996e+00 0.00000000000000000e+00 1
4 2.38400000000000001e-01 2.50000000000000000e-01 1.19999999999999996e+00 0.00000000000000000e+00 1
4 1.05700000000000002e-01 2.50000000000000000e-01 3.29999999999999982e+00 0.00000000000000000e+00 1
4 5.27499999999999969e-01 9.00000000000000022e-01 3.29999999999999982e+00 0.00000000000000000e+00 1
4 7.60299999999999976e-01 8.00000000000000044e-01 3.29999999999999982e+00 3.29999999999999982e+00 1
4 1.04400000000000007e-01 8.00000000000000044e-01 1.80000000000000004e+00 0.00000000000000000e+00 1
4 1.97500000000000009e-01 9.00000000000000022e-01 1.80000000000000004e+00 0.00000000000000000e+00 1
4 8.26000000000000068e-02 5.99999999999999978e-01 1.80000000000000004e+00 0.00000000000000000e+00 1
4 7.05699999999999994e-01 9.00000000000000022e-01 3.29999999999999982e+00 3.29999999999999982e+00 1
4 1.40999999999999997e-02 0.00000000000000000e+00 1.80000000000000004e+00 0.00000000000000000e+00 1
4 6.64100000000000024e-01 8.00000000000000044e-01 3.29999999999999982e+00 3.29999999999999982e+00 1
4 4.07000000000000001e-02 8.00000000000000044e-01 3.29999999999999982e+00 0.00000000000000000e+00 1
4 9.09999999999999976e-02 0.00000000000000000e+00 3.29999999999999982e+00 0.00000000000000000e+00 1
4 4.54999999999999988e-02 0.00000000000000000e+00 1.80000000000000004e+00 0.00000000000000000e+00 1
4 3.52000000000000021e-02 0.00000000000000000e+00 1.19999999999999996e+00 0.00000000000000000e+00 1
4 1.08000000000000006e-02 0.00000000000000000e+00 1.19999999999999996e+00 0.00000000000000000e+00 1
4 2.00000000000000004e-03 0.00000000000000000e+00 1.19999999999999996e+00 0.00000000000000000e+00 1
4 3.52600000000000025e-01 8.00000000000000044e-01 3.29999999999999982e+00 0.00000000000000000e+00 1
4 2.23899999999999988e-01 5.99999999999999978e-01 3.29999999999999982e+00 0.00000000000000000e+00 1
4 4.05500000000000027e-01 8.00000000000000044e-01 3.29999999999999982e+00 0.00000000000000000e+00 1
4 4.97900000000000009e-01 8.00000000000000044e-01 1.19999999999999996e+00 1.19999999999999996e+00 1
4 5.33100000000000018e-01 9.00000000000000022e-01 3.29999999999999982e+00 3.29999999999999982e+00 1
4 9.95999999999999941e-02 0.00000000000000000e+00 1.19999999999999996e+00 0.00000000000000000e+00 1
4 4.08999999999999989e-02 0.00000000000000000e+00 1.80000000000000004e+00 0.00000000000000000e+00 1
4 4.44000000000000006e-01 8.00000000000000044e-01 1.19999999999999996e+00 0.00000000000000000e+00 1
4 7.15999999999999970e-02 0.00000000000000000e+00 3.29999999999999982e+00 0.00000000000000000e+00 1
4 3.12699999999999978e-01 5.99999999999999978e-01 1.19999999999999996e+00 0.00000000000000000e+00 1
4 9.85000000000000042e-02 9.00000000000000022e-01 3.29999999999999982e+00 0.00000000000000000e+00 1
4 2.39300000000000013e-01 8.00000000000000044e-01 3.29999999999999982e+00 0.00000000000000000e+00 1
4 6.35700000000000043e-01 8.00000000000000044e-01 1.19999999999999996e+00 1.19999999999999996e+00 1
4 3.88100000000000001e-01 8.00000000000000044e-01 1.19999999999999996e+00 1.19999999999999996e+00 1
4 2.66000000000000014e-01 9.00000000000000022e-01 1.80000000000000004e+00 0.00000000000000000e+00 1
4 5.86899999999999977e-01 5.99999999999999978e-01 1.80000000000000004e+00 1.80000000000000004e+00 1
4 3.40999999999999984e-02 0.00000000000000000e+00 3.29999999999999982e+00 0.00000000000000000e+00 1
4 9.61000000000000049e-02 0.00000000000000000e+00 1.19999999999999996e+00 0.00000000000000000e+00 1
4 8.77000000000000002e-02 0.00000000000000000e+00 1.19999999999999996e+00 0.00000000000000000e+00 1
4 8.27999999999999986e-02 8.00000000000000044e-01 1.19999999999999996e+00 0.00000000000000000e+00 1
4 2.74399999999999977e-01 8.00000000000000044e-01 1.19999999999999996e+00 0.00000000000000000e+00 1
4 6.84000000000000025e-02 2.50000000000000000e-01 1.80000000000000004e+00 0.00000000000000000e+00 1
4 4.32199999999999973e-01 8.00000000000000044e-01 1.80000000000000004e+00 0.00000000000000000e+00 1
4 7.68999999999999961e-02 0.00000000000000000e+00 1.19999999999999996e+00 0.00000000000000000e+00 1
4 3.62999999999999989e-02 2.50000000000000000e-01 1.80000000000000004e+00 0.00000000000000000e+00 1
4 4.68500000000000028e-01 8.00000000000000044e-01 3.29999999999999982e+00 0.00000000000000000e+00 1
4 1.06499999999999997e-01 2.50000000000000000e-01 1.19999999999999996e+00 0.00000000000000000e+00 1
4 2.80700000000000005e-01 8.00000000000000044e-01 1.80000000000000004e+00 0.00000000000000000e+00 1
4 5.91099999999999959e-01 8.00000000000000044e-01 1.80000000000000004e+00 1.80000000000000004e+00 1
4 3.03000000000000005e-02 2.50000000000000000e-01 1.80000000000000004e+00 0.00000000000000000e+00 1
4 6.09199999999999964e-01 9.00000000000000022e-01 1.80000000000000004e+00 1.80000000000000004e+00 1
4 5.95400000000000040e-01 9.00000000000000022e-01 1.19999999999999996e+00 1.19999999999999996e+00 1
4 1.20099999999999998e-01 8.00000000000000044e-01 3.29999999999999982e+00 0.00000000000000000e+00 1
4 8.39999999999999948e-03 0.00000000000000000e+00 1.19999999999999996e+00 0.00000000000000000e+00 1
4 1.09399999999999997e-01 8.00000000000000044e-01 3.29999999999999982e+00 0.00000000000000000e+00 1
4 5.41599999999999970e-01 5.99999999999999978e-01 1.19999999999999996e+00 1.19999999999999996e+00 1
4 6.61000000000000060e-02 0.00000000000000000e+00 3.29999999999999982e+00 0.00000000000000000e+00 1
4 3.80400000000000016e-01 8.00000000000000044e-01 1.19999999999999996e+00 0.00000000000000000e+00 1
4 1.22300000000000006e-01 5.99999999999999978e-01 1.80000000000000004e+00 0.00000000000000000e+00 1
4 2.74000000000000007e-02 2.50000000000000000e-01 3.29999999999999982e+00 0.00000000000000000e+00 1
4 1.96999999999999988e-02 0.00000000000000000e+00 1.80000000000000004e+00 0.00000000000000000e+00 1
4 9.59999999999999916e-03 0.00000000000000000e+00 1.80000000000000004e+00 0.00000000000000000e+00 1
4 7.51199999999999979e-01 8.00000000000000044e-01 1.19999999999999996e+00 1.19999999999999996e+00 1
4 3.59800000000000009e-01 9.00000000000000022e-01 1.19999999999999996e+00 0.00000000000000000e+00 1
4 6.89000000000000029e-02 5.99999999999999978e-01 3.29999999999999982e+00 0.00000000000000000e+00 1
4 3.10300000000000020e-01 8.00000000000000044e-01 1.19999999999999996e+00 0.00000000000000000e+00 1
4 4.04600000000000015e-01 5.99999999999999978e-01 3.29999999999999982e+00 3.29999999999999982e+00 1
4 7.58700000000000041e-01 8.00000000000000044e-01 1.19999999999999996e+00 1.19999999999999996e+00 1
4 8.74000000000000055e-02 2.50000000000000000e-01 1.80000000000000004e+00 0.00000000000000000e+00 1
4 1.42800000000000010e-01 8.00000000000000044e-01 1.80000000000000004e+00 0.00000000000000000e+00 1
4 1.51999999999999996e-01 2.50000000000000000e-01 1.80000000000000004e+00 0.00000000000000000e+00 1
4 1.34899999999999992e-01 8.00000000000000044e-01 3.29999999999999982e+00 0.00000000000000000e+00 1
4 3.83199999999999985e-01 5.99999999999999978e-01 1.19999999999999996e+00 1.19999999999999996e+00 1
4 5.51999999999999991e-02 8.00000000000000044e-01 3.29999999999999982e+00 0.00000000000000000e+00 1
4 3.26400000000000023e-01 5.99999999999999978e-01 1.19999999999999996e+00 0.00000000000000000e+00 1
4 1.09999999999999994e-02 0.00000000000000000e+00 3.29999999999999982e+00 0.00000000000000000e+00 1
4 4.98800000000000021e-01 5.99999999999999978e-01 3.29999999999999982e+00 3.29999999999999982e+00 1
4 9.18999999999999956e-02 0.00000000000000000e+00 3.29999999999999982e+00 0.00000000000000000e+00 1
4 5.60999999999999971e-02 8.00000000000000044e-01 1.19999999999999996e+00 0.00000000000000000e+00 1
4 1.02400000000000005e-01 2.50000000000000000e-01 3.29999999999999982e+00 0.00000000000000000e+00 1
4 4.41000000000000003e-02 0.00000000000000000e+00 1.80000000000000004e+00 0.00000000000000000e+00 1
4 9.86999999999999961e-02 8.00000000000000044e-01 1.80000000000000004e+00 0.00000000000000000e+00 1
4 4.71499999999999975e-01 5.99999999999999978e-01 3.29999999999999982e+00 3.29999999999999982e+00 1
4 7.89799999999999947e-01 9.00000000000000022e-01 3.29999999999999982e+00 3.29999999999999982e+00 1
4 4.34999999999999970e-02 2.50000000000000000e-01 1.19999999999999996e+00 0.00000000000000000e+00 1
4 3.03000000000000005e-02 2.50000000000000000e-01 1.80000000000000004e+00 0.00000000000000000e+00 1
4 4.36800000000000022e-01 9.00000000000000022e-01 1.80000000000000004e+00 0.00000000000000000e+00 1
4 5.77000000000000013e-02 0.00000000000000000e+00 1.19999999999999996e+00 0.00000000000000000e+00 1
4 2.99700000000000022e-01 9.00000000000000022e-01 1.19999999999999996e+00 0.00000000000000000e+00 1
4 2.48599999999999988e-01 2.50000000000000000e-01 1.19999999999999996e+00 0.00000000000000000e+00 1
4 6.86499999999999999e-01 9.00000000000000022e-01 3.29999999999999982e+00 3.29999999999999982e+00 1
4 6.21000000000000024e-02 0.00000000000000000e+00 1.80000000000000004e+00 0.00000000000000000e+00 1
4 2.89700000000000013e-01 8.00000000000000044e-01 3.29999999999999982e+00 0.00000000000000000e+00 1
4 8.80999999999999978e-02 0.00000000000000000e+00 3.29999999999999982e+00 0.00000000000000000e+00 1
4 5.44200000000000017e-01 5.99999999999999978e-01 1.80000000000000004e+00 1.80000000000000004e+00 1
4 7.98999999999999988e-02 0.00000000000000000e+00 1.80000000000000004e+00 0.00000000000000000e+00 1
4 6.21999999999999997e-01 8.00000000000000044e-01 1.80000000000000004e+00 1.80000000000000004e+00 1
4 7.60099999999999998e-01 8.00000000000000044e-01 3.29999999999999982e+00 3.29999999999999982e+00 1
4 5.87799999999999989e-01 5.99999999999999978e-01 3.29999999999999982e+00 3.29999999999999982e+00 1
4 2.27300000000000002e-01 5.99999999999999978e-01 3.29999999999999982e+00 0.00000000000000000e+00 1
4 5.30000000000000002e-03 0.00000000000000000e+00 3.29999999999999982e+00 0.00000000000000000e+00 1
4 1.98599999999999999e-01 2.50000000000000000e-01 1.19999999999999996e+00 0.00000000000000000e+00 1
4 3.05999999999999987e-02 0.00000000000000000e+00 3.29999999999999982e+00 0.00000000000000000e+00 1
4 3.59000000000000014e-02 0.00000000000000000e+00 1.80000000000000004e+00 0.00000000000000000e+00 1
4 5.90700000000000003e-01 8.00000000000000044e-01 1.80000000000000004e+00 1.80000000000000004e+00 1
4 5.01800000000000024e-01 5.99999999999999978e-01 3.29999999999999982e+00 3.29999999999999982e+00 1
4 5.45499999999999985e-01 5.99999999999999978e-01 1.80000000000000004e+00 1.80000000000000004e+00 1
4 9.75000000000000033e-02 0.00000000000000000e+00 1.19999999999999996e+00 0.00000000000000000e+00 1
4 2.39600000000000007e-01 9.00000000000000022e-01 1.19999999999999996e+00 0.00000000000000000e+00 1
4 3.81999999999999978e-02 0.00000000000000000e+00 1.80000000000000004e+00 0.00000000000000000e+00 1
4 1.63300000000000001e-01 5.99999999999999978e-01 1.80000000000000004e+00 0.00000000000000000e+00 1
4 5.58200000000000029e-01 8.00000000000000044e-01 1.19999999999999996e+00 1.19999999999999996e+00 1
4 5.62200000000000033e-01 8.00000000000000044e-01 1.19999999999999996e+00 1.19999999999999996e+00 1
4 2.94200000000000017e-01 5.99999999999999978e-01 1.80000000000000004e+00 1.80000000000000004e+00 1
4 4.89900000000000002e-01 5.99999999999999978e-01 3.29999999999999982e+00 3.29999999999999982e+00 1
4 3.13999999999999974e-02 0.00000000000000000e+00 1.19999999999999996e+00 0.00000000000000000e+00 1
4 6.32399999999999962e-01 8.00000000000000044e-01 1.19999999999999996e+00 1.19999999999999996e+00 1
4 9.72999999999999976e-02 2.50000000000000000e-01 3.29999999999999982e+00 0.00000000000000000e+00 1
4 7.14999999999999941e-02 2.50000000000000000e-01 3.29999999999999982e+00 0.00000000000000000e+00 1
4 4.04100000000000015e-01 8.00000000000000044e-01 3.29999999999999982e+00 0.00000000000000000e+00 1
4 8.39000000000000024e-02 2.50000000000000000e-01 1.19999999999999996e+00 0.00000000000000000e+00 1
4 9.63999999999999996e-02 0.00000000000000000e+00 1.19999999999999996e+00 0.00000000000000000e+00 1
4 2.52000000000000002e-02 5.99999999999999978e-01 3.29999999999999982e+00 0.00000000000000000e+00 1
4 2.07900000000000001e-01 2.50000000000000000e-01 1.80000000000000004e+00 0.00000000000000000e+00 1
4 1.19200000000000000e-01 2.50000000000000000e-01 1.19999999999999996e+00 0.00000000000000000e+00 1
4 1.99699999999999989e-01 2.50000000000000000e-01 1.19999999999999996e+00 0.00000000000000000e+00 1
4 5.21000000000000005e-02 5.99999999999999978e-01 1.19999999999999996e+00 0.00000000000000000e+00 1
4 2.63600000000000001e-01 8.00000000000000044e-01 3.29999999999999982e+00 0.00000000000000000e+00 1
4 2.12000000000000001e-02 0.00000000000000000e+00 1.80000000000000004e+00 0.00000000000000000e+00 1
4 5.41399999999999992e-01 5.99999999999999978e-01 3.29999999999999982e+00 3.29999999999999982e+00 1
4 3.29999999999999998e-03 2.50000000000000000e-01 1.19999999999999996e+00 0.00000000000000000e+00 1
4 4.42999999999999991e-02 5.99999999999999978e-01 1.80000000000000004e+00 0.00000000000000000e+00 1
4 8.81099999999999994e-01 9.00000000000000022e-01 1.80000000000000004e+00 1.80000000000000004e+00 1
4 8.08999999999999997e-02 0.00000000000000000e+00 1.19999999999999996e+00 0.00000000000000000e+00 1
4 6.45700000000000052e-01 9.00000000000000022e-01 1.80000000000000004e+00 1.80000000000000004e+00 1
4 8.45999999999999946e-02 2.50000000000000000e-01 1.19999999999999996e+00 0.00000000000000000e+00 1
4 1.35599999999999998e-01 2.50000000000000000e-01 1.19999999999999996e+00 0.00000000000000000e+00 1
4 1.53599999999999987e-01 9.00000000000000022e-01 3.29999999999999982e+00 0.00000000000000000e+00 1
4 4.31300000000000017e-01 8.00000000000000044e-01 1.19999999999999996e+00 0.00000000000000000e+00 1
4 2.52999999999999996e-02 0.00000000000000000e+00 1.19999999999999996e+00 0.00000000000000000e+00 1
4 9.79000000000000009e-02 0.00000000000000000e+00 1.80000000000000004e+00 0.00000000000000000e+00 1
4 4.27300000000000013e-01 5.99999999999999978e-01 3.29999999999999982e+00 3.29999999999999982e+00 1
4 3.61000000000000001e-02 0.00000000000000000e+00 1.19999999999999996e+00 0.00000000000000000e+00 1
4 8.16999999999999948e-02 2.50000000000000000e-01 1.19999999999999996e+00 0.00000000000000000e+00 1
4 3.86400000000000021e-01 8.00000000000000044e-01 3.29999999999999982e+00 0.00000000000000000e+00 1
4 3.58700000000000019e-01 8.00000000000000044e-01 3.29999999999999982e+00 0.00000000000000000e+00 1
4 1.83000000000000003e-02 2.50000000000000000e-01 3.29999999999999982e+00 0.00000000000000000e+00 1
4 7.37700000000000022e-01 9.00000000000000022e-01 1.19999999999999996e+00 1.19999999999999996e+00 1
4 2.24899999999999989e-01 5.99999999999999978e-01 3.29999999999999982e+00 0.00000000000000000e+00 1
4 3.39500000000000024e-01 5.99999999999999978e-01 1.80000000000000004e+00 0.00000000000000000e+00 1
4 1.36699999999999988e-01 8.00000000000000044e-01 1.19999999999999996e+00 0.00000000000000000e+00 1
4 5.48999999999999974e-02 5.99999999999999978e-01 1.80000000000000004e+00 0.00000000000000000e+00 1
4 7.34700000000000020e-01 8.00000000000000044e-01 1.19999999999999996e+00 1.19999999999999996e+00 1
4 1.65899999999999992e-01 5.99999999999999978e-01 3.29999999999999982e+00 0.00000000000000000e+00 1
4 1.26099999999999990e-01 8.00000000000000044e-01 1.80000000000000004e+00 0.00000000000000000e+00 1
4 7.97699999999999965e-01 8.00000000000000044e-01 1.19999999999999996e+00 1.19999999999999996e+00 1
4 9.36000000000000026e-02 0.00000000000000000e+00 1.19999999999999996e+00 0.00000000000000000e+00 1
4 1.78299999999999986e-01 2.50000000000000000e-01 1.80000000000000004e+00 0.00000000000000000e+00 1
4 2.29599999999999999e-01 2.50000000000000000e-01 1.19999999999999996e+00 0.00000000000000000e+00 1
4 5.31699999999999950e-01 5.99999999999999978e-01 1.80000000000000004e+00 1.80000000000000004e+00 1
4 2.57799999999999974e-01 9.00000000000000022e-01 1.19999999999999996e+00 0.00000000000000000e+00 1
4 8.55999999999999983e-01 9.00000000000000022e-01 1.80000000000000004e+00 1.80000000000000004e+00 1
4 5.50000000000000003e-02 0.00000000000000000e+00 3.29999999999999982e+00 0.00000000000000000e+00 1
4 4.37900000000000011e-01 8.00000000000000044e-01 1.19999999999999996e+00 0.00000000000000000e+00 1
4 1.34800000000000003e-01 8.00000000000000044e-01 1.80000000000000004e+00 0.00000000000000000e+00 1
4 2.10799999999999987e-01 2.50000000000000000e-01 1.19999999999999996e+00 0.00000000000000000e+00 1
4 1.27599999999999991e-01 5.99999999999999978e-01 1.80000000000000004e+00 0.00000000000000000e+00 1
4 5.30399999999999983e-01 9.00000000000000022e-01 1.19999999999999996e+00 0.00000000000000000e+00 1
4 1.73800000000000010e-01 8.00000000000000044e-01 1.80000000000000004e+00 0.00000000000000000e+00 1
4 2.75500000000000023e-01 9.00000000000000022e-01 1.80000000000000004e+00 0.00000000000000000e+00 1
4 9.11000000000000004e-02 0.00000000000000000e+00 1.80000000000000004e+00 0.00000000000000000e+00 1
4 2.50000000000000005e-03 9.00000000000000022e-01 1.80000000000000004e+00 0.00000000000000000e+00 1
4 1.94000000000000006e-02 0.00000000000000000e+00 3.29999999999999982e+00 0.00000000000000000e+00 1
4 3.18000000000000019e-02 0.00000000000000000e+00 1.80000000000000004e+00 0.00000000000000000e+00 1
4 3.85500000000000009e-01 8.00000000000000044e-01 1.19999999999999996e+00 0.00000000000000000e+00 1
4 7.40999999999999992e-02 8.00000000000000044e-01 1.80000000000000004e+00 0.00000000000000000e+00 1
4 7.09000000000000047e-02 5.99999999999999978e-01 1.19999999999999996e+00 0.00000000000000000e+00 1
4 7.90300000000000002e-01 9.00000000000000022e-01 1.19999999999999996e+00 1.19999999999999996e+00 1
4 7.84800000000000053e-01 9.00000000000000022e-01 1.80000000000000004e+00 1.80000000000000004e+00 1
4 2.71699999999999997e-01 9.00000000000000022e-01 1.80000000000000004e+00 0.00000000000000000e+00 1
4 2.08199999999999996e-01 9.00000000000000022e-01 1.19999999999999996e+00 0.00000000000000000e+00 1
4 2.62000000000000011e-01 8.00000000000000044e-01 3.29999999999999982e+00 0.00000000000000000e+00 1
4 6.02199999999999958e-01 8.00000000000000044e-01 1.19999999999999996e+00 1.19999999999999996e+00 1
4 5.79999999999999960e-03 0.00000000000000000e+00 1.19999999999999996e+00 0.00000000000000000e+00 1
4 5.59699999999999975e-01 8.00000000000000044e-01 3.29999999999999982e+00 3.29999999999999982e+00 1
4 3.91999999999999987e-02 8.00000000000000044e-01 3.29999999999999982e+00 0.00000000000000000e+00 1
4 7.05200000000000049e-01 9.00000000000000022e-01 1.80000000000000004e+00 1.80000000000000004e+00 1
4 5.20299999999999985e-01 8.00000000000000044e-01 1.80000000000000004e+00 1.80000000000000004e+00 1
4 3.04300000000000015e-01 8.00000000000000044e-01 3.29999999999999982e+00 0.00000000000000000e+00 1
4 4.60399999999999976e-01 5.99999999999999978e-01 1.80000000000000004e+00 1.80000000000000004e+00 1
4 8.34400000000000031e-01 9.00000000000000022e-01 3.29999999999999982e+00 3.29999999999999982e+00 1
4 2.42299999999999988e-01 5.99999999999999978e-01 1.19999999999999996e+00 1.19999999999999996e+00 1
4 1.34399999999999992e-01 2.50000000000000000e-01 1.19999999999999996e+00 0.00000000000000000e+00 1
4 3.30000000000000016e-01 9.00000000000000022e-01 1.19999999999999996e+00 0.00000000000000000e+00 1
4 5.46799999999999953e-01 9.00000000000000022e-01 1.19999999999999996e+00 1.19999999999999996e+00 1
4 1.11600000000000005e-01 8.00000000000000044e-01 3.29999999999999982e+00 0.00000000000000000e+00 1
4 1.21499999999999997e-01 5.99999999999999978e-01 1.19999999999999996e+00 0.00000000000000000e+00 1
4 3.58800000000000008e-01 8.00000000000000044e-01 1.19999999999999996e+00 0.00000000000000000e+00 1
4 1.85499999999999998e-01 5.99999999999999978e-01 3.29999999999999982e+00 0.00000000000000000e+00 1
4 5.65100000000000047e-01 5.99999999999999978e-01 3.29999999999999982e+00 3.29999999999999982e+00 1
4 3.75599999999999989e-01 8.00000000000000044e-01 1.19999999999999996e+00 1.19999999999999996e+00 1
4 2.64199999999999990e-01 9.00000000000000022e-01 1.19999999999999996e+00 0.00000000000000000e+00 1
4 3.91699999999999993e-01 8.00000000000000044e-01 1.19999999999999996e+00 0.00000000000000000e+00 1
4 5.21100000000000008e-01 8.00000000000000044e-01 1.80000000000000004e+00 1.80000000000000004e+00 1
4 1.55099999999999988e-01 5.99999999999999978e-01 1.19999999999999996e+00 0.00000000000000000e+00 1
4 2.98999999999999995e-02 5.99999999999999978e-01 3.29999999999999982e+00 0.00000000000000000e+00 1
4 3.72999999999999998e-01 8.00000000000000044e-01 1.80000000000000004e+00 0.00000000000000000e+00 1
4 9.12000000000000033e-02 0.00000000000000000e+00 3.29999999999999982e+00 0.00000000000000000e+00 1
4 8.74999999999999944e-02 0.00000000000000000e+00 3.29999999999999982e+00 0.00000000000000000e+00 1
4 4.42000000000000032e-02 0.00000000000000000e+00 3.29999999999999982e+00 0.00000000000000000e+00 1
4 1.40000000000000013e-01 8.00000000000000044e-01 1.80000000000000004e+00 0.00000000000000000e+00 1
4 1.99600000000000000e-01 2.50000000000000000e-01 1.19999999999999996e+00 0.00000000000000000e+00 1
4 1.91999999999999983e-02 2.50000000000000000e-01 1.80000000000000004e+00 0.00000000000000000e+00 1
4 1.77499999999999991e-01 2.50000000000000000e-01 1.80000000000000004e+00 0.00000000000000000e+00 1
4 9.95000000000000051e-02 2.50000000000000000e-01 1.80000000000000004e+00 0.00000000000000000e+00 1
4 5.63000000000000028e-02 0.00000000000000000e+00 1.80000000000000004e+00 0.00000000000000000e+00 1
4 4.66999999999999985e-02 0.00000000000000000e+00 3.29999999999999982e+00 0.00000000000000000e+00 1
4 3.97000000000000020e-01 5.99999999999999978e-01 1.80000000000000004e+00 1.80000000000000004e+00 1
4 1.10100000000000003e-01 2.50000000000000000e-01 1.19999999999999996e+00 0.00000000000000000e+00 1
4 2.30199999999999988e-01 8.00000000000000044e-01 3.29999999999999982e+00 0.00000000000000000e+00 1
4 1.25400000000000011e-01 8.00000000000000044e-01 3.29999999999999982e+00 0.00000000000000000e+00 1
4 2.44600000000000012e-01 2.50000000000000000e-01 3.29999999999999982e+00 0.00000000000000000e+00 1
4 6.84799999999999964e-01 8.00000000000000044e-01 1.80000000000000004e+00 1.80000000000000004e+00 1
4 1.22200000000000003e-01 8.00000000000000044e-01 1.19999999999999996e+00 0.00000000000000000e+00 1
4 3.84999999999999995e-02 2.50000000000000000e-01 3.29999999999999982e+00 0.00000000000000000e+00 1
4 7.37999999999999989e-01 9.00000000000000022e-01 3.29999999999999982e+00 3.29999999999999982e+00 1
4 2.06199999999999994e-01 8.00000000000000044e-01 1.19999999999999996e+00 0.00000000000000000e+00 1
4 5.66699999999999982e-01 8.00000000000000044e-01 3.29999999999999982e+00 3.29999999999999982e+00 1
4 3.43999999999999972e-01 8.00000000000000044e-01 1.19999999999999996e+00 1.19999999999999996e+00 1
4 2.15400000000000008e-01 8.00000000000000044e-01 3.29999999999999982e+00 0.00000000000000000e+00 1
4 7.46299999999999963e-01 8.00000000000000044e-01 3.29999999999999982e+00 3.29999999999999982e+00 1
4 6.30600000000000049e-01 9.00000000000000022e-01 1.19999999999999996e+00 1.19999999999999996e+00 1
4 3.77699999999999980e-01 5.99999999999999978e-01 1.80000000000000004e+00 1.80000000000000004e+00 1
4 5.38900000000000046e-01 5.99999999999999978e-01 3.29999999999999982e+00 3.29999999999999982e+00 1
4 3.64800000000000013e-01 8.00000000000000044e-01 1.19999999999999996e+00 1.19999999999999996e+00 1
4 2.74000000000000007e-02 0.00000000000000000e+00 1.19999999999999996e+00 0.00000000000000000e+00 1
4 2.15999999999999998e-01 8.00000000000000044e-01 1.19999999999999996e+00 0.00000000000000000e+00 1
4 2.37600000000000006e-01 2.50000000000000000e-01 3.29999999999999982e+00 0.00000000000000000e+00 1
4 2.64600000000000002e-01 8.00000000000000044e-01 1.80000000000000004e+00 0.00000000000000000e+00 1
4 2.23099999999999993e-01 5.99999999999999978e-01 1.19999999999999996e+00 0.00000000000000000e+00 1
4 7.42299999999999960e-01 8.00000000000000044e-01 1.19999999999999996e+00 1.19999999999999996e+00 1
4 2.73699999999999999e-01 9.00000000000000022e-01 3.29999999999999982e+00 0.00000000000000000e+00 1
4 5.60799999999999965e-01 8.00000000000000044e-01 3.29999999999999982e+00 3.29999999999999982e+00 1
4 2.47700000000000004e-01 2.50000000000000000e-01 3.29999999999999982e+00 0.00000000000000000e+00 1
4 1.05399999999999994e-01 2.50000000000000000e-01 3.29999999999999982e+00 0.00000000000000000e+00 1
4 5.89999999999999969e-02 0.00000000000000000e+00 1.19999999999999996e+00 0.00000000000000000e+00 1
4 5.09800000000000031e-01 8.00000000000000044e-01 1.19999999999999996e+00 1.19999999999999996e+00 1
4 2.17599999999999988e-01 2.50000000000000000e-01 3.29999999999999982e+00 0.00000000000000000e+00 1
4 3.54999999999999982e-01 8.00000000000000044e-01 3.29999999999999982e+00 0.00000000000000000e+00 1
4 8.20000000000000034e-02 0.00000000000000000e+00 1.80000000000000004e+00 0.00000000000000000e+00 1
4 2.94899999999999995e-01 8.00000000000000044e-01 1.80000000000000004e+00 0.00000000000000000e+00 1
4 5.73599999999999999e-01 5.99999999999999978e-01 1.19999999999999996e+00 1.19999999999999996e+00 1
4 9.84000000000000014e-02 8.00000000000000044e-01 1.80000000000000004e+00 0.00000000000000000e+00 1
4 9.10000000000000045e-03 0.00000000000000000e+00 1.80000000000000004e+00 0.00000000000000000e+00 1
4 6.12999999999999989e-01 9.00000000000000022e-01 1.19999999999999996e+00 1.19999999999999996e+00 1
4 2.87499999999999978e-01 5.99999999999999978e-01 1.80000000000000004e+00 1.80000000000000004e+00 1
4 2.58500000000000008e-01 5.99999999999999978e-01 1.80000000000000004e+00 1.80000000000000004e+00 1
4 2.44799999999999990e-01 2.50000000000000000e-01 1.19999999999999996e+00 0.00000000000000000e+00 1
4 2.35999999999999995e-02 0.00000000000000000e+00 1.19999999999999996e+00 0.00000000000000000e+00 1
4 2.14200000000000002e-01 2.50000000000000000e-01 1.19999999999999996e+00 0.00000000000000000e+00 1
4 1.96399999999999991e-01 2.50000000000000000e-01 3.29999999999999982e+00 0.00000000000000000e+00 1
4 1.09999999999999994e-02 9.00000000000000022e-01 3.29999999999999982e+00 0.00000000000000000e+00 1
4 7.88799999999999946e-01 8.00000000000000044e-01 1.19999999999999996e+00 1.19999999999999996e+00 1
4 5.94000000000000014e-02 0.00000000000000000e+00 1.19999999999999996e+00 0.00000000000000000e+00 1
4 1.59399999999999986e-01 5.99999999999999978e-01 1.80000000000000004e+00 0.00000000000000000e+00 1
4 5.34100000000000019e-01 8.00000000000000044e-01 1.19999999999999996e+00 1.19999999999999996e+00 1
4 7.86299999999999999e-01 8.00000000000000044e-01 3.29999999999999982e+00 3.29999999999999982e+00 1
4 7.67999999999999933e-02 8.00000000000000044e-01 1.80000000000000004e+00 0.00000000000000000e+00 1
4 4.90000000000000019e-02 0.00000000000000000e+00 3.29999999999999982e+00 0.00000000000000000e+00 1
4 6.96699999999999986e-01 9.00000000000000022e-01 1.80000000000000004e+00 1.80000000000000004e+00 1
4 4.87000000000000002e-02 2.50000000000000000e-01 1.80000000000000004e+00 0.00000000000000000e+00 1
4 9.46000000000000035e-02 5.99999999999999978e-01 3.29999999999999982e+00 0.00000000000000000e+00 1
4 1.32399999999999990e-01 8.00000000000000044e-01 1.80000000000000004e+00 0.00000000000000000e+00 1
4 5.10000000000000009e-01 5.99999999999999978e-01 1.19999999999999996e+00 1.19999999999999996e+00 1
4 6.16000000000000020e-02 5.99999999999999978e-01 1.19999999999999996e+00 0.00000000000000000e+00 1
4 4.68600000000000017e-01 5.99999999999999978e-01 1.19999999999999996e+00 1.19999999999999996e+00 1
4 6.99999999999999993e-04 2.50000000000000000e-01 3.29999999999999982e+00 0.00000000000000000e+00 1
4 2.89499999999999980e-01 8.00000000000000044e-01 3.29999999999999982e+00 0.00000000000000000e+00 1
4 2.17700000000000005e-01 8.00000000000000044e-01 3.29999999999999982e+00 0.00000000000000000e+00 1
4 5.54499999999999993e-01 8.00000000000000044e-01 1.19999999999999996e+00 1.19999999999999996e+00 1
4 6.14700000000000024e-01 8.00000000000000044e-01 1.19999999999999996e+00 1.19999999999999996e+00 1
4 7.78999999999999970e-02 2.50000000000000000e-01 1.19999999999999996e+00 0.00000000000000000e+00 1
4 7.78699999999999948e-01 9.00000000000000022e-01 1.80000000000000004e+00 1.80000000000000004e+00 1
4 3.93000000000000016e-02 0.00000000000000000e+00 1.19999999999999996e+00 0.00000000000000000e+00 1
4 9.47999999999999954e-02 0.00000000000000000e+00 3.29999999999999982e+00 0.00000000000000000e+00 1
4 2.30099999999999999e-01 5.99999999999999978e-01 1.19999999999999996e+00 0.00000000000000000e+00 1
4 3.40000000000000024e-01 5.99999999999999978e-01 3.29999999999999982e+00 0.00000000000000000e+00 1
4 2.29300000000000004e-01 2.50000000000000000e-01 3.29999999999999982e+00 0.00000000000000000e+00 1
4 7.09500000000000020e-01 9.00000000000000022e-01 1.19999999999999996e+00 1.19999999999999996e+00 1
4 6.60499999999999976e-01 9.00000000000000022e-01 1.19999999999999996e+00 1.19999999999999996e+00 1
4 1.39999999999999999e-03 0.00000000000000000e+00 1.19999999999999996e+00 0.00000000000000000e+00 1
4 6.29499999999999948e-01 8.00000000000000044e-01 1.80000000000000004e+00 1.80000000000000004e+00 1
4 2.38199999999999995e-01 2.50000000000000000e-01 1.19999999999999996e+00 0.00000000000000000e+00 1
4 8.29999999999999960e-01 9.00000000000000022e-01 3.29999999999999982e+00 3.29999999999999982e+00 1
4 3.76999999999999974e-02 5.99999999999999978e-01 1.80000000000000004e+00 0.00000000000000000e+00 1
4 3.79000000000000004e-01 5.99999999999999978e-01 3.29999999999999982e+00 3.29999999999999982e+00 1
4 2.22200000000000009e-01 9.00000000000000022e-01 1.80000000000000004e+00 0.00000000000000000e+00 1
4 5.10199999999999987e-01 8.00000000000000044e-01 1.80000000000000004e+00 1.80000000000000004e+00 1
4 4.43500000000000005e-01 8.00000000000000044e-01 1.19999999999999996e+00 1.19999999999999996e+00 1
4 3.38999999999999996e-02 2.50000000000000000e-01 1.19999999999999996e+00 0.00000000000000000e+00 1
4 3.72800000000000020e-01 5.99999999999999978e-01 1.80000000000000004e+00 1.80000000000000004e+00 1
4 3.20000000000000007e-02 0.00000000000000000e+00 1.80000000000000004e+00 0.00000000000000000e+00 1
4 4.49999999999999966e-03 2.50000000000000000e-01 3.29999999999999982e+00 0.00000000000000000e+00 1
4 7.56000000000000005e-02 0.00000000000000000e+00 1.19999999999999996e+00 0.00000000000000000e+00 1
4 1.56000000000000000e-01 5.99999999999999978e-01 3.29999999999999982e+00 0.00000000000000000e+00 1
4 1.62599999999999995e-01 9.00000000000000022e-01 1.19999999999999996e+00 0.00000000000000000e+00 1
4 2.11799999999999988e-01 2.50000000000000000e-01 1.80000000000000004e+00 0.00000000000000000e+00 1
4 1.91799999999999998e-01 8.00000000000000044e-01 3.29999999999999982e+00 0.00000000000000000e+00 1
4 4.35099999999999987e-01 8.00000000000000044e-01 3.29999999999999982e+00 0.00000000000000000e+00 1
4 5.58999999999999983e-02 0.00000000000000000e+00 3.29999999999999982e+00 0.00000000000000000e+00 1
4 9.85000000000000042e-02 0.00000000000000000e+00 3.29999999999999982e+00 0.00000000000000000e+00 1
4 1.33700000000000013e-01 5.99999999999999978e-01 1.80000000000000004e+00 0.00000000000000000e+00 1
4 2.81999999999999994e-02 0.00000000000000000e+00 3.29999999999999982e+00 0.00000000000000000e+00 1
4 3.46200000000000008e-01 5.99999999999999978e-01 3.29999999999999982e+00 0.00000000000000000e+00 1
4 1.49400000000000005e-01 8.00000000000000044e-01 3.29999999999999982e+00 0.00000000000000000e+00 1
4 1.23999999999999996e-02 0.00000000000000000e+00 3.29999999999999982e+00 0.00000000000000000e+00 1
4 3.04999999999999993e-02 2.50000000000000000e-01 1.80000000000000004e+00 0.00000000000000000e+00 1
4 5.70200000000000040e-01 8.00000000000000044e-01 1.19999999999999996e+00 1.19999999999999996e+00 1
4 1.17199999999999999e-01 2.50000000000000000e-01 3.29999999999999982e+00 0.00000000000000000e+00 1
4 1.33399999999999991e-01 2.50000000000000000e-01 1.80000000000000004e+00 0.00000000000000000e+00 1
4 7.16999999999999998e-02 2.50000000000000000e-01 1.19999999999999996e+00 0.00000000000000000e+00 1
4 2.63999999999999999e-02 0.00000000000000000e+00 1.80000000000000004e+00 0.00000000000000000e+00 1
4 7.62399999999999967e-01 9.00000000000000022e-01 1.19999999999999996e+00 1.19999999999999996e+00 1
4 3.70699999999999974e-01 5.99999999999999978e-01 1.80000000000000004e+00 1.80000000000000004e+00 1
4 2.23000000000000004e-02 8.00000000000000044e-01 1.80000000000000004e+00 0.00000000000000000e+00 1
4 3.74800000000000022e-01 5.99999999999999978e-01 3.29999999999999982e+00 3.29999999999999982e+00 1
4 4.75899999999999990e-01 5.99999999999999978e-01 1.19999999999999996e+00 1.19999999999999996e+00 1
4 2.00000000000000004e-02 5.99999999999999978e-01 1.19999999999999996e+00 0.00000000000000000e+00 1
4 7.47000000000000025e-02 2.50000000000000000e-01 1.80000000000000004e+00 0.00000000000000000e+00 1
4 1.10000000000000001e-01 9.00000000000000022e-01 1.19999999999999996e+00 0.00000000000000000e+00 1
4 2.76700000000000002e-01 8.00000000000000044e-01 3.29999999999999982e+00 0.00000000000000000e+00 1
4 6.57999999999999974e-02 0.00000000000000000e+00 1.80000000000000004e+00 0.00000000000000000e+00 1
4 3.42799999999999994e-01 9.00000000000000022e-01 1.19999999999999996e+00 0.00000000000000000e+00 1
4 5.25200000000000000e-01 8.00000000000000044e-01 3.29999999999999982e+00 3.29999999999999982e+00 1
4 5.12800000000000034e-01 9.00000000000000022e-01 1.80000000000000004e+00 1.80000000000000004e+00 1
4 6.20199999999999974e-01 8.00000000000000044e-01 3.29999999999999982e+00 3.29999999999999982e+00 1
4 5.70999999999999952e-01 9.00000000000000022e-01 1.80000000000000004e+00 1.80000000000000004e+00 1
4 5.98099999999999965e-01 5.99999999999999978e-01 1.19999999999999996e+00 1.19999999999999996e+00 1
4 3.76500000000000001e-01 8.00000000000000044e-01 1.19999999999999996e+00 1.19999999999999996e+00 1
4 8.56999999999999984e-02 0.00000000000000000e+00 3.29999999999999982e+00 0.00000000000000000e+00 1
4 5.56799999999999962e-01 9.00000000000000022e-01 1.19999999999999996e+00 1.19999999999999996e+00 1
4 2.49200000000000005e-01 8.00000000000000044e-01 1.80000000000000004e+00 0.00000000000000000e+00 1
4 6.95200000000000040e-01 9.00000000000000022e-01 1.80000000000000004e+00 1.80000000000000004e+00 1
4 4.73000000000000018e-02 8.00000000000000044e-01 1.19999999999999996e+00 0.00000000000000000e+00 1
4 5.92799999999999994e-01 9.00000000000000022e-01 1.80000000000000004e+00 1.80000000000000004e+00 1
4 3.65900000000000003e-01 9.00000000000000022e-01 1.80000000000000004e+00 1.80000000000000004e+00 1
4 6.89000000000000029e-02 2.50000000000000000e-01 1.80000000000000004e+00 0.00000000000000000e+00 1
4 4.00999999999999968e-02 2.50000000000000000e-01 1.80000000000000004e+00 0.00000000000000000e+00 1
4 2.70299999999999985e-01 5.99999999999999978e-01 1.80000000000000004e+00 0.00000000000000000e+00 1
4 3.05999999999999994e-01 8.00000000000000044e-01 1.19999999999999996e+00 0.00000000000000000e+00 1
4 6.97599999999999998e-01 8.00000000000000044e-01 1.80000000000000004e+00 1.80000000000000004e+00 1
4 5.12599999999999945e-01 5.99999999999999978e-01 1.19999999999999996e+00 1.19999999999999996e+00 1
4 3.29699999999999993e-01 8.00000000000000044e-01 1.19999999999999996e+00 1.19999999999999996e+00 1
4 3.41799999999999993e-01 5.99999999999999978e-01 1.19999999999999996e+00 1.19999999999999996e+00 1
4 8.50999999999999951e-02 0.00000000000000000e+00 3.29999999999999982e+00 0.00000000000000000e+00 1
4 2.14600000000000013e-01 2.50000000000000000e-01 1.19999999999999996e+00 0.00000000000000000e+00 1
4 8.93999999999999934e-02 0.00000000000000000e+00 3.29999999999999982e+00 0.00000000000000000e+00 1
4 8.55000000000000066e-02 0.00000000000000000e+00 1.80000000000000004e+00 0.00000000000000000e+00 1
4 6.09199999999999964e-01 8.00000000000000044e-01 3.29999999999999982e+00 3.29999999999999982e+00 1
4 1.36199999999999988e-01 8.00000000000000044e-01 3.29999999999999982e+00 0.00000000000000000e+00 1
4 3.40600000000000014e-01 8.00000000000000044e-01 1.80000000000000004e+00 0.00000000000000000e+00 1
4 1.72800000000000009e-01 2.50000000000000000e-01 1.80000000000000004e+00 0.00000000000000000e+00 1
4 5.78799999999999981e-01 5.99999999999999978e-01 1.19999999999999996e+00 1.19999999999999996e+00 1
4 6.41000000000000042e-02 9.00000000000000022e-01 3.29999999999999982e+00 0.00000000000000000e+00 1
4 4.05999999999999972e-02 2.50000000000000000e-01 1.19999999999999996e+00 0.00000000000000000e+00 1
4 3.08000000000000010e-02 9.00000000000000022e-01 1.80000000000000004e+00 0.00000000000000000e+00 1
4 1.54299999999999993e-01 2.50000000000000000e-01 1.19999999999999996e+00 0.00000000000000000e+00 1
4 2.32300000000000006e-01 5.99999999999999978e-01 1.80000000000000004e+00 0.00000000000000000e+00 1
4 2.26500000000000007e-01 8.00000000000000044e-01 1.19999999999999996e+00 0.00000000000000000e+00 1
4 5.05299999999999971e-01 5.99999999999999978e-01 1.80000000000000004e+00 1.80000000000000004e+00 1
4 6.04999999999999982e-02 9.00000000000000022e-01 1.19999999999999996e+00 0.00000000000000000e+00 1
4 1.90899999999999986e-01 2.50000000000000000e-01 1.19999999999999996e+00 0.00000000000000000e+00 1
4 7.89399999999999991e-01 9.00000000000000022e-01 1.80000000000000004e+00 1.80000000000000004e+00 1
4 1.28700000000000009e-01 8.00000000000000044e-01 1.19999999999999996e+00 0.00000000000000000e+00 1
4 1.34099999999999997e-01 2.50000000000000000e-01 3.29999999999999982e+00 0.00000000000000000e+00 1
4 5.87999999999999981e-02 0.00000000000000000e+00 1.19999999999999996e+00 0.00000000000000000e+00 1
4 2.24000000000000005e-01 2.50000000000000000e-01 1.80000000000000004e+00 0.00000000000000000e+00 1
4 4.52699999999999991e-01 5.99999999999999978e-01 3.29999999999999982e+00 3.29999999999999982e+00 1
4 2.26000000000000006e-01 9.00000000000000022e-01 1.19999999999999996e+00 0.00000000000000000e+00 1
4 1.60000000000000003e-02 0.00000000000000000e+00 1.19999999999999996e+00 0.00000000000000000e+00 1
4 5.72699999999999987e-01 8.00000000000000044e-01 1.19999999999999996e+00 1.19999999999999996e+00 1
4 7.53999999999999948e-02 0.00000000000000000e+00 1.19999999999999996e+00 0.00000000000000000e+00 1
4 5.01399999999999957e-01 5.99999999999999978e-01 1.80000000000000004e+00 1.80000000000000004e+00 1
4 1.52900000000000008e-01 8.00000000000000044e-01 1.19999999999999996e+00 0.00000000000000000e+00 1
4 2.34399999999999997e-01 8.00000000000000044e-01 1.19999999999999996e+00 0.00000000000000000e+00 1
4 1.23999999999999996e-02 9.00000000000000022e-01 1.80000000000000004e+00 0.00000000000000000e+00 1
4 3.66800000000000015e-01 8.00000000000000044e-01 1.19999999999999996e+00 0.00000000000000000e+00 1
4 4.45199999999999985e-01 5.99999999999999978e-01 3.29999999999999982e+00 3.29999999999999982e+00 1
4 1.69399999999999995e-01 2.50000000000000000e-01 1.19999999999999996e+00 0.00000000000000000e+00 1
4 7.75200000000000000e-01 8.00000000000000044e-01 1.80000000000000004e+00 1.80000000000000004e+00 1
4 2.19900000000000012e-01 2.50000000000000000e-01 3.29999999999999982e+00 0.00000000000000000e+00 1
4 5.44300000000000006e-01 8.00000000000000044e-01 3.29999999999999982e+00 3.29999999999999982e+00 1
4 8.14799999999999969e-01 9.00000000000000022e-01 1.80000000000000004e+00 1.80000000000000004e+00 1
4 5.43000000000000010e-02 0.00000000000000000e+00 1.19999999999999996e+00 0.00000000000000000e+00 1
4 2.80899999999999983e-01 9.00000000000000022e-01 1.19999999999999996e+00 0.00000000000000000e+00 1
4 2.28399999999999992e-01 5.99999999999999978e-01 3.29999999999999982e+00 0.00000000000000000e+00 1
4 1.46600000000000008e-01 8.00000000000000044e-01 1.19999999999999996e+00 0.00000000000000000e+00 1
4 1.25200000000000006e-01 2.50000000000000000e-01 1.80000000000000004e+00 0.00000000000000000e+00 1
4 3.21999999999999995e-02 8.00000000000000044e-01 1.19999999999999996e+00 0.00000000000000000e+00 1
4 5.17999999999999988e-02 0.00000000000000000e+00 1.19999999999999996e+00 0.00000000000000000e+00 1
4 1.33599999999999997e-01 9.00000000000000022e-01 1.19999999999999996e+00 0.00000000000000000e+00 1
4 1.50999999999999995e-01 8.00000000000000044e-01 1.19999999999999996e+00 0.00000000000000000e+00 1
4 1.51900000000000007e-01 5.99999999999999978e-01 1.80000000000000004e+00 0.00000000000000000e+00 1
4 8.20799999999999974e-01 9.00000000000000022e-01 3.29999999999999982e+00 3.29999999999999982e+00 1
4 1.41199999999999992e-01 2.50000000000000000e-01 1.80000000000000004e+00 0.00000000000000000e+00 1
4 5.81099999999999950e-01 8.00000000000000044e-01 3.29999999999999982e+00 3.29999999999999982e+00 1
4 6.98599999999999999e-01 8.00000000000000044e-01 1.80000000000000004e+00 1.80000000000000004e+00 1
4 1.03700000000000001e-01 2.50000000000000000e-01 3.29999999999999982e+00 0.00000000000000000e+00 1
4 2.85000000000000010e-02 0.00000000000000000e+00 1.80000000000000004e+00 0.00000000000000000e+00 1
4 1.02400000000000005e-01 2.50000000000000000e-01 1.80000000000000004e+00 0.00000000000000000e+00 1
4 2.18299999999999994e-01 8.00000000000000044e-01 3.29999999999999982e+00 0.00000000000000000e+00 1
4 8.80499999999999949e-01 9.00000000000000022e-01 1.19999999999999996e+00 1.19999999999999996e+00 1
4 2.46999999999999997e-02 9.00000000000000022e-01 1.19999999999999996e+00 0.00000000000000000e+00 1
4 1.47600000000000009e-01 2.50000000000000000e-01 1.19999999999999996e+00 0.00000000000000000e+00 1
4 9.96999999999999970e-02 0.00000000000000000e+00 1.80000000000000004e+00 0.00000000000000000e+00 1
4 6.37999999999999956e-02 0.00000000000000000e+00 1.19999999999999996e+00 0.00000000000000000e+00 1
4 3.01999999999999991e-01 9.00000000000000022e-01 1.19999999999999996e+00 0.00000000000000000e+00 1
4 3.42600000000000016e-01 8.00000000000000044e-01 3.29999999999999982e+00 0.00000000000000000e+00 1
4 4.68999999999999972e-02 0.00000000000000000e+00 3.29999999999999982e+00 0.00000000000000000e+00 1
4 8.37999999999999995e-02 2.50000000000000000e-01 3.29999999999999982e+00 0.00000000000000000e+00 1
4 6.12700000000000022e-01 8.00000000000000044e-01 1.80000000000000004e+00 1.80000000000000004e+00 1
4 6.01999999999999980e-01 8.00000000000000044e-01 1.80000000000000004e+00 1.80000000000000004e+00 1
4 5.11199999999999988e-01 9.00000000000000022e-01 1.19999999999999996e+00 1.19999999999999996e+00 1
4 6.80000000000000049e-02 2.50000000000000000e-01 3.29999999999999982e+00 0.00000000000000000e+00 1
4 5.59599999999999986e-01 8.00000000000000044e-01 1.80000000000000004e+00 1.80000000000000004e+00 1
4 4.59000000000000033e-02 8.00000000000000044e-01 3.29999999999999982e+00 0.00000000000000000e+00 1
4 2.82200000000000006e-01 9.00000000000000022e-01 1.80000000000000004e+00 0.00000000000000000e+00 1
4 4.36800000000000022e-01 9.00000000000000022e-01 3.29999999999999982e+00 0.00000000000000000e+00 1
4 6.80000000000000049e-02 0.00000000000000000e+00 1.80000000000000004e+00 0.00000000000000000e+00 1
4 2.14499999999999996e-01 8.00000000000000044e-01 1.80000000000000004e+00 0.00000000000000000e+00 1
4 8.16799999999999971e-01 9.00000000000000022e-01 1.19999999999999996e+00 1.19999999999999996e+00 1
4 9.41000000000000031e-02 5.99999999999999978e-01 1.19999999999999996e+00 0.00000000000000000e+00 1
4 7.35999999999999988e-02 0.00000000000000000e+00 3.29999999999999982e+00 0.00000000000000000e+00 1
4 1.51999999999999996e-01 9.00000000000000022e-01 1.80000000000000004e+00 0.00000000000000000e+00 1
4 4.63600000000000012e-01 9.00000000000000022e-01 3.29999999999999982e+00 0.00000000000000000e+00 1
4 4.09700000000000009e-01 5.99999999999999978e-01 1.19999999999999996e+00 1.19999999999999996e+00 1
4 5.36499999999999977e-01 8.00000000000000044e-01 1.80000000000000004e+00 1.80000000000000004e+00 1
4 1.51200000000000001e-01 8.00000000000000044e-01 3.29999999999999982e+00 0.00000000000000000e+00 1
4 4.08000000000000029e-02 0.00000000000000000e+00 1.80000000000000004e+00 0.00000000000000000e+00 1
4 1.96899999999999992e-01 5.99999999999999978e-01 1.19999999999999996e+00 0.00000000000000000e+00 1
4 9.07000000000000028e-02 8.00000000000000044e-01 1.19999999999999996e+00 0.00000000000000000e+00 1
4 4.46000000000000008e-02 2.50000000000000000e-01 1.19999999999999996e+00 0.00000000000000000e+00 1
4 2.34300000000000008e-01 8.00000000000000044e-01 1.19999999999999996e+00 0.00000000000000000e+00 1
4 4.39999999999999974e-02 2.50000000000000000e-01 3.29999999999999982e+00 0.00000000000000000e+00 1
4 4.08000000000000029e-02 0.00000000000000000e+00 1.80000000000000004e+00 0.00000000000000000e+00 1
4 1.27200000000000008e-01 2.50000000000000000e-01 1.80000000000000004e+00 0.00000000000000000e+00 1
4 7.48999999999999944e-02 8.00000000000000044e-01 1.80000000000000004e+00 0.00000000000000000e+00 1
4 1.54599999999999987e-01 5.99999999999999978e-01 3.29999999999999982e+00 0.00000000000000000e+00 1
4 4.24399999999999999e-01 5.99999999999999978e-01 1.80000000000000004e+00 1.80000000000000004e+00 1
4 4.63600000000000012e-01 8.00000000000000044e-01 1.19999999999999996e+00 1.19999999999999996e+00 1
4 7.34999999999999987e-01 8.00000000000000044e-01 1.19999999999999996e+00 1.19999999999999996e+00 1
4 5.48200000000000021e-01 8.00000000000000044e-01 1.80000000000000004e+00 1.80000000000000004e+00 1
4 8.71999999999999997e-02 0.00000000000000000e+00 1.19999999999999996e+00 0.00000000000000000e+00 1
4 1.15900000000000003e-01 9.00000000000000022e-01 1.19999999999999996e+00 0.00000000000000000e+00 1
4 4.71999999999999975e-01 8.00000000000000044e-01 1.80000000000000004e+00 0.00000000000000000e+00 1
4 5.97199999999999953e-01 5.99999999999999978e-01 1.80000000000000004e+00 1.80000000000000004e+00 1
4 1.86799999999999994e-01 8.00000000000000044e-01 1.80000000000000004e+00 0.00000000000000000e+00 1
4 9.58999999999999991e-02 2.50000000000000000e-01 1.19999999999999996e+00 0.00000000000000000e+00 1
4 7.27600000000000025e-01 8.00000000000000044e-01 1.80000000000000004e+00 1.80000000000000004e+00 1
4 8.21000000000000063e-02 0.00000000000000000e+00 1.19999999999999996e+00 0.00000000000000000e+00 1
4 1.86099999999999988e-01 9.00000000000000022e-01 3.29999999999999982e+00 0.00000000000000000e+00 1
4 5.18800000000000039e-01 5.99999999999999978e-01 3.29999999999999982e+00 3.29999999999999982e+00 1
4 6.71900000000000053e-01 8.00000000000000044e-01 3.29999999999999982e+00 3.29999999999999982e+00 1
4 2.19299999999999995e-01 8.00000000000000044e-01 1.19999999999999996e+00 0.00000000000000000e+00 1
4 5.08199999999999985e-01 9.00000000000000022e-01 3.29999999999999982e+00 0.00000000000000000e+00 1
4 3.13699999999999979e-01 9.00000000000000022e-01 1.19999999999999996e+00 0.00000000000000000e+00 1
4 2.37900000000000000e-01 9.00000000000000022e-01 1.80000000000000004e+00 0.00000000000000000e+00 1
4 2.12100000000000011e-01 2.50000000000000000e-01 1.80000000000000004e+00 0.00000000000000000e+00 1
4 5.62000000000000055e-01 8.00000000000000044e-01 1.80000000000000004e+00 1.80000000000000004e+00 1
4 2.17999999999999999e-02 0.00000000000000000e+00 1.19999999999999996e+00 0.00000000000000000e+00 1
4 6.69599999999999973e-01 8.00000000000000044e-01 1.80000000000000004e+00 1.80000000000000004e+00 1
4 1.43400000000000000e-01 2.50000000000000000e-01 1.19999999999999996e+00 0.00000000000000000e+00 1
4 3.63700000000000023e-01 9.00000000000000022e-01 1.19999999999999996e+00 0.00000000000000000e+00 1
4 5.97199999999999953e-01 9.00000000000000022e-01 1.19999999999999996e+00 1.19999999999999996e+00 1
4 6.68699999999999961e-01 8.00000000000000044e-01 1.80000000000000004e+00 1.80000000000000004e+00 1
4 4.40699999999999981e-01 8.00000000000000044e-01 3.29999999999999982e+00 3.29999999999999982e+00 1
4 6.28000000000000003e-01 8.00000000000000044e-01 1.80000000000000004e+00 1.80000000000000004e+00 1
4 8.98000000000000048e-02 0.00000000000000000e+00 1.19999999999999996e+00 0.00000000000000000e+00 1
4 7.35999999999999988e-02 8.00000000000000044e-01 1.80000000000000004e+00 0.00000000000000000e+00 1
4 7.08000000000000018e-02 0.00000000000000000e+00 1.80000000000000004e+00 0.00000000000000000e+00 1
4 1.25500000000000000e-01 8.00000000000000044e-01 3.29999999999999982e+00 0.00000000000000000e+00 1
4 3.23000000000000009e-01 8.00000000000000044e-01 3.29999999999999982e+00 0.00000000000000000e+00 1
4 2.38000000000000017e-02 0.00000000000000000e+00 3.29999999999999982e+00 0.00000000000000000e+00 1
4 9.96999999999999970e-02 8.00000000000000044e-01 3.29999999999999982e+00 0.00000000000000000e+00 1
4 4.60100000000000009e-01 8.00000000000000044e-01 1.19999999999999996e+00 0.00000000000000000e+00 1
4 7.10000000000000041e-03 9.00000000000000022e-01 1.80000000000000004e+00 0.00000000000000000e+00 1
4 7.39299999999999957e-01 8.00000000000000044e-01 1.19999999999999996e+00 1.19999999999999996e+00 1
4 7.11999999999999994e-02 8.00000000000000044e-01 1.19999999999999996e+00 0.00000000000000000e+00 1
4 5.59000000000000052e-01 8.00000000000000044e-01 1.19999999999999996e+00 1.19999999999999996e+00 1
4 6.49999999999999970e-03 8.00000000000000044e-01 3.29999999999999982e+00 0.00000000000000000e+00 1
4 1.76300000000000012e-01 8.00000000000000044e-01 3.29999999999999982e+00 0.00000000000000000e+00 1
4 3.72999999999999998e-02 2.50000000000000000e-01 1.80000000000000004e+00 0.00000000000000000e+00 1
4 8.26600000000000001e-01 9.00000000000000022e-01 1.19999999999999996e+00 1.19999999999999996e+00 1
4 7.10000000000000041e-03 0.00000000000000000e+00 1.19999999999999996e+00 0.00000000000000000e+00 1
4 8.63000000000000017e-02 0.00000000000000000e+00 1.80000000000000004e+00 0.00000000000000000e+00 1
4 6.20900000000000007e-01 9.00000000000000022e-01 3.29999999999999982e+00 3.29999999999999982e+00 1
4 6.19999999999999978e-03 0.00000000000000000e+00 3.29999999999999982e+00 0.00000000000000000e+00 1
4 2.51000000000000008e-02 0.00000000000000000e+00 1.80000000000000004e+00 0.00000000000000000e+00 1
4 4.10999999999999976e-02 9.00000000000000022e-01 1.19999999999999996e+00 0.00000000000000000e+00 1
4 6.04999999999999982e-02 0.00000000000000000e+00 3.29999999999999982e+00 0.00000000000000000e+00 1
4 6.73799999999999955e-01 8.00000000000000044e-01 3.29999999999999982e+00 3.29999999999999982e+00 1
4 9.95000000000000051e-02 2.50000000000000000e-01 3.29999999999999982e+00 0.00000000000000000e+00 1
4 4.64999999999999997e-02 0.00000000000000000e+00 3.29999999999999982e+00 0.00000000000000000e+00 1
4 1.56700000000000006e-01 2.50000000000000000e-01 3.29999999999999982e+00 0.00000000000000000e+00 1
4 4.80999999999999969e-02 0.00000000000000000e+00 3.29999999999999982e+00 0.00000000000000000e+00 1
4 2.38300000000000012e-01 2.50000000000000000e-01 1.80000000000000004e+00 0.00000000000000000e+00 1
4 6.23999999999999971e-02 0.00000000000000000e+00 1.80000000000000004e+00 0.00000000000000000e+00 1
4 1.85799999999999993e-01 5.99999999999999978e-01 3.29999999999999982e+00 0.00000000000000000e+00 1
4 1.22399999999999995e-01 9.00000000000000022e-01 3.29999999999999982e+00 0.00000000000000000e+00 1
4 4.70000000000000018e-03 0.00000000000000000e+00 3.29999999999999982e+00 0.00000000000000000e+00 1
4 1.36800000000000005e-01 9.00000000000000022e-01 1.19999999999999996e+00 0.00000000000000000e+00 1
4 5.31699999999999950e-01 5.99999999999999978e-01 3.29999999999999982e+00 3.29999999999999982e+00 1
4 4.66000000000000025e-02 8.00000000000000044e-01 3.29999999999999982e+00 0.00000000000000000e+00 1
4 8.61299999999999955e-01 9.00000000000000022e-01 1.80000000000000004e+00 1.80000000000000004e+00 1
4 2.29500000000000010e-01 8.00000000000000044e-01 1.19999999999999996e+00 0.00000000000000000e+00 1
4 2.47599999999999987e-01 9.00000000000000022e-01 3.29999999999999982e+00 0.00000000000000000e+00 1
4 1.35699999999999987e-01 5.99999999999999978e-01 1.80000000000000004e+00 0.00000000000000000e+00 1
4 2.88100000000000023e-01 8.00000000000000044e-01 1.19999999999999996e+00 0.00000000000000000e+00 1
4 9.28999999999999965e-02 8.00000000000000044e-01 1.80000000000000004e+00 0.00000000000000000e+00 1
4 3.81699999999999984e-01 8.00000000000000044e-01 1.19999999999999996e+00 0.00000000000000000e+00 1
4 2.20299999999999996e-01 2.50000000000000000e-01 1.80000000000000004e+00 0.00000000000000000e+00 1
4 9.71000000000000058e-02 2.50000000000000000e-01 3.29999999999999982e+00 0.00000000000000000e+00 1
4 6.77999999999999992e-02 0.00000000000000000e+00 1.19999999999999996e+00 0.00000000000000000e+00 1
4 4.97000000000000011e-02 8.00000000000000044e-01 1.19999999999999996e+00 0.00000000000000000e+00 1
4 3.30199999999999994e-01 5.99999999999999978e-01 1.19999999999999996e+00 0.00000000000000000e+00 1
4 5.51300000000000012e-01 8.00000000000000044e-01 1.80000000000000004e+00 1.80000000000000004e+00 1
4 3.23199999999999987e-01 5.99999999999999978e-01 1.80000000000000004e+00 1.80000000000000004e+00 1
4 1.28000000000000003e-01 2.50000000000000000e-01 1.19999999999999996e+00 0.00000000000000000e+00 1
4 2.01500000000000012e-01 8.00000000000000044e-01 1.80000000000000004e+00 0.00000000000000000e+00 1
4 5.95799999999999996e-01 8.00000000000000044e-01 1.80000000000000004e+00 1.80000000000000004e+00 1
4 1.72699999999999992e-01 5.99999999999999978e-01 1.80000000000000004e+00 0.00000000000000000e+00 1
4 6.35800000000000032e-01 8.00000000000000044e-01 1.19999999999999996e+00 1.19999999999999996e+00 1
4 9.10000000000000045e-03 0.00000000000000000e+00 3.29999999999999982e+00 0.00000000000000000e+00 1
4 2.26300000000000001e-01 8.00000000000000044e-01 1.19999999999999996e+00 0.00000000000000000e+00 1
4 2.03100000000000003e-01 9.00000000000000022e-01 3.29999999999999982e+00 0.00000000000000000e+00 1
4 5.00000000000000010e-03 0.00000000000000000e+00 1.80000000000000004e+00 0.00000000000000000e+00 1
4 5.05499999999999949e-01 8.00000000000000044e-01 1.19999999999999996e+00 1.19999999999999996e+00 1
4 1.99500000000000011e-01 8.00000000000000044e-01 1.80000000000000004e+00 0.00000000000000000e+00 1
4 3.74099999999999988e-01 9.00000000000000022e-01 3.29999999999999982e+00 0.00000000000000000e+00 1
4 7.21999999999999975e-01 8.00000000000000044e-01 1.19999999999999996e+00 1.19999999999999996e+00 1
4 2.84700000000000009e-01 9.00000000000000022e-01 1.80000000000000004e+00 0.00000000000000000e+00 1
4 1.95999999999999994e-02 0.00000000000000000e+00 1.80000000000000004e+00 0.00000000000000000e+00 1
4 8.31699999999999995e-01 9.00000000000000022e-01 1.19999999999999996e+00 1.19999999999999996e+00 1
4 7.66800000000000037e-01 8.00000000000000044e-01 1.80000000000000004e+00 1.80000000000000004e+00 1
4 5.17999999999999988e-02 0.00000000000000000e+00 3.29999999999999982e+00 0.00000000000000000e+00 1
4 1.93000000000000012e-02 0.00000000000000000e+00 1.19999999999999996e+00 0.00000000000000000e+00 1
4 2.05100000000000005e-01 8.00000000000000044e-01 1.19999999999999996e+00 0.00000000000000000e+00 1
4 1.48600000000000010e-01 2.50000000000000000e-01 1.80000000000000004e+00 0.00000000000000000e+00 1
4 7.44099999999999984e-01 9.00000000000000022e-01 1.19999999999999996e+00 1.19999999999999996e+00 1
4 6.40900000000000025e-01 8.00000000000000044e-01 1.80000000000000004e+00 1.80000000000000004e+00 1
4 3.68599999999999983e-01 8.00000000000000044e-01 3.29999999999999982e+00 3.29999999999999982e+00 1
4 3.65300000000000014e-01 5.99999999999999978e-01 1.80000000000000004e+00 1.80000000000000004e+00 1
4 7.96100000000000030e-01 8.00000000000000044e-01 1.19999999999999996e+00 1.19999999999999996e+00 1
4 7.59999999999999981e-02 2.50000000000000000e-01 1.80000000000000004e+00 0.00000000000000000e+00 1
4 7.37099999999999977e-01 8.00000000000000044e-01 1.80000000000000004e+00 1.80000000000000004e+00 1
4 6.08199999999999963e-01 9.00000000000000022e-01 1.19999999999999996e+00 1.19999999999999996e+00 1
4 1.72999999999999994e-02 0.00000000000000000e+00 1.80000000000000004e+00 0.00000000000000000e+00 1
4 1.42000000000000008e-02 8.00000000000000044e-01 3.29999999999999982e+00 0.00000000000000000e+00 1
