0 0 0 0 0 00 00000000 f 00000000 ffffffff 1 1 0 1
0 1 1 0 1 04 12345678 f 00000000 ffffffff 1 1 0 1
0 1 1 1 1 04 12345678 f 00000000 ffffffff 1 1 0 1
0 1 1 0 0 04 00000000 f 12345678 ffffffff 1 1 0 1
0 1 1 1 0 04 00000000 f 12345678 ffffffff 1 1 0 1
0 1 1 0 1 00 cafef00d f 00000000 ffffffff 1 1 0 1
0 1 1 1 1 00 cafef00d f 00000000 ffffffff 1 1 0 1
0 1 1 0 0 00 00000000 f cafef00d ffffffff 1 1 0 1
0 1 1 1 0 00 00000000 f cafef00d ffffffff 1 1 0 1
1 1 1 0 0 08 00000000 f a9b00001 ffffffff 1 1 0 1
1 1 1 1 0 08 00000000 f a9b00001 ffffffff 1 1 0 1
1 1 1 0 0 0c 00000000 f 00000002 ffffffff 1 1 0 1
1 1 1 1 0 0c 00000000 f 00000002 ffffffff 1 1 0 1
2 1 0 0 0 04 00000000 f 00000000 ffffffff 1 1 0 1
3 1 1 0 1 04 ffffffff 5 00000000 ffffffff 1 1 0 1
3 1 1 1 1 04 ffffffff 5 00000000 ffffffff 1 1 0 1
3 1 1 0 0 04 00000000 f 12ff56ff ffffffff 1 1 0 1
3 1 1 1 0 04 00000000 f 12ff56ff ffffffff 1 1 0 1
3 1 1 0 1 04 00000000 8 00000000 ffffffff 1 1 0 1
3 1 1 1 1 04 00000000 8 00000000 ffffffff 1 1 0 1
3 1 1 0 0 04 00000000 f 00ff56ff ffffffff 1 1 0 1
3 1 1 1 0 04 00000000 f 00ff56ff ffffffff 1 1 0 1
4 1 1 0 1 08 deadbeef f 00000000 ffffffff 1 1 0 1
4 1 1 1 1 08 deadbeef f 00000000 ffffffff 1 1 1 1
4 1 1 0 1 0c deadbeef f 00000000 ffffffff 1 1 0 1
4 1 1 1 1 0c deadbeef f 00000000 ffffffff 1 1 1 1
4 1 1 0 0 10 deadbeef f 00000000 ffffffff 1 1 0 1
4 1 1 1 0 10 deadbeef f 00000000 ffffffff 1 1 1 1
4 1 1 0 1 10 deadbeef f 00000000 ffffffff 1 1 0 1
4 1 1 1 1 10 deadbeef f 00000000 ffffffff 1 1 1 1
4 1 1 0 0 05 deadbeef f 00000000 ffffffff 1 1 0 1
4 1 1 1 0 05 deadbeef f 00000000 ffffffff 1 1 1 1
4 1 1 0 1 06 deadbeef f 00000000 ffffffff 1 1 0 1
4 1 1 1 1 06 deadbeef f 00000000 ffffffff 1 1 1 1
4 1 1 0 1 fc deadbeef f 00000000 ffffffff 1 1 0 1
4 1 1 1 1 fc deadbeef f 00000000 ffffffff 1 1 1 1
4 1 1 0 0 0c 00000000 f 00000004 ffffffff 1 1 0 1
4 1 1 1 0 0c 00000000 f 00000004 ffffffff 1 1 0 1
5 1 1 0 1 04 82b58dcf 1 00000000 ffffffff 1 1 0 1
5 1 1 1 1 04 82b58dcf 1 00000000 ffffffff 1 1 0 1
5 1 1 0 1 08 c058ef99 8 00000000 ffffffff 1 1 0 1
5 1 1 1 1 08 c058ef99 8 00000000 ffffffff 1 1 1 1
5 1 1 0 1 04 12bc2691 9 00000000 ffffffff 1 1 0 1
5 1 1 1 1 04 12bc2691 9 00000000 ffffffff 1 1 0 1
5 1 0 0 0 b2 0b9661aa 3 00000000 ffffffff 1 1 0 1
5 1 1 0 0 0c 5030c4f3 4 00000006 ffffffff 1 1 0 1
5 1 1 1 0 0c 5030c4f3 4 00000006 ffffffff 1 1 0 1
5 1 1 0 1 04 30ee31a3 6 00000000 ffffffff 1 1 0 1
5 1 1 1 1 04 30ee31a3 6 00000000 ffffffff 1 1 0 1
5 1 0 0 1 86 7e76d180 5 00000000 ffffffff 1 1 0 1
5 1 1 0 1 0c 34a1f94b 6 00000000 ffffffff 1 1 0 1
5 1 1 1 1 0c 34a1f94b 6 00000000 ffffffff 1 1 1 1
5 1 1 0 1 04 1fd2c0c9 d 00000000 ffffffff 1 1 0 1
5 1 1 1 1 04 1fd2c0c9 d 00000000 ffffffff 1 1 0 1
5 1 1 0 1 00 4d12a1fd b 00000000 ffffffff 1 1 0 1
5 1 1 1 1 00 4d12a1fd b 00000000 ffffffff 1 1 0 1
5 1 1 0 1 08 601c89fc 4 00000000 ffffffff 1 1 0 1
5 1 1 1 1 08 601c89fc 4 00000000 ffffffff 1 1 1 1
5 1 1 0 0 0c af7d88f8 7 00000009 ffffffff 1 1 0 1
5 1 1 1 0 0c af7d88f8 7 00000009 ffffffff 1 1 0 1
5 1 1 0 0 ad 37a79b31 e 00000000 ffffffff 1 1 0 1
5 1 1 1 0 ad 37a79b31 e 00000000 ffffffff 1 1 1 1
5 1 1 0 1 0c 2e845ee9 8 00000000 ffffffff 1 1 0 1
5 1 1 1 1 0c 2e845ee9 8 00000000 ffffffff 1 1 1 1
5 1 1 0 1 0c 5c4e946c 8 00000000 ffffffff 1 1 0 1
5 1 1 1 1 0c 5c4e946c 8 00000000 ffffffff 1 1 1 1
5 1 0 0 1 d2 b96140ba d 00000000 ffffffff 1 1 0 1
5 1 1 0 1 89 24bade57 8 00000000 ffffffff 1 1 0 1
5 1 1 1 1 89 24bade57 8 00000000 ffffffff 1 1 1 1
5 1 1 0 1 5c 46073876 4 00000000 ffffffff 1 1 0 1
5 1 1 1 1 5c 46073876 4 00000000 ffffffff 1 1 1 1
5 1 1 0 0 0c 100f68ae 0 00000009 ffffffff 1 1 0 1
5 1 1 1 0 0c 100f68ae 0 00000009 ffffffff 1 1 0 1
5 1 0 0 1 41 7792502b 0 00000000 ffffffff 1 1 0 1
5 1 1 0 0 00 b38e67b6 b 4dfea1fd ffffffff 1 1 0 1
5 1 1 1 0 00 b38e67b6 b 4dfea1fd ffffffff 1 1 0 1
5 1 0 0 1 8b a7cb0781 4 00000000 ffffffff 1 1 0 1
5 1 1 0 0 04 2346a134 b 1fd231c9 ffffffff 1 1 0 1
5 1 1 1 0 04 2346a134 b 1fd231c9 ffffffff 1 1 0 1
5 1 1 0 0 08 33d24302 1 a9b00001 ffffffff 1 1 0 1
5 1 1 1 0 08 33d24302 1 a9b00001 ffffffff 1 1 0 1
5 1 0 0 0 66 19d56b60 f 00000000 ffffffff 1 1 0 1
5 1 1 0 0 b1 0df4f4b8 f 00000000 ffffffff 1 1 0 1
5 1 1 1 0 b1 0df4f4b8 f 00000000 ffffffff 1 1 1 1
5 1 1 0 1 10 706cf76e 8 00000000 ffffffff 1 1 0 1
5 1 1 1 1 10 706cf76e 8 00000000 ffffffff 1 1 1 1
5 1 1 0 1 04 1f99aa6c c 00000000 ffffffff 1 1 0 1
5 1 1 1 1 04 1f99aa6c c 00000000 ffffffff 1 1 0 1
5 1 1 0 1 0c 70b523ba f 00000000 ffffffff 1 1 0 1
5 1 1 1 1 0c 70b523ba f 00000000 ffffffff 1 1 1 1
5 1 1 0 1 0c 15e9e8c0 a 00000000 ffffffff 1 1 0 1
5 1 1 1 1 0c 15e9e8c0 a 00000000 ffffffff 1 1 1 1
5 1 1 0 0 00 573edcef 5 4dfea1fd ffffffff 1 1 0 1
5 1 1 1 0 00 573edcef 5 4dfea1fd ffffffff 1 1 0 1
5 1 1 0 1 08 5d449e11 9 00000000 ffffffff 1 1 0 1
5 1 1 1 1 08 5d449e11 9 00000000 ffffffff 1 1 1 1
5 1 1 0 1 b7 6c2b6bb9 5 00000000 ffffffff 1 1 0 1
5 1 1 1 1 b7 6c2b6bb9 5 00000000 ffffffff 1 1 1 1
5 1 0 0 0 84 a5fd461e 1 00000000 ffffffff 1 1 0 1
5 1 1 0 1 cf e6b9e51c 8 00000000 ffffffff 1 1 0 1
5 1 1 1 1 cf e6b9e51c 8 00000000 ffffffff 1 1 1 1
5 1 1 0 0 45 116e0f32 c 00000000 ffffffff 1 1 0 1
5 1 1 1 0 45 116e0f32 c 00000000 ffffffff 1 1 1 1
5 1 1 0 1 04 6bf742ac c 00000000 ffffffff 1 1 0 1
5 1 1 1 1 04 6bf742ac c 00000000 ffffffff 1 1 0 1
5 1 1 0 0 08 ffe0daa4 d a9b00001 ffffffff 1 1 0 1
5 1 1 1 0 08 ffe0daa4 d a9b00001 ffffffff 1 1 0 1
5 1 1 0 1 08 b28de1fe 2 00000000 ffffffff 1 1 0 1
5 1 1 1 1 08 b28de1fe 2 00000000 ffffffff 1 1 1 1
5 1 1 0 0 00 3da4e96f 8 4dfea1fd ffffffff 1 1 0 1
5 1 1 1 0 00 3da4e96f 8 4dfea1fd ffffffff 1 1 0 1
5 1 1 0 1 04 5047927f b 00000000 ffffffff 1 1 0 1
5 1 1 1 1 04 5047927f b 00000000 ffffffff 1 1 0 1
5 1 1 0 1 08 c818a7ff 8 00000000 ffffffff 1 1 0 1
5 1 1 1 1 08 c818a7ff 8 00000000 ffffffff 1 1 1 1
5 1 1 0 1 2d 66c239ce b 00000000 ffffffff 1 1 0 1
5 1 1 1 1 2d 66c239ce b 00000000 ffffffff 1 1 1 1
5 1 1 0 1 4a 200d5af5 a 00000000 ffffffff 1 1 0 1
5 1 1 1 1 4a 200d5af5 a 00000000 ffffffff 1 1 1 1
5 1 0 0 0 fe f3c9a423 f 00000000 ffffffff 1 1 0 1
5 1 1 0 0 00 60d9f3e8 6 4dfea1fd ffffffff 1 1 0 1
5 1 1 1 0 00 60d9f3e8 6 4dfea1fd ffffffff 1 1 0 1
5 1 1 0 0 65 ed75ecea 6 00000000 ffffffff 1 1 0 1
5 1 1 1 0 65 ed75ecea 6 00000000 ffffffff 1 1 1 1
5 1 1 0 0 08 659057a8 2 a9b00001 ffffffff 1 1 0 1
5 1 1 1 0 08 659057a8 2 a9b00001 ffffffff 1 1 0 1
5 1 1 0 1 18 d293971c 6 00000000 ffffffff 1 1 0 1
5 1 1 1 1 18 d293971c 6 00000000 ffffffff 1 1 1 1
5 1 1 0 1 00 0e844ef7 1 00000000 ffffffff 1 1 0 1
5 1 1 1 1 00 0e844ef7 1 00000000 ffffffff 1 1 0 1
5 1 1 0 0 0c 76dd1e87 d 0000000d ffffffff 1 1 0 1
5 1 1 1 0 0c 76dd1e87 d 0000000d ffffffff 1 1 0 1
5 1 1 0 1 00 244aaeb4 9 00000000 ffffffff 1 1 0 1
5 1 1 1 1 00 244aaeb4 9 00000000 ffffffff 1 1 0 1
5 1 1 0 1 08 20a67a84 e 00000000 ffffffff 1 1 0 1
5 1 1 1 1 08 20a67a84 e 00000000 ffffffff 1 1 1 1
5 1 0 0 0 8d 61d08058 a 00000000 ffffffff 1 1 0 1
5 1 1 0 1 0c f01be425 9 00000000 ffffffff 1 1 0 1
5 1 1 1 1 0c f01be425 9 00000000 ffffffff 1 1 1 1
5 1 1 0 0 00 b7262f94 6 24fea1b4 ffffffff 1 1 0 1
5 1 1 1 0 00 b7262f94 6 24fea1b4 ffffffff 1 1 0 1
5 1 1 0 0 00 7ab5d1b7 5 24fea1b4 ffffffff 1 1 0 1
5 1 1 1 0 00 7ab5d1b7 5 24fea1b4 ffffffff 1 1 0 1
5 1 1 0 1 a2 dfac1695 5 00000000 ffffffff 1 1 0 1
5 1 1 1 1 a2 dfac1695 5 00000000 ffffffff 1 1 1 1
5 0 0 0 0 c2 51857626 b 00000000 ffffffff 1 1 0 1
5 1 1 0 1 08 96c149bd 1 00000000 ffffffff 1 1 0 1
5 1 1 1 1 08 96c149bd 1 00000000 ffffffff 1 1 1 1
5 1 1 0 0 c9 ab3b0ee7 7 00000000 ffffffff 1 1 0 1
5 1 1 1 0 c9 ab3b0ee7 7 00000000 ffffffff 1 1 1 1
5 1 1 0 1 08 436c5447 1 00000000 ffffffff 1 1 0 1
5 1 1 1 1 08 436c5447 1 00000000 ffffffff 1 1 1 1
5 1 1 0 0 0c d98468fd 2 00000000 ffffffff 1 1 0 1
5 1 1 1 0 0c d98468fd 2 00000000 ffffffff 1 1 0 1
5 1 1 0 0 17 9d183e68 c 00000000 ffffffff 1 1 0 1
5 1 1 1 0 17 9d183e68 c 00000000 ffffffff 1 1 1 1
5 1 1 0 0 04 b598eed1 9 00000000 ffffffff 1 1 0 1
5 1 1 1 0 04 b598eed1 9 00000000 ffffffff 1 1 0 1
5 1 1 0 1 04 035fa414 7 00000000 ffffffff 1 1 0 1
5 1 1 1 1 04 035fa414 7 00000000 ffffffff 1 1 0 1
5 1 1 0 1 0c 94344f7f 4 00000000 ffffffff 1 1 0 1
5 1 1 1 1 0c 94344f7f 4 00000000 ffffffff 1 1 1 1
5 1 1 0 1 0c 7a5f64ef 9 00000000 ffffffff 1 1 0 1
5 1 1 1 1 0c 7a5f64ef 9 00000000 ffffffff 1 1 1 1
5 1 1 0 0 2b 84cc82fc b 00000000 ffffffff 1 1 0 1
5 1 1 1 0 2b 84cc82fc b 00000000 ffffffff 1 1 1 1
5 1 0 0 1 cf 56ac56aa 0 00000000 ffffffff 1 1 0 1
5 1 1 0 0 00 f957e56f 2 00000000 ffffffff 1 1 0 1
5 1 1 1 0 00 f957e56f 2 00000000 ffffffff 1 1 0 1
5 1 1 0 0 00 d75f9f40 5 00000000 ffffffff 1 1 0 1
5 1 1 1 0 00 d75f9f40 5 00000000 ffffffff 1 1 0 1
5 1 0 0 0 ba 7c59dbcc 6 00000000 ffffffff 1 1 0 1
5 1 1 0 0 0c 195f8513 3 00000001 ffffffff 1 1 0 1
5 1 1 1 0 0c 195f8513 3 00000001 ffffffff 1 1 0 1
5 1 1 0 1 25 02c4c564 2 00000000 ffffffff 1 1 0 1
5 1 1 1 1 25 02c4c564 2 00000000 ffffffff 1 1 1 1
5 1 1 0 1 00 4413ac0e d 00000000 ffffffff 1 1 0 1
5 1 1 1 1 00 4413ac0e d 00000000 ffffffff 1 1 0 1
5 1 1 0 1 00 dd9da1e6 3 00000000 ffffffff 1 1 0 1
5 1 1 1 1 00 dd9da1e6 3 00000000 ffffffff 1 1 0 1
5 1 1 0 0 0c 8a13eb90 3 00000003 ffffffff 1 1 0 1
5 1 1 1 0 0c 8a13eb90 3 00000003 ffffffff 1 1 0 1
5 1 0 0 1 45 f072ba9f 9 00000000 ffffffff 1 1 0 1
5 1 1 0 1 00 2d81c011 9 00000000 ffffffff 1 1 0 1
5 1 1 1 1 00 2d81c011 9 00000000 ffffffff 1 1 0 1
5 1 1 0 0 92 1abb5b7c 7 00000000 ffffffff 1 1 0 1
5 1 1 1 0 92 1abb5b7c 7 00000000 ffffffff 1 1 1 1
5 1 1 0 1 0c 3e3f4c4a 4 00000000 ffffffff 1 1 0 1
5 1 1 1 1 0c 3e3f4c4a 4 00000000 ffffffff 1 1 1 1
5 1 1 0 0 08 8bc3287f c a9b00001 ffffffff 1 1 0 1
5 1 1 1 0 08 8bc3287f c a9b00001 ffffffff 1 1 0 1
5 1 1 0 0 86 0e6d6671 d 00000000 ffffffff 1 1 0 1
5 1 1 1 0 86 0e6d6671 d 00000000 ffffffff 1 1 1 1
5 1 0 0 1 25 ec02ff50 e 00000000 ffffffff 1 1 0 1
5 1 1 0 0 08 06a983ab f a9b00001 ffffffff 1 1 0 1
5 1 1 1 0 08 06a983ab f a9b00001 ffffffff 1 1 0 1
5 1 1 0 0 00 9ee8f748 4 2d13a111 ffffffff 1 1 0 1
5 1 1 1 0 00 9ee8f748 4 2d13a111 ffffffff 1 1 0 1
5 1 0 0 0 be fbb44112 7 00000000 ffffffff 1 1 0 1
5 1 1 0 1 71 b804a35c 7 00000000 ffffffff 1 1 0 1
5 1 1 1 1 71 b804a35c 7 00000000 ffffffff 1 1 1 1
5 1 1 0 1 0c 96a9c19e e 00000000 ffffffff 1 1 0 1
5 1 1 1 1 0c 96a9c19e e 00000000 ffffffff 1 1 1 1
5 1 1 0 1 a2 a94b1c6e e 00000000 ffffffff 1 1 0 1
5 1 1 1 1 a2 a94b1c6e e 00000000 ffffffff 1 1 1 1
5 1 1 0 1 d3 fc54156b 2 00000000 ffffffff 1 1 0 1
5 1 1 1 1 d3 fc54156b 2 00000000 ffffffff 1 1 1 1
5 1 1 0 0 4b 1a062718 5 00000000 ffffffff 1 1 0 1
5 1 1 1 0 4b 1a062718 5 00000000 ffffffff 1 1 1 1
5 1 0 0 0 69 1d309d25 9 00000000 ffffffff 1 1 0 1
5 1 1 0 0 f5 5239c376 c 00000000 ffffffff 1 1 0 1
5 1 1 1 0 f5 5239c376 c 00000000 ffffffff 1 1 1 1
5 1 1 0 1 04 383fa2ea 6 00000000 ffffffff 1 1 0 1
5 1 1 1 1 04 383fa2ea 6 00000000 ffffffff 1 1 0 1
5 1 0 0 1 b9 21f02341 3 00000000 ffffffff 1 1 0 1
5 1 1 0 0 c1 e8b9ef67 4 00000000 ffffffff 1 1 0 1
5 1 1 1 0 c1 e8b9ef67 4 00000000 ffffffff 1 1 1 1
5 1 1 0 0 08 cf93eefd 1 a9b00001 ffffffff 1 1 0 1
5 1 1 1 0 08 cf93eefd 1 a9b00001 ffffffff 1 1 0 1
5 1 1 0 0 0c c09655e8 3 00000005 ffffffff 1 1 0 1
5 1 1 1 0 0c c09655e8 3 00000005 ffffffff 1 1 0 1
5 1 0 0 0 7f aa4e8270 e 00000000 ffffffff 1 1 0 1
5 1 1 0 0 ee c3cab146 5 00000000 ffffffff 1 1 0 1
5 1 1 1 0 ee c3cab146 5 00000000 ffffffff 1 1 1 1
5 1 1 0 1 08 7a828861 b 00000000 ffffffff 1 1 0 1
5 1 1 1 1 08 7a828861 b 00000000 ffffffff 1 1 1 1
5 1 1 0 1 00 874d7e88 a 00000000 ffffffff 1 1 0 1
5 1 1 1 1 00 874d7e88 a 00000000 ffffffff 1 1 0 1
5 1 0 0 0 2b b9fd251f 9 00000000 ffffffff 1 1 0 1
5 1 1 0 1 0c 5bd3670d 8 00000000 ffffffff 1 1 0 1
5 1 1 1 1 0c 5bd3670d 8 00000000 ffffffff 1 1 1 1
5 1 1 0 0 08 d8e85a25 d a9b00001 ffffffff 1 1 0 1
5 1 1 1 0 08 d8e85a25 d a9b00001 ffffffff 1 1 0 1
5 1 0 0 0 96 f96c69ac 2 00000000 ffffffff 1 1 0 1
5 1 1 0 1 04 d48d68fc 2 00000000 ffffffff 1 1 0 1
5 1 1 1 1 04 d48d68fc 2 00000000 ffffffff 1 1 0 1
5 1 1 0 0 00 452c5136 9 87137e11 ffffffff 1 1 0 1
5 1 1 1 0 00 452c5136 9 87137e11 ffffffff 1 1 0 1
5 1 1 0 0 0c 7b0667a9 7 00000007 ffffffff 1 1 0 1
5 1 1 1 0 0c 7b0667a9 7 00000007 ffffffff 1 1 0 1
5 1 1 0 0 00 136d1856 f 87137e11 ffffffff 1 1 0 1
5 1 1 1 0 00 136d1856 f 87137e11 ffffffff 1 1 0 1
5 1 1 0 1 00 c4f275c7 0 00000000 ffffffff 1 1 0 1
5 1 1 1 1 00 c4f275c7 0 00000000 ffffffff 1 1 0 1
5 1 1 0 1 0c 31413aba 7 00000000 ffffffff 1 1 0 1
5 1 1 1 1 0c 31413aba 7 00000000 ffffffff 1 1 1 1
5 1 0 0 0 c5 be378871 e 00000000 ffffffff 1 1 0 1
5 1 1 0 1 04 633d541d d 00000000 ffffffff 1 1 0 1
5 1 1 1 1 04 633d541d d 00000000 ffffffff 1 1 0 1
5 1 1 0 0 00 828a10ca 5 87137e11 ffffffff 1 1 0 1
5 1 1 1 0 00 828a10ca 5 87137e11 ffffffff 1 1 0 1
5 1 1 0 0 08 f9d945ee 1 a9b00001 ffffffff 1 1 0 1
5 1 1 1 0 08 f9d945ee 1 a9b00001 ffffffff 1 1 0 1
5 1 0 0 1 44 592a733f b 00000000 ffffffff 1 1 0 1
5 1 1 0 1 08 437788a9 6 00000000 ffffffff 1 1 0 1
5 1 1 1 1 08 437788a9 6 00000000 ffffffff 1 1 1 1
5 1 1 0 0 0c 48298b7c 6 00000009 ffffffff 1 1 0 1
5 1 1 1 0 0c 48298b7c 6 00000009 ffffffff 1 1 0 1
5 1 1 0 0 00 0e037508 2 87137e11 ffffffff 1 1 0 1
5 1 1 1 0 00 0e037508 2 87137e11 ffffffff 1 1 0 1
5 1 1 0 0 00 dd720f1b 3 87137e11 ffffffff 1 1 0 1
5 1 1 1 0 00 dd720f1b 3 87137e11 ffffffff 1 1 0 1
5 1 1 0 0 08 7017606c 3 a9b00001 ffffffff 1 1 0 1
5 1 1 1 0 08 7017606c 3 a9b00001 ffffffff 1 1 0 1
5 1 1 0 1 04 6e9b93a7 1 00000000 ffffffff 1 1 0 1
5 1 1 1 1 04 6e9b93a7 1 00000000 ffffffff 1 1 0 1
5 1 1 0 1 c4 71442741 8 00000000 ffffffff 1 1 0 1
5 1 1 1 1 c4 71442741 8 00000000 ffffffff 1 1 1 1
5 1 1 0 0 08 17166861 c a9b00001 ffffffff 1 1 0 1
5 1 1 1 0 08 17166861 c a9b00001 ffffffff 1 1 0 1
5 1 1 0 0 0c 1b8815ee 1 0000000a ffffffff 1 1 0 1
5 1 1 1 0 0c 1b8815ee 1 0000000a ffffffff 1 1 0 1
5 1 1 0 0 08 6df85c8b 4 a9b00001 ffffffff 1 1 0 1
5 1 1 1 0 08 6df85c8b 4 a9b00001 ffffffff 1 1 0 1
5 1 1 0 1 08 bb8d6523 4 00000000 ffffffff 1 1 0 1
5 1 1 1 1 08 bb8d6523 4 00000000 ffffffff 1 1 1 1
5 1 1 0 1 0c 0055382d d 00000000 ffffffff 1 1 0 1
5 1 1 1 1 0c 0055382d d 00000000 ffffffff 1 1 1 1
5 1 1 0 0 00 59e84202 9 87137e11 ffffffff 1 1 0 1
5 1 1 1 0 00 59e84202 9 87137e11 ffffffff 1 1 0 1
5 1 1 0 1 fd 9f8c6e86 3 00000000 ffffffff 1 1 0 1
5 1 1 1 1 fd 9f8c6e86 3 00000000 ffffffff 1 1 1 1
5 1 1 0 1 08 82d20782 0 00000000 ffffffff 1 1 0 1
5 1 1 1 1 08 82d20782 0 00000000 ffffffff 1 1 1 1
5 1 0 0 0 98 5a2e8f62 7 00000000 ffffffff 1 1 0 1
5 1 1 0 0 0c fd19ac13 0 0000000a ffffffff 1 1 0 1
5 1 1 1 0 0c fd19ac13 0 0000000a ffffffff 1 1 0 1
5 1 0 0 0 d6 afc1989d 0 00000000 ffffffff 1 1 0 1
5 1 1 0 1 00 34621d38 9 00000000 ffffffff 1 1 0 1
5 1 1 1 1 00 34621d38 9 00000000 ffffffff 1 1 0 1
5 1 1 0 1 0c c82bfe8f 0 00000000 ffffffff 1 1 0 1
5 1 1 1 1 0c c82bfe8f 0 00000000 ffffffff 1 1 1 1
5 1 1 0 1 0c 7c777d20 6 00000000 ffffffff 1 1 0 1
5 1 1 1 1 0c 7c777d20 6 00000000 ffffffff 1 1 1 1
5 1 1 0 1 0c 739834d2 4 00000000 ffffffff 1 1 0 1
5 1 1 1 1 0c 739834d2 4 00000000 ffffffff 1 1 1 1
5 1 0 0 0 3e 3a8b590a 4 00000000 ffffffff 1 1 0 1
5 1 1 0 1 7e b2695741 3 00000000 ffffffff 1 1 0 1
5 1 1 1 1 7e b2695741 3 00000000 ffffffff 1 1 1 1
5 1 1 0 0 73 3847331e 5 00000000 ffffffff 1 1 0 1
5 1 1 1 0 73 3847331e 5 00000000 ffffffff 1 1 1 1
5 1 1 0 1 0c 6020f89b 9 00000000 ffffffff 1 1 0 1
5 1 1 1 1 0c 6020f89b 9 00000000 ffffffff 1 1 1 1
5 1 1 0 1 08 761f7303 8 00000000 ffffffff 1 1 0 1
5 1 1 1 1 08 761f7303 8 00000000 ffffffff 1 1 1 1
5 1 1 0 0 8f 6f987524 8 00000000 ffffffff 1 1 0 1
5 1 1 1 0 8f 6f987524 8 00000000 ffffffff 1 1 1 1
5 1 0 0 1 9f 8cc3ca4c 4 00000000 ffffffff 1 1 0 1
5 1 1 0 0 0c ed8c94e0 9 0000000b ffffffff 1 1 0 1
5 1 1 1 0 0c ed8c94e0 9 0000000b ffffffff 1 1 0 1
5 1 1 0 1 0c fdf032df 9 00000000 ffffffff 1 1 0 1
5 1 1 1 1 0c fdf032df 9 00000000 ffffffff 1 1 1 1
5 1 1 0 1 00 4d6a066e b 00000000 ffffffff 1 1 0 1
5 1 1 1 1 00 4d6a066e b 00000000 ffffffff 1 1 0 1
5 1 1 0 1 08 1c6ee251 b 00000000 ffffffff 1 1 0 1
5 1 1 1 1 08 1c6ee251 b 00000000 ffffffff 1 1 1 1
5 1 1 0 1 04 cdc9067d 9 00000000 ffffffff 1 1 0 1
5 1 1 1 1 04 cdc9067d 9 00000000 ffffffff 1 1 0 1
5 1 1 0 1 0c 4d8308c9 c 00000000 ffffffff 1 1 0 1
5 1 1 1 1 0c 4d8308c9 c 00000000 ffffffff 1 1 1 1
5 1 1 0 0 2a 17bb50d8 0 00000000 ffffffff 1 1 0 1
5 1 1 1 0 2a 17bb50d8 0 00000000 ffffffff 1 1 1 1
5 1 1 0 1 00 be7cddde 6 00000000 ffffffff 1 1 0 1
5 1 1 1 1 00 be7cddde 6 00000000 ffffffff 1 1 0 1
5 1 1 0 0 08 d9b03fae d a9b00001 ffffffff 1 1 0 1
5 1 1 1 0 08 d9b03fae d a9b00001 ffffffff 1 1 0 1
5 1 1 0 1 3b 2c8ae0f5 6 00000000 ffffffff 1 1 0 1
5 1 1 1 1 3b 2c8ae0f5 6 00000000 ffffffff 1 1 1 1
5 1 0 0 1 d6 afd1bcd9 d 00000000 ffffffff 1 1 0 1
5 1 1 0 0 08 f3a5e86b e a9b00001 ffffffff 1 1 0 1
5 1 1 1 0 08 f3a5e86b e a9b00001 ffffffff 1 1 0 1
5 1 1 0 1 04 4987c68b 9 00000000 ffffffff 1 1 0 1
5 1 1 1 1 04 4987c68b 9 00000000 ffffffff 1 1 0 1
5 1 1 0 1 3f 7f23430c 6 00000000 ffffffff 1 1 0 1
5 1 1 1 1 3f 7f23430c 6 00000000 ffffffff 1 1 1 1
5 1 1 0 1 00 8d217b02 8 00000000 ffffffff 1 1 0 1
5 1 1 1 1 00 8d217b02 8 00000000 ffffffff 1 1 0 1
5 1 1 0 0 00 be02f137 c 8d7cdd6e ffffffff 1 1 0 1
5 1 1 1 0 00 be02f137 c 8d7cdd6e ffffffff 1 1 0 1
5 1 1 0 1 0c 4aa33498 a 00000000 ffffffff 1 1 0 1
5 1 1 1 1 0c 4aa33498 a 00000000 ffffffff 1 1 1 1
5 1 1 0 0 10 b950ca7e 0 00000000 ffffffff 1 1 0 1
5 1 1 1 0 10 b950ca7e 0 00000000 ffffffff 1 1 1 1
5 1 0 0 1 e2 f6a1df25 8 00000000 ffffffff 1 1 0 1
5 1 1 0 1 8a 54eb8652 0 00000000 ffffffff 1 1 0 1
5 1 1 1 1 8a 54eb8652 0 00000000 ffffffff 1 1 1 1
5 1 1 0 0 04 49d319ff 0 493d688b ffffffff 1 1 0 1
5 1 1 1 0 04 49d319ff 0 493d688b ffffffff 1 1 0 1
5 1 0 0 1 70 6ef08e7e 6 00000000 ffffffff 1 1 0 1
5 1 1 0 0 08 e5dc3bf2 1 a9b00001 ffffffff 1 1 0 1
5 1 1 1 0 08 e5dc3bf2 1 a9b00001 ffffffff 1 1 0 1
5 1 1 0 0 04 9b3461b8 5 493d688b ffffffff 1 1 0 1
5 1 1 1 0 04 9b3461b8 5 493d688b ffffffff 1 1 0 1
5 1 0 0 0 c2 63b43675 e 00000000 ffffffff 1 1 0 1
5 1 1 0 1 04 c21b4971 8 00000000 ffffffff 1 1 0 1
5 1 1 1 1 04 c21b4971 8 00000000 ffffffff 1 1 0 1
5 1 0 0 1 1a 657c80f1 3 00000000 ffffffff 1 1 0 1
5 1 1 0 1 08 43d95c1e 9 00000000 ffffffff 1 1 0 1
5 1 1 1 1 08 43d95c1e 9 00000000 ffffffff 1 1 1 1
5 1 1 0 0 0c 2c150158 d 00000011 ffffffff 1 1 0 1
5 1 1 1 0 0c 2c150158 d 00000011 ffffffff 1 1 0 1
5 1 1 0 1 08 01fbab0a c 00000000 ffffffff 1 1 0 1
5 1 1 1 1 08 01fbab0a c 00000000 ffffffff 1 1 1 1
5 1 1 0 1 0c faaa4083 e 00000000 ffffffff 1 1 0 1
5 1 1 1 1 0c faaa4083 e 00000000 ffffffff 1 1 1 1
5 1 1 0 1 cb 10105e8a 8 00000000 ffffffff 1 1 0 1
5 1 1 1 1 cb 10105e8a 8 00000000 ffffffff 1 1 1 1
5 1 0 0 1 1d bd950f86 7 00000000 ffffffff 1 1 0 1
5 1 1 0 0 0c 4d5ecd83 7 00000011 ffffffff 1 1 0 1
5 1 1 1 0 0c 4d5ecd83 7 00000011 ffffffff 1 1 0 1
5 1 1 0 0 00 87bac3f8 a 8d7cdd6e ffffffff 1 1 0 1
5 1 1 1 0 00 87bac3f8 a 8d7cdd6e ffffffff 1 1 0 1
5 1 1 0 1 00 93ef28df 4 00000000 ffffffff 1 1 0 1
5 1 1 1 1 00 93ef28df 4 00000000 ffffffff 1 1 0 1
5 1 1 0 1 08 593d2390 c 00000000 ffffffff 1 1 0 1
5 1 1 1 1 08 593d2390 c 00000000 ffffffff 1 1 1 1
5 1 1 0 0 0c 09ab4b17 e 00000012 ffffffff 1 1 0 1
5 1 1 1 0 0c 09ab4b17 e 00000012 ffffffff 1 1 0 1
5 1 1 0 1 00 bace82bb 7 00000000 ffffffff 1 1 0 1
5 1 1 1 1 00 bace82bb 7 00000000 ffffffff 1 1 0 1
5 1 1 0 1 0c c6e3546c 6 00000000 ffffffff 1 1 0 1
5 1 1 1 1 0c c6e3546c 6 00000000 ffffffff 1 1 1 1
5 1 1 0 1 00 a879b9ae 1 00000000 ffffffff 1 1 0 1
5 1 1 1 1 00 a879b9ae 1 00000000 ffffffff 1 1 0 1
5 1 1 0 1 1f e2cbb61d 1 00000000 ffffffff 1 1 0 1
5 1 1 1 1 1f e2cbb61d 1 00000000 ffffffff 1 1 1 1
5 1 1 0 0 e0 121ae825 8 00000000 ffffffff 1 1 0 1
5 1 1 1 0 e0 121ae825 8 00000000 ffffffff 1 1 1 1
5 1 1 0 0 04 603d0f42 1 c23d688b ffffffff 1 1 0 1
5 1 1 1 0 04 603d0f42 1 c23d688b ffffffff 1 1 0 1
5 1 1 0 0 04 6334b334 a c23d688b ffffffff 1 1 0 1
5 1 1 1 0 04 6334b334 a c23d688b ffffffff 1 1 0 1
5 1 1 0 0 0c f26327d0 8 00000014 ffffffff 1 1 0 1
5 1 1 1 0 0c f26327d0 8 00000014 ffffffff 1 1 0 1
5 1 1 0 0 04 65a928a2 e c23d688b ffffffff 1 1 0 1
5 1 1 1 0 04 65a928a2 e c23d688b ffffffff 1 1 0 1
5 1 1 0 0 0c 5cb0d4d2 0 00000014 ffffffff 1 1 0 1
5 1 1 1 0 0c 5cb0d4d2 0 00000014 ffffffff 1 1 0 1
5 1 1 0 0 d2 551940ea 0 00000000 ffffffff 1 1 0 1
5 1 1 1 0 d2 551940ea 0 00000000 ffffffff 1 1 1 1
5 1 1 0 0 6f c5d60463 4 00000000 ffffffff 1 1 0 1
5 1 1 1 0 6f c5d60463 4 00000000 ffffffff 1 1 1 1
5 1 1 0 0 08 e6687c8c 6 a9b00001 ffffffff 1 1 0 1
5 1 1 1 0 08 e6687c8c 6 a9b00001 ffffffff 1 1 0 1
5 1 0 0 0 45 25447409 7 00000000 ffffffff 1 1 0 1
5 1 1 0 1 25 f14d705b a 00000000 ffffffff 1 1 0 1
5 1 1 1 1 25 f14d705b a 00000000 ffffffff 1 1 1 1
5 1 1 0 1 0c 13971bae 5 00000000 ffffffff 1 1 0 1
5 1 1 1 1 0c 13971bae 5 00000000 ffffffff 1 1 1 1
5 1 1 0 0 04 2dc8af65 5 c23d688b ffffffff 1 1 0 1
5 1 1 1 0 04 2dc8af65 5 c23d688b ffffffff 1 1 0 1
5 1 1 0 1 04 12c6d335 f 00000000 ffffffff 1 1 0 1
5 1 1 1 1 04 12c6d335 f 00000000 ffffffff 1 1 0 1
5 1 1 0 1 0c a90fd58b 2 00000000 ffffffff 1 1 0 1
5 1 1 1 1 0c a90fd58b 2 00000000 ffffffff 1 1 1 1
5 1 1 0 0 08 6bbf4eed 3 a9b00001 ffffffff 1 1 0 1
5 1 1 1 0 08 6bbf4eed 3 a9b00001 ffffffff 1 1 0 1
5 1 1 0 0 08 b093bca5 1 a9b00001 ffffffff 1 1 0 1
5 1 1 1 0 08 b093bca5 1 a9b00001 ffffffff 1 1 0 1
5 1 1 0 1 0c 38ac9130 a 00000000 ffffffff 1 1 0 1
5 1 1 1 1 0c 38ac9130 a 00000000 ffffffff 1 1 1 1
5 1 1 0 0 20 8e55b9fc f 00000000 ffffffff 1 1 0 1
5 1 1 1 0 20 8e55b9fc f 00000000 ffffffff 1 1 1 1
5 1 1 0 0 d9 719bb3be c 00000000 ffffffff 1 1 0 1
5 1 1 1 0 d9 719bb3be c 00000000 ffffffff 1 1 1 1
5 1 1 0 1 0c f1e16070 3 00000000 ffffffff 1 1 0 1
5 1 1 1 1 0c f1e16070 3 00000000 ffffffff 1 1 1 1
5 1 1 0 1 04 c5fb13c5 0 00000000 ffffffff 1 1 0 1
5 1 1 1 1 04 c5fb13c5 0 00000000 ffffffff 1 1 0 1
5 1 1 0 1 04 fd500a55 f 00000000 ffffffff 1 1 0 1
5 1 1 1 1 04 fd500a55 f 00000000 ffffffff 1 1 0 1
5 1 0 0 0 87 3ec30bdb 5 00000000 ffffffff 1 1 0 1
5 1 1 0 1 08 4899f6f3 8 00000000 ffffffff 1 1 0 1
5 1 1 1 1 08 4899f6f3 8 00000000 ffffffff 1 1 1 1
5 1 1 0 1 04 999cf21a 6 00000000 ffffffff 1 1 0 1
5 1 1 1 1 04 999cf21a 6 00000000 ffffffff 1 1 0 1
5 1 1 0 1 00 6959c758 d 00000000 ffffffff 1 1 0 1
5 1 1 1 1 00 6959c758 d 00000000 ffffffff 1 1 0 1
5 1 0 0 0 6f 6ea7d8d2 8 00000000 ffffffff 1 1 0 1
5 1 1 0 1 0c 3298b955 8 00000000 ffffffff 1 1 0 1
5 1 1 1 1 0c 3298b955 8 00000000 ffffffff 1 1 1 1
5 1 1 0 0 04 e518ef4c 1 fd9cf255 ffffffff 1 1 0 1
5 1 1 1 0 04 e518ef4c 1 fd9cf255 ffffffff 1 1 0 1
5 1 1 0 1 0c 5fd0195d a 00000000 ffffffff 1 1 0 1
5 1 1 1 1 0c 5fd0195d a 00000000 ffffffff 1 1 1 1
5 1 1 0 1 00 23ad983a e 00000000 ffffffff 1 1 0 1
5 1 1 1 1 00 23ad983a e 00000000 ffffffff 1 1 0 1
5 1 1 0 1 00 99d9be5b 2 00000000 ffffffff 1 1 0 1
5 1 1 1 1 00 99d9be5b 2 00000000 ffffffff 1 1 0 1
5 1 1 0 1 04 b9fcf43e 7 00000000 ffffffff 1 1 0 1
5 1 1 1 1 04 b9fcf43e 7 00000000 ffffffff 1 1 0 1
5 1 1 0 1 0c 35b80f15 f 00000000 ffffffff 1 1 0 1
5 1 1 1 1 0c 35b80f15 f 00000000 ffffffff 1 1 1 1
5 1 1 0 1 00 608465e8 9 00000000 ffffffff 1 1 0 1
5 1 1 1 1 00 608465e8 9 00000000 ffffffff 1 1 0 1
5 1 1 0 1 00 47018ca6 a 00000000 ffffffff 1 1 0 1
5 1 1 1 1 00 47018ca6 a 00000000 ffffffff 1 1 0 1
5 1 1 0 1 00 63d2d133 e 00000000 ffffffff 1 1 0 1
5 1 1 1 1 00 63d2d133 e 00000000 ffffffff 1 1 0 1
5 1 1 0 0 3b c0850022 5 00000000 ffffffff 1 1 0 1
5 1 1 1 0 3b c0850022 5 00000000 ffffffff 1 1 1 1
5 1 1 0 0 04 c93f608b 8 fdfcf43e ffffffff 1 1 0 1
5 1 1 1 0 04 c93f608b 8 fdfcf43e ffffffff 1 1 0 1
5 1 1 0 0 08 480bd3bc 6 a9b00001 ffffffff 1 1 0 1
5 1 1 1 0 08 480bd3bc 6 a9b00001 ffffffff 1 1 0 1
5 1 1 0 0 04 95313551 3 fdfcf43e ffffffff 1 1 0 1
5 1 1 1 0 04 95313551 3 fdfcf43e ffffffff 1 1 0 1
5 1 1 0 0 08 2f8f0ce1 9 a9b00001 ffffffff 1 1 0 1
5 1 1 1 0 08 2f8f0ce1 9 a9b00001 ffffffff 1 1 0 1
5 1 1 0 1 0c 8691861c 7 00000000 ffffffff 1 1 0 1
5 1 1 1 1 0c 8691861c 7 00000000 ffffffff 1 1 1 1
5 1 1 0 0 00 adcf9a73 2 63d2d1e8 ffffffff 1 1 0 1
5 1 1 1 0 00 adcf9a73 2 63d2d1e8 ffffffff 1 1 0 1
5 1 1 0 0 00 dea16c71 a 63d2d1e8 ffffffff 1 1 0 1
5 1 1 1 0 00 dea16c71 a 63d2d1e8 ffffffff 1 1 0 1
5 1 0 0 1 2c 1baf9d65 a 00000000 ffffffff 1 1 0 1
5 1 1 0 0 00 a7bb04df 6 63d2d1e8 ffffffff 1 1 0 1
5 1 1 1 0 00 a7bb04df 6 63d2d1e8 ffffffff 1 1 0 1
5 1 1 0 1 0c c5e279e3 1 00000000 ffffffff 1 1 0 1
5 1 1 1 1 0c c5e279e3 1 00000000 ffffffff 1 1 1 1
5 1 1 0 1 cb e4010026 6 00000000 ffffffff 1 1 0 1
5 1 1 1 1 cb e4010026 6 00000000 ffffffff 1 1 1 1
5 1 1 0 1 04 92c55040 3 00000000 ffffffff 1 1 0 1
5 1 1 1 1 04 92c55040 3 00000000 ffffffff 1 1 0 1
5 1 1 0 1 cf bf61f704 9 00000000 ffffffff 1 1 0 1
5 1 1 1 1 cf bf61f704 9 00000000 ffffffff 1 1 1 1
5 1 0 0 1 fc 48eed568 3 00000000 ffffffff 1 1 0 1
5 1 1 0 0 04 b9376c7a 0 fdfc5040 ffffffff 1 1 0 1
5 1 1 1 0 04 b9376c7a 0 fdfc5040 ffffffff 1 1 0 1
5 1 1 0 1 00 6bd62888 0 00000000 ffffffff 1 1 0 1
5 1 1 1 1 00 6bd62888 0 00000000 ffffffff 1 1 0 1
5 1 1 0 0 00 ddff4c08 6 63d2d1e8 ffffffff 1 1 0 1
5 1 1 1 0 00 ddff4c08 6 63d2d1e8 ffffffff 1 1 0 1
5 1 1 0 1 00 ff33989b 8 00000000 ffffffff 1 1 0 1
5 1 1 1 1 00 ff33989b 8 00000000 ffffffff 1 1 0 1
5 1 1 0 0 0c ae9540c6 3 00000022 ffffffff 1 1 0 1
5 1 1 1 0 0c ae9540c6 3 00000022 ffffffff 1 1 0 1
5 1 1 0 1 08 b9987a65 1 00000000 ffffffff 1 1 0 1
5 1 1 1 1 08 b9987a65 1 00000000 ffffffff 1 1 1 1
5 1 1 0 0 00 85d809b0 6 ffd2d1e8 ffffffff 1 1 0 1
5 1 1 1 0 00 85d809b0 6 ffd2d1e8 ffffffff 1 1 0 1
5 1 0 0 1 c0 c9af5425 9 00000000 ffffffff 1 1 0 1
5 1 1 0 0 00 7b0f92f3 7 ffd2d1e8 ffffffff 1 1 0 1
5 1 1 1 0 00 7b0f92f3 7 ffd2d1e8 ffffffff 1 1 0 1
5 1 1 0 0 00 54f954aa 7 ffd2d1e8 ffffffff 1 1 0 1
5 1 1 1 0 00 54f954aa 7 ffd2d1e8 ffffffff 1 1 0 1
5 1 1 0 1 08 2934dbfe 1 00000000 ffffffff 1 1 0 1
5 1 1 1 1 08 2934dbfe 1 00000000 ffffffff 1 1 1 1
5 1 1 0 0 08 6597484b b a9b00001 ffffffff 1 1 0 1
5 1 1 1 0 08 6597484b b a9b00001 ffffffff 1 1 0 1
5 1 1 0 1 0c b8fd6b7a 4 00000000 ffffffff 1 1 0 1
5 1 1 1 1 0c b8fd6b7a 4 00000000 ffffffff 1 1 1 1
5 1 0 0 1 a9 56d25de6 5 00000000 ffffffff 1 1 0 1
5 1 1 0 1 0c 7a568ac0 c 00000000 ffffffff 1 1 0 1
5 1 1 1 1 0c 7a568ac0 c 00000000 ffffffff 1 1 1 1
5 1 1 0 1 0c 2e6b9ead 6 00000000 ffffffff 1 1 0 1
5 1 1 1 1 0c 2e6b9ead 6 00000000 ffffffff 1 1 1 1
5 1 1 0 1 00 8792cf6a d 00000000 ffffffff 1 1 0 1
5 1 1 1 1 00 8792cf6a d 00000000 ffffffff 1 1 0 1
5 1 1 0 0 0c b57b15d6 7 00000023 ffffffff 1 1 0 1
5 1 1 1 0 0c b57b15d6 7 00000023 ffffffff 1 1 0 1
5 1 1 0 1 00 ec1d6297 f 00000000 ffffffff 1 1 0 1
5 1 1 1 1 00 ec1d6297 f 00000000 ffffffff 1 1 0 1
5 1 1 0 0 04 7217220d 0 fdfc5040 ffffffff 1 1 0 1
5 1 1 1 0 04 7217220d 0 fdfc5040 ffffffff 1 1 0 1
5 1 1 0 1 b6 b48e33b3 7 00000000 ffffffff 1 1 0 1
5 1 1 1 1 b6 b48e33b3 7 00000000 ffffffff 1 1 1 1
5 1 1 0 1 0c ff9edc21 1 00000000 ffffffff 1 1 0 1
5 1 1 1 1 0c ff9edc21 1 00000000 ffffffff 1 1 1 1
5 1 0 0 0 49 81e4675d 8 00000000 ffffffff 1 1 0 1
5 1 1 0 1 00 6e5fbc9b 4 00000000 ffffffff 1 1 0 1
5 1 1 1 1 00 6e5fbc9b 4 00000000 ffffffff 1 1 0 1
5 1 1 0 1 00 a2d2a00e 0 00000000 ffffffff 1 1 0 1
5 1 1 1 1 00 a2d2a00e 0 00000000 ffffffff 1 1 0 1
5 1 1 0 1 04 07807c47 c 00000000 ffffffff 1 1 0 1
5 1 1 1 1 04 07807c47 c 00000000 ffffffff 1 1 0 1
5 1 1 0 0 08 258dd353 4 a9b00001 ffffffff 1 1 0 1
5 1 1 1 0 08 258dd353 4 a9b00001 ffffffff 1 1 0 1
5 1 1 0 1 b9 c4690db5 d 00000000 ffffffff 1 1 0 1
5 1 1 1 1 b9 c4690db5 d 00000000 ffffffff 1 1 1 1
5 1 0 0 0 2b 257eecfc 7 00000000 ffffffff 1 1 0 1
5 1 1 0 1 00 ec0ddb3a 5 00000000 ffffffff 1 1 0 1
5 1 1 1 1 00 ec0ddb3a 5 00000000 ffffffff 1 1 0 1
5 1 1 0 1 08 f1f13e9b 0 00000000 ffffffff 1 1 0 1
5 1 1 1 1 08 f1f13e9b 0 00000000 ffffffff 1 1 1 1
5 1 0 0 0 d8 7089c6ad 4 00000000 ffffffff 1 1 0 1
5 1 1 0 0 04 5e8ddb14 0 07805040 ffffffff 1 1 0 1
5 1 1 1 0 04 5e8ddb14 0 07805040 ffffffff 1 1 0 1
5 1 1 0 1 fb aaf7f729 d 00000000 ffffffff 1 1 0 1
5 1 1 1 1 fb aaf7f729 d 00000000 ffffffff 1 1 1 1
5 1 1 0 0 00 46badc1f 5 ec0d623a ffffffff 1 1 0 1
5 1 1 1 0 00 46badc1f 5 ec0d623a ffffffff 1 1 0 1
5 1 0 0 0 a8 f2f6f5fe f 00000000 ffffffff 1 1 0 1
5 1 1 0 1 0c 564f5d30 0 00000000 ffffffff 1 1 0 1
5 1 1 1 1 0c 564f5d30 0 00000000 ffffffff 1 1 1 1
5 1 0 0 1 0a fd930adb d 00000000 ffffffff 1 1 0 1
5 1 1 0 1 0c 64a10b74 2 00000000 ffffffff 1 1 0 1
5 1 1 1 1 0c 64a10b74 2 00000000 ffffffff 1 1 1 1
5 1 0 0 1 7a 6f2a142a f 00000000 ffffffff 1 1 0 1
5 1 1 0 1 0c bae3a539 d 00000000 ffffffff 1 1 0 1
5 1 1 1 1 0c bae3a539 d 00000000 ffffffff 1 1 1 1
5 1 1 0 1 08 2c8d1d2f 7 00000000 ffffffff 1 1 0 1
5 1 1 1 1 08 2c8d1d2f 7 00000000 ffffffff 1 1 1 1
5 1 1 0 0 0c 532f93d3 8 00000028 ffffffff 1 1 0 1
5 1 1 1 0 0c 532f93d3 8 00000028 ffffffff 1 1 0 1
5 1 1 0 0 04 c30f45ce 9 07805040 ffffffff 1 1 0 1
5 1 1 1 0 04 c30f45ce 9 07805040 ffffffff 1 1 0 1
5 1 1 0 0 1f af767209 5 00000000 ffffffff 1 1 0 1
5 1 1 1 0 1f af767209 5 00000000 ffffffff 1 1 1 1
5 1 1 0 1 00 e92382ac 3 00000000 ffffffff 1 1 0 1
5 1 1 1 1 00 e92382ac 3 00000000 ffffffff 1 1 0 1
5 1 1 0 0 0c 36f30243 f 00000029 ffffffff 1 1 0 1
5 1 1 1 0 0c 36f30243 f 00000029 ffffffff 1 1 0 1
5 1 1 0 0 04 be8717f9 d 07805040 ffffffff 1 1 0 1
5 1 1 1 0 04 be8717f9 d 07805040 ffffffff 1 1 0 1
5 1 1 0 1 0c 4f07cf41 8 00000000 ffffffff 1 1 0 1
5 1 1 1 1 0c 4f07cf41 8 00000000 ffffffff 1 1 1 1
5 1 0 0 0 79 fe310462 2 00000000 ffffffff 1 1 0 1
5 1 1 0 0 04 b2662593 1 07805040 ffffffff 1 1 0 1
5 1 1 1 0 04 b2662593 1 07805040 ffffffff 1 1 0 1
5 1 1 0 0 08 d9b711c2 a a9b00001 ffffffff 1 1 0 1
5 1 1 1 0 08 d9b711c2 a a9b00001 ffffffff 1 1 0 1
5 1 1 0 0 0c 969e908f 1 00000029 ffffffff 1 1 0 1
5 1 1 1 0 0c 969e908f 1 00000029 ffffffff 1 1 0 1
5 1 1 0 1 08 f7552a97 5 00000000 ffffffff 1 1 0 1
5 1 1 1 1 08 f7552a97 5 00000000 ffffffff 1 1 1 1
5 1 1 0 0 04 8071f07b d 07805040 ffffffff 1 1 0 1
5 1 1 1 0 04 8071f07b d 07805040 ffffffff 1 1 0 1
5 1 1 0 0 d7 d26e09ce 2 00000000 ffffffff 1 1 0 1
5 1 1 1 0 d7 d26e09ce 2 00000000 ffffffff 1 1 1 1
5 1 1 0 1 08 50492728 4 00000000 ffffffff 1 1 0 1
5 1 1 1 1 08 50492728 4 00000000 ffffffff 1 1 1 1
5 1 1 0 1 21 7753606f e 00000000 ffffffff 1 1 0 1
5 1 1 1 1 21 7753606f e 00000000 ffffffff 1 1 1 1
5 1 1 0 1 0c 485f0153 5 00000000 ffffffff 1 1 0 1
5 1 1 1 1 0c 485f0153 5 00000000 ffffffff 1 1 1 1
5 1 1 0 0 0c de89e186 2 00000029 ffffffff 1 1 0 1
5 1 1 1 0 0c de89e186 2 00000029 ffffffff 1 1 0 1
5 1 1 0 0 00 1f5f3b93 d ec0d82ac ffffffff 1 1 0 1
5 1 1 1 0 00 1f5f3b93 d ec0d82ac ffffffff 1 1 0 1
5 1 1 0 1 04 3a0961a9 9 00000000 ffffffff 1 1 0 1
5 1 1 1 1 04 3a0961a9 9 00000000 ffffffff 1 1 0 1
5 1 1 0 1 08 2ff6cbdb c 00000000 ffffffff 1 1 0 1
5 1 1 1 1 08 2ff6cbdb c 00000000 ffffffff 1 1 1 1
5 1 1 0 0 08 7b353293 0 a9b00001 ffffffff 1 1 0 1
5 1 1 1 0 08 7b353293 0 a9b00001 ffffffff 1 1 0 1
5 1 0 0 1 59 b6b89fb8 2 00000000 ffffffff 1 1 0 1
5 1 1 0 0 0c b77e2b42 1 0000002a ffffffff 1 1 0 1
5 1 1 1 0 0c b77e2b42 1 0000002a ffffffff 1 1 0 1
5 1 1 0 0 0c 1f1ba6eb 1 0000002a ffffffff 1 1 0 1
5 1 1 1 0 0c 1f1ba6eb 1 0000002a ffffffff 1 1 0 1
5 1 1 0 1 0c 14a0599c c 00000000 ffffffff 1 1 0 1
5 1 1 1 1 0c 14a0599c c 00000000 ffffffff 1 1 1 1
5 1 1 0 1 e6 cd8b6a57 8 00000000 ffffffff 1 1 0 1
5 1 1 1 1 e6 cd8b6a57 8 00000000 ffffffff 1 1 1 1
5 1 0 0 1 89 c115c682 1 00000000 ffffffff 1 1 0 1
5 1 1 0 0 30 52be0270 0 00000000 ffffffff 1 1 0 1
5 1 1 1 0 30 52be0270 0 00000000 ffffffff 1 1 1 1
5 1 1 0 1 0c 75681499 1 00000000 ffffffff 1 1 0 1
5 1 1 1 1 0c 75681499 1 00000000 ffffffff 1 1 1 1
5 1 1 0 1 0c 6d608963 9 00000000 ffffffff 1 1 0 1
5 1 1 1 1 0c 6d608963 9 00000000 ffffffff 1 1 1 1
5 1 1 0 1 0c a8682b50 b 00000000 ffffffff 1 1 0 1
5 1 1 1 1 0c a8682b50 b 00000000 ffffffff 1 1 1 1
5 1 1 0 1 0c 2fdec39a 6 00000000 ffffffff 1 1 0 1
5 1 1 1 1 0c 2fdec39a 6 00000000 ffffffff 1 1 1 1
5 1 1 0 1 00 404b7d39 6 00000000 ffffffff 1 1 0 1
5 1 1 1 1 00 404b7d39 6 00000000 ffffffff 1 1 0 1
5 1 0 0 0 8e 7761c4e8 1 00000000 ffffffff 1 1 0 1
5 1 1 0 1 0c cf319730 5 00000000 ffffffff 1 1 0 1
5 1 1 1 1 0c cf319730 5 00000000 ffffffff 1 1 1 1
5 1 1 0 1 0c 5461ad13 a 00000000 ffffffff 1 1 0 1
5 1 1 1 1 0c 5461ad13 a 00000000 ffffffff 1 1 1 1
5 1 1 0 0 0c 3a406eb3 d 0000002b ffffffff 1 1 0 1
5 1 1 1 0 0c 3a406eb3 d 0000002b ffffffff 1 1 0 1
5 1 1 0 1 08 bd73854d 5 00000000 ffffffff 1 1 0 1
5 1 1 1 1 08 bd73854d 5 00000000 ffffffff 1 1 1 1
5 1 1 0 0 0c ba7ce781 8 0000002b ffffffff 1 1 0 1
5 1 1 1 0 0c ba7ce781 8 0000002b ffffffff 1 1 0 1
5 1 1 0 1 0c 409ddaf6 9 00000000 ffffffff 1 1 0 1
5 1 1 1 1 0c 409ddaf6 9 00000000 ffffffff 1 1 1 1
5 1 0 0 1 11 80bbaefc 2 00000000 ffffffff 1 1 0 1
5 1 1 0 0 04 4cbb66ad c 3a8050a9 ffffffff 1 1 0 1
5 1 1 1 0 04 4cbb66ad c 3a8050a9 ffffffff 1 1 0 1
5 1 1 0 0 08 40ba7a94 8 a9b00001 ffffffff 1 1 0 1
5 1 1 1 0 08 40ba7a94 8 a9b00001 ffffffff 1 1 0 1
5 1 1 0 1 98 edf5576d 4 00000000 ffffffff 1 1 0 1
5 1 1 1 1 98 edf5576d 4 00000000 ffffffff 1 1 1 1
5 1 1 0 0 04 a0f8d50a e 3a8050a9 ffffffff 1 1 0 1
5 1 1 1 0 04 a0f8d50a e 3a8050a9 ffffffff 1 1 0 1
5 1 1 0 0 00 a90f4648 7 ec4b7dac ffffffff 1 1 0 1
5 1 1 1 0 00 a90f4648 7 ec4b7dac ffffffff 1 1 0 1
5 1 1 0 1 04 de5608e3 1 00000000 ffffffff 1 1 0 1
5 1 1 1 1 04 de5608e3 1 00000000 ffffffff 1 1 0 1
5 1 1 0 0 04 8b4359fa f 3a8050e3 ffffffff 1 1 0 1
5 1 1 1 0 04 8b4359fa f 3a8050e3 ffffffff 1 1 0 1
5 0 0 0 1 58 75c98dfa f 00000000 ffffffff 1 1 0 1
5 1 1 0 0 0c 7eb9696a b 00000000 ffffffff 1 1 0 1
5 1 1 1 0 0c 7eb9696a b 00000000 ffffffff 1 1 0 1
5 1 1 0 0 04 14fabed8 6 00000000 ffffffff 1 1 0 1
5 1 1 1 0 04 14fabed8 6 00000000 ffffffff 1 1 0 1
5 1 1 0 0 08 cd6b9f9c 7 a9b00001 ffffffff 1 1 0 1
5 1 1 1 0 08 cd6b9f9c 7 a9b00001 ffffffff 1 1 0 1
5 1 1 0 1 ee add9ccb5 e 00000000 ffffffff 1 1 0 1
5 1 1 1 1 ee add9ccb5 e 00000000 ffffffff 1 1 1 1
5 1 0 0 0 88 da5a7d13 c 00000000 ffffffff 1 1 0 1
5 1 1 0 0 08 d73871e5 0 a9b00001 ffffffff 1 1 0 1
5 1 1 1 0 08 d73871e5 0 a9b00001 ffffffff 1 1 0 1
5 1 0 0 1 ec b26a8918 6 00000000 ffffffff 1 1 0 1
5 1 1 0 0 04 3e69dba4 c 00000000 ffffffff 1 1 0 1
5 1 1 1 0 04 3e69dba4 c 00000000 ffffffff 1 1 0 1
5 1 1 0 1 13 85d1992b a 00000000 ffffffff 1 1 0 1
5 1 1 1 1 13 85d1992b a 00000000 ffffffff 1 1 1 1
5 1 1 0 0 0c 5e7801be c 00000000 ffffffff 1 1 0 1
5 1 1 1 0 0c 5e7801be c 00000000 ffffffff 1 1 0 1
5 1 0 0 0 f1 b542b117 a 00000000 ffffffff 1 1 0 1
5 1 1 0 0 04 3630da8d 6 00000000 ffffffff 1 1 0 1
5 1 1 1 0 04 3630da8d 6 00000000 ffffffff 1 1 0 1
5 1 0 0 0 2d 14874b18 8 00000000 ffffffff 1 1 0 1
5 1 1 0 1 cf 5b0127b8 4 00000000 ffffffff 1 1 0 1
5 1 1 1 1 cf 5b0127b8 4 00000000 ffffffff 1 1 1 1
5 1 0 0 1 a4 b11f4ea6 4 00000000 ffffffff 1 1 0 1
5 1 1 0 0 08 64261d95 8 a9b00001 ffffffff 1 1 0 1
5 1 1 1 0 08 64261d95 8 a9b00001 ffffffff 1 1 0 1
5 1 1 0 0 04 92396aec 1 00000000 ffffffff 1 1 0 1
5 1 1 1 0 04 92396aec 1 00000000 ffffffff 1 1 0 1
5 1 0 0 1 47 4067fc2e 2 00000000 ffffffff 1 1 0 1
5 1 1 0 0 91 cc7a3f77 5 00000000 ffffffff 1 1 0 1
5 1 1 1 0 91 cc7a3f77 5 00000000 ffffffff 1 1 1 1
5 1 1 0 1 e5 9de1807c 5 00000000 ffffffff 1 1 0 1
5 1 1 1 1 e5 9de1807c 5 00000000 ffffffff 1 1 1 1
5 1 1 0 1 00 1218be43 9 00000000 ffffffff 1 1 0 1
5 1 1 1 1 00 1218be43 9 00000000 ffffffff 1 1 0 1
5 1 1 0 1 0c 18405402 c 00000000 ffffffff 1 1 0 1
5 1 1 1 1 0c 18405402 c 00000000 ffffffff 1 1 1 1
5 1 0 0 1 03 4f80b33e 4 00000000 ffffffff 1 1 0 1
5 1 1 0 1 00 51fd66f0 e 00000000 ffffffff 1 1 0 1
5 1 1 1 1 00 51fd66f0 e 00000000 ffffffff 1 1 0 1
5 1 0 0 1 e1 65fe9d54 8 00000000 ffffffff 1 1 0 1
5 1 1 0 0 00 063a52fa b 51fd6643 ffffffff 1 1 0 1
5 1 1 1 0 00 063a52fa b 51fd6643 ffffffff 1 1 0 1
5 1 1 0 1 00 be7b7d5c a 00000000 ffffffff 1 1 0 1
5 1 1 1 1 00 be7b7d5c a 00000000 ffffffff 1 1 0 1
5 1 1 0 0 04 7f9bbc51 a 00000000 ffffffff 1 1 0 1
5 1 1 1 0 04 7f9bbc51 a 00000000 ffffffff 1 1 0 1
5 1 1 0 0 00 4c43411e 9 befd7d43 ffffffff 1 1 0 1
5 1 1 1 0 00 4c43411e 9 befd7d43 ffffffff 1 1 0 1
5 1 0 0 0 48 c3ebb926 6 00000000 ffffffff 1 1 0 1
5 1 1 0 0 08 e8650919 6 a9b00001 ffffffff 1 1 0 1
5 1 1 1 0 08 e8650919 6 a9b00001 ffffffff 1 1 0 1
5 1 1 0 1 04 78bd0d4b d 00000000 ffffffff 1 1 0 1
5 1 1 1 1 04 78bd0d4b d 00000000 ffffffff 1 1 0 1
5 1 1 0 1 0c 18226f7f f 00000000 ffffffff 1 1 0 1
5 1 1 1 1 0c 18226f7f f 00000000 ffffffff 1 1 1 1
5 1 0 0 0 6d 6c83d07b 1 00000000 ffffffff 1 1 0 1
5 1 1 0 0 0c 3b486971 8 00000004 ffffffff 1 1 0 1
5 1 1 1 0 0c 3b486971 8 00000004 ffffffff 1 1 0 1
5 1 0 0 1 57 b572a828 0 00000000 ffffffff 1 1 0 1
5 1 1 0 0 08 0423bbbe 6 a9b00001 ffffffff 1 1 0 1
5 1 1 1 0 08 0423bbbe 6 a9b00001 ffffffff 1 1 0 1
5 1 1 0 0 04 d2bcd1d2 7 78bd004b ffffffff 1 1 0 1
5 1 1 1 0 04 d2bcd1d2 7 78bd004b ffffffff 1 1 0 1
5 1 1 0 1 08 bf1494cc 4 00000000 ffffffff 1 1 0 1
5 1 1 1 1 08 bf1494cc 4 00000000 ffffffff 1 1 1 1
5 1 1 0 1 00 a46ab1c5 c 00000000 ffffffff 1 1 0 1
5 1 1 1 1 00 a46ab1c5 c 00000000 ffffffff 1 1 0 1
5 1 1 0 1 08 d97114a7 8 00000000 ffffffff 1 1 0 1
5 1 1 1 1 08 d97114a7 8 00000000 ffffffff 1 1 1 1
5 1 1 0 1 04 ca413d38 e 00000000 ffffffff 1 1 0 1
5 1 1 1 1 04 ca413d38 e 00000000 ffffffff 1 1 0 1
5 1 1 0 1 00 005944d6 d 00000000 ffffffff 1 1 0 1
5 1 1 1 1 00 005944d6 d 00000000 ffffffff 1 1 0 1
5 1 1 0 1 00 04e24689 0 00000000 ffffffff 1 1 0 1
5 1 1 1 1 00 04e24689 0 00000000 ffffffff 1 1 0 1
5 1 1 0 1 00 5fb52ae3 4 00000000 ffffffff 1 1 0 1
5 1 1 1 1 00 5fb52ae3 4 00000000 ffffffff 1 1 0 1
5 1 1 0 1 0c b43d06bb 1 00000000 ffffffff 1 1 0 1
5 1 1 1 1 0c b43d06bb 1 00000000 ffffffff 1 1 1 1
5 1 1 0 1 0c dddb23a0 f 00000000 ffffffff 1 1 0 1
5 1 1 1 1 0c dddb23a0 f 00000000 ffffffff 1 1 1 1
5 1 1 0 0 4a 8072d5f3 e 00000000 ffffffff 1 1 0 1
5 1 1 1 0 4a 8072d5f3 e 00000000 ffffffff 1 1 1 1
5 1 1 0 1 e8 83c22ebf 9 00000000 ffffffff 1 1 0 1
5 1 1 1 1 e8 83c22ebf 9 00000000 ffffffff 1 1 1 1
5 1 1 0 0 04 fafc6420 7 ca413d4b ffffffff 1 1 0 1
5 1 1 1 0 04 fafc6420 7 ca413d4b ffffffff 1 1 0 1
5 1 1 0 1 0c 73b6ef3b 8 00000000 ffffffff 1 1 0 1
5 1 1 1 1 0c 73b6ef3b 8 00000000 ffffffff 1 1 1 1
5 1 1 0 1 00 e63f105f 4 00000000 ffffffff 1 1 0 1
5 1 1 1 1 00 e63f105f 4 00000000 ffffffff 1 1 0 1
5 1 1 0 1 04 41cbe534 2 00000000 ffffffff 1 1 0 1
5 1 1 1 1 04 41cbe534 2 00000000 ffffffff 1 1 0 1
5 1 1 0 0 08 0d3a820b a a9b00001 ffffffff 1 1 0 1
5 1 1 1 0 08 0d3a820b a a9b00001 ffffffff 1 1 0 1
5 1 1 0 0 b7 0466a98b 3 00000000 ffffffff 1 1 0 1
5 1 1 1 0 b7 0466a98b 3 00000000 ffffffff 1 1 1 1
5 1 1 0 1 d3 4410f781 4 00000000 ffffffff 1 1 0 1
5 1 1 1 1 d3 4410f781 4 00000000 ffffffff 1 1 1 1
5 1 1 0 1 04 a4c3b3d0 3 00000000 ffffffff 1 1 0 1
5 1 1 1 1 04 a4c3b3d0 3 00000000 ffffffff 1 1 0 1
5 1 1 0 1 00 c2393044 b 00000000 ffffffff 1 1 0 1
5 1 1 1 1 00 c2393044 b 00000000 ffffffff 1 1 0 1
5 1 1 0 0 0c 3cee8758 7 0000000d ffffffff 1 1 0 1
5 1 1 1 0 0c 3cee8758 7 0000000d ffffffff 1 1 0 1
5 1 1 0 0 00 4b7959ec 2 c23f3044 ffffffff 1 1 0 1
5 1 1 1 0 00 4b7959ec 2 c23f3044 ffffffff 1 1 0 1
5 1 1 0 1 08 b02ed6b8 5 00000000 ffffffff 1 1 0 1
5 1 1 1 1 08 b02ed6b8 5 00000000 ffffffff 1 1 1 1
5 1 1 0 0 04 53096048 6 ca41b3d0 ffffffff 1 1 0 1
5 1 1 1 0 04 53096048 6 ca41b3d0 ffffffff 1 1 0 1
5 1 1 0 0 00 710a6ed2 d c23f3044 ffffffff 1 1 0 1
5 1 1 1 0 00 710a6ed2 d c23f3044 ffffffff 1 1 0 1
5 1 0 0 1 10 dde60bc6 9 00000000 ffffffff 1 1 0 1
5 1 1 0 0 04 5f669a3a 7 ca41b3d0 ffffffff 1 1 0 1
5 1 1 1 0 04 5f669a3a 7 ca41b3d0 ffffffff 1 1 0 1
5 1 1 0 0 04 7a753d42 d ca41b3d0 ffffffff 1 1 0 1
5 1 1 1 0 04 7a753d42 d ca41b3d0 ffffffff 1 1 0 1
5 1 1 0 0 1b 07724ae3 b 00000000 ffffffff 1 1 0 1
5 1 1 1 0 1b 07724ae3 b 00000000 ffffffff 1 1 1 1
5 1 1 0 1 00 9d6e54b5 3 00000000 ffffffff 1 1 0 1
5 1 1 1 1 00 9d6e54b5 3 00000000 ffffffff 1 1 0 1
5 1 0 0 0 a6 d6e3e98e 3 00000000 ffffffff 1 1 0 1
5 1 1 0 0 00 85ef34d9 2 c23f54b5 ffffffff 1 1 0 1
5 1 1 1 0 00 85ef34d9 2 c23f54b5 ffffffff 1 1 0 1
5 1 1 0 1 00 86f76e84 8 00000000 ffffffff 1 1 0 1
5 1 1 1 1 00 86f76e84 8 00000000 ffffffff 1 1 0 1
5 1 1 0 0 13 d20bda8c 6 00000000 ffffffff 1 1 0 1
5 1 1 1 0 13 d20bda8c 6 00000000 ffffffff 1 1 1 1
5 1 1 0 0 08 44d53a19 9 a9b00001 ffffffff 1 1 0 1
5 1 1 1 0 08 44d53a19 9 a9b00001 ffffffff 1 1 0 1
5 1 1 0 0 04 cca6d049 4 ca41b3d0 ffffffff 1 1 0 1
5 1 1 1 0 04 cca6d049 4 ca41b3d0 ffffffff 1 1 0 1
5 1 1 0 0 08 2510e61f b a9b00001 ffffffff 1 1 0 1
5 1 1 1 0 08 2510e61f b a9b00001 ffffffff 1 1 0 1
5 1 1 0 1 00 5d053cb4 a 00000000 ffffffff 1 1 0 1
5 1 1 1 1 00 5d053cb4 a 00000000 ffffffff 1 1 0 1
5 1 1 0 1 0c 0797d9c0 5 00000000 ffffffff 1 1 0 1
5 1 1 1 1 0c 0797d9c0 5 00000000 ffffffff 1 1 1 1
5 1 1 0 1 00 1ba52895 5 00000000 ffffffff 1 1 0 1
5 1 1 1 1 00 1ba52895 5 00000000 ffffffff 1 1 0 1
5 1 0 0 0 da e56d67e8 a 00000000 ffffffff 1 1 0 1
5 1 1 0 1 04 c5b6460d 4 00000000 ffffffff 1 1 0 1
5 1 1 1 1 04 c5b6460d 4 00000000 ffffffff 1 1 0 1
5 1 1 0 1 08 2e5aba7b b 00000000 ffffffff 1 1 0 1
5 1 1 1 1 08 2e5aba7b b 00000000 ffffffff 1 1 1 1
5 1 0 0 0 0d 941e41ae 8 00000000 ffffffff 1 1 0 1
5 1 1 0 0 04 726a1cd0 f cab6b3d0 ffffffff 1 1 0 1
5 1 1 1 0 04 726a1cd0 f cab6b3d0 ffffffff 1 1 0 1
5 1 1 0 0 0c 484eaceb 2 00000012 ffffffff 1 1 0 1
5 1 1 1 0 0c 484eaceb 2 00000012 ffffffff 1 1 0 1
5 1 1 0 0 04 c7adfee1 f cab6b3d0 ffffffff 1 1 0 1
5 1 1 1 0 04 c7adfee1 f cab6b3d0 ffffffff 1 1 0 1
5 1 1 0 0 08 c5f55655 f a9b00001 ffffffff 1 1 0 1
5 1 1 1 0 08 c5f55655 f a9b00001 ffffffff 1 1 0 1
5 1 1 0 1 04 ad75b2f1 0 00000000 ffffffff 1 1 0 1
5 1 1 1 1 04 ad75b2f1 0 00000000 ffffffff 1 1 0 1
5 1 1 0 1 04 366ed5ee b 00000000 ffffffff 1 1 0 1
5 1 1 1 1 04 366ed5ee b 00000000 ffffffff 1 1 0 1
5 1 0 0 1 9c 5a0d798b d 00000000 ffffffff 1 1 0 1
5 1 1 0 0 08 051b32b8 b a9b00001 ffffffff 1 1 0 1
5 1 1 1 0 08 051b32b8 b a9b00001 ffffffff 1 1 0 1
5 1 1 0 1 08 7e72f0be 4 00000000 ffffffff 1 1 0 1
5 1 1 1 1 08 7e72f0be 4 00000000 ffffffff 1 1 1 1
5 1 1 0 1 08 4a0de544 3 00000000 ffffffff 1 1 0 1
5 1 1 1 1 08 4a0de544 3 00000000 ffffffff 1 1 1 1
5 1 1 0 0 08 b36ebda3 d a9b00001 ffffffff 1 1 0 1
5 1 1 1 0 08 b36ebda3 d a9b00001 ffffffff 1 1 0 1
5 1 1 0 1 0c a42df327 a 00000000 ffffffff 1 1 0 1
5 1 1 1 1 0c a42df327 a 00000000 ffffffff 1 1 1 1
5 1 1 0 1 0c 9fc7d9a0 9 00000000 ffffffff 1 1 0 1
5 1 1 1 1 0c 9fc7d9a0 9 00000000 ffffffff 1 1 1 1
5 1 1 0 1 fc 06d88db4 5 00000000 ffffffff 1 1 0 1
5 1 1 1 1 fc 06d88db4 5 00000000 ffffffff 1 1 1 1
5 1 1 0 0 08 02d67fc2 0 a9b00001 ffffffff 1 1 0 1
5 1 1 1 0 08 02d67fc2 0 a9b00001 ffffffff 1 1 0 1
5 1 1 0 0 08 d9dfc731 6 a9b00001 ffffffff 1 1 0 1
5 1 1 1 0 08 d9dfc731 6 a9b00001 ffffffff 1 1 0 1
5 1 0 0 0 ce 02e93a1c d 00000000 ffffffff 1 1 0 1
5 1 1 0 0 08 727dbfec 7 a9b00001 ffffffff 1 1 0 1
5 1 1 1 0 08 727dbfec 7 a9b00001 ffffffff 1 1 0 1
5 1 1 0 1 d5 c741fed6 9 00000000 ffffffff 1 1 0 1
5 1 1 1 1 d5 c741fed6 9 00000000 ffffffff 1 1 1 1
5 1 0 0 0 42 628d83f7 4 00000000 ffffffff 1 1 0 1
5 1 1 0 1 00 0e40d8e1 2 00000000 ffffffff 1 1 0 1
5 1 1 1 1 00 0e40d8e1 2 00000000 ffffffff 1 1 0 1
5 1 1 0 0 a4 70881176 7 00000000 ffffffff 1 1 0 1
5 1 1 1 0 a4 70881176 7 00000000 ffffffff 1 1 1 1
5 1 0 0 1 26 f437e0cd d 00000000 ffffffff 1 1 0 1
5 1 1 0 1 00 4556e2ad 2 00000000 ffffffff 1 1 0 1
5 1 1 1 1 00 4556e2ad 2 00000000 ffffffff 1 1 0 1
5 1 1 0 0 e0 8e6cfa36 6 00000000 ffffffff 1 1 0 1
5 1 1 1 0 e0 8e6cfa36 6 00000000 ffffffff 1 1 1 1
5 1 1 0 0 0c 0d38d774 9 00000016 ffffffff 1 1 0 1
5 1 1 1 0 0c 0d38d774 9 00000016 ffffffff 1 1 0 1
5 1 1 0 1 04 eb025360 1 00000000 ffffffff 1 1 0 1
5 1 1 1 1 04 eb025360 1 00000000 ffffffff 1 1 0 1
5 1 1 0 0 04 2b3fa2d0 2 36b6d560 ffffffff 1 1 0 1
5 1 1 1 0 04 2b3fa2d0 2 36b6d560 ffffffff 1 1 0 1
5 1 1 0 0 66 a1c3e27d c 00000000 ffffffff 1 1 0 1
5 1 1 1 0 66 a1c3e27d c 00000000 ffffffff 1 1 1 1
5 1 1 0 1 04 a483ede3 1 00000000 ffffffff 1 1 0 1
5 1 1 1 1 04 a483ede3 1 00000000 ffffffff 1 1 0 1
5 1 0 0 0 e6 65b3710c 6 00000000 ffffffff 1 1 0 1
5 1 1 0 0 2d e4da1342 8 00000000 ffffffff 1 1 0 1
5 1 1 1 0 2d e4da1342 8 00000000 ffffffff 1 1 1 1
5 1 1 0 1 08 8871bef5 5 00000000 ffffffff 1 1 0 1
5 1 1 1 1 08 8871bef5 5 00000000 ffffffff 1 1 1 1
5 1 0 0 0 7f 35a38918 3 00000000 ffffffff 1 1 0 1
5 1 1 0 0 04 ace33fb3 1 36b6d5e3 ffffffff 1 1 0 1
5 1 1 1 0 04 ace33fb3 1 36b6d5e3 ffffffff 1 1 0 1
5 1 1 0 0 0c d9303828 f 00000018 ffffffff 1 1 0 1
5 1 1 1 0 0c d9303828 f 00000018 ffffffff 1 1 0 1
5 1 1 0 0 00 791c7a27 f 5da5e295 ffffffff 1 1 0 1
5 1 1 1 0 00 791c7a27 f 5da5e295 ffffffff 1 1 0 1
5 1 1 0 1 dd fe1b8985 5 00000000 ffffffff 1 1 0 1
5 1 1 1 1 dd fe1b8985 5 00000000 ffffffff 1 1 1 1
5 1 1 0 0 82 725be52c 1 00000000 ffffffff 1 1 0 1
5 1 1 1 0 82 725be52c 1 00000000 ffffffff 1 1 1 1
5 1 1 0 1 08 fe3017c2 5 00000000 ffffffff 1 1 0 1
5 1 1 1 1 08 fe3017c2 5 00000000 ffffffff 1 1 1 1
5 1 1 0 0 08 1dae78af 4 a9b00001 ffffffff 1 1 0 1
5 1 1 1 0 08 1dae78af 4 a9b00001 ffffffff 1 1 0 1
5 1 1 0 0 08 7b2e0d38 2 a9b00001 ffffffff 1 1 0 1
5 1 1 1 0 08 7b2e0d38 2 a9b00001 ffffffff 1 1 0 1
5 1 1 0 0 04 1669bef6 2 36b6d5e3 ffffffff 1 1 0 1
5 1 1 1 0 04 1669bef6 2 36b6d5e3 ffffffff 1 1 0 1
5 1 1 0 0 08 7bb5e5ce 0 a9b00001 ffffffff 1 1 0 1
5 1 1 1 0 08 7bb5e5ce 0 a9b00001 ffffffff 1 1 0 1
5 0 0 0 1 33 26f1fb66 0 00000000 ffffffff 1 1 0 1
5 1 1 0 0 08 7df708b3 9 a9b00001 ffffffff 1 1 0 1
5 1 1 1 0 08 7df708b3 9 a9b00001 ffffffff 1 1 0 1
5 1 1 0 0 08 3c232b8b d a9b00001 ffffffff 1 1 0 1
5 1 1 1 0 08 3c232b8b d a9b00001 ffffffff 1 1 0 1
5 1 1 0 1 00 a62794c2 a 00000000 ffffffff 1 1 0 1
5 1 1 1 1 00 a62794c2 a 00000000 ffffffff 1 1 0 1
5 1 1 0 0 00 76e27714 5 a6009400 ffffffff 1 1 0 1
5 1 1 1 0 00 76e27714 5 a6009400 ffffffff 1 1 0 1
5 1 1 0 1 c5 cc360a75 3 00000000 ffffffff 1 1 0 1
5 1 1 1 1 c5 cc360a75 3 00000000 ffffffff 1 1 1 1
5 1 0 0 1 bb 9594cda7 e 00000000 ffffffff 1 1 0 1
5 1 1 0 1 dc a54cce4d 8 00000000 ffffffff 1 1 0 1
5 1 1 1 1 dc a54cce4d 8 00000000 ffffffff 1 1 1 1
5 1 1 0 1 00 b9551015 5 00000000 ffffffff 1 1 0 1
5 1 1 1 1 00 b9551015 5 00000000 ffffffff 1 1 0 1
5 1 0 0 1 2d 3a1feac9 d 00000000 ffffffff 1 1 0 1
5 1 1 0 1 04 bb882988 f 00000000 ffffffff 1 1 0 1
5 1 1 1 1 04 bb882988 f 00000000 ffffffff 1 1 0 1
5 1 1 0 1 04 9750d7bb e 00000000 ffffffff 1 1 0 1
5 1 1 1 1 04 9750d7bb e 00000000 ffffffff 1 1 0 1
5 1 0 0 1 13 aaa8f2d4 7 00000000 ffffffff 1 1 0 1
5 1 1 0 1 0c 60f10454 6 00000000 ffffffff 1 1 0 1
5 1 1 1 1 0c 60f10454 6 00000000 ffffffff 1 1 1 1
5 1 1 0 1 04 99c2051b b 00000000 ffffffff 1 1 0 1
5 1 1 1 1 04 99c2051b b 00000000 ffffffff 1 1 0 1
5 1 1 0 0 0c 20e8cede 8 00000005 ffffffff 1 1 0 1
5 1 1 1 0 0c 20e8cede 8 00000005 ffffffff 1 1 0 1
5 1 1 0 1 04 afe15ac6 2 00000000 ffffffff 1 1 0 1
5 1 1 1 1 04 afe15ac6 2 00000000 ffffffff 1 1 0 1
5 1 1 0 1 00 3684791f 6 00000000 ffffffff 1 1 0 1
5 1 1 1 1 00 3684791f 6 00000000 ffffffff 1 1 0 1
5 1 0 0 0 df 11ad135e c 00000000 ffffffff 1 1 0 1
5 1 1 0 0 0c 504f7c66 6 00000007 ffffffff 1 1 0 1
5 1 1 1 0 0c 504f7c66 6 00000007 ffffffff 1 1 0 1
5 1 1 0 0 04 7b8d144e 7 99505a1b ffffffff 1 1 0 1
5 1 1 1 0 04 7b8d144e 7 99505a1b ffffffff 1 1 0 1
5 1 1 0 0 04 f4a8a7ef c 99505a1b ffffffff 1 1 0 1
5 1 1 1 0 04 f4a8a7ef c 99505a1b ffffffff 1 1 0 1
5 1 0 0 0 39 57cf6d05 e 00000000 ffffffff 1 1 0 1
5 1 1 0 0 00 bfe332df 2 a6847915 ffffffff 1 1 0 1
5 1 1 1 0 00 bfe332df 2 a6847915 ffffffff 1 1 0 1
5 1 1 0 1 0c 86629c69 e 00000000 ffffffff 1 1 0 1
5 1 1 1 1 0c 86629c69 e 00000000 ffffffff 1 1 1 1
5 1 1 0 0 00 e9174f3c 5 a6847915 ffffffff 1 1 0 1
5 1 1 1 0 00 e9174f3c 5 a6847915 ffffffff 1 1 0 1
5 1 0 0 1 4c 47258584 a 00000000 ffffffff 1 1 0 1
5 1 1 0 1 04 eb33a7cb 8 00000000 ffffffff 1 1 0 1
5 1 1 1 1 04 eb33a7cb 8 00000000 ffffffff 1 1 0 1
5 1 1 0 0 08 ad037726 7 a9b00001 ffffffff 1 1 0 1
5 1 1 1 0 08 ad037726 7 a9b00001 ffffffff 1 1 0 1
5 1 1 0 0 08 63e91677 0 a9b00001 ffffffff 1 1 0 1
5 1 1 1 0 08 63e91677 0 a9b00001 ffffffff 1 1 0 1
5 1 0 0 0 22 7336a695 f 00000000 ffffffff 1 1 0 1
5 1 1 0 1 00 b6cbfed4 d 00000000 ffffffff 1 1 0 1
5 1 1 1 1 00 b6cbfed4 d 00000000 ffffffff 1 1 0 1
5 1 0 0 1 8f a53c8faa b 00000000 ffffffff 1 1 0 1
5 1 1 0 1 00 7a3d26e2 5 00000000 ffffffff 1 1 0 1
5 1 1 1 1 00 7a3d26e2 5 00000000 ffffffff 1 1 0 1
5 1 1 0 0 00 606a4a58 b b63d79e2 ffffffff 1 1 0 1
5 1 1 1 0 00 606a4a58 b b63d79e2 ffffffff 1 1 0 1
5 1 1 0 1 00 5d1c827f d 00000000 ffffffff 1 1 0 1
5 1 1 1 1 00 5d1c827f d 00000000 ffffffff 1 1 0 1
5 1 1 0 0 08 1c39fcef 5 a9b00001 ffffffff 1 1 0 1
5 1 1 1 0 08 1c39fcef 5 a9b00001 ffffffff 1 1 0 1
5 1 1 0 0 0c ffb3172c 4 0000000b ffffffff 1 1 0 1
5 1 1 1 0 0c ffb3172c 4 0000000b ffffffff 1 1 0 1
5 1 1 0 0 00 c91d0781 2 5d1c797f ffffffff 1 1 0 1
5 1 1 1 0 00 c91d0781 2 5d1c797f ffffffff 1 1 0 1
5 1 1 0 0 08 c400f112 8 a9b00001 ffffffff 1 1 0 1
5 1 1 1 0 08 c400f112 8 a9b00001 ffffffff 1 1 0 1
5 1 1 0 1 08 c33413d5 d 00000000 ffffffff 1 1 0 1
5 1 1 1 1 08 c33413d5 d 00000000 ffffffff 1 1 1 1
5 1 1 0 0 0c b279f08c 7 0000000b ffffffff 1 1 0 1
5 1 1 1 0 0c b279f08c 7 0000000b ffffffff 1 1 0 1
5 1 0 0 1 38 fd6173d4 8 00000000 ffffffff 1 1 0 1
5 1 1 0 1 0c ca59a900 a 00000000 ffffffff 1 1 0 1
5 1 1 1 1 0c ca59a900 a 00000000 ffffffff 1 1 1 1
5 1 1 0 0 08 f7045e6f 2 a9b00001 ffffffff 1 1 0 1
5 1 1 1 0 08 f7045e6f 2 a9b00001 ffffffff 1 1 0 1
5 1 0 0 0 91 0da14fd2 2 00000000 ffffffff 1 1 0 1
5 1 1 0 0 0c f3fe2d6a 2 0000000b ffffffff 1 1 0 1
5 1 1 1 0 0c f3fe2d6a 2 0000000b ffffffff 1 1 0 1
5 1 0 0 0 8c 0de741ae c 00000000 ffffffff 1 1 0 1
5 1 1 0 1 04 95f0fcd6 8 00000000 ffffffff 1 1 0 1
5 1 1 1 1 04 95f0fcd6 8 00000000 ffffffff 1 1 0 1
5 1 1 0 1 0c 52b6a45e 8 00000000 ffffffff 1 1 0 1
5 1 1 1 1 0c 52b6a45e 8 00000000 ffffffff 1 1 1 1
5 1 1 0 0 0f 5db79f3f 7 00000000 ffffffff 1 1 0 1
5 1 1 1 0 0f 5db79f3f 7 00000000 ffffffff 1 1 1 1
5 1 1 0 1 94 d18547e6 f 00000000 ffffffff 1 1 0 1
5 1 1 1 1 94 d18547e6 f 00000000 ffffffff 1 1 1 1
5 1 1 0 0 08 beafd6ab 4 a9b00001 ffffffff 1 1 0 1
5 1 1 1 0 08 beafd6ab 4 a9b00001 ffffffff 1 1 0 1
5 1 1 0 0 04 55247910 6 95505a1b ffffffff 1 1 0 1
5 1 1 1 0 04 55247910 6 95505a1b ffffffff 1 1 0 1
5 1 1 0 1 04 0c2d6b5a 5 00000000 ffffffff 1 1 0 1
5 1 1 1 1 04 0c2d6b5a 5 00000000 ffffffff 1 1 0 1
5 1 1 0 0 04 736ea0d9 0 952d5a5a ffffffff 1 1 0 1
5 1 1 1 0 04 736ea0d9 0 952d5a5a ffffffff 1 1 0 1
5 1 1 0 0 08 1b6b480e 6 a9b00001 ffffffff 1 1 0 1
5 1 1 1 0 08 1b6b480e 6 a9b00001 ffffffff 1 1 0 1
5 1 1 0 0 5a bdc727dd 8 00000000 ffffffff 1 1 0 1
5 1 1 1 0 5a bdc727dd 8 00000000 ffffffff 1 1 1 1
5 1 0 0 0 cb a4992296 b 00000000 ffffffff 1 1 0 1
5 1 1 0 1 08 cf27ece3 e 00000000 ffffffff 1 1 0 1
5 1 1 1 1 08 cf27ece3 e 00000000 ffffffff 1 1 1 1
5 1 1 0 0 00 e31a22c4 4 5d1c797f ffffffff 1 1 0 1
5 1 1 1 0 00 e31a22c4 4 5d1c797f ffffffff 1 1 0 1
5 1 1 0 0 08 c7f4bcc9 c a9b00001 ffffffff 1 1 0 1
5 1 1 1 0 08 c7f4bcc9 c a9b00001 ffffffff 1 1 0 1
5 1 1 0 1 04 efd53cc0 a 00000000 ffffffff 1 1 0 1
5 1 1 1 1 04 efd53cc0 a 00000000 ffffffff 1 1 0 1
5 1 1 0 0 e9 05b72e43 f 00000000 ffffffff 1 1 0 1
5 1 1 1 0 e9 05b72e43 f 00000000 ffffffff 1 1 1 1
5 1 1 0 1 08 c69f0327 e 00000000 ffffffff 1 1 0 1
5 1 1 1 1 08 c69f0327 e 00000000 ffffffff 1 1 1 1
5 1 0 0 0 6f bb9e02a4 2 00000000 ffffffff 1 1 0 1
5 1 1 0 0 00 d4f99cde 7 5d1c797f ffffffff 1 1 0 1
5 1 1 1 0 00 d4f99cde 7 5d1c797f ffffffff 1 1 0 1
5 1 1 0 1 5e c4963d70 4 00000000 ffffffff 1 1 0 1
5 1 1 1 1 5e c4963d70 4 00000000 ffffffff 1 1 1 1
5 1 1 0 0 00 a5bb9002 7 5d1c797f ffffffff 1 1 0 1
5 1 1 1 0 00 a5bb9002 7 5d1c797f ffffffff 1 1 0 1
5 1 1 0 1 0c 7f985024 c 00000000 ffffffff 1 1 0 1
5 1 1 1 1 0c 7f985024 c 00000000 ffffffff 1 1 1 1
5 1 1 0 1 04 c57e008d 1 00000000 ffffffff 1 1 0 1
5 1 1 1 1 04 c57e008d 1 00000000 ffffffff 1 1 0 1
5 1 1 0 1 0c a1a4d9fa e 00000000 ffffffff 1 1 0 1
5 1 1 1 1 0c a1a4d9fa e 00000000 ffffffff 1 1 1 1
5 1 1 0 1 04 e30961e0 4 00000000 ffffffff 1 1 0 1
5 1 1 1 1 04 e30961e0 4 00000000 ffffffff 1 1 0 1
5 1 1 0 0 04 a5efb149 a ef093c8d ffffffff 1 1 0 1
5 1 1 1 0 04 a5efb149 a ef093c8d ffffffff 1 1 0 1
5 1 0 0 1 ac 2a0f89d9 2 00000000 ffffffff 1 1 0 1
5 1 1 0 1 00 1a95a60f b 00000000 ffffffff 1 1 0 1
5 1 1 1 1 00 1a95a60f b 00000000 ffffffff 1 1 0 1
5 1 1 0 1 04 f0fb6391 1 00000000 ffffffff 1 1 0 1
5 1 1 1 1 04 f0fb6391 1 00000000 ffffffff 1 1 0 1
5 1 1 0 0 00 ad346074 2 1a1ca60f ffffffff 1 1 0 1
5 1 1 1 0 00 ad346074 2 1a1ca60f ffffffff 1 1 0 1
5 1 1 0 0 0c 23d9fceb 4 00000012 ffffffff 1 1 0 1
5 1 1 1 0 0c 23d9fceb 4 00000012 ffffffff 1 1 0 1
5 1 1 0 1 04 cf8942d7 b 00000000 ffffffff 1 1 0 1
5 1 1 1 1 04 cf8942d7 b 00000000 ffffffff 1 1 0 1
5 1 0 0 0 d9 b4f4a9ee 7 00000000 ffffffff 1 1 0 1
5 1 1 0 0 0c a74e0eea 4 00000013 ffffffff 1 1 0 1
5 1 1 1 0 0c a74e0eea 4 00000013 ffffffff 1 1 0 1
5 1 1 0 1 04 daed0334 3 00000000 ffffffff 1 1 0 1
5 1 1 1 1 04 daed0334 3 00000000 ffffffff 1 1 0 1
5 1 1 0 0 00 e00959b2 a 1a1ca60f ffffffff 1 1 0 1
5 1 1 1 0 00 e00959b2 a 1a1ca60f ffffffff 1 1 0 1
5 1 1 0 1 08 7a85b693 e 00000000 ffffffff 1 1 0 1
5 1 1 1 1 08 7a85b693 e 00000000 ffffffff 1 1 1 1
5 1 0 0 0 f2 c7da3876 1 00000000 ffffffff 1 1 0 1
5 1 1 0 1 23 6ce9afc7 5 00000000 ffffffff 1 1 0 1
5 1 1 1 1 23 6ce9afc7 5 00000000 ffffffff 1 1 1 1
5 1 0 0 1 ee 7fe9b023 a 00000000 ffffffff 1 1 0 1
5 1 1 0 0 0c 34624715 3 00000014 ffffffff 1 1 0 1
5 1 1 1 0 0c 34624715 3 00000014 ffffffff 1 1 0 1
5 1 0 0 0 26 6f05eb22 d 00000000 ffffffff 1 1 0 1
5 1 1 0 0 00 7816f0bb 9 1a1ca60f ffffffff 1 1 0 1
5 1 1 1 0 00 7816f0bb 9 1a1ca60f ffffffff 1 1 0 1
5 1 1 0 1 04 234c0a9a 9 00000000 ffffffff 1 1 0 1
5 1 1 1 1 04 234c0a9a 9 00000000 ffffffff 1 1 0 1
5 1 1 0 1 04 fdde16b1 8 00000000 ffffffff 1 1 0 1
5 1 1 1 1 04 fdde16b1 8 00000000 ffffffff 1 1 0 1
5 1 0 0 1 ce 4faba6df c 00000000 ffffffff 1 1 0 1
5 1 1 0 1 6e f8b9cd20 6 00000000 ffffffff 1 1 0 1
5 1 1 1 1 6e f8b9cd20 6 00000000 ffffffff 1 1 1 1
5 1 1 0 0 08 d7525178 4 a9b00001 ffffffff 1 1 0 1
5 1 1 1 0 08 d7525178 4 a9b00001 ffffffff 1 1 0 1
5 1 1 0 0 08 0149dd11 3 a9b00001 ffffffff 1 1 0 1
5 1 1 1 0 08 0149dd11 3 a9b00001 ffffffff 1 1 0 1
5 1 1 0 1 04 051bc862 6 00000000 ffffffff 1 1 0 1
5 1 1 1 1 04 051bc862 6 00000000 ffffffff 1 1 0 1
5 1 1 0 0 0c f99d51ca 3 00000017 ffffffff 1 1 0 1
5 1 1 1 0 0c f99d51ca 3 00000017 ffffffff 1 1 0 1
5 1 1 0 1 0c 8990eb45 9 00000000 ffffffff 1 1 0 1
5 1 1 1 1 0c 8990eb45 9 00000000 ffffffff 1 1 1 1
5 1 0 0 0 4b 00f28afb 1 00000000 ffffffff 1 1 0 1
5 1 1 0 0 08 374a84e7 8 a9b00001 ffffffff 1 1 0 1
5 1 1 1 0 08 374a84e7 8 a9b00001 ffffffff 1 1 0 1
5 1 1 0 1 0c ac029f4f 8 00000000 ffffffff 1 1 0 1
5 1 1 1 1 0c ac029f4f 8 00000000 ffffffff 1 1 1 1
5 1 1 0 1 31 357ca72c 6 00000000 ffffffff 1 1 0 1
5 1 1 1 1 31 357ca72c 6 00000000 ffffffff 1 1 1 1
5 1 1 0 1 08 fbccdca6 4 00000000 ffffffff 1 1 0 1
5 1 1 1 1 08 fbccdca6 4 00000000 ffffffff 1 1 1 1
5 1 1 0 1 45 d6f1dfed 3 00000000 ffffffff 1 1 0 1
5 1 1 1 1 45 d6f1dfed 3 00000000 ffffffff 1 1 1 1
5 1 1 0 1 08 cf7a6ad6 2 00000000 ffffffff 1 1 0 1
5 1 1 1 1 08 cf7a6ad6 2 00000000 ffffffff 1 1 1 1
5 1 1 0 1 00 a6915b88 f 00000000 ffffffff 1 1 0 1
5 1 1 1 1 00 a6915b88 f 00000000 ffffffff 1 1 0 1
5 1 1 0 0 04 dfaa3d6f 4 fd1bc89a ffffffff 1 1 0 1
5 1 1 1 0 04 dfaa3d6f 4 fd1bc89a ffffffff 1 1 0 1
5 1 1 0 0 08 3b9db4d8 2 a9b00001 ffffffff 1 1 0 1
5 1 1 1 0 08 3b9db4d8 2 a9b00001 ffffffff 1 1 0 1
5 1 0 0 0 25 dcd4bdff 2 00000000 ffffffff 1 1 0 1
5 1 1 0 1 04 e306ab5a 5 00000000 ffffffff 1 1 0 1
5 1 1 1 1 04 e306ab5a 5 00000000 ffffffff 1 1 0 1
5 1 1 0 1 04 1d135a95 6 00000000 ffffffff 1 1 0 1
5 1 1 1 1 04 1d135a95 6 00000000 ffffffff 1 1 0 1
5 1 1 0 1 0c 4e59863f 9 00000000 ffffffff 1 1 0 1
5 1 1 1 1 0c 4e59863f 9 00000000 ffffffff 1 1 1 1
5 1 0 0 1 5a 2aac3fb9 e 00000000 ffffffff 1 1 0 1
5 1 1 0 0 18 098937d6 6 00000000 ffffffff 1 1 0 1
5 1 1 1 0 18 098937d6 6 00000000 ffffffff 1 1 1 1
5 1 0 0 0 77 7f40e447 6 00000000 ffffffff 1 1 0 1
5 1 1 0 1 00 b70926c0 a 00000000 ffffffff 1 1 0 1
5 1 1 1 1 00 b70926c0 a 00000000 ffffffff 1 1 0 1
5 1 0 0 1 43 fab4029b 8 00000000 ffffffff 1 1 0 1
5 1 1 0 1 f2 fa90cc3b 1 00000000 ffffffff 1 1 0 1
5 1 1 1 1 f2 fa90cc3b 1 00000000 ffffffff 1 1 1 1
5 1 0 0 0 53 02f4ef5e d 00000000 ffffffff 1 1 0 1
5 1 1 0 0 00 3b9fee83 5 b7912688 ffffffff 1 1 0 1
5 1 1 1 0 00 3b9fee83 5 b7912688 ffffffff 1 1 0 1
5 1 1 0 0 04 294cf492 3 fd135a5a ffffffff 1 1 0 1
5 1 1 1 0 04 294cf492 3 fd135a5a ffffffff 1 1 0 1
5 1 1 0 1 00 c1f4b5ca 4 00000000 ffffffff 1 1 0 1
5 1 1 1 1 00 c1f4b5ca 4 00000000 ffffffff 1 1 0 1
5 1 1 0 0 00 8e88abc9 0 b7f42688 ffffffff 1 1 0 1
5 1 1 1 0 00 8e88abc9 0 b7f42688 ffffffff 1 1 0 1
5 1 1 0 1 25 35d83e98 b 00000000 ffffffff 1 1 0 1
5 1 1 1 1 25 35d83e98 b 00000000 ffffffff 1 1 1 1
5 1 1 0 1 5c 6e2521a9 2 00000000 ffffffff 1 1 0 1
5 1 1 1 1 5c 6e2521a9 2 00000000 ffffffff 1 1 1 1
5 1 1 0 0 04 e08cd912 4 fd135a5a ffffffff 1 1 0 1
5 1 1 1 0 04 e08cd912 4 fd135a5a ffffffff 1 1 0 1
5 1 0 0 1 6d f4eb3ec9 b 00000000 ffffffff 1 1 0 1
5 1 1 0 1 04 6e87aa7f e 00000000 ffffffff 1 1 0 1
5 1 1 1 1 04 6e87aa7f e 00000000 ffffffff 1 1 0 1
5 1 1 0 0 0c 0725a474 4 0000001d ffffffff 1 1 0 1
5 1 1 1 0 0c 0725a474 4 0000001d ffffffff 1 1 0 1
5 1 1 0 1 00 06bebcac 3 00000000 ffffffff 1 1 0 1
5 1 1 1 1 00 06bebcac 3 00000000 ffffffff 1 1 0 1
5 1 1 0 1 08 423a87e0 9 00000000 ffffffff 1 1 0 1
5 1 1 1 1 08 423a87e0 9 00000000 ffffffff 1 1 1 1
5 1 0 0 0 4c 5f271aff 0 00000000 ffffffff 1 1 0 1
5 1 1 0 1 08 c79e59b1 0 00000000 ffffffff 1 1 0 1
5 1 1 1 1 08 c79e59b1 0 00000000 ffffffff 1 1 1 1
5 1 1 0 1 17 e4ade997 1 00000000 ffffffff 1 1 0 1
5 1 1 1 1 17 e4ade997 1 00000000 ffffffff 1 1 1 1
5 1 1 0 0 00 8f9c7fcc 6 b7f4bcac ffffffff 1 1 0 1
5 1 1 1 0 00 8f9c7fcc 6 b7f4bcac ffffffff 1 1 0 1
5 1 0 0 1 96 91c62493 6 00000000 ffffffff 1 1 0 1
5 1 1 0 1 5b 10bbcac5 9 00000000 ffffffff 1 1 0 1
5 1 1 1 1 5b 10bbcac5 9 00000000 ffffffff 1 1 1 1
5 1 1 0 1 0c d505ac7b c 00000000 ffffffff 1 1 0 1
5 1 1 1 1 0c d505ac7b c 00000000 ffffffff 1 1 1 1
5 1 1 0 1 04 4107c710 a 00000000 ffffffff 1 1 0 1
5 1 1 1 1 04 4107c710 a 00000000 ffffffff 1 1 0 1
5 1 1 0 1 08 7582e577 0 00000000 ffffffff 1 1 0 1
5 1 1 1 1 08 7582e577 0 00000000 ffffffff 1 1 1 1
5 1 1 0 1 56 1bed3a55 4 00000000 ffffffff 1 1 0 1
5 1 1 1 1 56 1bed3a55 4 00000000 ffffffff 1 1 1 1
5 1 1 0 1 00 46367695 b 00000000 ffffffff 1 1 0 1
5 1 1 1 1 00 46367695 b 00000000 ffffffff 1 1 0 1
5 1 1 0 0 0c 104f50d6 8 00000020 ffffffff 1 1 0 1
5 1 1 1 0 0c 104f50d6 8 00000020 ffffffff 1 1 0 1
5 1 1 0 1 04 3aa17b46 c 00000000 ffffffff 1 1 0 1
5 1 1 1 1 04 3aa17b46 c 00000000 ffffffff 1 1 0 1
5 1 1 0 1 04 4d526cf1 5 00000000 ffffffff 1 1 0 1
5 1 1 1 1 04 4d526cf1 5 00000000 ffffffff 1 1 0 1
5 1 1 0 1 00 9f1d709d d 00000000 ffffffff 1 1 0 1
5 1 1 1 1 00 9f1d709d d 00000000 ffffffff 1 1 0 1
5 1 1 0 1 00 26275e6f d 00000000 ffffffff 1 1 0 1
5 1 1 1 1 00 26275e6f d 00000000 ffffffff 1 1 0 1
5 1 1 0 1 0c a1162097 5 00000000 ffffffff 1 1 0 1
5 1 1 1 1 0c a1162097 5 00000000 ffffffff 1 1 1 1
5 1 1 0 1 04 78ba403a b 00000000 ffffffff 1 1 0 1
5 1 1 1 1 04 78ba403a b 00000000 ffffffff 1 1 0 1
5 1 1 0 1 0c c19954c0 1 00000000 ffffffff 1 1 0 1
5 1 1 1 1 0c c19954c0 1 00000000 ffffffff 1 1 1 1
5 1 1 0 1 00 f64b9368 1 00000000 ffffffff 1 1 0 1
5 1 1 1 1 00 f64b9368 1 00000000 ffffffff 1 1 0 1
5 1 0 0 1 fc 721d74a6 8 00000000 ffffffff 1 1 0 1
5 1 1 0 0 00 1255b2cf e 26277668 ffffffff 1 1 0 1
5 1 1 1 0 00 1255b2cf e 26277668 ffffffff 1 1 0 1
5 1 1 0 0 0c f49b62a1 a 00000026 ffffffff 1 1 0 1
5 1 1 1 0 0c f49b62a1 a 00000026 ffffffff 1 1 0 1
5 1 1 0 0 04 894af509 2 7852403a ffffffff 1 1 0 1
5 1 1 1 0 04 894af509 2 7852403a ffffffff 1 1 0 1
5 1 1 0 1 0c 9af0aaa3 5 00000000 ffffffff 1 1 0 1
5 1 1 1 1 0c 9af0aaa3 5 00000000 ffffffff 1 1 1 1
5 1 1 0 0 08 b22c88e8 b a9b00001 ffffffff 1 1 0 1
5 1 1 1 0 08 b22c88e8 b a9b00001 ffffffff 1 1 0 1
5 1 1 0 1 f3 c832bb2e 5 00000000 ffffffff 1 1 0 1
5 1 1 1 1 f3 c832bb2e 5 00000000 ffffffff 1 1 1 1
5 1 1 0 0 82 369b7d76 1 00000000 ffffffff 1 1 0 1
5 1 1 1 0 82 369b7d76 1 00000000 ffffffff 1 1 1 1
5 1 0 0 1 24 4fec8709 5 00000000 ffffffff 1 1 0 1
5 1 1 0 1 08 95876e0a 5 00000000 ffffffff 1 1 0 1
5 1 1 1 1 08 95876e0a 5 00000000 ffffffff 1 1 1 1
5 1 1 0 0 00 3bdc526c 6 26277668 ffffffff 1 1 0 1
5 1 1 1 0 00 3bdc526c 6 26277668 ffffffff 1 1 0 1
5 1 1 0 1 08 4fed4073 e 00000000 ffffffff 1 1 0 1
5 1 1 1 1 08 4fed4073 e 00000000 ffffffff 1 1 1 1
5 1 1 0 1 0c e773eaae 7 00000000 ffffffff 1 1 0 1
5 1 1 1 1 0c e773eaae 7 00000000 ffffffff 1 1 1 1
5 1 1 0 1 0c 92147e0b 5 00000000 ffffffff 1 1 0 1
5 1 1 1 1 0c 92147e0b 5 00000000 ffffffff 1 1 1 1
5 1 1 0 0 04 f065a01a f 7852403a ffffffff 1 1 0 1
5 1 1 1 0 04 f065a01a f 7852403a ffffffff 1 1 0 1
5 1 1 0 1 00 740bef31 0 00000000 ffffffff 1 1 0 1
5 1 1 1 1 00 740bef31 0 00000000 ffffffff 1 1 0 1
5 1 0 0 1 e1 4253fd29 e 00000000 ffffffff 1 1 0 1
5 1 1 0 0 08 09c590ff a a9b00001 ffffffff 1 1 0 1
5 1 1 1 0 08 09c590ff a a9b00001 ffffffff 1 1 0 1
5 1 1 0 0 00 aabde313 8 26277668 ffffffff 1 1 0 1
5 1 1 1 0 00 aabde313 8 26277668 ffffffff 1 1 0 1
5 1 1 0 1 aa d9dbd72c 6 00000000 ffffffff 1 1 0 1
5 1 1 1 1 aa d9dbd72c 6 00000000 ffffffff 1 1 1 1
5 1 0 0 1 4c 4e29e7f4 8 00000000 ffffffff 1 1 0 1
5 1 1 0 0 04 4766168f a 7852403a ffffffff 1 1 0 1
5 1 1 1 0 04 4766168f a 7852403a ffffffff 1 1 0 1
5 1 1 0 0 0c 1aa15e1f 3 00000027 ffffffff 1 1 0 1
5 1 1 1 0 0c 1aa15e1f 3 00000027 ffffffff 1 1 0 1
5 1 0 0 0 bc 00b439b4 6 00000000 ffffffff 1 1 0 1
5 1 1 0 0 08 4f8c9011 3 a9b00001 ffffffff 1 1 0 1
5 1 1 1 0 08 4f8c9011 3 a9b00001 ffffffff 1 1 0 1
5 1 1 0 1 0c 0970f436 c 00000000 ffffffff 1 1 0 1
5 1 1 1 1 0c 0970f436 c 00000000 ffffffff 1 1 1 1
5 1 1 0 0 0c a9042559 a 00000027 ffffffff 1 1 0 1
5 1 1 1 0 0c a9042559 a 00000027 ffffffff 1 1 0 1
5 1 1 0 1 08 9c5ca565 b 00000000 ffffffff 1 1 0 1
5 1 1 1 1 08 9c5ca565 b 00000000 ffffffff 1 1 1 1
5 1 1 0 1 08 5d21926d c 00000000 ffffffff 1 1 0 1
5 1 1 1 1 08 5d21926d c 00000000 ffffffff 1 1 1 1
5 1 1 0 1 28 f7ac0f7d 5 00000000 ffffffff 1 1 0 1
5 1 1 1 1 28 f7ac0f7d 5 00000000 ffffffff 1 1 1 1
5 1 1 0 0 04 a59e27dd 2 7852403a ffffffff 1 1 0 1
5 1 1 1 0 04 a59e27dd 2 7852403a ffffffff 1 1 0 1
5 1 1 0 0 ea 947736f2 a 00000000 ffffffff 1 1 0 1
5 1 1 1 0 ea 947736f2 a 00000000 ffffffff 1 1 1 1
5 1 0 0 0 cd 88bccff3 8 00000000 ffffffff 1 1 0 1
5 1 1 0 1 08 9def9b0c c 00000000 ffffffff 1 1 0 1
5 1 1 1 1 08 9def9b0c c 00000000 ffffffff 1 1 1 1
5 1 1 0 1 04 5fe58588 7 00000000 ffffffff 1 1 0 1
5 1 1 1 1 04 5fe58588 7 00000000 ffffffff 1 1 0 1
5 1 0 0 0 b8 b48f38b3 0 00000000 ffffffff 1 1 0 1
5 1 1 0 0 c6 61c6bc43 3 00000000 ffffffff 1 1 0 1
5 1 1 1 0 c6 61c6bc43 3 00000000 ffffffff 1 1 1 1
5 1 1 0 1 00 91ea284d 5 00000000 ffffffff 1 1 0 1
5 1 1 1 1 00 91ea284d 5 00000000 ffffffff 1 1 0 1
5 1 1 0 0 04 363a7cba 3 78e58588 ffffffff 1 1 0 1
5 1 1 1 0 04 363a7cba 3 78e58588 ffffffff 1 1 0 1
5 1 1 0 1 04 f6a158fd 9 00000000 ffffffff 1 1 0 1
5 1 1 1 1 04 f6a158fd 9 00000000 ffffffff 1 1 0 1
5 1 1 0 0 0c 00fcfd7c f 0000002a ffffffff 1 1 0 1
5 1 1 1 0 0c 00fcfd7c f 0000002a ffffffff 1 1 0 1
5 1 1 0 0 7a 854e0464 f 00000000 ffffffff 1 1 0 1
5 1 1 1 0 7a 854e0464 f 00000000 ffffffff 1 1 1 1
5 1 1 0 1 0c 4510c9b4 0 00000000 ffffffff 1 1 0 1
5 1 1 1 1 0c 4510c9b4 0 00000000 ffffffff 1 1 1 1
5 1 0 0 1 d6 19c882dd 4 00000000 ffffffff 1 1 0 1
5 1 1 0 0 f7 44e5fc7c 4 00000000 ffffffff 1 1 0 1
5 1 1 1 0 f7 44e5fc7c 4 00000000 ffffffff 1 1 1 1
5 1 1 0 0 00 36e0be35 4 26ea764d ffffffff 1 1 0 1
5 1 1 1 0 00 36e0be35 4 26ea764d ffffffff 1 1 0 1
5 1 1 0 1 08 83c99c0e 5 00000000 ffffffff 1 1 0 1
5 1 1 1 1 08 83c99c0e 5 00000000 ffffffff 1 1 1 1
5 1 1 0 0 08 6d33f083 0 a9b00001 ffffffff 1 1 0 1
5 1 1 1 0 08 6d33f083 0 a9b00001 ffffffff 1 1 0 1
5 1 1 0 1 04 6aa061cb 7 00000000 ffffffff 1 1 0 1
5 1 1 1 1 04 6aa061cb 7 00000000 ffffffff 1 1 0 1
5 1 1 0 1 00 0b0b26d1 9 00000000 ffffffff 1 1 0 1
5 1 1 1 1 00 0b0b26d1 9 00000000 ffffffff 1 1 0 1
5 1 1 0 1 04 72c991e6 4 00000000 ffffffff 1 1 0 1
5 1 1 1 1 04 72c991e6 4 00000000 ffffffff 1 1 0 1
5 1 1 0 0 0c 4e8dfa1d 1 0000002d ffffffff 1 1 0 1
5 1 1 1 0 0c 4e8dfa1d 1 0000002d ffffffff 1 1 0 1
5 1 1 0 0 04 8c118efd b f6c961cb ffffffff 1 1 0 1
5 1 1 1 0 04 8c118efd b f6c961cb ffffffff 1 1 0 1
5 1 1 0 1 0c d5188d19 c 00000000 ffffffff 1 1 0 1
5 1 1 1 1 0c d5188d19 c 00000000 ffffffff 1 1 1 1
5 1 1 0 1 19 faefa516 c 00000000 ffffffff 1 1 0 1
5 1 1 1 1 19 faefa516 c 00000000 ffffffff 1 1 1 1
5 1 1 0 0 04 de019622 b f6c961cb ffffffff 1 1 0 1
5 1 1 1 0 04 de019622 b f6c961cb ffffffff 1 1 0 1
5 1 1 0 0 fb bfc9b22f f 00000000 ffffffff 1 1 0 1
5 1 1 1 0 fb bfc9b22f f 00000000 ffffffff 1 1 1 1
5 1 0 0 0 10 6ef8131f 4 00000000 ffffffff 1 1 0 1
5 1 1 0 1 ff c71cb93a 6 00000000 ffffffff 1 1 0 1
5 1 1 1 1 ff c71cb93a 6 00000000 ffffffff 1 1 1 1
5 1 0 0 0 8d 5431c84e e 00000000 ffffffff 1 1 0 1
5 1 1 0 0 08 a30ae389 a a9b00001 ffffffff 1 1 0 1
5 1 1 1 0 08 a30ae389 a a9b00001 ffffffff 1 1 0 1
5 1 1 0 0 08 f0e1a721 0 a9b00001 ffffffff 1 1 0 1
5 1 1 1 0 08 f0e1a721 0 a9b00001 ffffffff 1 1 0 1
5 1 1 0 0 00 c22a2a55 9 0bea76d1 ffffffff 1 1 0 1
5 1 1 1 0 00 c22a2a55 9 0bea76d1 ffffffff 1 1 0 1
5 1 1 0 0 04 a2476b15 a f6c961cb ffffffff 1 1 0 1
5 1 1 1 0 04 a2476b15 a f6c961cb ffffffff 1 1 0 1
5 1 1 0 1 08 ccb4d824 1 00000000 ffffffff 1 1 0 1
5 1 1 1 1 08 ccb4d824 1 00000000 ffffffff 1 1 1 1
5 1 0 0 0 8b 4aaaf9b3 2 00000000 ffffffff 1 1 0 1
5 1 1 0 0 08 bc901df8 d a9b00001 ffffffff 1 1 0 1
5 1 1 1 0 08 bc901df8 d a9b00001 ffffffff 1 1 0 1
5 1 1 0 1 04 beaa97c6 b 00000000 ffffffff 1 1 0 1
5 1 1 1 1 04 beaa97c6 b 00000000 ffffffff 1 1 0 1
5 1 1 0 1 00 7bc348c2 d 00000000 ffffffff 1 1 0 1
5 1 1 1 1 00 7bc348c2 d 00000000 ffffffff 1 1 0 1
5 1 1 0 1 00 8fda1089 a 00000000 ffffffff 1 1 0 1
5 1 1 1 1 00 8fda1089 a 00000000 ffffffff 1 1 0 1
5 1 1 0 0 c1 539faf05 1 00000000 ffffffff 1 1 0 1
5 1 1 1 0 c1 539faf05 1 00000000 ffffffff 1 1 1 1
5 1 1 0 1 0c c0853c16 4 00000000 ffffffff 1 1 0 1
5 1 1 1 1 0c c0853c16 4 00000000 ffffffff 1 1 1 1
5 1 1 0 1 0c ed8d0ca1 f 00000000 ffffffff 1 1 0 1
5 1 1 1 1 0c ed8d0ca1 f 00000000 ffffffff 1 1 1 1
5 1 0 0 1 f0 9612e9f3 6 00000000 ffffffff 1 1 0 1
5 1 1 0 1 00 2ae33614 5 00000000 ffffffff 1 1 0 1
5 1 1 1 1 00 2ae33614 5 00000000 ffffffff 1 1 0 1
5 1 1 0 0 08 dc1cc5d0 c a9b00001 ffffffff 1 1 0 1
5 1 1 1 0 08 dc1cc5d0 c a9b00001 ffffffff 1 1 0 1
5 1 1 0 0 08 8e867560 c a9b00001 ffffffff 1 1 0 1
5 1 1 1 0 08 8e867560 c a9b00001 ffffffff 1 1 0 1
5 1 1 0 0 00 bef93874 3 8fe31014 ffffffff 1 1 0 1
5 1 1 1 0 00 bef93874 3 8fe31014 ffffffff 1 1 0 1
5 1 1 0 1 fe 6e7e7ffe 4 00000000 ffffffff 1 1 0 1
5 1 1 1 1 fe 6e7e7ffe 4 00000000 ffffffff 1 1 1 1
5 1 0 0 1 4c 9ed46e34 c 00000000 ffffffff 1 1 0 1
5 1 1 0 1 0c 097b6cea 0 00000000 ffffffff 1 1 0 1
5 1 1 1 1 0c 097b6cea 0 00000000 ffffffff 1 1 1 1
5 1 0 0 0 65 8e043340 9 00000000 ffffffff 1 1 0 1
5 1 1 0 0 00 d7ede9a5 1 8fe31014 ffffffff 1 1 0 1
5 1 1 1 0 00 d7ede9a5 1 8fe31014 ffffffff 1 1 0 1
5 1 1 0 1 00 7311f22f 9 00000000 ffffffff 1 1 0 1
5 1 1 1 1 00 7311f22f 9 00000000 ffffffff 1 1 0 1
5 1 0 0 0 d7 ac8d822c 2 00000000 ffffffff 1 1 0 1
5 1 1 0 0 00 4a8f53c6 6 73e3102f ffffffff 1 1 0 1
5 1 1 1 0 00 4a8f53c6 6 73e3102f ffffffff 1 1 0 1
5 1 1 0 0 04 d602ccbd c bec997c6 ffffffff 1 1 0 1
5 1 1 1 0 04 d602ccbd c bec997c6 ffffffff 1 1 0 1
5 1 1 0 0 0c c09f22ba a 00000032 ffffffff 1 1 0 1
5 1 1 1 0 0c c09f22ba a 00000032 ffffffff 1 1 0 1
5 1 1 0 0 ae a04f05d3 b 00000000 ffffffff 1 1 0 1
5 1 1 1 0 ae a04f05d3 b 00000000 ffffffff 1 1 1 1
5 1 1 0 1 0c 3ec903b9 d 00000000 ffffffff 1 1 0 1
5 1 1 1 1 0c 3ec903b9 d 00000000 ffffffff 1 1 1 1
5 1 1 0 1 08 b89ce22b 9 00000000 ffffffff 1 1 0 1
5 1 1 1 1 08 b89ce22b 9 00000000 ffffffff 1 1 1 1
5 1 1 0 1 08 c3904b8b c 00000000 ffffffff 1 1 0 1
5 1 1 1 1 08 c3904b8b c 00000000 ffffffff 1 1 1 1
5 1 1 0 0 0c 056f514e 1 00000032 ffffffff 1 1 0 1
5 1 1 1 0 0c 056f514e 1 00000032 ffffffff 1 1 0 1
5 1 1 0 0 00 71beb73c 5 73e3102f ffffffff 1 1 0 1
5 1 1 1 0 00 71beb73c 5 73e3102f ffffffff 1 1 0 1
5 1 1 0 1 04 8f71d1aa c 00000000 ffffffff 1 1 0 1
5 1 1 1 1 04 8f71d1aa c 00000000 ffffffff 1 1 0 1
5 1 1 0 0 08 12e6b870 8 a9b00001 ffffffff 1 1 0 1
5 1 1 1 0 08 12e6b870 8 a9b00001 ffffffff 1 1 0 1
5 1 1 0 1 04 072ee311 1 00000000 ffffffff 1 1 0 1
5 1 1 1 1 04 072ee311 1 00000000 ffffffff 1 1 0 1
5 1 1 0 1 04 be398018 8 00000000 ffffffff 1 1 0 1
5 1 1 1 1 04 be398018 8 00000000 ffffffff 1 1 0 1
5 1 1 0 1 0c efed8a41 7 00000000 ffffffff 1 1 0 1
5 1 1 1 1 0c efed8a41 7 00000000 ffffffff 1 1 1 1
5 1 1 0 1 7e 14757501 3 00000000 ffffffff 1 1 0 1
5 1 1 1 1 7e 14757501 3 00000000 ffffffff 1 1 1 1
5 1 1 0 1 04 3e1a2e8b 2 00000000 ffffffff 1 1 0 1
5 1 1 1 1 04 3e1a2e8b 2 00000000 ffffffff 1 1 0 1
5 1 1 0 0 0c 074cfc57 3 00000036 ffffffff 1 1 0 1
5 1 1 1 0 0c 074cfc57 3 00000036 ffffffff 1 1 0 1
5 1 1 0 1 0c 28c38a83 b 00000000 ffffffff 1 1 0 1
5 1 1 1 1 0c 28c38a83 b 00000000 ffffffff 1 1 1 1
5 1 1 0 0 0c f2b28ce0 f 00000036 ffffffff 1 1 0 1
5 1 1 1 0 0c f2b28ce0 f 00000036 ffffffff 1 1 0 1
5 1 1 0 1 44 36fe90a3 0 00000000 ffffffff 1 1 0 1
5 1 1 1 1 44 36fe90a3 0 00000000 ffffffff 1 1 1 1
5 1 1 0 1 00 a32f197e 8 00000000 ffffffff 1 1 0 1
5 1 1 1 1 00 a32f197e 8 00000000 ffffffff 1 1 0 1
5 1 0 0 0 62 dfc5b188 a 00000000 ffffffff 1 1 0 1
5 1 1 0 0 08 39182cc3 5 a9b00001 ffffffff 1 1 0 1
5 1 1 1 0 08 39182cc3 5 a9b00001 ffffffff 1 1 0 1
5 1 1 0 1 00 7fc0ce05 0 00000000 ffffffff 1 1 0 1
5 1 1 1 1 00 7fc0ce05 0 00000000 ffffffff 1 1 0 1
5 1 0 0 0 35 f86cc053 7 00000000 ffffffff 1 1 0 1
5 1 1 0 0 0c 24d42a9a 8 00000038 ffffffff 1 1 0 1
5 1 1 1 0 0c 24d42a9a 8 00000038 ffffffff 1 1 0 1
5 1 1 0 1 00 1329dd23 1 00000000 ffffffff 1 1 0 1
5 1 1 1 1 00 1329dd23 1 00000000 ffffffff 1 1 0 1
5 1 1 0 0 04 6059a0ef 4 be712e11 ffffffff 1 1 0 1
5 1 1 1 0 04 6059a0ef 4 be712e11 ffffffff 1 1 0 1
5 1 1 0 1 04 a95c2bb3 a 00000000 ffffffff 1 1 0 1
5 1 1 1 1 04 a95c2bb3 a 00000000 ffffffff 1 1 0 1
5 1 1 0 0 ad 7db33caa 2 00000000 ffffffff 1 1 0 1
5 1 1 1 0 ad 7db33caa 2 00000000 ffffffff 1 1 1 1
5 1 1 0 1 08 ddcb8b4e a 00000000 ffffffff 1 1 0 1
5 1 1 1 1 08 ddcb8b4e a 00000000 ffffffff 1 1 1 1
5 1 1 0 0 0c a3119ab0 6 0000003a ffffffff 1 1 0 1
5 1 1 1 0 0c a3119ab0 6 0000003a ffffffff 1 1 0 1
5 1 1 0 1 0c 30d02911 7 00000000 ffffffff 1 1 0 1
5 1 1 1 1 0c 30d02911 7 00000000 ffffffff 1 1 1 1
5 1 1 0 1 0c 57726d8f 5 00000000 ffffffff 1 1 0 1
5 1 1 1 1 0c 57726d8f 5 00000000 ffffffff 1 1 1 1
5 1 1 0 1 00 afa2e552 9 00000000 ffffffff 1 1 0 1
5 1 1 1 1 00 afa2e552 9 00000000 ffffffff 1 1 0 1
5 1 1 0 1 0c d05a814b 5 00000000 ffffffff 1 1 0 1
5 1 1 1 1 0c d05a814b 5 00000000 ffffffff 1 1 1 1
5 1 1 0 0 00 459ff68a 2 afe31052 ffffffff 1 1 0 1
5 1 1 1 0 00 459ff68a 2 afe31052 ffffffff 1 1 0 1
5 1 1 0 0 04 c7d89a12 3 a9712b11 ffffffff 1 1 0 1
5 1 1 1 0 04 c7d89a12 3 a9712b11 ffffffff 1 1 0 1
5 1 1 0 0 00 dc9ba63c c afe31052 ffffffff 1 1 0 1
5 1 1 1 0 00 dc9ba63c c afe31052 ffffffff 1 1 0 1
5 1 1 0 0 00 dc179473 7 afe31052 ffffffff 1 1 0 1
5 1 1 1 0 00 dc179473 7 afe31052 ffffffff 1 1 0 1
5 1 1 0 0 04 bde5ef4d 5 a9712b11 ffffffff 1 1 0 1
5 1 1 1 0 04 bde5ef4d 5 a9712b11 ffffffff 1 1 0 1
5 1 1 0 0 00 0b313d82 1 afe31052 ffffffff 1 1 0 1
5 1 1 1 0 00 0b313d82 1 afe31052 ffffffff 1 1 0 1
5 1 1 0 0 0c 72783ff5 b 0000003b ffffffff 1 1 0 1
5 1 1 1 0 0c 72783ff5 b 0000003b ffffffff 1 1 0 1
5 1 0 0 0 e1 120fd7b7 d 00000000 ffffffff 1 1 0 1
5 1 1 0 0 08 dcbaa780 b a9b00001 ffffffff 1 1 0 1
5 1 1 1 0 08 dcbaa780 b a9b00001 ffffffff 1 1 0 1
5 1 1 0 0 0c 8907a372 8 0000003b ffffffff 1 1 0 1
5 1 1 1 0 0c 8907a372 8 0000003b ffffffff 1 1 0 1
5 1 1 0 0 e3 f0f4d0ff 1 00000000 ffffffff 1 1 0 1
5 1 1 1 0 e3 f0f4d0ff 1 00000000 ffffffff 1 1 1 1
5 1 1 0 1 00 52f4e93f 8 00000000 ffffffff 1 1 0 1
5 1 1 1 1 00 52f4e93f 8 00000000 ffffffff 1 1 0 1
5 1 1 0 0 8c 9649b4b4 4 00000000 ffffffff 1 1 0 1
5 1 1 1 0 8c 9649b4b4 4 00000000 ffffffff 1 1 1 1
5 1 1 0 0 0c 4410cfd0 2 0000003c ffffffff 1 1 0 1
5 1 1 1 0 0c 4410cfd0 2 0000003c ffffffff 1 1 0 1
5 1 0 0 0 33 4530efd0 7 00000000 ffffffff 1 1 0 1
5 1 1 0 0 08 7f8a35e2 5 a9b00001 ffffffff 1 1 0 1
5 1 1 1 0 08 7f8a35e2 5 a9b00001 ffffffff 1 1 0 1
5 1 1 0 1 a3 f6e2fdb5 e 00000000 ffffffff 1 1 0 1
5 1 1 1 1 a3 f6e2fdb5 e 00000000 ffffffff 1 1 1 1
5 1 1 0 1 23 d8cc33a8 2 00000000 ffffffff 1 1 0 1
5 1 1 1 1 23 d8cc33a8 2 00000000 ffffffff 1 1 1 1
5 1 1 0 1 8b e1e40b28 0 00000000 ffffffff 1 1 0 1
5 1 1 1 1 8b e1e40b28 0 00000000 ffffffff 1 1 1 1
5 1 0 0 1 14 c7c2e99d 9 00000000 ffffffff 1 1 0 1
5 1 1 0 0 92 1d604364 d 00000000 ffffffff 1 1 0 1
5 1 1 1 0 92 1d604364 d 00000000 ffffffff 1 1 1 1
5 1 1 0 1 04 672f0c18 c 00000000 ffffffff 1 1 0 1
5 1 1 1 1 04 672f0c18 c 00000000 ffffffff 1 1 0 1
5 1 0 0 0 cc 6ad8fbec 3 00000000 ffffffff 1 1 0 1
5 1 1 0 0 00 8d90bb5c e 52e31052 ffffffff 1 1 0 1
5 1 1 1 0 00 8d90bb5c e 52e31052 ffffffff 1 1 0 1
5 1 1 0 0 08 b129a8d7 f a9b00001 ffffffff 1 1 0 1
5 1 1 1 0 08 b129a8d7 f a9b00001 ffffffff 1 1 0 1
5 1 0 0 1 ec 47823584 0 00000000 ffffffff 1 1 0 1
5 1 1 0 0 00 69eb3b44 6 52e31052 ffffffff 1 1 0 1
5 1 1 1 0 00 69eb3b44 6 52e31052 ffffffff 1 1 0 1
5 1 1 0 1 4e 841fcf1a 1 00000000 ffffffff 1 1 0 1
5 1 1 1 1 4e 841fcf1a 1 00000000 ffffffff 1 1 1 1
5 1 1 0 1 04 77b25e8d 6 00000000 ffffffff 1 1 0 1
5 1 1 1 1 04 77b25e8d 6 00000000 ffffffff 1 1 0 1
5 1 0 0 1 18 85df283d d 00000000 ffffffff 1 1 0 1
5 1 1 0 0 00 af871a2a 4 52e31052 ffffffff 1 1 0 1
5 1 1 1 0 00 af871a2a 4 52e31052 ffffffff 1 1 0 1
5 1 1 0 0 0c 79517702 9 0000003e ffffffff 1 1 0 1
5 1 1 1 0 0c 79517702 9 0000003e ffffffff 1 1 0 1
5 1 1 0 0 0c a8a37939 6 0000003e ffffffff 1 1 0 1
5 1 1 1 0 0c a8a37939 6 0000003e ffffffff 1 1 0 1
5 1 1 0 0 d4 ae5d8c23 8 00000000 ffffffff 1 1 0 1
5 1 1 1 0 d4 ae5d8c23 8 00000000 ffffffff 1 1 1 1
5 1 0 0 0 3a 2ed1da0c 6 00000000 ffffffff 1 1 0 1
5 1 1 0 1 08 85845833 8 00000000 ffffffff 1 1 0 1
5 1 1 1 1 08 85845833 8 00000000 ffffffff 1 1 1 1
5 1 1 0 0 0c 5aa0a03f f 0000003e ffffffff 1 1 0 1
5 1 1 1 0 0c 5aa0a03f f 0000003e ffffffff 1 1 0 1
5 1 1 0 0 00 d769f61c b 52e31052 ffffffff 1 1 0 1
5 1 1 1 0 00 d769f61c b 52e31052 ffffffff 1 1 0 1
5 1 1 0 1 04 ac75ebc5 4 00000000 ffffffff 1 1 0 1
5 1 1 1 1 04 ac75ebc5 4 00000000 ffffffff 1 1 0 1
5 1 1 0 0 be ea63d242 7 00000000 ffffffff 1 1 0 1
5 1 1 1 0 be ea63d242 7 00000000 ffffffff 1 1 1 1
5 1 0 0 0 b9 f8a6e3e7 5 00000000 ffffffff 1 1 0 1
5 1 1 0 0 0c e51ae688 c 0000003f ffffffff 1 1 0 1
5 1 1 1 0 0c e51ae688 c 0000003f ffffffff 1 1 0 1
5 1 1 0 1 0c 4705a68a 6 00000000 ffffffff 1 1 0 1
5 1 1 1 1 0c 4705a68a 6 00000000 ffffffff 1 1 1 1
5 1 1 0 0 08 ca1f6746 d a9b00001 ffffffff 1 1 0 1
5 1 1 1 0 08 ca1f6746 d a9b00001 ffffffff 1 1 0 1
5 1 0 0 0 89 37a36ecc 1 00000000 ffffffff 1 1 0 1
5 1 1 0 1 15 b892b80d 2 00000000 ffffffff 1 1 0 1
5 1 1 1 1 15 b892b80d 2 00000000 ffffffff 1 1 1 1
5 1 1 0 0 04 73474688 0 67755e11 ffffffff 1 1 0 1
5 1 1 1 0 04 73474688 0 67755e11 ffffffff 1 1 0 1
5 1 1 0 0 04 88eecc03 f 67755e11 ffffffff 1 1 0 1
5 1 1 1 0 04 88eecc03 f 67755e11 ffffffff 1 1 0 1
5 1 1 0 1 08 355fd8e3 4 00000000 ffffffff 1 1 0 1
5 1 1 1 1 08 355fd8e3 4 00000000 ffffffff 1 1 1 1
5 1 0 0 1 e8 a77a888f 6 00000000 ffffffff 1 1 0 1
5 1 1 0 1 08 25096a9a 6 00000000 ffffffff 1 1 0 1
5 1 1 1 1 08 25096a9a 6 00000000 ffffffff 1 1 1 1
5 1 0 0 1 d5 07a738e8 f 00000000 ffffffff 1 1 0 1
5 1 1 0 1 0c 649d98f8 2 00000000 ffffffff 1 1 0 1
5 1 1 1 1 0c 649d98f8 2 00000000 ffffffff 1 1 1 1
5 1 1 0 0 d3 3a8ead83 9 00000000 ffffffff 1 1 0 1
5 1 1 1 0 d3 3a8ead83 9 00000000 ffffffff 1 1 1 1
5 1 1 0 0 00 d6678c6f 7 52e31052 ffffffff 1 1 0 1
5 1 1 1 0 00 d6678c6f 7 52e31052 ffffffff 1 1 0 1
5 1 1 0 0 0c 2d70f577 7 0000003f ffffffff 1 1 0 1
5 1 1 1 0 0c 2d70f577 7 0000003f ffffffff 1 1 0 1
5 1 1 0 1 13 d329b38d 6 00000000 ffffffff 1 1 0 1
5 1 1 1 1 13 d329b38d 6 00000000 ffffffff 1 1 1 1
5 1 1 0 0 0c 9167e1c2 8 0000003f ffffffff 1 1 0 1
5 1 1 1 0 0c 9167e1c2 8 0000003f ffffffff 1 1 0 1
5 1 0 0 0 df 0e60d99f 3 00000000 ffffffff 1 1 0 1
5 1 1 0 0 08 43455e03 9 a9b00001 ffffffff 1 1 0 1
5 1 1 1 0 08 43455e03 9 a9b00001 ffffffff 1 1 0 1
5 1 0 0 1 8d 860cf95b 6 00000000 ffffffff 1 1 0 1
5 1 1 0 1 04 624b3f08 7 00000000 ffffffff 1 1 0 1
5 1 1 1 1 04 624b3f08 7 00000000 ffffffff 1 1 0 1
5 1 1 0 0 0c eb91d35a 7 00000040 ffffffff 1 1 0 1
5 1 1 1 0 0c eb91d35a 7 00000040 ffffffff 1 1 0 1
5 1 1 0 0 08 1e1c0ea2 9 a9b00001 ffffffff 1 1 0 1
5 1 1 1 0 08 1e1c0ea2 9 a9b00001 ffffffff 1 1 0 1
5 1 1 0 0 54 40382908 b 00000000 ffffffff 1 1 0 1
5 1 1 1 0 54 40382908 b 00000000 ffffffff 1 1 1 1
5 1 1 0 1 04 5c325482 5 00000000 ffffffff 1 1 0 1
5 1 1 1 1 04 5c325482 5 00000000 ffffffff 1 1 0 1
5 1 1 0 1 0c 962bb2d9 9 00000000 ffffffff 1 1 0 1
5 1 1 1 1 0c 962bb2d9 9 00000000 ffffffff 1 1 1 1
5 1 1 0 0 08 5d13fb67 2 a9b00001 ffffffff 1 1 0 1
5 1 1 1 0 08 5d13fb67 2 a9b00001 ffffffff 1 1 0 1
5 1 1 0 1 04 1f40ace6 c 00000000 ffffffff 1 1 0 1
5 1 1 1 1 04 1f40ace6 c 00000000 ffffffff 1 1 0 1
5 1 1 0 0 00 c2a95247 c 52e31052 ffffffff 1 1 0 1
5 1 1 1 0 00 c2a95247 c 52e31052 ffffffff 1 1 0 1
5 1 0 0 1 e4 d65d615c 4 00000000 ffffffff 1 1 0 1
5 1 1 0 0 b2 cc288135 d 00000000 ffffffff 1 1 0 1
5 1 1 1 0 b2 cc288135 d 00000000 ffffffff 1 1 1 1
5 1 1 0 0 0f d27c1617 c 00000000 ffffffff 1 1 0 1
5 1 1 1 0 0f d27c1617 c 00000000 ffffffff 1 1 1 1
5 1 0 0 0 b0 93e142f5 5 00000000 ffffffff 1 1 0 1
5 1 1 0 0 0c 3e286acd 7 00000042 ffffffff 1 1 0 1
5 1 1 1 0 0c 3e286acd 7 00000042 ffffffff 1 1 0 1
5 1 1 0 0 04 3098f557 8 1f403f82 ffffffff 1 1 0 1
5 1 1 1 0 04 3098f557 8 1f403f82 ffffffff 1 1 0 1
5 1 1 0 1 04 d7038b47 e 00000000 ffffffff 1 1 0 1
5 1 1 1 1 04 d7038b47 e 00000000 ffffffff 1 1 0 1
5 1 1 0 0 00 72388811 4 52e31052 ffffffff 1 1 0 1
5 1 1 1 0 00 72388811 4 52e31052 ffffffff 1 1 0 1
5 1 1 0 1 08 a353b4bb e 00000000 ffffffff 1 1 0 1
5 1 1 1 1 08 a353b4bb e 00000000 ffffffff 1 1 1 1
5 1 1 0 1 04 dfb4171d e 00000000 ffffffff 1 1 0 1
5 1 1 1 1 04 dfb4171d e 00000000 ffffffff 1 1 0 1
5 1 1 0 1 7e 974bc983 2 00000000 ffffffff 1 1 0 1
5 1 1 1 1 7e 974bc983 2 00000000 ffffffff 1 1 1 1
5 1 1 0 1 0c af518473 b 00000000 ffffffff 1 1 0 1
5 1 1 1 1 0c af518473 b 00000000 ffffffff 1 1 1 1
5 1 0 0 1 2f 4d27b6aa 7 00000000 ffffffff 1 1 0 1
5 1 1 0 1 08 c1a40863 1 00000000 ffffffff 1 1 0 1
5 1 1 1 1 08 c1a40863 1 00000000 ffffffff 1 1 1 1
5 1 0 0 1 6e c295e49b f 00000000 ffffffff 1 1 0 1
5 1 1 0 0 0c a11a93c7 0 00000044 ffffffff 1 1 0 1
5 1 1 1 0 0c a11a93c7 0 00000044 ffffffff 1 1 0 1
5 1 1 0 1 4a 78bdace0 4 00000000 ffffffff 1 1 0 1
5 1 1 1 1 4a 78bdace0 4 00000000 ffffffff 1 1 1 1
5 1 1 0 0 0c bccb10e2 f 00000044 ffffffff 1 1 0 1
5 1 1 1 0 0c bccb10e2 f 00000044 ffffffff 1 1 0 1
5 1 1 0 1 08 65f5d944 f 00000000 ffffffff 1 1 0 1
5 1 1 1 1 08 65f5d944 f 00000000 ffffffff 1 1 1 1
5 1 1 0 0 34 6656ba65 1 00000000 ffffffff 1 1 0 1
5 1 1 1 0 34 6656ba65 1 00000000 ffffffff 1 1 1 1
5 1 1 0 1 04 af3014e7 f 00000000 ffffffff 1 1 0 1
5 1 1 1 1 04 af3014e7 f 00000000 ffffffff 1 1 0 1
5 1 1 0 0 04 a3d592c5 4 af3014e7 ffffffff 1 1 0 1
5 1 1 1 0 04 a3d592c5 4 af3014e7 ffffffff 1 1 0 1
5 1 1 0 1 0c 742d842a c 00000000 ffffffff 1 1 0 1
5 1 1 1 1 0c 742d842a c 00000000 ffffffff 1 1 1 1
5 1 1 0 0 00 c338f7f5 6 52e31052 ffffffff 1 1 0 1
5 1 1 1 0 00 c338f7f5 6 52e31052 ffffffff 1 1 0 1
5 1 1 0 1 04 d04ecd69 a 00000000 ffffffff 1 1 0 1
5 1 1 1 1 04 d04ecd69 a 00000000 ffffffff 1 1 0 1
5 1 1 0 0 08 29539bda 1 a9b00001 ffffffff 1 1 0 1
5 1 1 1 0 08 29539bda 1 a9b00001 ffffffff 1 1 0 1
5 1 1 0 0 04 8fdbbe45 2 d030cde7 ffffffff 1 1 0 1
5 1 1 1 0 04 8fdbbe45 2 d030cde7 ffffffff 1 1 0 1
5 1 1 0 0 00 93277367 2 52e31052 ffffffff 1 1 0 1
5 1 1 1 0 00 93277367 2 52e31052 ffffffff 1 1 0 1
5 1 1 0 1 0c 5b8be01c 8 00000000 ffffffff 1 1 0 1
5 1 1 1 1 0c 5b8be01c 8 00000000 ffffffff 1 1 1 1
5 1 1 0 1 04 c8ee617e b 00000000 ffffffff 1 1 0 1
5 1 1 1 1 04 c8ee617e b 00000000 ffffffff 1 1 0 1
5 1 1 0 1 00 042eb0f6 8 00000000 ffffffff 1 1 0 1
5 1 1 1 1 00 042eb0f6 8 00000000 ffffffff 1 1 0 1
5 1 1 0 0 0c fc295b7b e 00000048 ffffffff 1 1 0 1
5 1 1 1 0 0c fc295b7b e 00000048 ffffffff 1 1 0 1
5 1 0 0 1 55 f8e9b97a 8 00000000 ffffffff 1 1 0 1
5 1 1 0 1 0c 5f3ff037 6 00000000 ffffffff 1 1 0 1
5 1 1 1 1 0c 5f3ff037 6 00000000 ffffffff 1 1 1 1
5 1 1 0 0 0c a574092f a 00000048 ffffffff 1 1 0 1
5 1 1 1 0 0c a574092f a 00000048 ffffffff 1 1 0 1
5 1 1 0 0 c6 b3a1a919 5 00000000 ffffffff 1 1 0 1
5 1 1 1 0 c6 b3a1a919 5 00000000 ffffffff 1 1 1 1
5 1 0 0 1 fa fce31860 0 00000000 ffffffff 1 1 0 1
5 1 1 0 0 08 018441bf 9 a9b00001 ffffffff 1 1 0 1
5 1 1 1 0 08 018441bf 9 a9b00001 ffffffff 1 1 0 1
5 1 1 0 1 0c acf42e6d 5 00000000 ffffffff 1 1 0 1
5 1 1 1 1 0c acf42e6d 5 00000000 ffffffff 1 1 1 1
5 1 1 0 0 00 b66f9b7b b 04e31052 ffffffff 1 1 0 1
5 1 1 1 0 00 b66f9b7b b 04e31052 ffffffff 1 1 0 1
5 1 0 0 0 ee 0ee510e2 f 00000000 ffffffff 1 1 0 1
5 1 1 0 1 0d b9fb052a b 00000000 ffffffff 1 1 0 1
5 1 1 1 1 0d b9fb052a b 00000000 ffffffff 1 1 1 1
5 1 0 0 1 be 5cb78225 3 00000000 ffffffff 1 1 0 1
5 1 1 0 1 0c c5a94ab9 9 00000000 ffffffff 1 1 0 1
5 1 1 1 1 0c c5a94ab9 9 00000000 ffffffff 1 1 1 1
5 1 1 0 1 fa e9f25b47 d 00000000 ffffffff 1 1 0 1
5 1 1 1 1 fa e9f25b47 d 00000000 ffffffff 1 1 1 1
5 1 1 0 0 c6 0bd6bb6a e 00000000 ffffffff 1 1 0 1
5 1 1 1 0 c6 0bd6bb6a e 00000000 ffffffff 1 1 1 1
5 1 1 0 0 0c 9cf6b853 9 00000048 ffffffff 1 1 0 1
5 1 1 1 0 0c 9cf6b853 9 00000048 ffffffff 1 1 0 1
5 1 0 0 0 c9 97bec6a8 7 00000000 ffffffff 1 1 0 1
5 1 1 0 1 08 6bceca3f 9 00000000 ffffffff 1 1 0 1
5 1 1 1 1 08 6bceca3f 9 00000000 ffffffff 1 1 1 1
5 1 1 0 1 08 0510350d 0 00000000 ffffffff 1 1 0 1
5 1 1 1 1 08 0510350d 0 00000000 ffffffff 1 1 1 1
5 1 1 0 0 bc 6f28cc2f 1 00000000 ffffffff 1 1 0 1
5 1 1 1 0 bc 6f28cc2f 1 00000000 ffffffff 1 1 1 1
5 1 0 0 0 b8 597b6b26 e 00000000 ffffffff 1 1 0 1
5 1 1 0 1 00 b5f933c7 b 00000000 ffffffff 1 1 0 1
5 1 1 1 1 00 b5f933c7 b 00000000 ffffffff 1 1 0 1
5 1 1 0 1 0c 45c758ca d 00000000 ffffffff 1 1 0 1
5 1 1 1 1 0c 45c758ca d 00000000 ffffffff 1 1 1 1
5 1 0 0 1 19 5cc80ba2 3 00000000 ffffffff 1 1 0 1
5 1 1 0 0 08 868359a3 9 a9b00001 ffffffff 1 1 0 1
5 1 1 1 0 08 868359a3 9 a9b00001 ffffffff 1 1 0 1
5 1 0 0 1 1b b3188277 3 00000000 ffffffff 1 1 0 1
5 1 1 0 1 00 291d37b3 8 00000000 ffffffff 1 1 0 1
5 1 1 1 1 00 291d37b3 8 00000000 ffffffff 1 1 0 1
5 1 1 0 1 cc b3742322 1 00000000 ffffffff 1 1 0 1
5 1 1 1 1 cc b3742322 1 00000000 ffffffff 1 1 1 1
5 1 0 0 0 a8 96a233b6 8 00000000 ffffffff 1 1 0 1
5 1 1 0 1 0c 999f090d c 00000000 ffffffff 1 1 0 1
5 1 1 1 1 0c 999f090d c 00000000 ffffffff 1 1 1 1
5 1 1 0 1 00 8badeca2 a 00000000 ffffffff 1 1 0 1
5 1 1 1 1 00 8badeca2 a 00000000 ffffffff 1 1 0 1
5 1 1 0 0 00 1fcaef68 5 8be3ecc7 ffffffff 1 1 0 1
5 1 1 1 0 00 1fcaef68 5 8be3ecc7 ffffffff 1 1 0 1
5 1 1 0 0 08 9d4aa99d a a9b00001 ffffffff 1 1 0 1
5 1 1 1 0 08 9d4aa99d a a9b00001 ffffffff 1 1 0 1
5 1 1 0 1 04 004d9ba5 5 00000000 ffffffff 1 1 0 1
5 1 1 1 1 04 004d9ba5 5 00000000 ffffffff 1 1 0 1
5 1 1 0 0 0c db685d73 4 0000004c ffffffff 1 1 0 1
5 1 1 1 0 0c db685d73 4 0000004c ffffffff 1 1 0 1
5 1 1 0 0 7c 4c7de343 e 00000000 ffffffff 1 1 0 1
5 1 1 1 0 7c 4c7de343 e 00000000 ffffffff 1 1 1 1
5 1 0 0 0 cf 62c81d14 4 00000000 ffffffff 1 1 0 1
5 1 1 0 1 0c bec97412 3 00000000 ffffffff 1 1 0 1
5 1 1 1 1 0c bec97412 3 00000000 ffffffff 1 1 1 1
5 1 0 0 0 66 a3d6347f b 00000000 ffffffff 1 1 0 1
5 1 1 0 0 0c a1cd325f e 0000004c ffffffff 1 1 0 1
5 1 1 1 0 0c a1cd325f e 0000004c ffffffff 1 1 0 1
5 1 1 0 1 0c 563a9c22 7 00000000 ffffffff 1 1 0 1
5 1 1 1 1 0c 563a9c22 7 00000000 ffffffff 1 1 1 1
5 1 1 0 1 04 2958e9ca f 00000000 ffffffff 1 1 0 1
5 1 1 1 1 04 2958e9ca f 00000000 ffffffff 1 1 0 1
5 1 1 0 0 04 17f207f2 d 2958e9ca ffffffff 1 1 0 1
5 1 1 1 0 04 17f207f2 d 2958e9ca ffffffff 1 1 0 1
5 1 0 0 1 2e 7b04b1de 6 00000000 ffffffff 1 1 0 1
5 1 1 0 0 0c 70f958ae d 0000004d ffffffff 1 1 0 1
5 1 1 1 0 0c 70f958ae d 0000004d ffffffff 1 1 0 1
5 1 1 0 1 4d cb6726e4 6 00000000 ffffffff 1 1 0 1
5 1 1 1 1 4d cb6726e4 6 00000000 ffffffff 1 1 1 1
5 1 1 0 1 51 6ad740e0 1 00000000 ffffffff 1 1 0 1
5 1 1 1 1 51 6ad740e0 1 00000000 ffffffff 1 1 1 1
5 1 0 0 0 47 bc468d2b 9 00000000 ffffffff 1 1 0 1
5 1 1 0 0 04 2b53d157 0 2958e9ca ffffffff 1 1 0 1
5 1 1 1 0 04 2b53d157 0 2958e9ca ffffffff 1 1 0 1
5 1 1 0 1 08 865cd027 f 00000000 ffffffff 1 1 0 1
5 1 1 1 1 08 865cd027 f 00000000 ffffffff 1 1 1 1
5 1 1 0 0 0c bdbef51e 0 0000004d ffffffff 1 1 0 1
5 1 1 1 0 0c bdbef51e 0 0000004d ffffffff 1 1 0 1
5 1 1 0 0 00 6b3b9215 2 8be3ecc7 ffffffff 1 1 0 1
5 1 1 1 0 00 6b3b9215 2 8be3ecc7 ffffffff 1 1 0 1
5 1 1 0 1 00 55979c59 e 00000000 ffffffff 1 1 0 1
5 1 1 1 1 00 55979c59 e 00000000 ffffffff 1 1 0 1
5 1 1 0 0 04 0063b592 3 2958e9ca ffffffff 1 1 0 1
5 1 1 1 0 04 0063b592 3 2958e9ca ffffffff 1 1 0 1
5 1 0 0 0 80 113fb5d0 9 00000000 ffffffff 1 1 0 1
5 1 1 0 0 00 a8ea62ee 4 55979cc7 ffffffff 1 1 0 1
5 1 1 1 0 00 a8ea62ee 4 55979cc7 ffffffff 1 1 0 1
5 1 1 0 0 08 00973d36 e a9b00001 ffffffff 1 1 0 1
5 1 1 1 0 08 00973d36 e a9b00001 ffffffff 1 1 0 1
5 1 1 0 0 04 99aab92a 8 2958e9ca ffffffff 1 1 0 1
5 1 1 1 0 04 99aab92a 8 2958e9ca ffffffff 1 1 0 1
5 1 1 0 0 00 585be6b6 6 55979cc7 ffffffff 1 1 0 1
5 1 1 1 0 00 585be6b6 6 55979cc7 ffffffff 1 1 0 1
5 1 1 0 1 0c 42a34978 a 00000000 ffffffff 1 1 0 1
5 1 1 1 1 0c 42a34978 a 00000000 ffffffff 1 1 1 1
5 1 1 0 1 08 3e6a56bc d 00000000 ffffffff 1 1 0 1
5 1 1 1 1 08 3e6a56bc d 00000000 ffffffff 1 1 1 1
5 1 1 0 1 00 697a8ea5 f 00000000 ffffffff 1 1 0 1
5 1 1 1 1 00 697a8ea5 f 00000000 ffffffff 1 1 0 1
5 1 1 0 1 37 74034981 1 00000000 ffffffff 1 1 0 1
5 1 1 1 1 37 74034981 1 00000000 ffffffff 1 1 1 1
5 1 1 0 0 0c 096a05fb 7 0000004f ffffffff 1 1 0 1
5 1 1 1 0 0c 096a05fb 7 0000004f ffffffff 1 1 0 1
5 1 1 0 0 0c 8fd24002 f 0000004f ffffffff 1 1 0 1
5 1 1 1 0 0c 8fd24002 f 0000004f ffffffff 1 1 0 1
5 1 0 0 1 90 6be32ca2 2 00000000 ffffffff 1 1 0 1
5 1 1 0 0 00 386ffe51 8 697a8ea5 ffffffff 1 1 0 1
5 1 1 1 0 00 386ffe51 8 697a8ea5 ffffffff 1 1 0 1
5 1 1 0 1 04 f3b92fec 1 00000000 ffffffff 1 1 0 1
5 1 1 1 1 04 f3b92fec 1 00000000 ffffffff 1 1 0 1
5 1 0 0 0 b0 96c7c372 5 00000000 ffffffff 1 1 0 1
5 1 1 0 1 00 4a655e99 3 00000000 ffffffff 1 1 0 1
5 1 1 1 1 00 4a655e99 3 00000000 ffffffff 1 1 0 1
5 1 1 0 1 04 4aff7305 0 00000000 ffffffff 1 1 0 1
5 1 1 1 1 04 4aff7305 0 00000000 ffffffff 1 1 0 1
5 1 1 0 0 04 5103dc14 9 2958e9ec ffffffff 1 1 0 1
5 1 1 1 0 04 5103dc14 9 2958e9ec ffffffff 1 1 0 1
5 1 1 0 0 04 7ca9ef02 e 2958e9ec ffffffff 1 1 0 1
5 1 1 1 0 04 7ca9ef02 e 2958e9ec ffffffff 1 1 0 1
5 1 1 0 0 04 a331d1d6 e 2958e9ec ffffffff 1 1 0 1
5 1 1 1 0 04 a331d1d6 e 2958e9ec ffffffff 1 1 0 1
5 1 1 0 1 0c 0e68091f a 00000000 ffffffff 1 1 0 1
5 1 1 1 1 0c 0e68091f a 00000000 ffffffff 1 1 1 1
5 1 1 0 1 0c 3d390f04 2 00000000 ffffffff 1 1 0 1
5 1 1 1 1 0c 3d390f04 2 00000000 ffffffff 1 1 1 1
5 1 1 0 0 08 a9907f0d c a9b00001 ffffffff 1 1 0 1
5 1 1 1 0 08 a9907f0d c a9b00001 ffffffff 1 1 0 1
5 1 1 0 1 0c 74464ddd f 00000000 ffffffff 1 1 0 1
5 1 1 1 1 0c 74464ddd f 00000000 ffffffff 1 1 1 1
5 1 1 0 0 00 7304b115 2 697a5e99 ffffffff 1 1 0 1
5 1 1 1 0 00 7304b115 2 697a5e99 ffffffff 1 1 0 1
5 1 1 0 0 d9 26330011 b 00000000 ffffffff 1 1 0 1
5 1 1 1 0 d9 26330011 b 00000000 ffffffff 1 1 1 1
5 1 0 0 1 18 a930d3d1 8 00000000 ffffffff 1 1 0 1
5 1 1 0 0 08 15f9b09b 7 a9b00001 ffffffff 1 1 0 1
5 1 1 1 0 08 15f9b09b 7 a9b00001 ffffffff 1 1 0 1
5 1 1 0 1 11 ff464a15 3 00000000 ffffffff 1 1 0 1
5 1 1 1 1 11 ff464a15 3 00000000 ffffffff 1 1 1 1
5 1 1 0 0 c8 6fd58d69 a 00000000 ffffffff 1 1 0 1
5 1 1 1 0 c8 6fd58d69 a 00000000 ffffffff 1 1 1 1
5 1 1 0 1 08 b712a102 0 00000000 ffffffff 1 1 0 1
5 1 1 1 1 08 b712a102 0 00000000 ffffffff 1 1 1 1
5 1 1 0 0 be 9e949325 8 00000000 ffffffff 1 1 0 1
5 1 1 1 0 be 9e949325 8 00000000 ffffffff 1 1 1 1
5 1 1 0 0 00 a29f68a2 2 697a5e99 ffffffff 1 1 0 1
5 1 1 1 0 00 a29f68a2 2 697a5e99 ffffffff 1 1 0 1
5 1 0 0 1 a2 43be32c1 8 00000000 ffffffff 1 1 0 1
5 1 1 0 1 08 f214290e c 00000000 ffffffff 1 1 0 1
5 1 1 1 1 08 f214290e c 00000000 ffffffff 1 1 1 1
5 1 0 0 0 f4 47c5ecf7 6 00000000 ffffffff 1 1 0 1
5 1 1 0 1 fb a008e58b 7 00000000 ffffffff 1 1 0 1
5 1 1 1 1 fb a008e58b 7 00000000 ffffffff 1 1 1 1
5 1 1 0 0 00 a4874143 4 697a5e99 ffffffff 1 1 0 1
5 1 1 1 0 00 a4874143 4 697a5e99 ffffffff 1 1 0 1
5 1 1 0 1 04 e3911c2e 5 00000000 ffffffff 1 1 0 1
5 1 1 1 1 04 e3911c2e 5 00000000 ffffffff 1 1 0 1
5 1 1 0 1 08 4c97f4a2 a 00000000 ffffffff 1 1 0 1
5 1 1 1 1 08 4c97f4a2 a 00000000 ffffffff 1 1 1 1
5 1 1 0 1 04 0eea619f b 00000000 ffffffff 1 1 0 1
5 1 1 1 1 04 0eea619f b 00000000 ffffffff 1 1 0 1
5 1 0 0 0 53 24152c1f 2 00000000 ffffffff 1 1 0 1
5 1 1 0 1 41 a2682434 f 00000000 ffffffff 1 1 0 1
5 1 1 1 1 41 a2682434 f 00000000 ffffffff 1 1 1 1
5 1 1 0 0 04 31cc6013 7 0e91619f ffffffff 1 1 0 1
5 1 1 1 0 04 31cc6013 7 0e91619f ffffffff 1 1 0 1
5 1 1 0 0 0c 3ffe422f d 00000054 ffffffff 1 1 0 1
5 1 1 1 0 0c 3ffe422f d 00000054 ffffffff 1 1 0 1
5 1 0 0 0 fc 23dda182 d 00000000 ffffffff 1 1 0 1
5 1 1 0 0 08 f2c0ec58 7 a9b00001 ffffffff 1 1 0 1
5 1 1 1 0 08 f2c0ec58 7 a9b00001 ffffffff 1 1 0 1
5 1 1 0 1 00 42c2690d 4 00000000 ffffffff 1 1 0 1
5 1 1 1 1 00 42c2690d 4 00000000 ffffffff 1 1 0 1
5 1 1 0 1 0c 41d8963a 1 00000000 ffffffff 1 1 0 1
5 1 1 1 1 0c 41d8963a 1 00000000 ffffffff 1 1 1 1
5 1 1 0 0 08 8a94650f 6 a9b00001 ffffffff 1 1 0 1
5 1 1 1 0 08 8a94650f 6 a9b00001 ffffffff 1 1 0 1
5 1 1 0 0 08 7b5c814b 5 a9b00001 ffffffff 1 1 0 1
5 1 1 1 0 08 7b5c814b 5 a9b00001 ffffffff 1 1 0 1
5 1 1 0 0 00 72951726 2 69c25e99 ffffffff 1 1 0 1
5 1 1 1 0 00 72951726 2 69c25e99 ffffffff 1 1 0 1
5 1 0 0 1 f1 215bbf57 f 00000000 ffffffff 1 1 0 1
5 1 1 0 1 0c 75962339 5 00000000 ffffffff 1 1 0 1
5 1 1 1 1 0c 75962339 5 00000000 ffffffff 1 1 1 1
5 1 1 0 1 e5 4046a8cd 6 00000000 ffffffff 1 1 0 1
5 1 1 1 1 e5 4046a8cd 6 00000000 ffffffff 1 1 1 1
5 1 1 0 0 00 8968fff7 5 69c25e99 ffffffff 1 1 0 1
5 1 1 1 0 00 8968fff7 5 69c25e99 ffffffff 1 1 0 1
5 1 1 0 1 00 c1c93063 f 00000000 ffffffff 1 1 0 1
5 1 1 1 1 00 c1c93063 f 00000000 ffffffff 1 1 0 1
5 1 1 0 1 0c 05ee3abc c 00000000 ffffffff 1 1 0 1
5 1 1 1 1 0c 05ee3abc c 00000000 ffffffff 1 1 1 1
5 1 1 0 0 7e 25941511 c 00000000 ffffffff 1 1 0 1
5 1 1 1 0 7e 25941511 c 00000000 ffffffff 1 1 1 1
5 1 0 0 1 8a 2cfc71d6 6 00000000 ffffffff 1 1 0 1
5 1 1 0 1 00 860a0dfc 8 00000000 ffffffff 1 1 0 1
5 1 1 1 1 00 860a0dfc 8 00000000 ffffffff 1 1 0 1
5 1 1 0 1 08 09a95f51 d 00000000 ffffffff 1 1 0 1
5 1 1 1 1 08 09a95f51 d 00000000 ffffffff 1 1 1 1
5 1 1 0 1 00 7ff2b585 c 00000000 ffffffff 1 1 0 1
5 1 1 1 1 00 7ff2b585 c 00000000 ffffffff 1 1 0 1
5 1 1 0 0 08 6531230d 7 a9b00001 ffffffff 1 1 0 1
5 1 1 1 0 08 6531230d 7 a9b00001 ffffffff 1 1 0 1
5 1 1 0 0 22 167baee8 9 00000000 ffffffff 1 1 0 1
5 1 1 1 0 22 167baee8 9 00000000 ffffffff 1 1 1 1
5 1 1 0 1 0c 4acbec19 f 00000000 ffffffff 1 1 0 1
5 1 1 1 1 0c 4acbec19 f 00000000 ffffffff 1 1 1 1
5 1 1 0 1 08 f52c674f f 00000000 ffffffff 1 1 0 1
5 1 1 1 1 08 f52c674f f 00000000 ffffffff 1 1 1 1
5 1 1 0 0 91 fa026601 8 00000000 ffffffff 1 1 0 1
5 1 1 1 0 91 fa026601 8 00000000 ffffffff 1 1 1 1
5 1 0 0 1 47 c46f26a6 8 00000000 ffffffff 1 1 0 1
5 1 1 0 1 0c eb577765 4 00000000 ffffffff 1 1 0 1
5 1 1 1 1 0c eb577765 4 00000000 ffffffff 1 1 1 1
5 1 1 0 1 00 6a051e41 7 00000000 ffffffff 1 1 0 1
5 1 1 1 1 00 6a051e41 7 00000000 ffffffff 1 1 0 1
5 1 0 0 0 31 a48f875f 7 00000000 ffffffff 1 1 0 1
5 1 1 0 0 0c 15b6f23a c 00000059 ffffffff 1 1 0 1
5 1 1 1 0 0c 15b6f23a c 00000059 ffffffff 1 1 0 1
5 1 1 0 1 08 b9d51979 5 00000000 ffffffff 1 1 0 1
5 1 1 1 1 08 b9d51979 5 00000000 ffffffff 1 1 1 1
5 1 1 0 1 a2 203bf498 3 00000000 ffffffff 1 1 0 1
5 1 1 1 1 a2 203bf498 3 00000000 ffffffff 1 1 1 1
5 1 1 0 0 0c 7f349763 1 00000059 ffffffff 1 1 0 1
5 1 1 1 0 0c 7f349763 1 00000059 ffffffff 1 1 0 1
5 1 1 0 0 0c 7a6150b7 2 00000059 ffffffff 1 1 0 1
5 1 1 1 0 0c 7a6150b7 2 00000059 ffffffff 1 1 0 1
5 1 1 0 1 00 44e53b09 c 00000000 ffffffff 1 1 0 1
5 1 1 1 1 00 44e53b09 c 00000000 ffffffff 1 1 0 1
5 1 0 0 1 11 2d1d7fdc 9 00000000 ffffffff 1 1 0 1
5 1 1 0 0 04 c54645bf b 0e91619f ffffffff 1 1 0 1
5 1 1 1 0 04 c54645bf b 0e91619f ffffffff 1 1 0 1
5 1 0 0 0 89 b81b7fc7 6 00000000 ffffffff 1 1 0 1
5 1 1 0 1 00 2f5f6e8b 9 00000000 ffffffff 1 1 0 1
5 1 1 1 1 00 2f5f6e8b 9 00000000 ffffffff 1 1 0 1
5 1 1 0 0 53 2490955a 7 00000000 ffffffff 1 1 0 1
5 1 1 1 0 53 2490955a 7 00000000 ffffffff 1 1 1 1
5 1 1 0 0 00 9b36e318 3 2fe51e8b ffffffff 1 1 0 1
5 1 1 1 0 00 9b36e318 3 2fe51e8b ffffffff 1 1 0 1
5 1 1 0 1 00 4719e2c2 c 00000000 ffffffff 1 1 0 1
5 1 1 1 1 00 4719e2c2 c 00000000 ffffffff 1 1 0 1
5 1 0 0 0 d9 c8345d71 7 00000000 ffffffff 1 1 0 1
5 1 1 0 0 00 3b8c3a19 7 47191e8b ffffffff 1 1 0 1
5 1 1 1 0 00 3b8c3a19 7 47191e8b ffffffff 1 1 0 1
5 1 1 0 0 00 0b7308f1 b 47191e8b ffffffff 1 1 0 1
5 1 1 1 0 00 0b7308f1 b 47191e8b ffffffff 1 1 0 1
5 1 0 0 0 f4 abaa88ff a 00000000 ffffffff 1 1 0 1
5 1 1 0 1 04 17a9901e e 00000000 ffffffff 1 1 0 1
5 1 1 1 1 04 17a9901e e 00000000 ffffffff 1 1 0 1
5 1 1 0 0 1c 44e84928 9 00000000 ffffffff 1 1 0 1
5 1 1 1 0 1c 44e84928 9 00000000 ffffffff 1 1 1 1
5 1 1 0 1 04 fce7d6d2 0 00000000 ffffffff 1 1 0 1
5 1 1 1 1 04 fce7d6d2 0 00000000 ffffffff 1 1 0 1
5 1 1 0 1 04 b56d99d4 3 00000000 ffffffff 1 1 0 1
5 1 1 1 1 04 b56d99d4 3 00000000 ffffffff 1 1 0 1
5 1 1 0 0 08 49bf2f04 6 a9b00001 ffffffff 1 1 0 1
5 1 1 1 0 08 49bf2f04 6 a9b00001 ffffffff 1 1 0 1
5 1 0 0 0 ba c9a6f2bd 2 00000000 ffffffff 1 1 0 1
5 1 1 0 0 04 ac6ad404 8 17a999d4 ffffffff 1 1 0 1
5 1 1 1 0 04 ac6ad404 8 17a999d4 ffffffff 1 1 0 1
5 1 1 0 1 04 a15e0ff0 3 00000000 ffffffff 1 1 0 1
5 1 1 1 1 04 a15e0ff0 3 00000000 ffffffff 1 1 0 1
5 1 1 0 1 08 c97fca85 9 00000000 ffffffff 1 1 0 1
5 1 1 1 1 08 c97fca85 9 00000000 ffffffff 1 1 1 1
5 1 1 0 0 f2 2db40154 5 00000000 ffffffff 1 1 0 1
5 1 1 1 0 f2 2db40154 5 00000000 ffffffff 1 1 1 1
5 1 1 0 1 9e b799f843 6 00000000 ffffffff 1 1 0 1
5 1 1 1 1 9e b799f843 6 00000000 ffffffff 1 1 1 1
5 1 0 0 0 83 56fd9641 e 00000000 ffffffff 1 1 0 1
5 1 1 0 0 00 f85ababd e 47191e8b ffffffff 1 1 0 1
5 1 1 1 0 00 f85ababd e 47191e8b ffffffff 1 1 0 1
5 1 1 0 0 00 5d65f564 8 47191e8b ffffffff 1 1 0 1
5 1 1 1 0 00 5d65f564 8 47191e8b ffffffff 1 1 0 1
5 1 1 0 1 71 afc2510e 9 00000000 ffffffff 1 1 0 1
5 1 1 1 1 71 afc2510e 9 00000000 ffffffff 1 1 1 1
5 1 0 0 0 4a 53b1f940 b 00000000 ffffffff 1 1 0 1
5 1 1 0 1 04 8769e186 0 00000000 ffffffff 1 1 0 1
5 1 1 1 1 04 8769e186 0 00000000 ffffffff 1 1 0 1
5 1 1 0 1 04 e533308b d 00000000 ffffffff 1 1 0 1
5 1 1 1 1 04 e533308b d 00000000 ffffffff 1 1 0 1
5 1 1 0 0 7c cb5cd90c 2 00000000 ffffffff 1 1 0 1
5 1 1 1 0 7c cb5cd90c 2 00000000 ffffffff 1 1 1 1
5 1 1 0 0 04 8cd79556 8 e5330f8b ffffffff 1 1 0 1
5 1 1 1 0 04 8cd79556 8 e5330f8b ffffffff 1 1 0 1
5 1 1 0 1 04 11105d30 4 00000000 ffffffff 1 1 0 1
5 1 1 1 1 04 11105d30 4 00000000 ffffffff 1 1 0 1
5 1 1 0 1 0c 5760ec20 b 00000000 ffffffff 1 1 0 1
5 1 1 1 1 0c 5760ec20 b 00000000 ffffffff 1 1 1 1
5 1 1 0 0 23 f3eaafc3 d 00000000 ffffffff 1 1 0 1
5 1 1 1 0 23 f3eaafc3 d 00000000 ffffffff 1 1 1 1
5 1 1 0 0 08 07742db0 2 a9b00001 ffffffff 1 1 0 1
5 1 1 1 0 08 07742db0 2 a9b00001 ffffffff 1 1 0 1
5 1 1 0 1 00 99fdd304 7 00000000 ffffffff 1 1 0 1
5 1 1 1 1 00 99fdd304 7 00000000 ffffffff 1 1 0 1
5 1 1 0 0 08 6864b956 a a9b00001 ffffffff 1 1 0 1
5 1 1 1 0 08 6864b956 a a9b00001 ffffffff 1 1 0 1
5 1 1 0 1 08 23426db8 8 00000000 ffffffff 1 1 0 1
5 1 1 1 1 08 23426db8 8 00000000 ffffffff 1 1 1 1
5 1 0 0 0 91 9cfa556f 8 00000000 ffffffff 1 1 0 1
5 1 1 0 0 08 16da53c5 a a9b00001 ffffffff 1 1 0 1
5 1 1 1 0 08 16da53c5 a a9b00001 ffffffff 1 1 0 1
5 1 1 0 1 04 9fc68df9 a 00000000 ffffffff 1 1 0 1
5 1 1 1 1 04 9fc68df9 a 00000000 ffffffff 1 1 0 1
5 1 1 0 1 34 0e9a3c97 9 00000000 ffffffff 1 1 0 1
5 1 1 1 1 34 0e9a3c97 9 00000000 ffffffff 1 1 1 1
5 1 1 0 0 08 4abfb2f9 5 a9b00001 ffffffff 1 1 0 1
5 1 1 1 0 08 4abfb2f9 5 a9b00001 ffffffff 1 1 0 1
5 1 1 0 0 04 1d0b3b57 e 9f108d8b ffffffff 1 1 0 1
5 1 1 1 0 04 1d0b3b57 e 9f108d8b ffffffff 1 1 0 1
5 1 0 0 0 07 7a7d06d0 2 00000000 ffffffff 1 1 0 1
5 1 1 0 1 00 bdf1fc1d e 00000000 ffffffff 1 1 0 1
5 1 1 1 1 00 bdf1fc1d e 00000000 ffffffff 1 1 0 1
5 1 1 0 1 00 f0d584ca b 00000000 ffffffff 1 1 0 1
5 1 1 1 1 00 f0d584ca b 00000000 ffffffff 1 1 0 1
5 1 1 0 0 0c e3581d95 c 00000067 ffffffff 1 1 0 1
5 1 1 1 0 0c e3581d95 c 00000067 ffffffff 1 1 0 1
5 1 1 0 0 0c cc32c3a4 8 00000067 ffffffff 1 1 0 1
5 1 1 1 0 0c cc32c3a4 8 00000067 ffffffff 1 1 0 1
5 1 1 0 0 ee e4e68870 6 00000000 ffffffff 1 1 0 1
5 1 1 1 0 ee e4e68870 6 00000000 ffffffff 1 1 1 1
5 1 0 0 1 4f ba4d7a51 1 00000000 ffffffff 1 1 0 1
5 1 1 0 0 04 f9be0385 3 9f108d8b ffffffff 1 1 0 1
5 1 1 1 0 04 f9be0385 3 9f108d8b ffffffff 1 1 0 1
5 1 1 0 1 08 4e653124 5 00000000 ffffffff 1 1 0 1
5 1 1 1 1 08 4e653124 5 00000000 ffffffff 1 1 1 1
5 1 1 0 0 08 a6730c3a 6 a9b00001 ffffffff 1 1 0 1
5 1 1 1 0 08 a6730c3a 6 a9b00001 ffffffff 1 1 0 1
5 1 1 0 1 04 4d03e412 e 00000000 ffffffff 1 1 0 1
5 1 1 1 1 04 4d03e412 e 00000000 ffffffff 1 1 0 1
5 1 1 0 1 04 7a5158fd b 00000000 ffffffff 1 1 0 1
5 1 1 1 1 04 7a5158fd b 00000000 ffffffff 1 1 0 1
5 1 1 0 0 e5 c4d9253f b 00000000 ffffffff 1 1 0 1
5 1 1 1 0 e5 c4d9253f b 00000000 ffffffff 1 1 1 1
5 1 1 0 0 53 dff59627 e 00000000 ffffffff 1 1 0 1
5 1 1 1 0 53 dff59627 e 00000000 ffffffff 1 1 1 1
5 1 1 0 1 00 ad12b742 6 00000000 ffffffff 1 1 0 1
5 1 1 1 1 00 ad12b742 6 00000000 ffffffff 1 1 0 1
5 1 1 0 1 7a 428d3e7f 6 00000000 ffffffff 1 1 0 1
5 1 1 1 1 7a 428d3e7f 6 00000000 ffffffff 1 1 1 1
5 1 0 0 0 11 54aa8020 5 00000000 ffffffff 1 1 0 1
5 1 1 0 1 08 e7fe4cd8 c 00000000 ffffffff 1 1 0 1
5 1 1 1 1 08 e7fe4cd8 c 00000000 ffffffff 1 1 1 1
5 1 1 0 1 0c 3e11493d c 00000000 ffffffff 1 1 0 1
5 1 1 1 1 0c 3e11493d c 00000000 ffffffff 1 1 1 1
5 1 1 0 1 08 d32e0f3a 4 00000000 ffffffff 1 1 0 1
5 1 1 1 1 08 d32e0f3a 4 00000000 ffffffff 1 1 1 1
5 1 1 0 0 36 9542a69c 0 00000000 ffffffff 1 1 0 1
5 1 1 1 0 36 9542a69c 0 00000000 ffffffff 1 1 1 1
5 1 1 0 0 0c 4ccb3839 3 0000006a ffffffff 1 1 0 1
5 1 1 1 0 0c 4ccb3839 3 0000006a ffffffff 1 1 0 1
5 1 1 0 1 04 bec2b8c4 d 00000000 ffffffff 1 1 0 1
5 1 1 1 1 04 bec2b8c4 d 00000000 ffffffff 1 1 0 1
5 1 1 0 1 04 ce9ca7d8 0 00000000 ffffffff 1 1 0 1
5 1 1 1 1 04 ce9ca7d8 0 00000000 ffffffff 1 1 0 1
5 1 1 0 0 0c 40d50865 3 0000006c ffffffff 1 1 0 1
5 1 1 1 0 0c 40d50865 3 0000006c ffffffff 1 1 0 1
5 1 1 0 0 0c 1600a5da 3 0000006c ffffffff 1 1 0 1
5 1 1 1 0 0c 1600a5da 3 0000006c ffffffff 1 1 0 1
5 1 1 0 1 00 20afa341 5 00000000 ffffffff 1 1 0 1
5 1 1 1 1 00 20afa341 5 00000000 ffffffff 1 1 0 1
5 1 1 0 1 0c 0ffa512f 2 00000000 ffffffff 1 1 0 1
5 1 1 1 1 0c 0ffa512f 2 00000000 ffffffff 1 1 1 1
5 1 0 0 0 11 4b7c0f82 9 00000000 ffffffff 1 1 0 1
5 1 1 0 1 04 acf14d71 6 00000000 ffffffff 1 1 0 1
5 1 1 1 1 04 acf14d71 6 00000000 ffffffff 1 1 0 1
5 1 1 0 1 08 d1d05540 7 00000000 ffffffff 1 1 0 1
5 1 1 1 1 08 d1d05540 7 00000000 ffffffff 1 1 1 1
5 1 1 0 0 00 252fb0df 9 f0afb741 ffffffff 1 1 0 1
5 1 1 1 0 00 252fb0df 9 f0afb741 ffffffff 1 1 0 1
5 1 1 0 0 04 69d45aa3 1 bef14dc4 ffffffff 1 1 0 1
5 1 1 1 0 04 69d45aa3 1 bef14dc4 ffffffff 1 1 0 1
5 1 1 0 1 04 db6dd275 e 00000000 ffffffff 1 1 0 1
5 1 1 1 1 04 db6dd275 e 00000000 ffffffff 1 1 0 1
5 1 1 0 1 08 a58e7931 e 00000000 ffffffff 1 1 0 1
5 1 1 1 1 08 a58e7931 e 00000000 ffffffff 1 1 1 1
5 1 1 0 0 0c 0c411aa1 d 0000006f ffffffff 1 1 0 1
5 1 1 1 0 0c 0c411aa1 d 0000006f ffffffff 1 1 0 1
5 1 1 0 0 66 42887db3 e 00000000 ffffffff 1 1 0 1
5 1 1 1 0 66 42887db3 e 00000000 ffffffff 1 1 1 1
5 1 1 0 1 00 e6a660cc 4 00000000 ffffffff 1 1 0 1
5 1 1 1 1 00 e6a660cc 4 00000000 ffffffff 1 1 0 1
5 1 1 0 1 04 43444dc7 d 00000000 ffffffff 1 1 0 1
5 1 1 1 1 04 43444dc7 d 00000000 ffffffff 1 1 0 1
5 1 1 0 1 0c 518063b5 a 00000000 ffffffff 1 1 0 1
5 1 1 1 1 0c 518063b5 a 00000000 ffffffff 1 1 1 1
5 1 1 0 1 f2 db50f6b2 2 00000000 ffffffff 1 1 0 1
5 1 1 1 1 f2 db50f6b2 2 00000000 ffffffff 1 1 1 1
5 1 0 0 0 7f e8ab6893 e 00000000 ffffffff 1 1 0 1
5 1 1 0 0 04 d63fa8d7 3 4344d2c7 ffffffff 1 1 0 1
5 1 1 1 0 04 d63fa8d7 3 4344d2c7 ffffffff 1 1 0 1
5 1 1 0 1 04 7d093483 c 00000000 ffffffff 1 1 0 1
5 1 1 1 1 04 7d093483 c 00000000 ffffffff 1 1 0 1
5 1 0 0 0 96 6bd17c14 d 00000000 ffffffff 1 1 0 1
5 1 1 0 1 ed 4d799254 9 00000000 ffffffff 1 1 0 1
5 1 1 1 1 ed 4d799254 9 00000000 ffffffff 1 1 1 1
5 1 1 0 0 04 95f9d528 9 7d09d2c7 ffffffff 1 1 0 1
5 1 1 1 0 04 95f9d528 9 7d09d2c7 ffffffff 1 1 0 1
5 1 1 0 0 00 709d3b56 2 f0a6b741 ffffffff 1 1 0 1
5 1 1 1 0 00 709d3b56 2 f0a6b741 ffffffff 1 1 0 1
5 1 1 0 0 9f 97cc3450 9 00000000 ffffffff 1 1 0 1
5 1 1 1 0 9f 97cc3450 9 00000000 ffffffff 1 1 1 1
5 1 0 0 0 44 64b220e0 1 00000000 ffffffff 1 1 0 1
5 1 1 0 1 04 8d63382e b 00000000 ffffffff 1 1 0 1
5 1 1 1 1 04 8d63382e b 00000000 ffffffff 1 1 0 1
5 1 0 0 1 0e 29e109fa b 00000000 ffffffff 1 1 0 1
5 1 1 0 1 08 0f4ef8c0 a 00000000 ffffffff 1 1 0 1
5 1 1 1 1 08 0f4ef8c0 a 00000000 ffffffff 1 1 1 1
5 1 1 0 1 3e ed2d8356 6 00000000 ffffffff 1 1 0 1
5 1 1 1 1 3e ed2d8356 6 00000000 ffffffff 1 1 1 1
5 1 1 0 0 0c 5ee0b394 2 00000073 ffffffff 1 1 0 1
5 1 1 1 0 0c 5ee0b394 2 00000073 ffffffff 1 1 0 1
5 1 1 0 1 0c 53b2d046 4 00000000 ffffffff 1 1 0 1
5 1 1 1 1 0c 53b2d046 4 00000000 ffffffff 1 1 1 1
5 1 1 0 0 00 1e9aceca 5 f0a6b741 ffffffff 1 1 0 1
5 1 1 1 0 00 1e9aceca 5 f0a6b741 ffffffff 1 1 0 1
5 1 1 0 1 0c 36e398b6 f 00000000 ffffffff 1 1 0 1
5 1 1 1 1 0c 36e398b6 f 00000000 ffffffff 1 1 1 1
5 1 1 0 0 08 b0e8c127 6 a9b00001 ffffffff 1 1 0 1
5 1 1 1 0 08 b0e8c127 6 a9b00001 ffffffff 1 1 0 1
5 1 1 0 0 0c 8f643598 6 00000073 ffffffff 1 1 0 1
5 1 1 1 0 0c 8f643598 6 00000073 ffffffff 1 1 0 1
5 1 1 0 0 08 fdf414ad 7 a9b00001 ffffffff 1 1 0 1
5 1 1 1 0 08 fdf414ad 7 a9b00001 ffffffff 1 1 0 1
5 1 1 0 1 04 16c1b5d9 a 00000000 ffffffff 1 1 0 1
5 1 1 1 1 04 16c1b5d9 a 00000000 ffffffff 1 1 0 1
5 1 1 0 1 69 01ae26e6 b 00000000 ffffffff 1 1 0 1
5 1 1 1 1 69 01ae26e6 b 00000000 ffffffff 1 1 1 1
5 1 1 0 1 0c 58777cb4 a 00000000 ffffffff 1 1 0 1
5 1 1 1 1 0c 58777cb4 a 00000000 ffffffff 1 1 1 1
5 1 1 0 1 08 892a7aa1 7 00000000 ffffffff 1 1 0 1
5 1 1 1 1 08 892a7aa1 7 00000000 ffffffff 1 1 1 1
5 1 1 0 0 08 10ed14e0 f a9b00001 ffffffff 1 1 0 1
5 1 1 1 0 08 10ed14e0 f a9b00001 ffffffff 1 1 0 1
5 1 1 0 1 0c 8299ecd5 f 00000000 ffffffff 1 1 0 1
5 1 1 1 1 0c 8299ecd5 f 00000000 ffffffff 1 1 1 1
5 1 0 0 0 ee 7facbed2 b 00000000 ffffffff 1 1 0 1
5 1 1 0 1 00 8b16a729 0 00000000 ffffffff 1 1 0 1
5 1 1 1 1 00 8b16a729 0 00000000 ffffffff 1 1 0 1
5 1 1 0 1 4e af295f7e 9 00000000 ffffffff 1 1 0 1
5 1 1 1 1 4e af295f7e 9 00000000 ffffffff 1 1 1 1
5 1 1 0 0 0c f9dd9cfa 1 00000075 ffffffff 1 1 0 1
5 1 1 1 0 0c f9dd9cfa 1 00000075 ffffffff 1 1 0 1
5 1 1 0 0 2f 9cbe36d0 7 00000000 ffffffff 1 1 0 1
5 1 1 1 0 2f 9cbe36d0 7 00000000 ffffffff 1 1 1 1
5 1 1 0 0 00 f4412e9c 0 f0a6b741 ffffffff 1 1 0 1
5 1 1 1 0 00 f4412e9c 0 f0a6b741 ffffffff 1 1 0 1
5 1 1 0 1 08 b34e4c0f 7 00000000 ffffffff 1 1 0 1
5 1 1 1 1 08 b34e4c0f 7 00000000 ffffffff 1 1 1 1
5 1 0 0 1 e6 b1d5aa48 4 00000000 ffffffff 1 1 0 1
5 1 1 0 1 00 85b29889 0 00000000 ffffffff 1 1 0 1
5 1 1 1 1 00 85b29889 0 00000000 ffffffff 1 1 0 1
5 1 1 0 1 04 5f8e9813 c 00000000 ffffffff 1 1 0 1
5 1 1 1 1 04 5f8e9813 c 00000000 ffffffff 1 1 0 1
5 1 1 0 1 ec eab648fb 1 00000000 ffffffff 1 1 0 1
5 1 1 1 1 ec eab648fb 1 00000000 ffffffff 1 1 1 1
5 1 1 0 1 e6 b3c190fb f 00000000 ffffffff 1 1 0 1
5 1 1 1 1 e6 b3c190fb f 00000000 ffffffff 1 1 1 1
5 1 0 0 1 b0 0e856d6d c 00000000 ffffffff 1 1 0 1
5 1 1 0 1 00 58e78f87 1 00000000 ffffffff 1 1 0 1
5 1 1 1 1 00 58e78f87 1 00000000 ffffffff 1 1 0 1
5 1 0 0 0 88 5c26529a 5 00000000 ffffffff 1 1 0 1
5 1 1 0 1 0c 6080759a 2 00000000 ffffffff 1 1 0 1
5 1 1 1 1 0c 6080759a 2 00000000 ffffffff 1 1 1 1
5 1 1 0 1 04 33395fbd d 00000000 ffffffff 1 1 0 1
5 1 1 1 1 04 33395fbd d 00000000 ffffffff 1 1 0 1
5 1 1 0 0 bb 55332ae4 e 00000000 ffffffff 1 1 0 1
5 1 1 1 0 bb 55332ae4 e 00000000 ffffffff 1 1 1 1
5 1 1 0 1 08 3ceb835a e 00000000 ffffffff 1 1 0 1
5 1 1 1 1 08 3ceb835a e 00000000 ffffffff 1 1 1 1
5 1 1 0 0 0c 63289e1a d 00000079 ffffffff 1 1 0 1
5 1 1 1 0 0c 63289e1a d 00000079 ffffffff 1 1 0 1
5 1 1 0 1 90 5f56f3c0 b 00000000 ffffffff 1 1 0 1
5 1 1 1 1 90 5f56f3c0 b 00000000 ffffffff 1 1 1 1
5 1 1 0 0 08 31d97a3a 1 a9b00001 ffffffff 1 1 0 1
5 1 1 1 0 08 31d97a3a 1 a9b00001 ffffffff 1 1 0 1
5 1 1 0 0 00 dc2d5942 b f0a6b787 ffffffff 1 1 0 1
5 1 1 1 0 00 dc2d5942 b f0a6b787 ffffffff 1 1 0 1
5 1 1 0 0 04 98795580 0 3339b5bd ffffffff 1 1 0 1
5 1 1 1 0 04 98795580 0 3339b5bd ffffffff 1 1 0 1
5 1 1 0 0 04 9fcd430e 4 3339b5bd ffffffff 1 1 0 1
5 1 1 1 0 04 9fcd430e 4 3339b5bd ffffffff 1 1 0 1
5 1 0 0 1 e3 4661adfa c 00000000 ffffffff 1 1 0 1
5 1 1 0 0 89 2e7f6765 8 00000000 ffffffff 1 1 0 1
5 1 1 1 0 89 2e7f6765 8 00000000 ffffffff 1 1 1 1
5 1 1 0 1 f0 92c35fb9 8 00000000 ffffffff 1 1 0 1
5 1 1 1 1 f0 92c35fb9 8 00000000 ffffffff 1 1 1 1
5 1 1 0 0 00 d9507f8f 1 f0a6b787 ffffffff 1 1 0 1
5 1 1 1 0 00 d9507f8f 1 f0a6b787 ffffffff 1 1 0 1
5 1 1 0 0 82 5d0b83d8 0 00000000 ffffffff 1 1 0 1
5 1 1 1 0 82 5d0b83d8 0 00000000 ffffffff 1 1 1 1
5 1 0 0 0 75 4d40029b 8 00000000 ffffffff 1 1 0 1
5 1 1 0 0 00 3809fd1e 6 f0a6b787 ffffffff 1 1 0 1
5 1 1 1 0 00 3809fd1e 6 f0a6b787 ffffffff 1 1 0 1
5 1 1 0 1 e2 a0d01024 0 00000000 ffffffff 1 1 0 1
5 1 1 1 1 e2 a0d01024 0 00000000 ffffffff 1 1 1 1
5 1 1 0 1 08 4d5fd946 8 00000000 ffffffff 1 1 0 1
5 1 1 1 1 08 4d5fd946 8 00000000 ffffffff 1 1 1 1
5 1 0 0 1 e1 34adcded 4 00000000 ffffffff 1 1 0 1
5 1 1 0 1 04 29d10dfb d 00000000 ffffffff 1 1 0 1
5 1 1 1 1 04 29d10dfb d 00000000 ffffffff 1 1 0 1
5 1 1 0 0 00 80170e80 9 f0a6b787 ffffffff 1 1 0 1
5 1 1 1 0 00 80170e80 9 f0a6b787 ffffffff 1 1 0 1
5 1 1 0 1 0c bd95875e 6 00000000 ffffffff 1 1 0 1
5 1 1 1 1 0c bd95875e 6 00000000 ffffffff 1 1 1 1
5 1 1 0 0 c3 2dae622c c 00000000 ffffffff 1 1 0 1
5 1 1 1 0 c3 2dae622c c 00000000 ffffffff 1 1 1 1
5 1 1 0 0 08 c711f362 2 a9b00001 ffffffff 1 1 0 1
5 1 1 1 0 08 c711f362 2 a9b00001 ffffffff 1 1 0 1
5 1 1 0 0 0c 0d1028a1 6 0000007a ffffffff 1 1 0 1
5 1 1 1 0 0c 0d1028a1 6 0000007a ffffffff 1 1 0 1
5 1 0 0 0 be 463d699c e 00000000 ffffffff 1 1 0 1
5 1 1 0 0 34 71761371 3 00000000 ffffffff 1 1 0 1
5 1 1 1 0 34 71761371 3 00000000 ffffffff 1 1 1 1
5 1 1 0 1 7f 1a29f050 e 00000000 ffffffff 1 1 0 1
5 1 1 1 1 7f 1a29f050 e 00000000 ffffffff 1 1 1 1
5 1 1 0 0 08 3fc195ab 7 a9b00001 ffffffff 1 1 0 1
5 1 1 1 0 08 3fc195ab 7 a9b00001 ffffffff 1 1 0 1
5 1 1 0 1 08 8bfbcf64 c 00000000 ffffffff 1 1 0 1
5 1 1 1 1 08 8bfbcf64 c 00000000 ffffffff 1 1 1 1
5 1 0 0 1 ae bc400ee0 d 00000000 ffffffff 1 1 0 1
5 1 1 0 0 00 c66f23bf 7 f0a6b787 ffffffff 1 1 0 1
5 1 1 1 0 00 c66f23bf 7 f0a6b787 ffffffff 1 1 0 1
5 1 1 0 1 08 7903bd7a 9 00000000 ffffffff 1 1 0 1
5 1 1 1 1 08 7903bd7a 9 00000000 ffffffff 1 1 1 1
5 1 1 0 0 04 6d3c30c6 5 29d1b5fb ffffffff 1 1 0 1
5 1 1 1 0 04 6d3c30c6 5 29d1b5fb ffffffff 1 1 0 1
5 1 0 0 1 8e 9f1941fe 2 00000000 ffffffff 1 1 0 1
5 1 1 0 1 00 376f4868 3 00000000 ffffffff 1 1 0 1
5 1 1 1 1 00 376f4868 3 00000000 ffffffff 1 1 0 1
5 1 1 0 1 08 8090c74e d 00000000 ffffffff 1 1 0 1
5 1 1 1 1 08 8090c74e d 00000000 ffffffff 1 1 1 1
5 1 1 0 1 51 63f4f7b3 b 00000000 ffffffff 1 1 0 1
5 1 1 1 1 51 63f4f7b3 b 00000000 ffffffff 1 1 1 1
5 1 0 0 0 7e 17279f9e d 00000000 ffffffff 1 1 0 1
5 1 1 0 0 00 088fc11e 5 f0a64868 ffffffff 1 1 0 1
5 1 1 1 0 00 088fc11e 5 f0a64868 ffffffff 1 1 0 1
5 1 1 0 0 04 2b6265c2 7 29d1b5fb ffffffff 1 1 0 1
5 1 1 1 0 04 2b6265c2 7 29d1b5fb ffffffff 1 1 0 1
5 1 1 0 0 4a 8bc79bf4 b 00000000 ffffffff 1 1 0 1
5 1 1 1 0 4a 8bc79bf4 b 00000000 ffffffff 1 1 1 1
5 1 1 0 1 08 e2303650 6 00000000 ffffffff 1 1 0 1
5 1 1 1 1 08 e2303650 6 00000000 ffffffff 1 1 1 1
5 1 1 0 0 0c f9952d0e 2 0000007b ffffffff 1 1 0 1
5 1 1 1 0 0c f9952d0e 2 0000007b ffffffff 1 1 0 1
5 1 0 0 1 ad 6185d9ff c 00000000 ffffffff 1 1 0 1
5 1 1 0 1 0c a152b83c d 00000000 ffffffff 1 1 0 1
5 1 1 1 1 0c a152b83c d 00000000 ffffffff 1 1 1 1
5 1 1 0 1 00 f41a3d7d d 00000000 ffffffff 1 1 0 1
5 1 1 1 1 00 f41a3d7d d 00000000 ffffffff 1 1 0 1
5 1 1 0 0 00 016e9db2 8 f41a487d ffffffff 1 1 0 1
5 1 1 1 0 00 016e9db2 8 f41a487d ffffffff 1 1 0 1
5 1 1 0 1 04 a94eccdd d 00000000 ffffffff 1 1 0 1
5 1 1 1 1 04 a94eccdd d 00000000 ffffffff 1 1 0 1
5 1 1 0 0 08 fe617329 c a9b00001 ffffffff 1 1 0 1
5 1 1 1 0 08 fe617329 c a9b00001 ffffffff 1 1 0 1
5 1 1 0 1 00 89fdb498 d 00000000 ffffffff 1 1 0 1
5 1 1 1 1 00 89fdb498 d 00000000 ffffffff 1 1 0 1
5 1 1 0 0 0c e1a694e4 2 0000007e ffffffff 1 1 0 1
5 1 1 1 0 0c e1a694e4 2 0000007e ffffffff 1 1 0 1
5 1 1 0 1 00 cc897ce8 4 00000000 ffffffff 1 1 0 1
5 1 1 1 1 00 cc897ce8 4 00000000 ffffffff 1 1 0 1
5 1 1 0 1 08 4173e8e3 b 00000000 ffffffff 1 1 0 1
5 1 1 1 1 08 4173e8e3 b 00000000 ffffffff 1 1 1 1
5 1 1 0 1 0c 10c70a97 1 00000000 ffffffff 1 1 0 1
5 1 1 1 1 0c 10c70a97 1 00000000 ffffffff 1 1 1 1
5 1 1 0 1 04 953e752d f 00000000 ffffffff 1 1 0 1
5 1 1 1 1 04 953e752d f 00000000 ffffffff 1 1 0 1
5 1 1 0 1 00 9fd71b8d 9 00000000 ffffffff 1 1 0 1
5 1 1 1 1 00 9fd71b8d 9 00000000 ffffffff 1 1 0 1
5 1 1 0 0 0c faace96b a 00000081 ffffffff 1 1 0 1
5 1 1 1 0 0c faace96b a 00000081 ffffffff 1 1 0 1
5 1 0 0 1 08 441e0f85 3 00000000 ffffffff 1 1 0 1
5 1 1 0 0 e1 23fb58ec c 00000000 ffffffff 1 1 0 1
5 1 1 1 0 e1 23fb58ec c 00000000 ffffffff 1 1 1 1
5 1 1 0 1 08 8c2fc861 6 00000000 ffffffff 1 1 0 1
5 1 1 1 1 08 8c2fc861 6 00000000 ffffffff 1 1 1 1
5 1 0 0 0 19 7da4203d b 00000000 ffffffff 1 1 0 1
5 1 1 0 0 21 834cf7e2 4 00000000 ffffffff 1 1 0 1
5 1 1 1 0 21 834cf7e2 4 00000000 ffffffff 1 1 1 1
5 1 1 0 1 00 2b9a5322 2 00000000 ffffffff 1 1 0 1
5 1 1 1 1 00 2b9a5322 2 00000000 ffffffff 1 1 0 1
5 1 1 0 1 08 4c0d3cca a 00000000 ffffffff 1 1 0 1
5 1 1 1 1 08 4c0d3cca a 00000000 ffffffff 1 1 1 1
5 1 1 0 0 08 3dd0d71f 6 a9b00001 ffffffff 1 1 0 1
5 1 1 1 0 08 3dd0d71f 6 a9b00001 ffffffff 1 1 0 1
5 1 1 0 0 00 8f9d55d3 7 9f89538d ffffffff 1 1 0 1
5 1 1 1 0 00 8f9d55d3 7 9f89538d ffffffff 1 1 0 1
5 1 0 0 0 a9 910d384e 8 00000000 ffffffff 1 1 0 1
5 1 1 0 0 3d db799074 f 00000000 ffffffff 1 1 0 1
5 1 1 1 0 3d db799074 f 00000000 ffffffff 1 1 1 1
5 1 1 0 1 0c e8b875c2 6 00000000 ffffffff 1 1 0 1
5 1 1 1 1 0c e8b875c2 6 00000000 ffffffff 1 1 1 1
5 1 1 0 1 04 75fb2816 6 00000000 ffffffff 1 1 0 1
5 1 1 1 1 04 75fb2816 6 00000000 ffffffff 1 1 0 1
5 1 0 0 0 8e ee35b793 e 00000000 ffffffff 1 1 0 1
5 1 1 0 1 a9 3b7b448e 4 00000000 ffffffff 1 1 0 1
5 1 1 1 1 a9 3b7b448e 4 00000000 ffffffff 1 1 1 1
5 1 0 0 0 31 463117d1 1 00000000 ffffffff 1 1 0 1
5 1 1 0 1 00 e9298362 f 00000000 ffffffff 1 1 0 1
5 1 1 1 1 00 e9298362 f 00000000 ffffffff 1 1 0 1
5 1 1 0 1 08 c9cb33ab 8 00000000 ffffffff 1 1 0 1
5 1 1 1 1 08 c9cb33ab 8 00000000 ffffffff 1 1 1 1
5 1 1 0 1 0c 1281b8e2 e 00000000 ffffffff 1 1 0 1
5 1 1 1 1 0c 1281b8e2 e 00000000 ffffffff 1 1 1 1
5 1 1 0 1 00 b32b985f 8 00000000 ffffffff 1 1 0 1
5 1 1 1 1 00 b32b985f 8 00000000 ffffffff 1 1 0 1
5 1 1 0 1 08 039dacf8 6 00000000 ffffffff 1 1 0 1
5 1 1 1 1 08 039dacf8 6 00000000 ffffffff 1 1 1 1
5 1 1 0 1 00 5489577c 5 00000000 ffffffff 1 1 0 1
5 1 1 1 1 00 5489577c 5 00000000 ffffffff 1 1 0 1
5 1 1 0 0 00 57582c7b d b389837c ffffffff 1 1 0 1
5 1 1 1 0 00 57582c7b d b389837c ffffffff 1 1 0 1
5 1 1 0 1 59 61e6b51b a 00000000 ffffffff 1 1 0 1
5 1 1 1 1 59 61e6b51b a 00000000 ffffffff 1 1 1 1
5 1 1 0 1 04 a42f9a5b 8 00000000 ffffffff 1 1 0 1
5 1 1 1 1 04 a42f9a5b 8 00000000 ffffffff 1 1 0 1
5 1 1 0 1 0c 92c2f221 4 00000000 ffffffff 1 1 0 1
5 1 1 1 1 0c 92c2f221 4 00000000 ffffffff 1 1 1 1
5 1 1 0 0 0c a311e894 9 00000087 ffffffff 1 1 0 1
5 1 1 1 0 0c a311e894 9 00000087 ffffffff 1 1 0 1
5 1 1 0 1 88 f1503f37 d 00000000 ffffffff 1 1 0 1
5 1 1 1 1 88 f1503f37 d 00000000 ffffffff 1 1 1 1
5 1 0 0 1 0d 7c069ebb 5 00000000 ffffffff 1 1 0 1
5 1 1 0 0 e0 91731c1d 2 00000000 ffffffff 1 1 0 1
5 1 1 1 0 e0 91731c1d 2 00000000 ffffffff 1 1 1 1
5 1 1 0 0 0c 117405a1 6 00000087 ffffffff 1 1 0 1
5 1 1 1 0 0c 117405a1 6 00000087 ffffffff 1 1 0 1
5 1 1 0 0 08 596fe4f6 6 a9b00001 ffffffff 1 1 0 1
5 1 1 1 0 08 596fe4f6 6 a9b00001 ffffffff 1 1 0 1
5 1 1 0 0 0c 8e3e90b1 2 00000087 ffffffff 1 1 0 1
5 1 1 1 0 0c 8e3e90b1 2 00000087 ffffffff 1 1 0 1
5 1 1 0 0 7e d26d9a0e f 00000000 ffffffff 1 1 0 1
5 1 1 1 0 7e d26d9a0e f 00000000 ffffffff 1 1 1 1
5 1 0 0 0 48 764f216c 0 00000000 ffffffff 1 1 0 1
5 1 1 0 1 0c 35eaed5d 0 00000000 ffffffff 1 1 0 1
5 1 1 1 1 0c 35eaed5d 0 00000000 ffffffff 1 1 1 1
5 1 1 0 1 00 df50707b 6 00000000 ffffffff 1 1 0 1
5 1 1 1 1 00 df50707b 6 00000000 ffffffff 1 1 0 1
5 1 0 0 0 67 e0bc85e9 6 00000000 ffffffff 1 1 0 1
5 1 1 0 0 08 f9b7c5a6 0 a9b00001 ffffffff 1 1 0 1
5 1 1 1 0 08 f9b7c5a6 0 a9b00001 ffffffff 1 1 0 1
5 1 1 0 1 08 60098214 b 00000000 ffffffff 1 1 0 1
5 1 1 1 1 08 60098214 b 00000000 ffffffff 1 1 1 1
5 1 1 0 1 08 e3a6f88d d 00000000 ffffffff 1 1 0 1
5 1 1 1 1 08 e3a6f88d d 00000000 ffffffff 1 1 1 1
5 1 1 0 1 e2 e1bf53bf 2 00000000 ffffffff 1 1 0 1
5 1 1 1 1 e2 e1bf53bf 2 00000000 ffffffff 1 1 1 1
5 1 1 0 1 0c 4445e63e 2 00000000 ffffffff 1 1 0 1
5 1 1 1 1 0c 4445e63e 2 00000000 ffffffff 1 1 1 1
5 1 1 0 1 3b 94ff49a5 9 00000000 ffffffff 1 1 0 1
5 1 1 1 1 3b 94ff49a5 9 00000000 ffffffff 1 1 1 1
5 1 1 0 1 08 d99e8dab d 00000000 ffffffff 1 1 0 1
5 1 1 1 1 08 d99e8dab d 00000000 ffffffff 1 1 1 1
5 1 1 0 0 0c 4d821f1f 4 00000088 ffffffff 1 1 0 1
5 1 1 1 0 0c 4d821f1f 4 00000088 ffffffff 1 1 0 1
5 1 1 0 1 7b e87141f0 1 00000000 ffffffff 1 1 0 1
5 1 1 1 1 7b e87141f0 1 00000000 ffffffff 1 1 1 1
5 1 1 0 1 00 dfb43435 8 00000000 ffffffff 1 1 0 1
5 1 1 1 1 00 dfb43435 8 00000000 ffffffff 1 1 0 1
5 1 1 0 0 00 369292bf 8 df50707c ffffffff 1 1 0 1
5 1 1 1 0 00 369292bf 8 df50707c ffffffff 1 1 0 1
5 1 1 0 1 0c 5c44110d c 00000000 ffffffff 1 1 0 1
5 1 1 1 1 0c 5c44110d c 00000000 ffffffff 1 1 1 1
5 1 1 0 1 18 dcf375b7 6 00000000 ffffffff 1 1 0 1
5 1 1 1 1 18 dcf375b7 6 00000000 ffffffff 1 1 1 1
5 1 1 0 0 00 92d87358 b df50707c ffffffff 1 1 0 1
5 1 1 1 0 00 92d87358 b df50707c ffffffff 1 1 0 1
5 1 1 0 0 08 45c25c42 1 a9b00001 ffffffff 1 1 0 1
5 1 1 1 0 08 45c25c42 1 a9b00001 ffffffff 1 1 0 1
5 1 1 0 0 fa 05f7f5bd a 00000000 ffffffff 1 1 0 1
5 1 1 1 0 fa 05f7f5bd a 00000000 ffffffff 1 1 1 1
5 1 1 0 0 7c 1015af31 a 00000000 ffffffff 1 1 0 1
5 1 1 1 0 7c 1015af31 a 00000000 ffffffff 1 1 1 1
5 1 1 0 0 00 1a76ab19 e df50707c ffffffff 1 1 0 1
5 1 1 1 0 00 1a76ab19 e df50707c ffffffff 1 1 0 1
5 1 0 0 1 ad 7cf862b7 f 00000000 ffffffff 1 1 0 1
5 1 1 0 1 08 15f21972 c 00000000 ffffffff 1 1 0 1
5 1 1 1 1 08 15f21972 c 00000000 ffffffff 1 1 1 1
5 1 1 0 0 00 50d04a8c 6 df50707c ffffffff 1 1 0 1
5 1 1 1 0 00 50d04a8c 6 df50707c ffffffff 1 1 0 1
5 1 1 0 0 08 70df2b16 f a9b00001 ffffffff 1 1 0 1
5 1 1 1 0 08 70df2b16 f a9b00001 ffffffff 1 1 0 1
5 1 1 0 1 00 800e2286 9 00000000 ffffffff 1 1 0 1
5 1 1 1 1 00 800e2286 9 00000000 ffffffff 1 1 0 1
5 1 1 0 0 04 63d72360 8 a4fb282d ffffffff 1 1 0 1
5 1 1 1 0 04 63d72360 8 a4fb282d ffffffff 1 1 0 1
5 1 1 0 1 0c b394ae8a d 00000000 ffffffff 1 1 0 1
5 1 1 1 1 0c b394ae8a d 00000000 ffffffff 1 1 1 1
5 1 0 0 1 ce 3eb18cb9 8 00000000 ffffffff 1 1 0 1
5 1 1 0 1 08 7457e632 1 00000000 ffffffff 1 1 0 1
5 1 1 1 1 08 7457e632 1 00000000 ffffffff 1 1 1 1
5 1 0 0 0 00 63b67db6 2 00000000 ffffffff 1 1 0 1
5 1 1 0 1 08 67bebaa7 6 00000000 ffffffff 1 1 0 1
5 1 1 1 1 08 67bebaa7 6 00000000 ffffffff 1 1 1 1
5 1 1 0 1 c1 7a2a346d a 00000000 ffffffff 1 1 0 1
5 1 1 1 1 c1 7a2a346d a 00000000 ffffffff 1 1 1 1
5 1 1 0 0 89 622f8db0 7 00000000 ffffffff 1 1 0 1
5 1 1 1 0 89 622f8db0 7 00000000 ffffffff 1 1 1 1
5 1 1 0 1 00 a05d4af5 6 00000000 ffffffff 1 1 0 1
5 1 1 1 1 00 a05d4af5 6 00000000 ffffffff 1 1 0 1
5 1 1 0 1 04 eff054bb c 00000000 ffffffff 1 1 0 1
5 1 1 1 1 04 eff054bb c 00000000 ffffffff 1 1 0 1
5 1 1 0 1 c7 74323273 6 00000000 ffffffff 1 1 0 1
5 1 1 1 1 c7 74323273 6 00000000 ffffffff 1 1 1 1
5 1 1 0 1 0c 9463b13f 5 00000000 ffffffff 1 1 0 1
5 1 1 1 1 0c 9463b13f 5 00000000 ffffffff 1 1 1 1
5 1 1 0 0 0c 3fe9c949 8 0000008c ffffffff 1 1 0 1
5 1 1 1 0 0c 3fe9c949 8 0000008c ffffffff 1 1 0 1
5 1 1 0 1 0c 001252d9 8 00000000 ffffffff 1 1 0 1
5 1 1 1 1 0c 001252d9 8 00000000 ffffffff 1 1 1 1
5 1 1 0 1 00 690f3ed9 c 00000000 ffffffff 1 1 0 1
5 1 1 1 1 00 690f3ed9 c 00000000 ffffffff 1 1 0 1
5 1 1 0 1 04 2385d364 c 00000000 ffffffff 1 1 0 1
5 1 1 1 1 04 2385d364 c 00000000 ffffffff 1 1 0 1
5 1 1 0 0 0c fada5960 6 0000008e ffffffff 1 1 0 1
5 1 1 1 0 0c fada5960 6 0000008e ffffffff 1 1 0 1
5 1 1 0 0 08 5453f629 0 a9b00001 ffffffff 1 1 0 1
5 1 1 1 0 08 5453f629 0 a9b00001 ffffffff 1 1 0 1
5 1 1 0 0 04 f8739a3b 2 2385282d ffffffff 1 1 0 1
5 1 1 1 0 04 f8739a3b 2 2385282d ffffffff 1 1 0 1
5 1 1 0 0 5f 2c7bdf58 e 00000000 ffffffff 1 1 0 1
5 1 1 1 0 5f 2c7bdf58 e 00000000 ffffffff 1 1 1 1
5 1 1 0 1 08 28f9c7fa 6 00000000 ffffffff 1 1 0 1
5 1 1 1 1 08 28f9c7fa 6 00000000 ffffffff 1 1 1 1
5 1 1 0 1 8c 7fe68212 9 00000000 ffffffff 1 1 0 1
5 1 1 1 1 8c 7fe68212 9 00000000 ffffffff 1 1 1 1
5 1 1 0 0 7c e9affedb c 00000000 ffffffff 1 1 0 1
5 1 1 1 0 7c e9affedb c 00000000 ffffffff 1 1 1 1
5 1 1 0 1 0c 65b12406 0 00000000 ffffffff 1 1 0 1
5 1 1 1 1 0c 65b12406 0 00000000 ffffffff 1 1 1 1
5 1 0 0 1 d4 46071269 7 00000000 ffffffff 1 1 0 1
5 1 1 0 1 fc 80a184a8 5 00000000 ffffffff 1 1 0 1
5 1 1 1 1 fc 80a184a8 5 00000000 ffffffff 1 1 1 1
5 1 1 0 0 e3 b4008cf3 6 00000000 ffffffff 1 1 0 1
5 1 1 1 0 e3 b4008cf3 6 00000000 ffffffff 1 1 1 1
5 1 1 0 1 04 fc092c1f f 00000000 ffffffff 1 1 0 1
5 1 1 1 1 04 fc092c1f f 00000000 ffffffff 1 1 0 1
5 1 1 0 0 00 c716f336 f 690f4a86 ffffffff 1 1 0 1
5 1 1 1 0 00 c716f336 f 690f4a86 ffffffff 1 1 0 1
5 1 1 0 1 0c 97104d14 0 00000000 ffffffff 1 1 0 1
5 1 1 1 1 0c 97104d14 0 00000000 ffffffff 1 1 1 1
5 1 1 0 1 0c 66d6aafe 3 00000000 ffffffff 1 1 0 1
5 1 1 1 1 0c 66d6aafe 3 00000000 ffffffff 1 1 1 1
5 1 1 0 0 08 cc191b1f 5 a9b00001 ffffffff 1 1 0 1
5 1 1 1 0 08 cc191b1f 5 a9b00001 ffffffff 1 1 0 1
5 1 0 0 1 c6 ff3672ac d 00000000 ffffffff 1 1 0 1
5 1 1 0 0 00 3044a54f 1 690f4a86 ffffffff 1 1 0 1
5 1 1 1 0 00 3044a54f 1 690f4a86 ffffffff 1 1 0 1
5 1 1 0 1 0c 33bda06e 8 00000000 ffffffff 1 1 0 1
5 1 1 1 1 0c 33bda06e 8 00000000 ffffffff 1 1 1 1
5 1 1 0 1 00 9ead80ba d 00000000 ffffffff 1 1 0 1
5 1 1 1 1 00 9ead80ba d 00000000 ffffffff 1 1 0 1
5 1 1 0 0 b8 99e562cd 3 00000000 ffffffff 1 1 0 1
5 1 1 1 0 b8 99e562cd 3 00000000 ffffffff 1 1 1 1
5 1 0 0 0 5c c71cb8f7 e 00000000 ffffffff 1 1 0 1
5 1 1 0 1 00 42a9ff4c 1 00000000 ffffffff 1 1 0 1
5 1 1 1 1 00 42a9ff4c 1 00000000 ffffffff 1 1 0 1
5 1 1 0 1 00 ce132253 d 00000000 ffffffff 1 1 0 1
5 1 1 1 1 00 ce132253 d 00000000 ffffffff 1 1 0 1
5 1 0 0 1 55 99fc220f 8 00000000 ffffffff 1 1 0 1
5 1 1 0 1 04 75c02436 e 00000000 ffffffff 1 1 0 1
5 1 1 1 1 04 75c02436 e 00000000 ffffffff 1 1 0 1
5 1 1 0 0 04 61074dcb f 75c0241f ffffffff 1 1 0 1
5 1 1 1 0 04 61074dcb f 75c0241f ffffffff 1 1 0 1
5 1 1 0 1 04 4f988052 e 00000000 ffffffff 1 1 0 1
5 1 1 1 1 04 4f988052 e 00000000 ffffffff 1 1 0 1
5 1 0 0 1 0b 88a3833a 9 00000000 ffffffff 1 1 0 1
5 1 1 0 0 00 4e3cd43a 3 ce134a53 ffffffff 1 1 0 1
5 1 1 1 0 00 4e3cd43a 3 ce134a53 ffffffff 1 1 0 1
5 1 1 0 1 08 5444e83f c 00000000 ffffffff 1 1 0 1
5 1 1 1 1 08 5444e83f c 00000000 ffffffff 1 1 1 1
5 1 1 0 0 0c 003c057e 5 00000094 ffffffff 1 1 0 1
5 1 1 1 0 0c 003c057e 5 00000094 ffffffff 1 1 0 1
5 1 1 0 1 0c 8e1f6197 0 00000000 ffffffff 1 1 0 1
5 1 1 1 1 0c 8e1f6197 0 00000000 ffffffff 1 1 1 1
5 1 1 0 1 c6 1d05766d 0 00000000 ffffffff 1 1 0 1
5 1 1 1 1 c6 1d05766d 0 00000000 ffffffff 1 1 1 1
5 1 1 0 1 08 1007374e a 00000000 ffffffff 1 1 0 1
5 1 1 1 1 08 1007374e a 00000000 ffffffff 1 1 1 1
5 1 1 0 1 b4 61f77fa8 8 00000000 ffffffff 1 1 0 1
5 1 1 1 1 b4 61f77fa8 8 00000000 ffffffff 1 1 1 1
5 1 1 0 1 04 2b4dd2da 0 00000000 ffffffff 1 1 0 1
5 1 1 1 1 04 2b4dd2da 0 00000000 ffffffff 1 1 0 1
5 1 0 0 1 af b5f36dae 1 00000000 ffffffff 1 1 0 1
5 1 1 0 1 0c a47aef9b 7 00000000 ffffffff 1 1 0 1
5 1 1 1 1 0c a47aef9b 7 00000000 ffffffff 1 1 1 1
5 1 1 0 0 08 30c44778 7 a9b00001 ffffffff 1 1 0 1
5 1 1 1 0 08 30c44778 7 a9b00001 ffffffff 1 1 0 1
5 1 1 0 0 08 329d27de 6 a9b00001 ffffffff 1 1 0 1
5 1 1 1 0 08 329d27de 6 a9b00001 ffffffff 1 1 0 1
5 1 1 0 1 0c fd593912 0 00000000 ffffffff 1 1 0 1
5 1 1 1 1 0c fd593912 0 00000000 ffffffff 1 1 1 1
5 1 0 0 1 12 0e0580d7 2 00000000 ffffffff 1 1 0 1
5 1 1 0 1 00 9a4ce092 e 00000000 ffffffff 1 1 0 1
5 1 1 1 1 00 9a4ce092 e 00000000 ffffffff 1 1 0 1
5 1 0 0 1 35 6c3ffcaf 3 00000000 ffffffff 1 1 0 1
5 1 1 0 1 08 adda9760 d 00000000 ffffffff 1 1 0 1
5 1 1 1 1 08 adda9760 d 00000000 ffffffff 1 1 1 1
5 1 1 0 1 04 be732395 8 00000000 ffffffff 1 1 0 1
5 1 1 1 1 04 be732395 8 00000000 ffffffff 1 1 0 1
5 1 1 0 0 9e e5d68909 c 00000000 ffffffff 1 1 0 1
5 1 1 1 0 9e e5d68909 c 00000000 ffffffff 1 1 1 1
5 1 1 0 0 04 b5071400 4 be98801f ffffffff 1 1 0 1
5 1 1 1 0 04 b5071400 4 be98801f ffffffff 1 1 0 1
5 1 1 0 0 08 7601e403 0 a9b00001 ffffffff 1 1 0 1
5 1 1 1 0 08 7601e403 0 a9b00001 ffffffff 1 1 0 1
5 1 1 0 0 0c ed7034a6 d 00000097 ffffffff 1 1 0 1
5 1 1 1 0 0c ed7034a6 d 00000097 ffffffff 1 1 0 1
5 1 1 0 0 d0 5097694b 3 00000000 ffffffff 1 1 0 1
5 1 1 1 0 d0 5097694b 3 00000000 ffffffff 1 1 1 1
5 1 1 0 1 0c e37cecc7 e 00000000 ffffffff 1 1 0 1
5 1 1 1 1 0c e37cecc7 e 00000000 ffffffff 1 1 1 1
5 1 1 0 0 00 450cb674 2 9a4ce053 ffffffff 1 1 0 1
5 1 1 1 0 00 450cb674 2 9a4ce053 ffffffff 1 1 0 1
5 1 1 0 1 00 50126e2c 5 00000000 ffffffff 1 1 0 1
5 1 1 1 1 00 50126e2c 5 00000000 ffffffff 1 1 0 1
5 1 1 0 0 0c 5140ce50 9 00000098 ffffffff 1 1 0 1
5 1 1 1 0 0c 5140ce50 9 00000098 ffffffff 1 1 0 1
5 1 1 0 1 04 019ba0f0 5 00000000 ffffffff 1 1 0 1
5 1 1 1 1 04 019ba0f0 5 00000000 ffffffff 1 1 0 1
5 1 1 0 0 08 9933a801 8 a9b00001 ffffffff 1 1 0 1
5 1 1 1 0 08 9933a801 8 a9b00001 ffffffff 1 1 0 1
5 1 0 0 1 de bc9252ce 7 00000000 ffffffff 1 1 0 1
5 1 1 0 0 08 e70af432 7 a9b00001 ffffffff 1 1 0 1
5 1 1 1 0 08 e70af432 7 a9b00001 ffffffff 1 1 0 1
5 1 1 0 0 0c c172e912 7 00000099 ffffffff 1 1 0 1
5 1 1 1 0 0c c172e912 7 00000099 ffffffff 1 1 0 1
5 1 1 0 1 00 21ab4d78 a 00000000 ffffffff 1 1 0 1
5 1 1 1 1 00 21ab4d78 a 00000000 ffffffff 1 1 0 1
5 1 1 0 0 08 cdcc6a76 5 a9b00001 ffffffff 1 1 0 1
5 1 1 1 0 08 cdcc6a76 5 a9b00001 ffffffff 1 1 0 1
5 1 1 0 1 0c 09ad5af6 c 00000000 ffffffff 1 1 0 1
5 1 1 1 1 0c 09ad5af6 c 00000000 ffffffff 1 1 1 1
5 1 1 0 1 d7 d4393947 4 00000000 ffffffff 1 1 0 1
5 1 1 1 1 d7 d4393947 4 00000000 ffffffff 1 1 1 1
5 1 1 0 0 0c 39fa5581 5 0000009a ffffffff 1 1 0 1
5 1 1 1 0 0c 39fa5581 5 0000009a ffffffff 1 1 0 1
5 1 0 0 0 e7 f577fb5d 0 00000000 ffffffff 1 1 0 1
5 1 1 0 0 68 06dd7b9f 4 00000000 ffffffff 1 1 0 1
5 1 1 1 0 68 06dd7b9f 4 00000000 ffffffff 1 1 1 1
5 1 1 0 0 04 75d4c7f1 f be9b80f0 ffffffff 1 1 0 1
5 1 1 1 0 04 75d4c7f1 f be9b80f0 ffffffff 1 1 0 1
5 1 0 0 0 82 7d6e2040 c 00000000 ffffffff 1 1 0 1
5 1 1 0 1 08 75c49c6f 2 00000000 ffffffff 1 1 0 1
5 1 1 1 1 08 75c49c6f 2 00000000 ffffffff 1 1 1 1
5 1 0 0 1 9b a836e5dc a 00000000 ffffffff 1 1 0 1
5 1 1 0 0 04 3e021509 b be9b80f0 ffffffff 1 1 0 1
5 1 1 1 0 04 3e021509 b be9b80f0 ffffffff 1 1 0 1
5 1 1 0 1 00 b05bda50 8 00000000 ffffffff 1 1 0 1
5 1 1 1 1 00 b05bda50 8 00000000 ffffffff 1 1 0 1
5 1 1 0 1 08 645a5a3c 4 00000000 ffffffff 1 1 0 1
5 1 1 1 1 08 645a5a3c 4 00000000 ffffffff 1 1 1 1
5 1 1 0 0 00 5b524cd7 a b0124d2c ffffffff 1 1 0 1
5 1 1 1 0 00 5b524cd7 a b0124d2c ffffffff 1 1 0 1
5 1 1 0 0 9a 6ef08533 c 00000000 ffffffff 1 1 0 1
5 1 1 1 0 9a 6ef08533 c 00000000 ffffffff 1 1 1 1
5 1 1 0 1 0c 903e32f9 4 00000000 ffffffff 1 1 0 1
5 1 1 1 1 0c 903e32f9 4 00000000 ffffffff 1 1 1 1
5 1 1 0 1 04 6af9d736 0 00000000 ffffffff 1 1 0 1
5 1 1 1 1 04 6af9d736 0 00000000 ffffffff 1 1 0 1
5 1 1 0 1 0c 94d4e47d 1 00000000 ffffffff 1 1 0 1
5 1 1 1 1 0c 94d4e47d 1 00000000 ffffffff 1 1 1 1
5 1 1 0 1 08 c19561eb 6 00000000 ffffffff 1 1 0 1
5 1 1 1 1 08 c19561eb 6 00000000 ffffffff 1 1 1 1
5 1 1 0 0 08 3fb76c2b 3 a9b00001 ffffffff 1 1 0 1
5 1 1 1 0 08 3fb76c2b 3 a9b00001 ffffffff 1 1 0 1
5 1 1 0 0 0c c6b10d5c 8 0000009c ffffffff 1 1 0 1
5 1 1 1 0 0c c6b10d5c 8 0000009c ffffffff 1 1 0 1
5 1 1 0 1 0c 1b123885 5 00000000 ffffffff 1 1 0 1
5 1 1 1 1 0c 1b123885 5 00000000 ffffffff 1 1 1 1
5 1 1 0 1 0c a1eb0ec7 5 00000000 ffffffff 1 1 0 1
5 1 1 1 1 0c a1eb0ec7 5 00000000 ffffffff 1 1 1 1
5 1 0 0 1 a3 88f167da b 00000000 ffffffff 1 1 0 1
5 1 1 0 1 08 ce0fdf41 9 00000000 ffffffff 1 1 0 1
5 1 1 1 1 08 ce0fdf41 9 00000000 ffffffff 1 1 1 1
5 1 1 0 0 08 86a2431c 2 a9b00001 ffffffff 1 1 0 1
5 1 1 1 0 08 86a2431c 2 a9b00001 ffffffff 1 1 0 1
5 1 1 0 0 04 c41ae5cd d be9b80f0 ffffffff 1 1 0 1
5 1 1 1 0 04 c41ae5cd d be9b80f0 ffffffff 1 1 0 1
5 1 0 0 0 13 fe757564 2 00000000 ffffffff 1 1 0 1
5 1 1 0 0 08 aeb0fedd 0 a9b00001 ffffffff 1 1 0 1
5 1 1 1 0 08 aeb0fedd 0 a9b00001 ffffffff 1 1 0 1
5 1 1 0 0 0c 7533ab87 d 0000009c ffffffff 1 1 0 1
5 1 1 1 0 0c 7533ab87 d 0000009c ffffffff 1 1 0 1
5 1 1 0 1 e9 dc33f20a f 00000000 ffffffff 1 1 0 1
5 1 1 1 1 e9 dc33f20a f 00000000 ffffffff 1 1 1 1
5 1 0 0 0 37 3f60cd09 5 00000000 ffffffff 1 1 0 1
5 1 1 0 0 00 5f597163 1 b0124d2c ffffffff 1 1 0 1
5 1 1 1 0 00 5f597163 1 b0124d2c ffffffff 1 1 0 1
5 1 1 0 1 bc c014da31 d 00000000 ffffffff 1 1 0 1
5 1 1 1 1 bc c014da31 d 00000000 ffffffff 1 1 1 1
5 1 1 0 0 0c 8d838ff9 4 0000009c ffffffff 1 1 0 1
5 1 1 1 0 0c 8d838ff9 4 0000009c ffffffff 1 1 0 1
5 1 0 0 1 2a ac068fff 8 00000000 ffffffff 1 1 0 1
5 1 1 0 1 9b 97a50372 0 00000000 ffffffff 1 1 0 1
5 1 1 1 1 9b 97a50372 0 00000000 ffffffff 1 1 1 1
5 1 0 0 0 d2 946625a4 d 00000000 ffffffff 1 1 0 1
5 1 1 0 0 08 632045af 0 a9b00001 ffffffff 1 1 0 1
5 1 1 1 0 08 632045af 0 a9b00001 ffffffff 1 1 0 1
5 1 1 0 0 0c da7999ae 1 0000009c ffffffff 1 1 0 1
5 1 1 1 0 0c da7999ae 1 0000009c ffffffff 1 1 0 1
5 1 1 0 1 00 b40fc2e0 0 00000000 ffffffff 1 1 0 1
5 1 1 1 1 00 b40fc2e0 0 00000000 ffffffff 1 1 0 1
5 1 0 0 0 00 7baecf3c 9 00000000 ffffffff 1 1 0 1
5 1 1 0 1 0c f8c4b666 2 00000000 ffffffff 1 1 0 1
5 1 1 1 1 0c f8c4b666 2 00000000 ffffffff 1 1 1 1
5 1 1 0 0 00 a5327165 a b0124d2c ffffffff 1 1 0 1
5 1 1 1 0 00 a5327165 a b0124d2c ffffffff 1 1 0 1
5 1 1 0 0 0c 51782094 0 0000009d ffffffff 1 1 0 1
5 1 1 1 0 0c 51782094 0 0000009d ffffffff 1 1 0 1
5 1 0 0 1 3f 2f0973ec 1 00000000 ffffffff 1 1 0 1
5 1 1 0 0 00 02522a99 d b0124d2c ffffffff 1 1 0 1
5 1 1 1 0 00 02522a99 d b0124d2c ffffffff 1 1 0 1
5 1 1 0 1 04 4556ac2f f 00000000 ffffffff 1 1 0 1
5 1 1 1 1 04 4556ac2f f 00000000 ffffffff 1 1 0 1
5 1 1 0 0 2f 57892233 4 00000000 ffffffff 1 1 0 1
5 1 1 1 0 2f 57892233 4 00000000 ffffffff 1 1 1 1
5 1 1 0 0 0c 11d7206b 2 0000009e ffffffff 1 1 0 1
5 1 1 1 0 0c 11d7206b 2 0000009e ffffffff 1 1 0 1
5 1 0 0 1 08 f21e310a 2 00000000 ffffffff 1 1 0 1
5 1 1 0 0 08 4b8296aa 4 a9b00001 ffffffff 1 1 0 1
5 1 1 1 0 08 4b8296aa 4 a9b00001 ffffffff 1 1 0 1
5 1 1 0 1 00 78433bcb a 00000000 ffffffff 1 1 0 1
5 1 1 1 1 00 78433bcb a 00000000 ffffffff 1 1 0 1
5 1 1 0 1 0c e62cfcbe 1 00000000 ffffffff 1 1 0 1
5 1 1 1 1 0c e62cfcbe 1 00000000 ffffffff 1 1 1 1
5 1 1 0 1 0c 8a1acbab 1 00000000 ffffffff 1 1 0 1
5 1 1 1 1 0c 8a1acbab 1 00000000 ffffffff 1 1 1 1
5 1 0 0 1 b2 70b44bdd 9 00000000 ffffffff 1 1 0 1
5 1 1 0 0 04 60616f1a 5 4556ac2f ffffffff 1 1 0 1
5 1 1 1 0 04 60616f1a 5 4556ac2f ffffffff 1 1 0 1
5 1 1 0 1 0c f52b3d1b 4 00000000 ffffffff 1 1 0 1
5 1 1 1 1 0c f52b3d1b 4 00000000 ffffffff 1 1 1 1
5 1 1 0 0 04 aa5b1548 a 4556ac2f ffffffff 1 1 0 1
5 1 1 1 0 04 aa5b1548 a 4556ac2f ffffffff 1 1 0 1
5 1 1 0 1 90 30712076 7 00000000 ffffffff 1 1 0 1
5 1 1 1 1 90 30712076 7 00000000 ffffffff 1 1 1 1
5 1 1 0 1 04 9cb62d55 5 00000000 ffffffff 1 1 0 1
5 1 1 1 1 04 9cb62d55 5 00000000 ffffffff 1 1 0 1
5 1 1 0 0 08 79a76a6a f a9b00001 ffffffff 1 1 0 1
5 1 1 1 0 08 79a76a6a f a9b00001 ffffffff 1 1 0 1
5 1 1 0 0 08 9a0102ec e a9b00001 ffffffff 1 1 0 1
5 1 1 1 0 08 9a0102ec e a9b00001 ffffffff 1 1 0 1
5 1 1 0 0 f2 c382d05b 5 00000000 ffffffff 1 1 0 1
5 1 1 1 0 f2 c382d05b 5 00000000 ffffffff 1 1 1 1
5 1 1 0 1 04 5fcf462e 4 00000000 ffffffff 1 1 0 1
5 1 1 1 1 04 5fcf462e 4 00000000 ffffffff 1 1 0 1
5 1 1 0 1 eb c4fe2f1e b 00000000 ffffffff 1 1 0 1
5 1 1 1 1 eb c4fe2f1e b 00000000 ffffffff 1 1 1 1
5 1 0 0 0 e3 e5fbf8cb 0 00000000 ffffffff 1 1 0 1
5 1 1 0 1 a4 402fbf85 d 00000000 ffffffff 1 1 0 1
5 1 1 1 1 a4 402fbf85 d 00000000 ffffffff 1 1 1 1
5 1 1 0 0 08 64cae73b a a9b00001 ffffffff 1 1 0 1
5 1 1 1 0 08 64cae73b a a9b00001 ffffffff 1 1 0 1
5 1 1 0 1 04 461998b2 7 00000000 ffffffff 1 1 0 1
5 1 1 1 1 04 461998b2 7 00000000 ffffffff 1 1 0 1
5 1 1 0 1 00 5ff79e40 8 00000000 ffffffff 1 1 0 1
5 1 1 1 1 00 5ff79e40 8 00000000 ffffffff 1 1 0 1
5 1 1 0 0 0c 7bb151fd 0 000000a3 ffffffff 1 1 0 1
5 1 1 1 0 0c 7bb151fd 0 000000a3 ffffffff 1 1 0 1
5 1 1 0 0 73 e0da86d0 c 00000000 ffffffff 1 1 0 1
5 1 1 1 0 73 e0da86d0 c 00000000 ffffffff 1 1 1 1
5 1 1 0 0 0c 4c0c610f 4 000000a3 ffffffff 1 1 0 1
5 1 1 1 0 0c 4c0c610f 4 000000a3 ffffffff 1 1 0 1
5 1 1 0 0 08 d69c006f 4 a9b00001 ffffffff 1 1 0 1
5 1 1 1 0 08 d69c006f 4 a9b00001 ffffffff 1 1 0 1
5 1 0 0 1 f6 e130165e 0 00000000 ffffffff 1 1 0 1
5 1 1 0 1 8c c2c9d9f0 0 00000000 ffffffff 1 1 0 1
5 1 1 1 1 8c c2c9d9f0 0 00000000 ffffffff 1 1 1 1
5 1 1 0 0 08 f8f0e44d 0 a9b00001 ffffffff 1 1 0 1
5 1 1 1 0 08 f8f0e44d 0 a9b00001 ffffffff 1 1 0 1
5 1 1 0 0 04 4540772f 2 451998b2 ffffffff 1 1 0 1
5 1 1 1 0 04 4540772f 2 451998b2 ffffffff 1 1 0 1
5 1 1 0 0 04 44bbb381 c 451998b2 ffffffff 1 1 0 1
5 1 1 1 0 04 44bbb381 c 451998b2 ffffffff 1 1 0 1
5 1 1 0 0 0c 05ec1a4f 6 000000a3 ffffffff 1 1 0 1
5 1 1 1 0 0c 05ec1a4f 6 000000a3 ffffffff 1 1 0 1
5 1 1 0 0 70 97b2342a 1 00000000 ffffffff 1 1 0 1
5 1 1 1 0 70 97b2342a 1 00000000 ffffffff 1 1 1 1
5 1 1 0 1 08 d78f7582 5 00000000 ffffffff 1 1 0 1
5 1 1 1 1 08 d78f7582 5 00000000 ffffffff 1 1 1 1
5 1 1 0 1 04 81906cb1 7 00000000 ffffffff 1 1 0 1
5 1 1 1 1 04 81906cb1 7 00000000 ffffffff 1 1 0 1
5 1 0 0 0 60 e3c093aa a 00000000 ffffffff 1 1 0 1
5 1 1 0 1 79 b51e3dc2 b 00000000 ffffffff 1 1 0 1
5 1 1 1 1 79 b51e3dc2 b 00000000 ffffffff 1 1 1 1
5 1 1 0 0 00 bb05b360 4 5f123b2c ffffffff 1 1 0 1
5 1 1 1 0 00 bb05b360 4 5f123b2c ffffffff 1 1 0 1
5 1 1 0 0 00 8663c6c0 f 5f123b2c ffffffff 1 1 0 1
5 1 1 1 0 00 8663c6c0 f 5f123b2c ffffffff 1 1 0 1
5 1 0 0 1 29 d31a9c3b 5 00000000 ffffffff 1 1 0 1
5 1 1 0 1 00 fa508c37 2 00000000 ffffffff 1 1 0 1
5 1 1 1 1 00 fa508c37 2 00000000 ffffffff 1 1 0 1
5 1 0 0 1 c1 fa7b5433 6 00000000 ffffffff 1 1 0 1
5 1 1 0 0 04 1b4554a3 d 45906cb1 ffffffff 1 1 0 1
5 1 1 1 0 04 1b4554a3 d 45906cb1 ffffffff 1 1 0 1
5 1 1 0 0 81 39c0878a 0 00000000 ffffffff 1 1 0 1
5 1 1 1 0 81 39c0878a 0 00000000 ffffffff 1 1 1 1
5 1 1 0 1 9f 91b1e6b9 6 00000000 ffffffff 1 1 0 1
5 1 1 1 1 9f 91b1e6b9 6 00000000 ffffffff 1 1 1 1
5 1 1 0 0 0c 85336e16 d 000000a5 ffffffff 1 1 0 1
5 1 1 1 0 0c 85336e16 d 000000a5 ffffffff 1 1 0 1
5 1 1 0 1 00 ad87617a 7 00000000 ffffffff 1 1 0 1
5 1 1 1 1 00 ad87617a 7 00000000 ffffffff 1 1 0 1
5 1 1 0 1 04 f4871833 8 00000000 ffffffff 1 1 0 1
5 1 1 1 1 04 f4871833 8 00000000 ffffffff 1 1 0 1
5 1 1 0 0 00 459dbc61 e 5f87617a ffffffff 1 1 0 1
5 1 1 1 0 00 459dbc61 e 5f87617a ffffffff 1 1 0 1
5 1 1 0 0 df 65793ced 1 00000000 ffffffff 1 1 0 1
5 1 1 1 0 df 65793ced 1 00000000 ffffffff 1 1 1 1
5 1 1 0 1 08 74ee5e98 8 00000000 ffffffff 1 1 0 1
5 1 1 1 1 08 74ee5e98 8 00000000 ffffffff 1 1 1 1
5 1 1 0 0 0c f78b5a8f 3 000000a7 ffffffff 1 1 0 1
5 1 1 1 0 0c f78b5a8f 3 000000a7 ffffffff 1 1 0 1
5 1 0 0 0 ec a61ef3b7 e 00000000 ffffffff 1 1 0 1
5 1 1 0 1 04 90a6c5da d 00000000 ffffffff 1 1 0 1
5 1 1 1 1 04 90a6c5da d 00000000 ffffffff 1 1 0 1
5 1 0 0 0 ce 5c19b0f3 b 00000000 ffffffff 1 1 0 1
5 1 1 0 1 08 76d15934 a 00000000 ffffffff 1 1 0 1
5 1 1 1 1 08 76d15934 a 00000000 ffffffff 1 1 1 1
5 1 1 0 1 00 4955219a 4 00000000 ffffffff 1 1 0 1
5 1 1 1 1 00 4955219a 4 00000000 ffffffff 1 1 0 1
5 1 1 0 0 08 4b77d890 7 a9b00001 ffffffff 1 1 0 1
5 1 1 1 0 08 4b77d890 7 a9b00001 ffffffff 1 1 0 1
5 1 1 0 1 00 4a343b4e 1 00000000 ffffffff 1 1 0 1
5 1 1 1 1 00 4a343b4e 1 00000000 ffffffff 1 1 0 1
5 1 1 0 1 0c 711a301c a 00000000 ffffffff 1 1 0 1
5 1 1 1 1 0c 711a301c a 00000000 ffffffff 1 1 1 1
5 1 1 0 0 08 1d2fae14 7 a9b00001 ffffffff 1 1 0 1
5 1 1 1 0 08 1d2fae14 7 a9b00001 ffffffff 1 1 0 1
5 1 0 0 0 b8 1655616e 0 00000000 ffffffff 1 1 0 1
5 1 1 0 1 04 c7995c09 b 00000000 ffffffff 1 1 0 1
5 1 1 1 1 04 c7995c09 b 00000000 ffffffff 1 1 0 1
5 1 1 0 0 90 829ee695 2 00000000 ffffffff 1 1 0 1
5 1 1 1 0 90 829ee695 2 00000000 ffffffff 1 1 1 1
5 1 1 0 0 0c bfb4f84a 3 000000ab ffffffff 1 1 0 1
5 1 1 1 0 0c bfb4f84a 3 000000ab ffffffff 1 1 0 1
5 1 1 0 1 04 6206ea3b 9 00000000 ffffffff 1 1 0 1
5 1 1 1 1 04 6206ea3b 9 00000000 ffffffff 1 1 0 1
5 1 1 0 0 00 e18d01ae 3 5f55614e ffffffff 1 1 0 1
5 1 1 1 0 00 e18d01ae 3 5f55614e ffffffff 1 1 0 1
5 1 0 0 1 8d c1a90fe6 1 00000000 ffffffff 1 1 0 1
5 1 1 0 1 08 395e9d46 e 00000000 ffffffff 1 1 0 1
5 1 1 1 1 08 395e9d46 e 00000000 ffffffff 1 1 1 1
5 1 1 0 0 0c 44fc92f6 a 000000ac ffffffff 1 1 0 1
5 1 1 1 0 0c 44fc92f6 a 000000ac ffffffff 1 1 0 1
5 1 0 0 0 e1 3acee943 e 00000000 ffffffff 1 1 0 1
5 1 1 0 1 08 c0c36953 7 00000000 ffffffff 1 1 0 1
5 1 1 1 1 08 c0c36953 7 00000000 ffffffff 1 1 1 1
5 1 1 0 1 64 0c354285 e 00000000 ffffffff 1 1 0 1
5 1 1 1 1 64 0c354285 e 00000000 ffffffff 1 1 1 1
5 1 0 0 1 5f 6c820ecf e 00000000 ffffffff 1 1 0 1
5 1 1 0 1 0c 69ff6012 a 00000000 ffffffff 1 1 0 1
5 1 1 1 1 0c 69ff6012 a 00000000 ffffffff 1 1 1 1
5 1 1 0 1 0c 6109f810 d 00000000 ffffffff 1 1 0 1
5 1 1 1 1 0c 6109f810 d 00000000 ffffffff 1 1 1 1
5 1 1 0 1 00 e0b5277f 1 00000000 ffffffff 1 1 0 1
5 1 1 1 1 00 e0b5277f 1 00000000 ffffffff 1 1 0 1
5 1 1 0 1 08 3dee2a62 9 00000000 ffffffff 1 1 0 1
5 1 1 1 1 08 3dee2a62 9 00000000 ffffffff 1 1 1 1
5 1 1 0 0 0c d8a47b09 3 000000ad ffffffff 1 1 0 1
5 1 1 1 0 0c d8a47b09 3 000000ad ffffffff 1 1 0 1
5 1 0 0 0 70 73620059 4 00000000 ffffffff 1 1 0 1
5 1 1 0 0 9b d88661b4 5 00000000 ffffffff 1 1 0 1
5 1 1 1 0 9b d88661b4 5 00000000 ffffffff 1 1 1 1
5 1 1 0 1 08 1cb83111 e 00000000 ffffffff 1 1 0 1
5 1 1 1 1 08 1cb83111 e 00000000 ffffffff 1 1 1 1
5 1 1 0 1 04 a7c06cdd e 00000000 ffffffff 1 1 0 1
5 1 1 1 1 04 a7c06cdd e 00000000 ffffffff 1 1 0 1
5 1 1 0 1 08 b1376472 5 00000000 ffffffff 1 1 0 1
5 1 1 1 1 08 b1376472 5 00000000 ffffffff 1 1 1 1
5 1 0 0 1 b3 a459055b 0 00000000 ffffffff 1 1 0 1
5 1 1 0 0 37 c47e6844 c 00000000 ffffffff 1 1 0 1
5 1 1 1 0 37 c47e6844 c 00000000 ffffffff 1 1 1 1
5 1 1 0 1 00 5e63f475 3 00000000 ffffffff 1 1 0 1
5 1 1 1 1 00 5e63f475 3 00000000 ffffffff 1 1 0 1
5 1 1 0 1 00 a18b06ac 2 00000000 ffffffff 1 1 0 1
5 1 1 1 1 00 a18b06ac 2 00000000 ffffffff 1 1 0 1
5 1 1 0 1 00 8b162bde 1 00000000 ffffffff 1 1 0 1
5 1 1 1 1 00 8b162bde 1 00000000 ffffffff 1 1 0 1
5 1 1 0 0 0c 89e006e4 d 000000b1 ffffffff 1 1 0 1
5 1 1 1 0 0c 89e006e4 d 000000b1 ffffffff 1 1 0 1
5 1 1 0 1 00 1b23a016 b 00000000 ffffffff 1 1 0 1
5 1 1 1 1 00 1b23a016 b 00000000 ffffffff 1 1 0 1
5 1 0 0 0 f3 6bb82eb5 3 00000000 ffffffff 1 1 0 1
5 1 1 0 1 08 6fe58450 5 00000000 ffffffff 1 1 0 1
5 1 1 1 1 08 6fe58450 5 00000000 ffffffff 1 1 1 1
