0 1 0 00 0 0 0000 0 1 0 0 0 1 00 00 0000 0000 0 f
1 0 1 05 0 0 0000 1 1 0 7 0 1 00 00 0000 0000 1 f
1 0 1 06 0 0 0000 1 1 1 7 0 1 00 00 0000 0000 2 f
1 0 1 07 0 0 0000 1 1 2 7 0 1 00 00 0000 0000 3 f
2 0 0 00 1 2 0102 0 1 0 0 0 1 00 00 0000 0000 3 f
2 0 0 00 1 0 0100 0 1 0 0 0 1 00 00 0000 0000 3 f
2 0 0 00 1 1 0101 0 1 0 0 1 1 05 1f 0100 ffff 2 f
2 0 0 00 0 0 0000 0 1 0 0 1 1 06 1f 0101 ffff 1 f
2 0 0 00 0 0 0000 0 1 0 0 1 1 07 1f 0102 ffff 0 f
2 0 0 00 0 0 0000 0 1 0 0 0 1 00 00 0000 0000 0 f
2 0 0 00 0 0 0000 0 1 0 0 0 1 00 00 0000 0000 0 f
3 0 1 00 0 0 0000 1 1 3 7 0 1 00 00 0000 0000 1 f
3 0 1 01 0 0 0000 1 1 4 7 0 1 00 00 0000 0000 2 f
3 0 1 02 0 0 0000 1 1 5 7 0 1 00 00 0000 0000 3 f
3 0 1 03 0 0 0000 1 1 6 7 0 1 00 00 0000 0000 4 f
3 0 1 04 0 0 0000 1 1 7 7 0 1 00 00 0000 0000 5 f
3 0 1 05 0 0 0000 1 1 0 7 0 1 00 00 0000 0000 6 f
3 0 1 06 0 0 0000 1 1 1 7 0 1 00 00 0000 0000 7 f
3 0 1 07 0 0 0000 1 1 2 7 0 1 00 00 0000 0000 8 f
3 0 1 08 0 0 0000 0 1 0 0 0 1 00 00 0000 0000 8 f
4 0 1 05 0 0 9ae9 0 1 0 0 0 1 00 00 0000 0000 8 f
4 0 0 1b 1 6 76fe 0 1 0 0 0 1 00 00 0000 0000 8 f
4 0 1 1a 0 4 5239 0 1 0 0 0 1 00 00 0000 0000 8 f
4 0 0 04 0 3 fe5a 0 1 0 0 0 1 00 00 0000 0000 8 f
4 0 1 04 1 1 2476 0 1 0 0 0 1 00 00 0000 0000 8 f
4 0 1 1d 0 5 effa 0 1 0 0 0 1 00 00 0000 0000 8 f
4 0 0 1a 0 1 1a6f 0 1 0 0 0 1 00 00 0000 0000 8 f
4 0 0 17 1 0 431c 0 1 0 0 0 1 00 00 0000 0000 8 f
4 0 0 0b 0 7 0a6a 0 1 0 0 0 1 00 00 0000 0000 8 f
4 0 1 04 1 3 e544 0 1 0 0 0 1 00 00 0000 0000 8 f
4 0 1 0f 1 2 b3bb 0 1 0 0 1 1 00 1f e544 ffff 7 f
4 0 1 11 1 7 6ab2 1 1 3 7 0 1 00 00 0000 0000 8 f
4 0 1 03 1 4 657d 0 1 0 0 0 1 00 00 0000 0000 8 f
4 0 0 08 0 1 ab4a 0 1 0 0 1 1 01 1f 657d ffff 7 f
4 0 0 0f 1 3 470a 0 1 0 0 0 1 00 00 0000 0000 7 f
4 0 0 14 0 7 66db 0 1 0 0 0 1 00 00 0000 0000 7 f
4 0 1 0f 1 5 4232 1 1 4 7 0 1 00 00 0000 0000 8 f
4 0 1 0b 0 5 ccbd 0 1 0 0 1 1 02 1f 4232 ffff 7 f
4 0 1 02 0 6 7102 1 1 5 7 1 1 03 1f 76fe ffff 7 f
4 0 1 16 0 2 7e54 1 1 6 7 1 1 04 1f 6ab2 ffff 7 f
4 0 1 1a 0 6 c21f 1 1 7 7 1 1 05 1f 431c ffff 7 f
4 0 1 1d 0 1 9f71 1 1 0 7 1 1 06 1f 2476 ffff 7 f
4 0 1 09 1 0 8c15 1 1 1 7 1 1 07 1f b3bb ffff 7 f
4 0 1 1a 0 3 962d 1 1 2 7 1 1 11 1f 470a ffff 7 f
4 0 0 17 0 4 cb6a 0 1 0 0 0 1 00 00 0000 0000 7 f
4 0 1 1d 1 2 c113 1 1 3 7 0 1 00 00 0000 0000 8 f
4 0 1 19 0 5 12bd 0 1 0 0 0 1 00 00 0000 0000 8 f
4 0 0 18 0 3 c1f8 0 1 0 0 0 1 00 00 0000 0000 8 f
4 0 1 1b 1 6 b5f3 0 1 0 0 0 1 00 00 0000 0000 8 f
4 0 0 03 0 3 62c8 0 1 0 0 0 1 00 00 0000 0000 8 f
4 0 0 0f 0 1 caa0 0 1 0 0 0 1 00 00 0000 0000 8 f
4 0 0 02 0 7 49d4 0 1 0 0 0 1 00 00 0000 0000 8 f
4 0 0 14 1 3 46de 0 1 0 0 0 1 00 00 0000 0000 8 f
4 0 1 18 1 4 5dc1 0 1 0 0 0 1 00 00 0000 0000 8 f
4 0 1 0f 0 0 8c0a 0 1 0 0 1 1 0f 1f 5dc1 ffff 7 f
4 0 1 03 1 7 6738 1 1 4 7 0 1 00 00 0000 0000 8 f
4 0 1 1e 1 4 bda8 0 1 0 0 0 1 00 00 0000 0000 8 f
4 0 1 00 1 5 fd10 0 1 0 0 0 1 00 00 0000 0000 8 f
4 0 1 18 0 1 544c 0 1 0 0 1 1 02 1f fd10 ffff 7 f
4 0 0 12 0 4 fd55 0 1 0 0 1 1 16 1f b5f3 ffff 6 f
4 0 1 0a 1 1 1208 1 1 5 7 1 1 1a 1f 6738 ffff 6 f
4 0 0 17 1 5 3206 0 1 0 0 1 1 1d 1f 8c15 ffff 5 f
4 0 1 05 0 6 cc76 1 1 6 7 1 1 09 1f 1208 ffff 5 f
4 0 1 04 1 6 459b 1 1 7 7 1 1 1a 1f c113 ffff 5 f
4 0 1 03 1 7 e23b 1 1 0 7 1 1 1d 1f 46de ffff 5 f
4 0 1 1f 1 0 2bf3 1 1 1 7 1 1 03 1f bda8 ffff 5 f
4 0 0 18 0 0 1978 0 1 0 0 1 1 0a 1f 3206 ffff 4 f
4 0 1 1c 1 1 4bc5 1 1 2 7 1 1 05 1f 459b ffff 4 f
4 0 1 12 0 5 6fea 1 1 3 7 1 1 04 1f e23b ffff 4 f
4 0 0 0b 1 2 ea4e 0 1 0 0 1 1 03 1f 2bf3 ffff 3 f
4 0 1 05 1 3 862e 1 1 4 7 1 1 1f 1f 4bc5 ffff 3 f
4 0 1 1a 0 1 3f11 1 1 5 7 1 1 1c 1f ea4e ffff 3 f
4 0 1 19 1 4 55f1 1 1 6 7 1 1 12 1f 862e ffff 3 f
4 0 1 03 1 6 21ff 1 1 7 7 1 1 05 1f 55f1 ffff 3 f
4 0 1 03 0 5 44e7 1 1 0 7 0 1 00 00 0000 0000 4 f
4 0 0 09 0 7 ce90 0 1 0 0 0 1 00 00 0000 0000 4 f
4 0 0 0b 1 7 09f2 0 1 0 0 0 1 00 00 0000 0000 4 f
4 0 0 0f 1 0 405a 0 1 0 0 0 1 00 00 0000 0000 4 f
4 0 0 19 1 5 8986 0 1 0 0 0 1 00 00 0000 0000 4 f
4 0 0 03 0 6 3490 0 1 0 0 1 1 1a 1f 8986 ffff 3 f
4 0 0 0c 0 7 439f 0 1 0 0 1 1 19 1f 21ff ffff 2 f
4 0 1 19 0 3 d4f8 1 1 1 7 1 1 03 1f 09f2 ffff 2 f
4 0 0 06 0 7 4232 0 1 0 0 1 1 03 1f 405a ffff 1 f
4 0 1 17 1 1 14b7 1 1 2 7 0 1 00 00 0000 0000 2 f
4 0 1 0c 0 0 ef32 1 1 3 7 1 1 19 1f 14b7 ffff 2 f
4 0 1 02 0 2 1535 1 1 4 7 0 1 00 00 0000 0000 3 f
4 0 1 10 0 4 5606 1 1 5 7 0 1 00 00 0000 0000 4 f
4 0 0 0d 1 3 e367 0 1 0 0 0 1 00 00 0000 0000 4 f
4 0 1 1f 1 4 1e2e 1 1 6 7 0 1 00 00 0000 0000 5 f
4 0 0 1f 1 2 4bd5 0 1 0 0 0 1 00 00 0000 0000 5 f
4 0 1 02 0 0 ac5a 1 1 7 7 1 1 17 1f 4bd5 ffff 5 f
4 0 1 0d 0 1 29a1 1 1 0 7 1 1 0c 1f e367 ffff 5 f
4 0 1 0e 1 6 6ea3 1 1 1 7 1 1 02 1f 1e2e ffff 5 f
4 0 0 16 0 1 eae7 0 1 0 0 0 1 00 00 0000 0000 5 f
4 0 0 1c 0 5 646e 0 1 0 0 0 1 00 00 0000 0000 5 f
4 0 0 0c 0 2 50a2 0 1 0 0 0 1 00 00 0000 0000 5 f
4 0 0 0b 0 6 0463 0 1 0 0 0 1 00 00 0000 0000 5 f
4 0 1 02 1 7 f338 1 1 2 7 0 1 00 00 0000 0000 6 f
4 0 1 18 1 0 3c8c 1 1 3 7 0 1 00 00 0000 0000 7 f
4 0 0 19 0 3 5b77 0 1 0 0 0 1 00 00 0000 0000 7 f
4 0 1 00 1 2 a667 1 1 4 7 0 1 00 00 0000 0000 8 f
4 0 1 18 0 2 e36f 0 1 0 0 0 1 00 00 0000 0000 8 f
4 0 1 0c 0 6 fac7 0 1 0 0 0 1 00 00 0000 0000 8 f
4 0 1 03 0 1 1929 0 1 0 0 0 1 00 00 0000 0000 8 f
4 0 1 1d 1 3 860e 0 1 0 0 0 1 00 00 0000 0000 8 f
4 0 1 14 0 6 e2ce 0 1 0 0 0 1 00 00 0000 0000 8 f
4 0 1 13 1 5 f346 0 1 0 0 0 1 00 00 0000 0000 8 f
4 0 1 13 0 4 97aa 0 1 0 0 1 1 10 1f f346 ffff 7 f
4 0 1 19 0 4 fd58 1 1 5 7 1 1 1f 1f 6ea3 ffff 7 f
4 0 1 01 1 5 999f 1 1 6 7 1 1 02 1f f338 ffff 7 f
4 0 0 1a 0 2 fb4f 0 1 0 0 1 1 0d 1f 3c8c ffff 6 f
4 0 1 16 0 0 330e 1 1 7 7 0 1 00 00 0000 0000 7 f
4 0 0 0a 0 3 c609 0 1 0 0 0 1 00 00 0000 0000 7 f
4 0 1 0c 1 4 7ab4 1 1 0 7 0 1 00 00 0000 0000 8 f
4 0 0 06 0 7 dd23 0 1 0 0 0 1 00 00 0000 0000 8 f
4 0 1 13 0 3 b089 0 1 0 0 0 1 00 00 0000 0000 8 f
4 0 1 01 1 0 60ef 0 1 0 0 0 1 00 00 0000 0000 8 f
4 0 1 0b 1 1 ef06 0 1 0 0 0 1 00 00 0000 0000 8 f
4 0 1 0d 0 0 8bd4 0 1 0 0 1 1 0e 1f ef06 ffff 7 f
4 0 0 1e 1 7 8a41 0 1 0 0 1 1 02 1f a667 ffff 6 f
4 0 0 13 1 6 34d5 0 1 0 0 1 1 18 1f 860e ffff 5 f
4 0 0 11 0 4 5b8e 0 1 0 0 1 1 00 1f 7ab4 ffff 4 f
4 0 0 1b 0 5 7ca7 0 1 0 0 1 1 19 1f 999f ffff 3 f
4 0 1 01 0 7 f89e 1 1 1 7 1 1 01 1f 34d5 ffff 3 f
4 0 0 1a 1 1 de90 0 1 0 0 1 1 16 1f 8a41 ffff 2 f
4 0 1 14 0 7 6976 1 1 2 7 1 1 0c 1f 60ef ffff 2 f
4 0 1 11 1 2 f421 1 1 3 7 1 1 01 1f de90 ffff 2 f
4 0 1 0c 1 3 ed2b 1 1 4 7 1 1 14 1f f421 ffff 2 f
4 0 0 00 1 4 b8ea 0 1 0 0 1 1 11 1f ed2b ffff 1 f
4 0 1 1c 0 4 540b 1 1 5 7 1 1 0c 1f b8ea ffff 1 f
4 0 1 18 1 5 331b 1 1 6 7 0 1 00 00 0000 0000 2 f
4 0 0 13 1 6 8c6b 0 1 0 0 1 1 1c 1f 331b ffff 1 f
4 0 1 09 0 2 1532 1 1 7 7 1 1 18 1f 8c6b ffff 1 f
4 0 1 08 0 4 11cf 1 1 0 7 0 1 00 00 0000 0000 2 f
4 0 0 15 0 2 c344 0 1 0 0 0 1 00 00 0000 0000 2 f
4 0 1 03 0 7 5587 1 1 1 7 0 1 00 00 0000 0000 3 f
4 0 1 1b 1 7 bde0 1 1 2 7 0 1 00 00 0000 0000 4 f
4 0 0 08 0 0 4031 0 1 0 0 1 1 09 1f bde0 ffff 3 f
4 0 0 0b 0 6 0541 0 1 0 0 0 1 00 00 0000 0000 3 f
4 0 0 1e 0 7 7d11 0 1 0 0 0 1 00 00 0000 0000 3 f
4 0 0 16 1 0 f8b5 0 1 0 0 0 1 00 00 0000 0000 3 f
4 0 1 18 1 1 ecbc 1 1 3 7 1 1 08 1f f8b5 ffff 3 f
4 0 0 18 1 3 90e7 0 1 0 0 1 1 03 1f ecbc ffff 2 f
4 0 1 1d 0 4 0d61 1 1 4 7 0 1 00 00 0000 0000 3 f
4 0 1 0f 0 4 cd28 1 1 5 7 0 1 00 00 0000 0000 4 f
4 0 1 1a 1 2 a4e9 1 1 6 7 0 1 00 00 0000 0000 5 f
4 0 1 15 1 5 6945 1 1 7 7 1 1 1b 1f a4e9 ffff 5 f
4 0 1 09 1 7 78bf 1 1 0 7 1 1 18 1f 90e7 ffff 5 f
4 0 1 09 0 7 0b59 1 1 1 7 0 1 00 00 0000 0000 6 f
4 0 0 02 0 0 11e3 0 1 0 0 0 1 00 00 0000 0000 6 f
4 0 0 11 0 3 fcbf 0 1 0 0 0 1 00 00 0000 0000 6 f
4 0 0 0b 0 0 6d63 0 1 0 0 0 1 00 00 0000 0000 6 f
4 0 0 14 1 1 0f5e 0 1 0 0 0 1 00 00 0000 0000 6 f
4 0 0 0d 0 6 485d 0 1 0 0 0 1 00 00 0000 0000 6 f
4 0 1 08 0 1 d4ba 1 1 2 7 0 1 00 00 0000 0000 7 f
4 0 1 17 0 2 f51c 1 1 3 7 0 1 00 00 0000 0000 8 f
4 0 0 09 0 3 4499 0 1 0 0 0 1 00 00 0000 0000 8 f
4 0 1 16 1 6 1232 0 1 0 0 0 1 00 00 0000 0000 8 f
4 0 1 15 0 1 7e77 0 1 0 0 0 1 00 00 0000 0000 8 f
4 0 1 06 1 3 37a2 0 1 0 0 0 1 00 00 0000 0000 8 f
4 0 0 04 0 1 c141 0 1 0 0 0 1 00 00 0000 0000 8 f
4 0 0 05 0 0 8724 0 1 0 0 0 1 00 00 0000 0000 8 f
4 0 1 14 0 6 31ab 0 1 0 0 0 1 00 00 0000 0000 8 f
4 0 0 10 1 4 40d7 0 1 0 0 0 1 00 00 0000 0000 8 f
4 0 0 07 1 2 2a23 0 1 0 0 1 1 1d 1f 40d7 ffff 7 f
4 0 1 1c 0 2 a7cd 1 1 4 7 1 1 0f 1f 6945 ffff 7 f
4 0 1 12 1 0 4717 1 1 5 7 1 1 1a 1f 1232 ffff 7 f
4 0 0 03 0 3 2040 0 1 0 0 1 1 15 1f 78bf ffff 6 f
4 0 0 1a 0 3 80e0 0 1 0 0 1 1 09 1f 4717 ffff 5 f
4 0 1 0b 1 4 3213 1 1 6 7 1 1 09 1f 0f5e ffff 5 f
4 0 0 0c 1 5 2d3a 0 1 0 0 1 1 08 1f 2a23 ffff 4 f
4 0 1 0e 0 6 94a9 1 1 7 7 1 1 17 1f 37a2 ffff 4 f
4 0 0 04 1 6 7e59 0 1 0 0 1 1 1c 1f 3213 ffff 3 f
4 0 1 0e 0 3 534a 1 1 0 7 1 1 12 1f 2d3a ffff 3 f
4 0 1 1f 0 6 2800 1 1 1 7 1 1 0b 1f 7e59 ffff 3 f
4 0 1 10 1 0 cd59 1 1 2 7 0 1 00 00 0000 0000 4 f
4 0 1 15 0 7 454c 1 1 3 7 0 1 00 00 0000 0000 5 f
4 0 1 1c 0 1 bb93 1 1 4 7 0 1 00 00 0000 0000 6 f
4 0 1 18 0 2 8597 1 1 5 7 0 1 00 00 0000 0000 7 f
4 0 1 10 1 3 29b7 1 1 6 7 0 1 00 00 0000 0000 8 f
4 0 1 08 0 6 e1cf 0 1 0 0 0 1 00 00 0000 0000 8 f
4 0 0 18 1 6 b647 0 1 0 0 0 1 00 00 0000 0000 8 f
4 0 1 0c 0 0 e635 0 1 0 0 0 1 00 00 0000 0000 8 f
4 0 0 1e 1 7 96ec 0 1 0 0 0 1 00 00 0000 0000 8 f
4 0 0 0a 1 2 ac79 0 1 0 0 1 1 0e 1f 96ec ffff 7 f
4 0 1 13 0 4 db84 1 1 7 7 1 1 0e 1f cd59 ffff 7 f
4 0 0 08 1 1 8486 0 1 0 0 0 1 00 00 0000 0000 7 f
4 0 0 07 1 7 7017 0 1 0 0 1 1 1f 1f 8486 ffff 6 f
4 0 1 1c 0 6 aec9 1 1 0 7 1 1 10 1f ac79 ffff 6 f
4 0 0 0c 0 7 5c76 0 1 0 0 1 1 15 1f 29b7 ffff 5 f
4 0 1 1d 0 1 1af1 1 1 1 7 0 1 00 00 0000 0000 6 f
4 0 1 18 0 0 f383 1 1 2 7 0 1 00 00 0000 0000 7 f
4 0 1 1f 1 0 5de5 1 1 3 7 0 1 00 00 0000 0000 8 f
4 0 1 0c 1 2 6643 0 1 0 0 0 1 00 00 0000 0000 8 f
4 0 1 10 0 4 bc6e 0 1 0 0 0 1 00 00 0000 0000 8 f
4 0 0 16 0 6 479d 0 1 0 0 0 1 00 00 0000 0000 8 f
4 0 0 16 0 0 50c0 0 1 0 0 0 1 00 00 0000 0000 8 f
4 0 1 14 0 0 17d5 0 1 0 0 0 1 00 00 0000 0000 8 f
4 0 1 14 0 1 c549 0 1 0 0 0 1 00 00 0000 0000 8 f
4 0 1 01 1 1 ec06 0 1 0 0 0 1 00 00 0000 0000 8 f
4 0 1 1b 1 5 4367 0 1 0 0 0 1 00 00 0000 0000 8 f
4 0 1 15 1 4 d1bd 0 1 0 0 0 1 00 00 0000 0000 8 f
4 0 0 07 0 1 f63a 0 1 0 0 1 1 1c 1f d1bd ffff 7 f
4 0 1 0c 1 3 53f4 1 1 4 7 1 1 18 1f 4367 ffff 7 f
4 0 0 13 0 7 fd06 0 1 0 0 1 1 10 1f b647 ffff 6 f
4 0 1 19 0 2 309a 1 1 5 7 1 1 13 1f 7017 ffff 6 f
4 0 0 04 1 4 71f6 0 1 0 0 1 1 1c 1f 5de5 ffff 5 f
4 0 1 0f 1 5 3719 1 1 6 7 1 1 1d 1f ec06 ffff 5 f
4 0 1 1a 1 6 4e93 1 1 7 7 1 1 18 1f 6643 ffff 5 f
4 0 1 1a 1 7 a402 1 1 0 7 1 1 1f 1f 53f4 ffff 5 f
4 0 0 01 1 0 ee1a 0 1 0 0 1 1 0c 1f 71f6 ffff 4 f
4 0 1 1c 0 6 fd9e 1 1 1 7 1 1 19 1f 3719 ffff 4 f
4 0 0 1e 1 1 a478 0 1 0 0 1 1 0f 1f 4e93 ffff 3 f
4 0 0 1c 0 0 0c70 0 1 0 0 1 1 1a 1f a402 ffff 2 f
4 0 1 1d 0 5 6fdc 1 1 2 7 1 1 1a 1f ee1a ffff 2 f
4 0 1 1a 0 1 49d0 1 1 3 7 1 1 1c 1f a478 ffff 2 f
4 0 0 10 0 3 00b4 0 1 0 0 0 1 00 00 0000 0000 2 f
4 0 0 1e 1 2 fd30 0 1 0 0 0 1 00 00 0000 0000 2 f
4 0 1 01 1 3 6b4d 1 1 4 7 1 1 1d 1f fd30 ffff 2 f
4 0 1 0d 0 2 826d 1 1 5 7 1 1 1a 1f 6b4d ffff 2 f
4 0 1 1b 0 7 1a9a 1 1 6 7 0 1 00 00 0000 0000 3 f
4 0 0 1a 1 4 472a 0 1 0 0 0 1 00 00 0000 0000 3 f
4 0 0 0f 0 0 2d9f 0 1 0 0 1 1 01 1f 472a ffff 2 f
4 0 1 0d 1 6 d5bb 1 1 7 7 0 1 00 00 0000 0000 3 f
4 0 1 13 0 1 2932 1 1 0 7 0 1 00 00 0000 0000 4 f
4 0 0 1e 1 7 f0b2 0 1 0 0 0 1 00 00 0000 0000 4 f
4 0 0 08 1 0 17ea 0 1 0 0 0 1 00 00 0000 0000 4 f
4 0 0 0c 0 0 90f9 0 1 0 0 0 1 00 00 0000 0000 4 f
4 0 0 0e 1 5 4901 0 1 0 0 0 1 00 00 0000 0000 4 f
4 0 0 17 0 3 e189 0 1 0 0 1 1 0d 1f 4901 ffff 3 f
4 0 1 0d 0 1 22af 1 1 1 7 1 1 1b 1f d5bb ffff 3 f
4 0 1 07 1 1 1729 1 1 2 7 1 1 0d 1f f0b2 ffff 3 f
4 0 0 03 1 2 fda1 0 1 0 0 1 1 13 1f 17ea ffff 2 f
4 0 1 03 0 3 894b 1 1 3 7 1 1 0d 1f 1729 ffff 2 f
4 0 1 16 0 6 98c7 1 1 4 7 1 1 07 1f fda1 ffff 2 f
4 0 1 1d 1 3 2705 1 1 5 7 0 1 00 00 0000 0000 3 f
4 0 1 15 0 2 eaf1 1 1 6 7 1 1 03 1f 2705 ffff 3 f
4 0 1 1a 0 3 4c8f 1 1 7 7 0 1 00 00 0000 0000 4 f
4 0 0 16 0 3 6c42 0 1 0 0 0 1 00 00 0000 0000 4 f
4 0 0 19 0 4 c56d 0 1 0 0 0 1 00 00 0000 0000 4 f
4 0 0 08 1 6 b34e 0 1 0 0 0 1 00 00 0000 0000 4 f
4 0 0 0d 0 5 d633 0 1 0 0 0 1 00 00 0000 0000 4 f
4 0 1 17 0 6 ad26 1 1 0 7 0 1 00 00 0000 0000 5 f
4 0 1 1a 1 4 95d3 1 1 1 7 0 1 00 00 0000 0000 6 f
4 0 1 03 0 3 4641 1 1 2 7 1 1 16 1f 95d3 ffff 6 f
4 0 1 0b 1 0 be1e 1 1 3 7 0 1 00 00 0000 0000 7 f
4 0 1 09 0 2 8ebe 1 1 4 7 0 1 00 00 0000 0000 8 f
4 0 0 0d 1 4 33b0 0 1 0 0 0 1 00 00 0000 0000 8 f
4 0 1 0e 0 5 bd2c 0 1 0 0 0 1 00 00 0000 0000 8 f
4 0 1 10 0 3 41dc 0 1 0 0 0 1 00 00 0000 0000 8 f
4 0 1 16 0 1 4fef 0 1 0 0 0 1 00 00 0000 0000 8 f
4 0 0 0e 1 7 fa6a 0 1 0 0 0 1 00 00 0000 0000 8 f
4 0 0 03 0 5 6cd4 0 1 0 0 0 1 00 00 0000 0000 8 f
4 0 0 0f 0 1 5f48 0 1 0 0 0 1 00 00 0000 0000 8 f
4 0 1 12 1 1 c7b7 0 1 0 0 0 1 00 00 0000 0000 8 f
4 0 1 0a 1 3 ebed 0 1 0 0 0 1 00 00 0000 0000 8 f
4 0 1 14 1 2 f6dd 0 1 0 0 0 1 00 00 0000 0000 8 f
4 0 0 1a 1 5 2b84 0 1 0 0 0 1 00 00 0000 0000 8 f
4 0 1 11 0 1 4549 0 1 0 0 1 1 1d 1f 2b84 ffff 7 f
4 0 1 0f 0 1 4246 1 1 5 7 1 1 15 1f b34e ffff 7 f
4 0 1 1c 1 5 6c79 1 1 6 7 1 1 1a 1f fa6a ffff 7 f
4 0 0 16 0 1 d0b0 0 1 0 0 1 1 17 1f be1e ffff 6 f
4 0 1 0d 0 4 070b 1 1 7 7 1 1 1a 1f c7b7 ffff 6 f
4 0 0 0c 0 2 afc3 0 1 0 0 1 1 03 1f f6dd ffff 5 f
4 0 1 04 1 6 7cc9 1 1 0 7 1 1 0b 1f ebed ffff 5 f
4 0 1 13 0 2 4589 1 1 1 7 1 1 09 1f 33b0 ffff 5 f
4 0 0 1a 1 1 52ca 0 1 0 0 1 1 0f 1f 6c79 ffff 4 f
4 0 0 00 1 7 5560 0 1 0 0 1 1 1c 1f 7cc9 ffff 3 f
4 0 1 15 1 0 3266 1 1 2 7 1 1 0d 1f 5560 ffff 3 f
4 0 1 14 1 2 76f9 1 1 3 7 1 1 04 1f 3266 ffff 3 f
4 0 0 14 1 3 354f 0 1 0 0 1 1 13 1f 52ca ffff 2 f
4 0 1 0c 0 2 3136 1 1 4 7 1 1 15 1f 76f9 ffff 2 f
4 0 0 1a 1 4 3c38 0 1 0 0 1 1 14 1f 354f ffff 1 f
4 0 1 19 0 2 5fe8 1 1 5 7 1 1 0c 1f 3c38 ffff 1 f
4 0 0 12 1 5 491a 0 1 0 0 0 1 00 00 0000 0000 1 f
4 0 1 00 0 0 c8be 1 1 6 7 1 1 19 1f 491a ffff 1 f
4 0 1 0b 1 6 96fc 1 1 7 7 0 1 00 00 0000 0000 2 f
4 0 1 0e 0 4 7fae 1 1 0 7 1 1 00 1f 96fc ffff 2 f
4 0 1 11 1 7 835c 1 1 1 7 0 1 00 00 0000 0000 3 f
4 0 1 19 1 0 6a22 1 1 2 7 1 1 0b 1f 835c ffff 3 f
4 0 0 14 1 1 4b77 0 1 0 0 1 1 0e 1f 6a22 ffff 2 f
4 0 1 1b 0 1 dee0 1 1 3 7 1 1 11 1f 4b77 ffff 2 f
4 0 0 1c 0 3 cfb8 0 1 0 0 0 1 00 00 0000 0000 2 f
4 0 1 05 0 3 4744 1 1 4 7 0 1 00 00 0000 0000 3 f
4 0 1 14 1 2 dcfb 1 1 5 7 0 1 00 00 0000 0000 4 f
4 0 1 0c 1 3 f963 1 1 6 7 1 1 19 1f dcfb ffff 4 f
4 0 1 16 1 5 66ff 1 1 7 7 1 1 1b 1f f963 ffff 4 f
4 0 1 15 1 4 af9e 1 1 0 7 0 1 00 00 0000 0000 5 f
4 0 1 1d 1 0 4d71 1 1 1 7 1 1 05 1f af9e ffff 5 f
4 0 0 02 1 7 6283 0 1 0 0 1 1 14 1f 66ff ffff 4 f
4 0 1 0e 0 1 5d75 1 1 2 7 0 1 00 00 0000 0000 5 f
4 0 0 09 0 7 53e3 0 1 0 0 0 1 00 00 0000 0000 5 f
4 0 1 19 1 6 ba4e 1 1 3 7 0 1 00 00 0000 0000 6 f
4 0 0 1c 1 2 07fa 0 1 0 0 1 1 0c 1f ba4e ffff 5 f
4 0 0 1c 1 3 7382 0 1 0 0 1 1 16 1f 6283 ffff 4 f
4 0 1 0e 1 1 c83f 1 1 4 7 1 1 15 1f 4d71 ffff 4 f
4 0 1 01 1 4 ff6b 1 1 5 7 1 1 1d 1f c83f ffff 4 f
4 0 0 06 1 5 5b09 0 1 0 0 1 1 0e 1f 07fa ffff 3 f
4 0 1 1e 0 2 9181 1 1 6 7 1 1 19 1f 7382 ffff 3 f
4 0 1 17 1 6 0b5c 1 1 7 7 1 1 0e 1f ff6b ffff 3 f
4 0 1 1c 1 7 bc37 1 1 0 7 1 1 01 1f 5b09 ffff 3 f
4 0 1 17 0 0 fba1 1 1 1 7 1 1 1e 1f 0b5c ffff 3 f
4 0 1 12 1 0 0bce 1 1 2 7 1 1 17 1f bc37 ffff 3 f
4 0 0 13 1 1 d069 0 1 0 0 1 1 1c 1f 0bce ffff 2 f
4 0 0 1d 1 2 3b63 0 1 0 0 1 1 17 1f d069 ffff 1 f
4 0 1 06 0 5 1f0f 1 1 3 7 1 1 12 1f 3b63 ffff 1 f
4 0 1 1f 0 0 8ab1 1 1 4 7 0 1 00 00 0000 0000 2 f
4 0 0 0b 1 3 e423 0 1 0 0 0 1 00 00 0000 0000 2 f
4 0 1 08 1 4 abeb 1 1 5 7 1 1 06 1f e423 ffff 2 f
4 0 1 18 0 1 aefa 1 1 6 7 1 1 1f 1f abeb ffff 2 f
4 0 0 05 0 3 33ce 0 1 0 0 0 1 00 00 0000 0000 2 f
4 0 0 0a 1 5 9838 0 1 0 0 0 1 00 00 0000 0000 2 f
4 0 1 1d 1 6 95dc 1 1 7 7 1 1 08 1f 9838 ffff 2 f
4 0 0 1e 1 7 b25e 0 1 0 0 1 1 18 1f 95dc ffff 1 f
4 0 1 10 0 4 bc01 1 1 0 7 1 1 1d 1f b25e ffff 1 f
4 0 1 1a 0 5 d85f 1 1 1 7 0 1 00 00 0000 0000 2 f
4 0 0 02 0 5 97ac 0 1 0 0 0 1 00 00 0000 0000 2 f
4 0 0 16 1 0 39fd 0 1 0 0 0 1 00 00 0000 0000 2 f
4 0 1 1e 1 1 f7d2 1 1 2 7 1 1 10 1f 39fd ffff 2 f
4 0 0 1e 1 2 b2a3 0 1 0 0 1 1 1a 1f f7d2 ffff 1 f
4 0 1 0a 0 1 74af 1 1 3 7 1 1 1e 1f b2a3 ffff 1 f
4 0 0 07 1 3 5a63 0 1 0 0 0 1 00 00 0000 0000 1 f
4 0 0 00 0 6 174a 0 1 0 0 1 1 0a 1f 5a63 ffff 0 f
4 0 0 01 0 1 3512 0 1 0 0 0 1 00 00 0000 0000 0 f
4 0 0 05 0 1 6a70 0 1 0 0 0 1 00 00 0000 0000 0 f
4 0 1 0f 0 1 3077 1 1 4 7 0 1 00 00 0000 0000 1 f
4 0 0 1c 1 4 ab02 0 1 0 0 0 1 00 00 0000 0000 1 f
4 0 1 01 0 1 af9b 1 1 5 7 1 1 0f 1f ab02 ffff 1 f
4 0 1 1c 1 5 6275 1 1 6 7 0 1 00 00 0000 0000 2 f
4 0 1 17 1 6 a81d 1 1 7 7 1 1 01 1f 6275 ffff 2 f
4 0 1 13 1 7 ac7b 1 1 0 7 1 1 1c 1f a81d ffff 2 f
4 0 0 14 1 0 9cef 0 1 0 0 1 1 17 1f ac7b ffff 1 f
4 0 1 1a 0 7 9b40 1 1 1 7 1 1 13 1f 9cef ffff 1 f
4 0 1 04 1 1 d42e 1 1 2 7 0 1 00 00 0000 0000 2 f
4 0 1 09 1 2 2441 1 1 3 7 1 1 1a 1f d42e ffff 2 f
4 0 0 0c 0 3 c265 0 1 0 0 1 1 04 1f 2441 ffff 1 f
4 0 1 07 1 3 efe2 1 1 4 7 0 1 00 00 0000 0000 2 f
4 0 1 1a 0 2 38b3 1 1 5 7 1 1 09 1f efe2 ffff 2 f
4 0 1 14 0 5 0a5f 1 1 6 7 0 1 00 00 0000 0000 3 f
4 0 1 12 0 7 3fe8 1 1 7 7 0 1 00 00 0000 0000 4 f
4 0 1 19 0 4 f22c 1 1 0 7 0 1 00 00 0000 0000 5 f
4 0 0 12 0 5 1821 0 1 0 0 0 1 00 00 0000 0000 5 f
4 0 1 04 0 3 16d1 1 1 1 7 0 1 00 00 0000 0000 6 f
4 0 0 1b 0 1 2202 0 1 0 0 0 1 00 00 0000 0000 6 f
4 0 0 02 1 1 4040 0 1 0 0 0 1 00 00 0000 0000 6 f
4 0 1 0f 1 5 9cf3 1 1 2 7 0 1 00 00 0000 0000 7 f
4 0 1 08 0 6 e77a 1 1 3 7 0 1 00 00 0000 0000 8 f
4 0 1 1c 0 7 cf2d 0 1 0 0 0 1 00 00 0000 0000 8 f
4 0 0 0a 0 2 d5db 0 1 0 0 0 1 00 00 0000 0000 8 f
4 0 1 06 0 1 78df 0 1 0 0 0 1 00 00 0000 0000 8 f
4 0 1 11 0 1 b477 0 1 0 0 0 1 00 00 0000 0000 8 f
4 0 1 05 0 5 bda0 0 1 0 0 0 1 00 00 0000 0000 8 f
4 0 0 0d 1 3 f444 0 1 0 0 0 1 00 00 0000 0000 8 f
4 0 1 09 1 2 ecb0 0 1 0 0 0 1 00 00 0000 0000 8 f
4 0 0 09 1 0 d2ee 0 1 0 0 0 1 00 00 0000 0000 8 f
4 0 1 0a 1 4 9c76 0 1 0 0 0 1 00 00 0000 0000 8 f
4 0 1 07 0 6 ba03 0 1 0 0 1 1 07 1f 9c76 ffff 7 f
4 0 1 13 1 7 afa9 1 1 4 7 1 1 1a 1f 9cf3 ffff 7 f
4 0 1 1a 1 4 968d 1 1 5 7 0 1 00 00 0000 0000 8 f
4 0 1 11 1 5 7caf 0 1 0 0 0 1 00 00 0000 0000 8 f
4 0 1 09 0 5 35d2 0 1 0 0 0 1 00 00 0000 0000 8 f
4 0 1 1c 1 6 013a 0 1 0 0 0 1 00 00 0000 0000 8 f
4 0 0 1e 0 1 88a9 0 1 0 0 1 1 14 1f 013a ffff 7 f
4 0 1 08 0 5 61a3 1 1 6 7 1 1 12 1f afa9 ffff 7 f
4 0 0 03 1 6 ac91 0 1 0 0 1 1 19 1f d2ee ffff 6 f
4 0 1 1d 0 7 187f 1 1 7 7 1 1 04 1f 4040 ffff 6 f
4 0 1 0b 1 7 418c 1 1 0 7 1 1 0f 1f ecb0 ffff 6 f
4 0 1 04 1 0 3ef6 1 1 1 7 1 1 08 1f f444 ffff 6 f
4 0 1 10 0 6 8b16 1 1 2 7 1 1 13 1f 968d ffff 6 f
4 0 0 1c 0 7 1bdd 0 1 0 0 1 1 1a 1f 7caf ffff 5 f
4 0 1 07 1 2 6b0e 1 1 3 7 1 1 08 1f ac91 ffff 5 f
4 0 0 0c 1 3 61ba 0 1 0 0 1 1 1d 1f 418c ffff 4 f
4 0 0 0e 1 1 a8f9 0 1 0 0 1 1 0b 1f 3ef6 ffff 3 f
4 0 1 14 0 6 66f3 1 1 4 7 1 1 04 1f a8f9 ffff 3 f
4 0 1 15 1 4 2fd5 1 1 5 7 1 1 10 1f 6b0e ffff 3 f
4 0 0 0d 1 5 9195 0 1 0 0 1 1 07 1f 61ba ffff 2 f
4 0 0 1c 0 3 2936 0 1 0 0 1 1 14 1f 2fd5 ffff 1 f
4 0 1 02 0 7 fbe8 1 1 6 7 1 1 15 1f 9195 ffff 1 f
4 0 0 0a 0 5 9f4d 0 1 0 0 0 1 00 00 0000 0000 1 f
4 0 1 19 1 6 564e 1 1 7 7 0 1 00 00 0000 0000 2 f
4 0 0 18 1 7 a359 0 1 0 0 1 1 02 1f 564e ffff 1 f
4 0 1 0d 0 4 8e72 1 1 0 7 1 1 19 1f a359 ffff 1 f
4 0 0 1e 0 2 03d0 0 1 0 0 0 1 00 00 0000 0000 1 f
4 0 1 14 1 0 80ec 1 1 1 7 0 1 00 00 0000 0000 2 f
4 0 0 0f 0 5 954a 0 1 0 0 1 1 0d 1f 80ec ffff 1 f
4 0 1 03 1 1 5595 1 1 2 7 0 1 00 00 0000 0000 2 f
4 0 0 03 1 2 e1f2 0 1 0 0 1 1 14 1f 5595 ffff 1 f
4 0 1 18 0 2 55ef 1 1 3 7 1 1 03 1f e1f2 ffff 1 f
4 0 1 0a 1 3 c343 1 1 4 7 0 1 00 00 0000 0000 2 f
4 0 0 1c 1 4 1715 0 1 0 0 1 1 18 1f c343 ffff 1 f
4 0 1 0c 0 0 1012 1 1 5 7 1 1 0a 1f 1715 ffff 1 f
4 0 1 10 0 6 48e1 1 1 6 7 0 1 00 00 0000 0000 2 f
4 0 0 13 1 6 689b 0 1 0 0 0 1 00 00 0000 0000 2 f
4 0 1 08 1 5 7cc6 1 1 7 7 0 1 00 00 0000 0000 3 f
4 0 1 1e 1 7 308b 1 1 0 7 1 1 0c 1f 7cc6 ffff 3 f
4 0 0 1c 0 3 f924 0 1 0 0 1 1 10 1f 689b ffff 2 f
4 0 1 14 1 0 ab5c 1 1 1 7 1 1 08 1f 308b ffff 2 f
4 0 1 16 0 5 be4a 1 1 2 7 1 1 1e 1f ab5c ffff 2 f
4 0 1 15 1 2 5f11 1 1 3 7 0 1 00 00 0000 0000 3 f
4 0 1 16 0 2 55a7 1 1 4 7 0 1 00 00 0000 0000 4 f
4 0 0 12 1 1 06f0 0 1 0 0 0 1 00 00 0000 0000 4 f
4 0 1 18 0 1 60b7 1 1 5 7 1 1 14 1f 06f0 ffff 4 f
4 0 1 16 1 5 49cf 1 1 6 7 1 1 16 1f 5f11 ffff 4 f
4 0 1 05 0 4 aa04 1 1 7 7 0 1 00 00 0000 0000 5 f
4 0 0 0f 1 3 c7ac 0 1 0 0 0 1 00 00 0000 0000 5 f
4 0 1 02 1 6 3f81 1 1 0 7 1 1 15 1f c7ac ffff 5 f
4 0 1 06 0 2 3b09 1 1 1 7 0 1 00 00 0000 0000 6 f
4 0 1 1a 1 1 af61 1 1 2 7 0 1 00 00 0000 0000 7 f
4 0 0 0a 0 3 d7de 0 1 0 0 0 1 00 00 0000 0000 7 f
4 0 1 03 1 0 5169 1 1 3 7 0 1 00 00 0000 0000 8 f
4 0 0 09 0 3 3f24 0 1 0 0 0 1 00 00 0000 0000 8 f
4 0 0 15 1 4 61b5 0 1 0 0 0 1 00 00 0000 0000 8 f
4 0 1 1a 0 3 2c9a 0 1 0 0 1 1 16 1f 61b5 ffff 7 f
4 0 1 08 1 7 877a 1 1 4 7 1 1 18 1f 49cf ffff 7 f
4 0 0 0d 1 2 5ec9 0 1 0 0 1 1 16 1f 3f81 ffff 6 f
4 0 0 04 0 7 cec4 0 1 0 0 1 1 05 1f 877a ffff 5 f
4 0 0 12 1 3 653b 0 1 0 0 1 1 02 1f 5169 ffff 4 f
4 0 0 09 0 6 e6f7 0 1 0 0 1 1 06 1f af61 ffff 3 f
4 0 1 08 1 4 4a8b 1 1 5 7 1 1 1a 1f 5ec9 ffff 3 f
4 0 1 1c 0 0 a11e 1 1 6 7 1 1 03 1f 653b ffff 3 f
4 0 1 1b 0 3 ea2d 1 1 7 7 1 1 08 1f 4a8b ffff 3 f
4 0 1 1e 0 0 336c 1 1 0 7 0 1 00 00 0000 0000 4 f
4 0 1 0d 0 5 61c3 1 1 1 7 0 1 00 00 0000 0000 5 f
4 0 1 18 0 1 800c 1 1 2 7 0 1 00 00 0000 0000 6 f
4 0 1 14 1 2 386a 1 1 3 7 0 1 00 00 0000 0000 7 f
4 0 1 0a 0 2 e7a6 1 1 4 7 0 1 00 00 0000 0000 8 f
4 0 1 0c 0 6 1671 0 1 0 0 0 1 00 00 0000 0000 8 f
4 0 0 06 1 7 caa4 0 1 0 0 0 1 00 00 0000 0000 8 f
4 0 1 02 1 6 26d2 0 1 0 0 0 1 00 00 0000 0000 8 f
4 0 1 04 1 4 8ad9 0 1 0 0 0 1 00 00 0000 0000 8 f
4 0 1 18 0 7 7d86 0 1 0 0 0 1 00 00 0000 0000 8 f
4 0 1 1a 0 7 0883 0 1 0 0 0 1 00 00 0000 0000 8 f
4 0 0 14 0 2 20b9 0 1 0 0 0 1 00 00 0000 0000 8 f
4 0 1 14 1 3 fd80 0 1 0 0 0 1 00 00 0000 0000 8 f
4 0 0 0b 0 2 1f68 0 1 0 0 0 1 00 00 0000 0000 8 f
4 0 0 09 0 6 3cc9 0 1 0 0 0 1 00 00 0000 0000 8 f
4 0 0 1f 0 6 9ac1 0 1 0 0 0 1 00 00 0000 0000 8 f
4 0 1 1c 1 1 c960 0 1 0 0 0 1 00 00 0000 0000 8 f
4 0 1 19 1 0 a355 0 1 0 0 0 1 00 00 0000 0000 8 f
4 0 1 1a 0 7 f287 0 1 0 0 0 1 00 00 0000 0000 8 f
4 0 1 18 0 7 b52d 0 1 0 0 0 1 00 00 0000 0000 8 f
4 0 1 18 1 5 5523 0 1 0 0 0 1 00 00 0000 0000 8 f
4 0 0 18 0 2 0afe 0 1 0 0 1 1 08 1f 5523 ffff 7 f
4 0 1 0a 0 0 2fb5 1 1 5 7 1 1 1c 1f 26d2 ffff 7 f
4 0 0 1e 1 5 9373 0 1 0 0 1 1 1b 1f caa4 ffff 6 f
4 0 1 00 0 7 b764 1 1 6 7 1 1 1e 1f a355 ffff 6 f
4 0 1 0d 0 1 2c20 1 1 7 7 1 1 0d 1f c960 ffff 6 f
4 0 1 13 0 3 408e 1 1 0 7 1 1 18 1f 386a ffff 6 f
4 0 1 15 0 2 d800 1 1 1 7 1 1 14 1f fd80 ffff 6 f
4 0 0 1c 1 1 5937 0 1 0 0 1 1 0a 1f 8ad9 ffff 5 f
4 0 0 1a 0 3 cc95 0 1 0 0 1 1 0a 1f 9373 ffff 4 f
4 0 1 1c 0 2 9747 1 1 2 7 0 1 00 00 0000 0000 5 f
4 0 1 13 0 3 36ae 1 1 3 7 0 1 00 00 0000 0000 6 f
4 0 1 1d 0 6 76fa 1 1 4 7 0 1 00 00 0000 0000 7 f
4 0 1 10 0 2 2d68 1 1 5 7 0 1 00 00 0000 0000 8 f
4 0 1 1d 1 5 6866 0 1 0 0 0 1 00 00 0000 0000 8 f
4 0 1 12 0 6 1035 0 1 0 0 0 1 00 00 0000 0000 8 f
4 0 0 05 1 3 0533 0 1 0 0 0 1 00 00 0000 0000 8 f
4 0 1 1a 1 2 4608 0 1 0 0 0 1 00 00 0000 0000 8 f
4 0 1 1a 0 0 7681 0 1 0 0 0 1 00 00 0000 0000 8 f
4 0 1 0e 1 6 620e 0 1 0 0 0 1 00 00 0000 0000 8 f
4 0 0 00 1 0 f0fd 0 1 0 0 1 1 00 1f 620e ffff 7 f
4 0 0 07 0 6 8cba 0 1 0 0 0 1 00 00 0000 0000 7 f
4 0 1 07 0 1 c194 1 1 6 7 0 1 00 00 0000 0000 8 f
4 0 0 1f 0 2 1fba 0 1 0 0 0 1 00 00 0000 0000 8 f
4 0 1 18 1 4 8190 0 1 0 0 0 1 00 00 0000 0000 8 f
4 0 1 18 1 6 4e49 0 1 0 0 0 1 00 00 0000 0000 8 f
4 0 0 1a 1 7 35c9 0 1 0 0 0 1 00 00 0000 0000 8 f
4 0 0 16 0 3 7887 0 1 0 0 1 1 0d 1f 35c9 ffff 7 f
4 0 1 05 0 7 0290 1 1 7 7 1 1 13 1f f0fd ffff 7 f
4 0 1 04 1 7 6065 1 1 0 7 1 1 15 1f 5937 ffff 7 f
4 0 1 12 0 2 be65 1 1 1 7 1 1 1c 1f 4608 ffff 7 f
4 0 1 19 0 0 6b45 1 1 2 7 1 1 13 1f 0533 ffff 7 f
4 0 1 08 1 1 9555 1 1 3 7 1 1 1d 1f 8190 ffff 7 f
4 0 1 12 1 0 902b 1 1 4 7 1 1 10 1f 6866 ffff 7 f
4 0 1 1b 1 4 7fe4 1 1 5 7 1 1 07 1f 4e49 ffff 7 f
4 0 0 07 1 3 95a9 0 1 0 0 1 1 05 1f 6065 ffff 6 f
4 0 0 15 0 7 56e5 0 1 0 0 1 1 04 1f 902b ffff 5 f
4 0 1 1d 1 5 b3b5 1 1 6 7 1 1 12 1f 9555 ffff 5 f
4 0 1 0a 0 0 4cfa 1 1 7 7 0 1 00 00 0000 0000 6 f
4 0 0 0e 0 6 7c9c 0 1 0 0 0 1 00 00 0000 0000 6 f
4 0 1 00 0 0 57b9 1 1 0 7 0 1 00 00 0000 0000 7 f
4 0 1 1f 0 3 6a55 1 1 1 7 0 1 00 00 0000 0000 8 f
4 0 1 0b 0 3 63fd 0 1 0 0 0 1 00 00 0000 0000 8 f
4 0 1 1b 0 0 98f5 0 1 0 0 0 1 00 00 0000 0000 8 f
4 0 1 05 0 2 df5a 0 1 0 0 0 1 00 00 0000 0000 8 f
4 0 0 10 1 6 8016 0 1 0 0 0 1 00 00 0000 0000 8 f
4 0 0 14 1 1 2ab3 0 1 0 0 0 1 00 00 0000 0000 8 f
4 0 1 0c 0 7 e38e 0 1 0 0 0 1 00 00 0000 0000 8 f
4 0 0 11 1 0 51b7 0 1 0 0 0 1 00 00 0000 0000 8 f
4 0 1 0d 1 7 fd92 0 1 0 0 0 1 00 00 0000 0000 8 f
4 0 0 1a 0 5 6a5b 0 1 0 0 0 1 00 00 0000 0000 8 f
4 0 1 06 0 5 2b71 0 1 0 0 0 1 00 00 0000 0000 8 f
4 0 0 04 1 2 29e5 0 1 0 0 0 1 00 00 0000 0000 8 f
4 0 1 09 0 5 1847 0 1 0 0 1 1 19 1f 29e5 ffff 7 f
4 0 1 0d 0 7 86a1 1 1 2 7 1 1 08 1f 95a9 ffff 7 f
4 0 1 19 0 7 765a 1 1 3 7 1 1 12 1f 7fe4 ffff 7 f
4 0 1 1a 1 2 91e7 1 1 4 7 1 1 1b 1f b3b5 ffff 7 f
4 0 1 09 0 4 15ac 1 1 5 7 1 1 1d 1f 8016 ffff 7 f
4 0 1 19 1 5 e0ed 1 1 6 7 1 1 0a 1f fd92 ffff 7 f
4 0 0 10 1 3 b965 0 1 0 0 1 1 00 1f 51b7 ffff 6 f
4 0 1 10 0 5 5c99 1 1 7 7 1 1 1f 1f 2ab3 ffff 6 f
4 0 1 0e 1 7 6c56 1 1 0 7 1 1 0d 1f 91e7 ffff 6 f
4 0 0 00 0 7 f948 0 1 0 0 1 1 19 1f b965 ffff 5 f
4 0 1 17 0 3 ba13 1 1 1 7 0 1 00 00 0000 0000 6 f
4 0 1 05 1 1 3aa7 1 1 2 7 0 1 00 00 0000 0000 7 f
4 0 0 04 1 4 8efb 0 1 0 0 0 1 00 00 0000 0000 7 f
4 0 1 17 0 5 dbd3 1 1 3 7 1 1 1a 1f 8efb ffff 7 f
4 0 0 02 0 5 be5b 0 1 0 0 1 1 09 1f e0ed ffff 6 f
4 0 0 07 1 3 3912 0 1 0 0 0 1 00 00 0000 0000 6 f
4 0 0 0a 0 0 1dbd 0 1 0 0 0 1 00 00 0000 0000 6 f
4 0 0 13 0 7 700c 0 1 0 0 0 1 00 00 0000 0000 6 f
4 0 0 19 0 2 bf93 0 1 0 0 0 1 00 00 0000 0000 6 f
4 0 1 14 0 0 e606 1 1 4 7 0 1 00 00 0000 0000 7 f
4 0 0 10 0 0 6b7b 0 1 0 0 0 1 00 00 0000 0000 7 f
4 0 0 0c 1 0 1c92 0 1 0 0 0 1 00 00 0000 0000 7 f
4 0 1 1d 0 0 8d3d 1 1 5 7 0 1 00 00 0000 0000 8 f
4 0 0 0e 0 2 7a37 0 1 0 0 0 1 00 00 0000 0000 8 f
4 0 1 00 0 1 6776 0 1 0 0 0 1 00 00 0000 0000 8 f
4 0 1 02 1 4 d64d 0 1 0 0 0 1 00 00 0000 0000 8 f
4 0 1 1d 0 3 e37f 0 1 0 0 0 1 00 00 0000 0000 8 f
4 0 1 0e 1 5 d30a 0 1 0 0 0 1 00 00 0000 0000 8 f
4 0 1 1e 1 6 44c1 0 1 0 0 0 1 00 00 0000 0000 8 f
4 0 0 0d 1 2 31e3 0 1 0 0 1 1 19 1f 44c1 ffff 7 f
4 0 1 1b 0 7 bc60 1 1 6 7 1 1 10 1f 6c56 ffff 7 f
4 0 1 11 1 6 6748 1 1 7 7 1 1 0e 1f 1c92 ffff 7 f
4 0 0 10 0 2 a900 0 1 0 0 1 1 17 1f 3aa7 ffff 6 f
4 0 1 1a 0 2 44e6 1 1 0 7 1 1 05 1f 31e3 ffff 6 f
4 0 1 06 1 7 c1a6 1 1 1 7 1 1 17 1f 3912 ffff 6 f
4 0 0 0b 1 0 ec64 0 1 0 0 1 1 14 1f d64d ffff 5 f
4 0 0 0f 1 1 8104 0 1 0 0 1 1 1d 1f d30a ffff 4 f
4 0 1 18 0 2 b858 1 1 2 7 1 1 1b 1f 6748 ffff 4 f
4 0 0 1e 1 2 12ae 0 1 0 0 1 1 11 1f c1a6 ffff 3 f
4 0 0 0c 0 1 10ab 0 1 0 0 1 1 1a 1f ec64 ffff 2 f
4 0 1 12 0 0 5b21 1 1 3 7 1 1 06 1f 8104 ffff 2 f
4 0 1 18 0 3 dd3d 1 1 4 7 1 1 18 1f 12ae ffff 2 f
4 0 0 01 0 6 69c0 0 1 0 0 0 1 00 00 0000 0000 2 f
4 0 1 00 1 4 fb8d 1 1 5 7 0 1 00 00 0000 0000 3 f
4 0 1 03 0 6 a7e5 1 1 6 7 0 1 00 00 0000 0000 4 f
4 0 0 14 0 3 984a 0 1 0 0 0 1 00 00 0000 0000 4 f
4 0 1 1f 0 3 c4cb 1 1 7 7 0 1 00 00 0000 0000 5 f
4 0 1 0b 1 7 86a6 1 1 0 7 0 1 00 00 0000 0000 6 f
4 0 1 0f 1 0 d934 1 1 1 7 0 1 00 00 0000 0000 7 f
4 0 0 0e 0 7 2f3b 0 1 0 0 0 1 00 00 0000 0000 7 f
4 0 1 0d 0 6 35e3 1 1 2 7 0 1 00 00 0000 0000 8 f
4 0 1 11 1 5 c2e0 0 1 0 0 0 1 00 00 0000 0000 8 f
4 0 0 19 1 1 decf 0 1 0 0 0 1 00 00 0000 0000 8 f
4 0 0 07 1 3 8207 0 1 0 0 0 1 00 00 0000 0000 8 f
4 0 1 13 0 0 7ac0 0 1 0 0 1 1 12 1f 8207 ffff 7 f
4 0 0 01 0 2 2dbf 0 1 0 0 1 1 18 1f fb8d ffff 6 f
4 0 0 1a 1 6 2b54 0 1 0 0 1 1 00 1f c2e0 ffff 5 f
4 0 1 0f 1 2 9f38 1 1 3 7 1 1 03 1f 2b54 ffff 5 f
4 0 1 0a 0 1 9b29 1 1 4 7 1 1 1f 1f 86a6 ffff 5 f
4 0 1 09 0 6 10ec 1 1 5 7 1 1 0b 1f d934 ffff 5 f
4 0 0 0a 0 5 1f02 0 1 0 0 1 1 0f 1f decf ffff 4 f
4 0 0 13 0 5 25f4 0 1 0 0 1 1 0d 1f 9f38 ffff 3 f
4 0 1 06 0 7 5401 1 1 6 7 0 1 00 00 0000 0000 4 f
4 0 1 00 0 5 7163 1 1 7 7 0 1 00 00 0000 0000 5 f
4 0 1 17 0 1 2d76 1 1 0 7 0 1 00 00 0000 0000 6 f
4 0 0 1a 0 0 17a6 0 1 0 0 0 1 00 00 0000 0000 6 f
4 0 0 1a 1 5 24a3 0 1 0 0 0 1 00 00 0000 0000 6 f
4 0 1 0d 0 4 7915 1 1 1 7 0 1 00 00 0000 0000 7 f
4 0 1 19 0 1 83e9 1 1 2 7 0 1 00 00 0000 0000 8 f
4 0 0 15 1 0 c14f 0 1 0 0 0 1 00 00 0000 0000 8 f
4 0 1 02 0 0 a627 0 1 0 0 0 1 00 00 0000 0000 8 f
4 0 1 13 0 4 91f0 0 1 0 0 0 1 00 00 0000 0000 8 f
4 0 0 0b 0 0 b3c0 0 1 0 0 0 1 00 00 0000 0000 8 f
4 0 1 1c 0 1 044c 0 1 0 0 0 1 00 00 0000 0000 8 f
4 0 1 10 0 0 2fda 0 1 0 0 0 1 00 00 0000 0000 8 f
4 0 0 18 1 2 b074 0 1 0 0 0 1 00 00 0000 0000 8 f
4 0 1 14 0 7 62cf 0 1 0 0 0 1 00 00 0000 0000 8 f
4 0 1 07 1 3 33d5 0 1 0 0 0 1 00 00 0000 0000 8 f
4 0 1 00 1 6 3806 0 1 0 0 1 1 0f 1f 33d5 ffff 7 f
4 0 1 01 1 1 4e79 1 1 3 7 0 1 00 00 0000 0000 8 f
4 0 1 14 0 5 6f24 0 1 0 0 0 1 00 00 0000 0000 8 f
4 0 0 09 1 7 3314 0 1 0 0 0 1 00 00 0000 0000 8 f
4 0 1 16 1 3 8610 0 1 0 0 0 1 00 00 0000 0000 8 f
4 0 1 17 1 4 a61c 0 1 0 0 0 1 00 00 0000 0000 8 f
4 0 1 19 0 0 5604 0 1 0 0 1 1 0a 1f a61c ffff 7 f
4 0 1 1f 0 5 dd00 1 1 4 7 1 1 09 1f 24a3 ffff 7 f
4 0 1 1d 1 4 34fa 1 1 5 7 1 1 06 1f 3806 ffff 7 f
4 0 1 06 1 5 8c1d 1 1 6 7 1 1 00 1f 3314 ffff 7 f
4 0 1 09 0 0 92f9 1 1 7 7 1 1 17 1f c14f ffff 7 f
4 0 0 09 1 6 6aac 0 1 0 0 1 1 0d 1f 4e79 ffff 6 f
4 0 0 07 1 7 0292 0 1 0 0 1 1 19 1f b074 ffff 5 f
4 0 0 19 0 3 d165 0 1 0 0 1 1 01 1f 8610 ffff 4 f
4 0 0 17 0 0 a110 0 1 0 0 1 1 1f 1f 34fa ffff 3 f
4 0 0 19 0 7 ba0d 0 1 0 0 1 1 1d 1f 8c1d ffff 2 f
4 0 0 11 0 1 ae91 0 1 0 0 1 1 06 1f 6aac ffff 1 f
4 0 0 19 0 4 f1f0 0 1 0 0 1 1 09 1f 0292 ffff 0 f
4 0 1 1b 0 0 2a34 1 1 0 7 0 1 00 00 0000 0000 1 f
4 0 1 05 1 0 719a 1 1 1 7 0 1 00 00 0000 0000 2 f
4 0 0 0f 0 3 c9b1 0 1 0 0 1 1 1b 1f 719a ffff 1 f
4 0 0 01 1 1 b1a3 0 1 0 0 0 1 00 00 0000 0000 1 f
4 0 1 0d 0 4 fc49 1 1 2 7 1 1 05 1f b1a3 ffff 1 f
4 0 0 1f 0 4 2b8b 0 1 0 0 0 1 00 00 0000 0000 1 f
4 0 1 08 0 2 8347 1 1 3 7 0 1 00 00 0000 0000 2 f
4 0 0 1d 0 6 4286 0 1 0 0 0 1 00 00 0000 0000 2 f
4 0 1 1f 1 3 0ccc 1 1 4 7 0 1 00 00 0000 0000 3 f
4 0 1 1c 0 7 e004 1 1 5 7 0 1 00 00 0000 0000 4 f
4 0 0 06 1 5 3fae 0 1 0 0 0 1 00 00 0000 0000 4 f
4 0 1 00 0 2 de37 1 1 6 7 0 1 00 00 0000 0000 5 f
4 0 0 00 0 4 06c5 0 1 0 0 0 1 00 00 0000 0000 5 f
4 0 1 0c 1 2 ec78 1 1 7 7 0 1 00 00 0000 0000 6 f
4 0 1 16 1 6 be98 1 1 0 7 1 1 0d 1f ec78 ffff 6 f
4 0 1 1a 0 0 c054 1 1 1 7 1 1 08 1f 0ccc ffff 6 f
4 0 0 16 1 1 7c71 0 1 0 0 0 1 00 00 0000 0000 6 f
4 0 0 03 0 4 a327 0 1 0 0 0 1 00 00 0000 0000 6 f
4 0 1 0f 1 7 cca7 1 1 2 7 0 1 00 00 0000 0000 7 f
4 0 1 12 0 1 5b9d 1 1 3 7 0 1 00 00 0000 0000 8 f
4 0 1 18 0 1 7060 0 1 0 0 0 1 00 00 0000 0000 8 f
4 0 1 0a 1 4 66d3 0 1 0 0 0 1 00 00 0000 0000 8 f
4 0 0 0d 1 2 c7ab 0 1 0 0 1 1 1f 1f 66d3 ffff 7 f
4 0 1 18 1 0 e51c 1 1 4 7 1 1 1c 1f 3fae ffff 7 f
4 0 1 13 0 2 27b4 1 1 5 7 1 1 00 1f be98 ffff 7 f
4 0 0 14 1 3 c441 0 1 0 0 1 1 0c 1f cca7 ffff 6 f
4 0 1 1a 1 5 9b8b 1 1 6 7 1 1 16 1f e51c ffff 6 f
4 0 1 01 1 6 c100 1 1 7 7 1 1 1a 1f 7c71 ffff 6 f
4 0 1 06 0 3 31cd 1 1 0 7 1 1 0f 1f c7ab ffff 6 f
4 0 1 1f 1 4 a68b 1 1 1 7 1 1 12 1f c441 ffff 6 f
4 0 1 08 0 3 3f6d 1 1 2 7 1 1 18 1f a68b ffff 6 f
4 0 1 04 0 0 6b34 1 1 3 7 1 1 13 1f 9b8b ffff 6 f
4 0 0 1f 1 3 81f6 0 1 0 0 1 1 1a 1f c100 ffff 5 f
4 0 0 07 0 2 46b2 0 1 0 0 0 1 00 00 0000 0000 5 f
4 0 1 09 0 2 5a75 1 1 4 7 0 1 00 00 0000 0000 6 f
4 0 1 1f 1 0 8934 1 1 5 7 0 1 00 00 0000 0000 7 f
4 0 0 18 0 1 144e 0 1 0 0 0 1 00 00 0000 0000 7 f
4 0 0 0b 0 0 6344 0 1 0 0 0 1 00 00 0000 0000 7 f
4 0 1 10 1 7 46a5 1 1 6 7 0 1 00 00 0000 0000 8 f
4 0 1 1b 1 1 f9f9 0 1 0 0 1 1 01 1f 46a5 ffff 7 f
4 0 1 03 1 6 2151 1 1 7 7 1 1 06 1f 8934 ffff 7 f
4 0 1 0e 1 5 1439 1 1 0 7 1 1 1f 1f f9f9 ffff 7 f
4 0 1 07 0 0 26f7 1 1 1 7 0 1 00 00 0000 0000 8 f
4 0 0 00 1 7 0cd2 0 1 0 0 0 1 00 00 0000 0000 8 f
4 0 1 05 0 3 f12e 0 1 0 0 0 1 00 00 0000 0000 8 f
4 0 0 09 1 0 4468 0 1 0 0 0 1 00 00 0000 0000 8 f
4 0 1 1d 1 4 9a37 0 1 0 0 0 1 00 00 0000 0000 8 f
4 0 0 15 0 4 f732 0 1 0 0 0 1 00 00 0000 0000 8 f
4 0 0 17 0 0 e76a 0 1 0 0 0 1 00 00 0000 0000 8 f
4 0 1 1a 1 2 13fd 0 1 0 0 0 1 00 00 0000 0000 8 f
4 0 1 07 0 0 deab 0 1 0 0 1 1 08 1f 13fd ffff 7 f
4 0 1 15 1 1 4d72 1 1 2 7 1 1 04 1f 81f6 ffff 7 f
4 0 1 19 0 4 46df 1 1 3 7 1 1 09 1f 9a37 ffff 7 f
4 0 1 0f 0 0 f801 1 1 4 7 1 1 1f 1f 1439 ffff 7 f
4 0 1 06 0 3 90f2 1 1 5 7 1 1 10 1f 2151 ffff 7 f
4 0 0 14 0 5 1ddd 0 1 0 0 1 1 03 1f 0cd2 ffff 6 f
4 0 1 1f 1 5 5909 1 1 6 7 1 1 0e 1f 4468 ffff 6 f
4 0 0 0b 1 4 811b 0 1 0 0 1 1 07 1f 4d72 ffff 5 f
4 0 1 0d 0 3 5753 1 1 7 7 0 1 00 00 0000 0000 6 f
4 0 1 15 0 0 7c7b 1 1 0 7 0 1 00 00 0000 0000 7 f
4 0 1 07 1 6 7532 1 1 1 7 0 1 00 00 0000 0000 8 f
4 0 1 19 1 0 d57f 0 1 0 0 0 1 00 00 0000 0000 8 f
4 0 0 18 0 7 dd44 0 1 0 0 0 1 00 00 0000 0000 8 f
4 0 1 0c 1 7 695c 0 1 0 0 0 1 00 00 0000 0000 8 f
4 0 1 1f 1 1 cb06 0 1 0 0 0 1 00 00 0000 0000 8 f
4 0 0 05 1 3 8b03 0 1 0 0 0 1 00 00 0000 0000 8 f
4 0 1 04 1 2 cfe6 0 1 0 0 0 1 00 00 0000 0000 8 f
4 0 0 12 0 4 ec91 0 1 0 0 1 1 15 1f cfe6 ffff 7 f
4 0 0 1a 0 2 52e3 0 1 0 0 1 1 19 1f 8b03 ffff 6 f
4 0 1 13 0 4 f3ab 1 1 2 7 1 1 0f 1f 811b ffff 6 f
4 0 1 00 0 5 545a 1 1 3 7 1 1 06 1f 5909 ffff 6 f
4 0 0 1c 0 6 aa35 0 1 0 0 1 1 1f 1f 7532 ffff 5 f
4 0 1 1f 1 2 01b8 1 1 4 7 1 1 0d 1f 695c ffff 5 f
4 0 1 0f 0 2 7143 1 1 5 7 1 1 15 1f d57f ffff 5 f
4 0 1 09 0 5 060a 1 1 6 7 1 1 07 1f cb06 ffff 5 f
4 0 1 12 1 4 0476 1 1 7 7 1 1 13 1f 01b8 ffff 5 f
4 0 1 0e 1 7 c3be 1 1 0 7 0 1 00 00 0000 0000 6 f
4 0 0 08 1 6 edff 0 1 0 0 0 1 00 00 0000 0000 6 f
4 0 1 1b 0 0 79d1 1 1 1 7 0 1 00 00 0000 0000 7 f
4 0 1 11 0 0 81be 1 1 2 7 0 1 00 00 0000 0000 8 f
4 0 1 19 0 2 33f7 0 1 0 0 0 1 00 00 0000 0000 8 f
4 0 1 19 0 4 8d56 0 1 0 0 0 1 00 00 0000 0000 8 f
4 0 0 0f 1 2 5437 0 1 0 0 0 1 00 00 0000 0000 8 f
4 0 1 01 0 7 edd4 0 1 0 0 0 1 00 00 0000 0000 8 f
4 0 1 0d 1 5 0fd1 0 1 0 0 0 1 00 00 0000 0000 8 f
4 0 0 16 1 1 0805 0 1 0 0 0 1 00 00 0000 0000 8 f
4 0 0 11 1 3 2fc7 0 1 0 0 0 1 00 00 0000 0000 8 f
4 0 0 12 1 0 94d5 0 1 0 0 1 1 00 1f 2fc7 ffff 7 f
4 0 1 1b 0 2 f41e 1 1 3 7 1 1 1f 1f 0476 ffff 7 f
4 0 1 13 1 3 54e0 1 1 4 7 1 1 0f 1f 0fd1 ffff 7 f
4 0 1 1b 1 4 73f5 1 1 5 7 1 1 09 1f edff ffff 7 f
4 0 0 1b 0 7 ae8e 0 1 0 0 1 1 12 1f c3be ffff 6 f
4 0 1 1e 1 5 4ed3 1 1 6 7 1 1 0e 1f 94d5 ffff 6 f
4 0 1 07 0 7 a4a3 1 1 7 7 1 1 1b 1f 0805 ffff 6 f
4 0 0 0f 1 7 6478 0 1 0 0 1 1 11 1f 5437 ffff 5 f
4 0 1 1e 0 4 e88b 1 1 0 7 1 1 1b 1f 54e0 ffff 5 f
4 0 1 1e 0 4 fa40 1 1 1 7 1 1 13 1f 73f5 ffff 5 f
4 0 0 18 1 0 19fd 0 1 0 0 1 1 1b 1f 4ed3 ffff 4 f
4 0 1 11 0 1 16c9 1 1 2 7 0 1 00 00 0000 0000 5 f
4 0 0 16 0 2 d121 0 1 0 0 0 1 00 00 0000 0000 5 f
4 0 1 02 0 2 5bea 1 1 3 7 0 1 00 00 0000 0000 6 f
4 0 1 18 0 7 cca7 1 1 4 7 0 1 00 00 0000 0000 7 f
4 0 1 00 1 2 cd43 1 1 5 7 0 1 00 00 0000 0000 8 f
4 0 0 17 0 4 b3aa 0 1 0 0 0 1 00 00 0000 0000 8 f
4 0 1 0f 1 6 5ec4 0 1 0 0 0 1 00 00 0000 0000 8 f
4 0 1 07 0 2 9b7e 0 1 0 0 1 1 1e 1f 5ec4 ffff 7 f
4 0 1 03 1 3 655e 1 1 6 7 1 1 07 1f 6478 ffff 7 f
4 0 0 0a 0 0 49c3 0 1 0 0 1 1 1e 1f 19fd ffff 6 f
4 0 0 17 1 6 af5c 0 1 0 0 0 1 00 00 0000 0000 6 f
4 0 0 19 0 2 5848 0 1 0 0 0 1 00 00 0000 0000 6 f
4 0 1 0b 1 5 6ac4 1 1 7 7 0 1 00 00 0000 0000 7 f
4 0 1 05 1 7 4ee0 1 1 0 7 0 1 00 00 0000 0000 8 f
4 0 0 0d 1 0 01c1 0 1 0 0 0 1 00 00 0000 0000 8 f
4 0 1 02 1 1 8418 0 1 0 0 0 1 00 00 0000 0000 8 f
4 0 0 15 1 4 fb81 0 1 0 0 1 1 1e 1f 8418 ffff 7 f
4 0 0 03 0 4 331e 0 1 0 0 1 1 11 1f cd43 ffff 6 f
4 0 1 16 0 0 0a7e 1 1 1 7 1 1 02 1f 655e ffff 6 f
4 0 1 0a 0 3 a3b3 1 1 2 7 1 1 18 1f fb81 ffff 6 f
4 0 1 0c 1 1 009a 1 1 3 7 1 1 00 1f 6ac4 ffff 6 f
4 0 0 0e 1 2 9832 0 1 0 0 1 1 03 1f af5c ffff 5 f
4 0 1 1b 1 3 3aa4 1 1 4 7 1 1 0b 1f 4ee0 ffff 5 f
4 0 1 07 1 4 2e9f 1 1 5 7 1 1 05 1f 01c1 ffff 5 f
4 0 1 02 1 5 6482 1 1 6 7 1 1 16 1f 009a ffff 5 f
4 0 1 0c 0 4 faac 1 1 7 7 1 1 0a 1f 9832 ffff 5 f
4 0 1 10 1 6 85e0 1 1 0 7 1 1 0c 1f 3aa4 ffff 5 f
4 0 1 1e 1 0 c8c6 1 1 1 7 1 1 1b 1f 2e9f ffff 5 f
4 0 0 15 0 7 1aab 0 1 0 0 1 1 07 1f 6482 ffff 4 f
4 0 1 0c 0 4 0b22 1 1 2 7 1 1 02 1f 85e0 ffff 4 f
4 0 0 1d 0 0 9c35 0 1 0 0 0 1 00 00 0000 0000 4 f
4 0 1 1c 1 7 69b9 1 1 3 7 0 1 00 00 0000 0000 5 f
4 0 0 14 0 3 ad52 0 1 0 0 1 1 0c 1f 69b9 ffff 4 f
4 0 1 11 0 4 d99b 1 1 4 7 1 1 10 1f c8c6 ffff 4 f
4 0 1 0a 1 3 6812 1 1 5 7 0 1 00 00 0000 0000 5 f
4 0 1 15 0 0 9d0b 1 1 6 7 0 1 00 00 0000 0000 6 f
4 0 0 02 1 1 098d 0 1 0 0 0 1 00 00 0000 0000 6 f
4 0 0 1c 0 1 87f9 0 1 0 0 1 1 1e 1f 098d ffff 5 f
4 0 0 1d 0 3 5d3f 0 1 0 0 0 1 00 00 0000 0000 5 f
4 0 1 15 1 4 cf73 1 1 7 7 0 1 00 00 0000 0000 6 f
4 0 1 0f 0 1 6dfe 1 1 0 7 0 1 00 00 0000 0000 7 f
4 0 0 10 0 7 0bd9 0 1 0 0 0 1 00 00 0000 0000 7 f
4 0 0 0d 0 5 2037 0 1 0 0 0 1 00 00 0000 0000 7 f
4 0 1 09 1 6 c537 1 1 1 7 0 1 00 00 0000 0000 8 f
4 0 1 1f 0 3 087c 0 1 0 0 0 1 00 00 0000 0000 8 f
4 0 1 07 1 5 195a 0 1 0 0 0 1 00 00 0000 0000 8 f
4 0 1 19 0 6 ef80 0 1 0 0 0 1 00 00 0000 0000 8 f
4 0 0 09 1 1 824d 0 1 0 0 0 1 00 00 0000 0000 8 f
4 0 0 1f 0 4 26f6 0 1 0 0 0 1 00 00 0000 0000 8 f
4 0 0 00 0 1 2a8d 0 1 0 0 0 1 00 00 0000 0000 8 f
4 0 1 14 0 4 2165 0 1 0 0 0 1 00 00 0000 0000 8 f
4 0 1 0a 0 1 565f 0 1 0 0 0 1 00 00 0000 0000 8 f
4 0 1 1e 1 2 ca90 0 1 0 0 0 1 00 00 0000 0000 8 f
4 0 1 0f 1 0 722e 0 1 0 0 1 1 0c 1f ca90 ffff 7 f
4 0 0 1c 1 7 7c99 0 1 0 0 1 1 1c 1f 6812 ffff 6 f
4 0 1 04 0 3 7aa0 1 1 2 7 1 1 11 1f cf73 ffff 6 f
4 0 1 19 1 2 f7aa 1 1 3 7 1 1 0a 1f 195a ffff 6 f
4 0 0 09 0 5 eb47 0 1 0 0 1 1 15 1f c537 ffff 5 f
4 0 1 0d 0 3 f49d 1 1 4 7 1 1 15 1f 7c99 ffff 5 f
4 0 1 10 1 4 b7ae 1 1 5 7 1 1 0f 1f 722e ffff 5 f
4 0 1 0b 0 4 0d25 1 1 6 7 1 1 09 1f 824d ffff 5 f
4 0 1 1d 0 6 0579 1 1 7 7 1 1 04 1f f7aa ffff 5 f
4 0 1 15 0 4 e775 1 1 0 7 0 1 00 00 0000 0000 6 f
4 0 0 0a 0 5 3c43 0 1 0 0 0 1 00 00 0000 0000 6 f
4 0 1 17 1 6 9691 1 1 1 7 0 1 00 00 0000 0000 7 f
4 0 0 13 0 0 4d5b 0 1 0 0 0 1 00 00 0000 0000 7 f
4 0 1 16 0 6 9e9d 1 1 2 7 0 1 00 00 0000 0000 8 f
4 0 1 08 1 7 20d3 0 1 0 0 0 1 00 00 0000 0000 8 f
4 0 1 15 1 3 2fa4 0 1 0 0 0 1 00 00 0000 0000 8 f
4 0 1 00 0 6 5cf3 0 1 0 0 1 1 19 1f 2fa4 ffff 7 f
4 0 0 1f 0 4 f1d7 0 1 0 0 1 1 0d 1f b7ae ffff 6 f
4 0 1 0a 0 4 fb87 1 1 3 7 0 1 00 00 0000 0000 7 f
4 0 0 0c 0 3 9167 0 1 0 0 0 1 00 00 0000 0000 7 f
4 0 1 04 1 5 d752 1 1 4 7 0 1 00 00 0000 0000 8 f
4 0 1 17 1 3 520b 0 1 0 0 1 1 10 1f d752 ffff 7 f
4 0 0 0a 0 6 905b 0 1 0 0 1 1 0b 1f 9691 ffff 6 f
4 0 1 0d 0 4 6ceb 1 1 5 7 1 1 1d 1f 20d3 ffff 6 f
4 0 1 09 0 0 8b2c 1 1 6 7 0 1 00 00 0000 0000 7 f
4 0 0 0d 0 6 73ee 0 1 0 0 0 1 00 00 0000 0000 7 f
4 0 1 0f 0 3 4106 1 1 7 7 0 1 00 00 0000 0000 8 f
4 0 1 0e 0 4 1320 0 1 0 0 0 1 00 00 0000 0000 8 f
4 0 1 07 0 0 1a9e 0 1 0 0 0 1 00 00 0000 0000 8 f
4 0 0 16 0 2 0c27 0 1 0 0 0 1 00 00 0000 0000 8 f
4 0 0 03 1 5 5c3e 0 1 0 0 0 1 00 00 0000 0000 8 f
4 0 0 0c 1 0 f251 0 1 0 0 0 1 00 00 0000 0000 8 f
4 0 0 1c 0 6 edf4 0 1 0 0 1 1 15 1f f251 ffff 7 f
4 0 0 00 0 0 c006 0 1 0 0 0 1 00 00 0000 0000 7 f
4 0 1 19 1 2 c9fa 1 1 0 7 0 1 00 00 0000 0000 8 f
4 0 0 07 0 4 aadc 0 1 0 0 0 1 00 00 0000 0000 8 f
4 0 0 17 1 4 0ccc 0 1 0 0 0 1 00 00 0000 0000 8 f
4 0 0 02 1 7 755d 0 1 0 0 0 1 00 00 0000 0000 8 f
4 0 1 19 0 1 14a0 0 1 0 0 0 1 00 00 0000 0000 8 f
4 0 1 04 0 7 c92c 0 1 0 0 0 1 00 00 0000 0000 8 f
4 0 0 11 0 4 be75 0 1 0 0 0 1 00 00 0000 0000 8 f
4 0 1 0e 0 7 ad88 0 1 0 0 0 1 00 00 0000 0000 8 f
4 0 1 0b 0 3 57ea 0 1 0 0 0 1 00 00 0000 0000 8 f
4 0 0 14 1 0 4c3f 0 1 0 0 0 1 00 00 0000 0000 8 f
4 0 1 12 0 2 46eb 0 1 0 0 0 1 00 00 0000 0000 8 f
4 0 0 0d 1 6 a587 0 1 0 0 0 1 00 00 0000 0000 8 f
4 0 1 15 1 1 4a20 0 1 0 0 0 1 00 00 0000 0000 8 f
4 0 0 14 0 3 39c7 0 1 0 0 1 1 17 1f 4a20 ffff 7 f
4 0 0 0c 0 3 9931 0 1 0 0 1 1 16 1f c9fa ffff 6 f
4 0 1 10 0 6 9d63 1 1 1 7 1 1 0a 1f 520b ffff 6 f
4 0 0 13 0 2 1fbc 0 1 0 0 1 1 04 1f 0ccc ffff 5 f
4 0 1 0a 0 7 47a3 1 1 2 7 1 1 0d 1f 5c3e ffff 5 f
4 0 0 08 1 2 589a 0 1 0 0 1 1 09 1f a587 ffff 4 f
4 0 0 14 1 1 d186 0 1 0 0 1 1 0f 1f 755d ffff 3 f
4 0 1 0e 0 0 11af 1 1 3 7 1 1 19 1f 4c3f ffff 3 f
4 0 1 1e 1 3 8189 1 1 4 7 1 1 10 1f d186 ffff 3 f
4 0 0 1f 1 4 5709 0 1 0 0 1 1 0a 1f 589a ffff 2 f
4 0 0 0b 0 2 8149 0 1 0 0 1 1 0e 1f 8189 ffff 1 f
4 0 1 02 0 7 5361 1 1 5 7 1 1 1e 1f 5709 ffff 1 f
4 0 1 03 1 5 463b 1 1 6 7 0 1 00 00 0000 0000 2 f
4 0 0 0d 1 6 4bb7 0 1 0 0 1 1 02 1f 463b ffff 1 f
4 0 1 0a 0 0 092c 1 1 7 7 1 1 03 1f 4bb7 ffff 1 f
4 0 0 0c 0 5 1162 0 1 0 0 0 1 00 00 0000 0000 1 f
4 0 1 03 0 7 1d0f 1 1 0 7 0 1 00 00 0000 0000 2 f
4 0 1 0b 1 0 0727 1 1 1 7 0 1 00 00 0000 0000 3 f
4 0 1 0c 0 4 9fe4 1 1 2 7 0 1 00 00 0000 0000 4 f
4 0 0 09 0 4 8511 0 1 0 0 0 1 00 00 0000 0000 4 f
4 0 1 1e 0 3 a055 1 1 3 7 0 1 00 00 0000 0000 5 f
4 0 0 10 0 4 36b1 0 1 0 0 0 1 00 00 0000 0000 5 f
4 0 0 19 1 7 2b95 0 1 0 0 0 1 00 00 0000 0000 5 f
4 0 0 1f 0 6 57c7 0 1 0 0 1 1 0a 1f 2b95 ffff 4 f
4 0 1 09 0 5 8469 1 1 4 7 1 1 03 1f 0727 ffff 4 f
4 0 0 17 0 1 a7ef 0 1 0 0 0 1 00 00 0000 0000 4 f
4 0 0 1a 0 6 3de6 0 1 0 0 0 1 00 00 0000 0000 4 f
4 0 0 0c 0 0 c301 0 1 0 0 0 1 00 00 0000 0000 4 f
4 0 1 17 1 1 7819 1 1 5 7 0 1 00 00 0000 0000 5 f
4 0 0 1b 0 4 68b5 0 1 0 0 1 1 0b 1f 7819 ffff 4 f
4 0 1 16 0 4 ee57 1 1 6 7 0 1 00 00 0000 0000 5 f
4 0 1 12 0 6 e58d 1 1 7 7 0 1 00 00 0000 0000 6 f
4 0 1 0e 0 1 83cf 1 1 0 7 0 1 00 00 0000 0000 7 f
4 0 0 09 1 2 6348 0 1 0 0 0 1 00 00 0000 0000 7 f
4 0 0 02 0 0 8f0e 0 1 0 0 1 1 0c 1f 6348 ffff 6 f
4 0 1 06 0 7 a172 1 1 1 7 0 1 00 00 0000 0000 7 f
4 0 0 13 1 1 6aee 0 1 0 0 0 1 00 00 0000 0000 7 f
4 0 0 00 1 4 7ad8 0 1 0 0 0 1 00 00 0000 0000 7 f
4 0 0 03 1 0 52f8 0 1 0 0 0 1 00 00 0000 0000 7 f
4 0 1 07 0 7 b9c9 1 1 2 7 0 1 00 00 0000 0000 8 f
4 0 1 18 1 5 68e7 0 1 0 0 0 1 00 00 0000 0000 8 f
4 0 1 1d 1 7 5e47 0 1 0 0 0 1 00 00 0000 0000 8 f
4 0 0 0e 1 3 14aa 0 1 0 0 0 1 00 00 0000 0000 8 f
4 0 1 18 0 7 400e 0 1 0 0 1 1 1e 1f 14aa ffff 7 f
4 0 0 1a 1 2 4109 0 1 0 0 1 1 09 1f 7ad8 ffff 6 f
4 0 1 11 0 4 1e15 1 1 3 7 1 1 17 1f 68e7 ffff 6 f
4 0 1 17 0 6 9a92 1 1 4 7 0 1 00 00 0000 0000 7 f
4 0 1 1a 1 6 aecc 1 1 5 7 0 1 00 00 0000 0000 8 f
4 0 1 14 1 5 df7b 0 1 0 0 1 1 16 1f aecc ffff 7 f
4 0 1 0f 1 3 1946 1 1 6 7 1 1 12 1f 5e47 ffff 7 f
4 0 0 13 1 4 6f09 0 1 0 0 1 1 0e 1f 52f8 ffff 6 f
4 0 1 05 1 6 374c 1 1 7 7 1 1 06 1f 6aee ffff 6 f
4 0 0 1d 0 5 181c 0 1 0 0 1 1 07 1f 4109 ffff 5 f
4 0 0 07 1 7 9ddf 0 1 0 0 1 1 11 1f 1946 ffff 4 f
4 0 1 05 0 2 44a4 1 1 0 7 1 1 17 1f 6f09 ffff 4 f
4 0 1 12 1 0 65cf 1 1 1 7 1 1 1a 1f df7b ffff 4 f
4 0 1 01 0 6 3f1b 1 1 2 7 1 1 0f 1f 374c ffff 4 f
4 0 0 19 0 3 1adf 0 1 0 0 1 1 05 1f 9ddf ffff 3 f
4 0 1 11 1 2 e692 1 1 3 7 1 1 05 1f 65cf ffff 3 f
4 0 0 01 1 1 a325 0 1 0 0 0 1 00 00 0000 0000 3 f
4 0 1 18 1 3 6c58 1 1 4 7 1 1 12 1f a325 ffff 3 f
4 0 0 1e 0 3 5719 0 1 0 0 1 1 01 1f e692 ffff 2 f
4 0 0 12 0 6 6571 0 1 0 0 1 1 11 1f 6c58 ffff 1 f
4 0 1 10 1 4 19d6 1 1 5 7 0 1 00 00 0000 0000 2 f
4 0 1 08 1 5 6b03 1 1 6 7 1 1 18 1f 19d6 ffff 2 f
4 0 0 1f 0 7 08ba 0 1 0 0 1 1 10 1f 6b03 ffff 1 f
4 0 0 0b 0 1 82f7 0 1 0 0 0 1 00 00 0000 0000 1 f
4 0 1 1a 0 7 9579 1 1 7 7 0 1 00 00 0000 0000 2 f
4 0 1 19 1 7 f0eb 1 1 0 7 0 1 00 00 0000 0000 3 f
4 0 1 08 1 6 472a 1 1 1 7 0 1 00 00 0000 0000 4 f
4 0 1 03 1 1 7cbe 1 1 2 7 1 1 08 1f 472a ffff 4 f
4 0 0 0f 0 3 343e 0 1 0 0 1 1 1a 1f f0eb ffff 3 f
4 0 0 10 1 0 bef0 0 1 0 0 0 1 00 00 0000 0000 3 f
4 0 1 1e 0 1 06d4 1 1 3 7 1 1 19 1f bef0 ffff 3 f
4 0 0 11 1 3 3216 0 1 0 0 1 1 08 1f 7cbe ffff 2 f
4 0 0 07 0 5 a793 0 1 0 0 0 1 00 00 0000 0000 2 f
4 0 0 12 0 0 9da8 0 1 0 0 0 1 00 00 0000 0000 2 f
4 0 0 09 1 2 b778 0 1 0 0 0 1 00 00 0000 0000 2 f
4 0 0 12 0 3 b1c2 0 1 0 0 1 1 03 1f b778 ffff 1 f
4 0 1 0a 0 4 94dc 1 1 4 7 1 1 1e 1f 3216 ffff 1 f
4 0 1 01 1 4 bee0 1 1 5 7 0 1 00 00 0000 0000 2 f
4 0 0 1a 0 4 3b42 0 1 0 0 1 1 0a 1f bee0 ffff 1 f
4 0 0 0c 1 5 8b59 0 1 0 0 0 1 00 00 0000 0000 1 f
4 0 1 19 0 2 3833 1 1 6 7 1 1 01 1f 8b59 ffff 1 f
4 0 0 0e 0 2 ca3f 0 1 0 0 0 1 00 00 0000 0000 1 f
4 0 1 10 1 6 cf47 1 1 7 7 0 1 00 00 0000 0000 2 f
4 0 1 14 1 7 f930 1 1 0 7 1 1 19 1f cf47 ffff 2 f
4 0 1 08 1 0 7c91 1 1 1 7 1 1 10 1f f930 ffff 2 f
4 0 1 1e 0 4 6673 1 1 2 7 1 1 14 1f 7c91 ffff 2 f
4 0 0 12 0 1 6f45 0 1 0 0 0 1 00 00 0000 0000 2 f
4 0 1 05 0 0 6bce 1 1 3 7 0 1 00 00 0000 0000 3 f
4 0 1 00 1 3 55c7 1 1 4 7 0 1 00 00 0000 0000 4 f
4 0 0 05 1 2 cc44 0 1 0 0 0 1 00 00 0000 0000 4 f
4 0 0 13 1 1 eb1c 0 1 0 0 0 1 00 00 0000 0000 4 f
4 0 1 05 0 3 ad6b 1 1 5 7 1 1 08 1f eb1c ffff 4 f
4 0 0 04 0 3 e51f 0 1 0 0 1 1 1e 1f cc44 ffff 3 f
4 0 1 13 1 4 264d 1 1 6 7 1 1 05 1f 55c7 ffff 3 f
4 0 1 0c 0 6 bd7f 1 1 7 7 1 1 00 1f 264d ffff 3 f
4 0 1 13 0 4 4f8d 1 1 0 7 0 1 00 00 0000 0000 4 f
4 0 1 1b 0 4 8d84 1 1 1 7 0 1 00 00 0000 0000 5 f
4 0 1 03 0 1 9f86 1 1 2 7 0 1 00 00 0000 0000 6 f
4 0 0 0f 0 1 4d8e 0 1 0 0 0 1 00 00 0000 0000 6 f
4 0 0 1a 0 7 61dc 0 1 0 0 0 1 00 00 0000 0000 6 f
4 0 1 19 1 1 7311 1 1 3 7 0 1 00 00 0000 0000 7 f
4 0 0 19 0 7 299b 0 1 0 0 0 1 00 00 0000 0000 7 f
4 0 1 17 1 6 2aef 1 1 4 7 0 1 00 00 0000 0000 8 f
4 0 1 14 0 6 a4b2 0 1 0 0 0 1 00 00 0000 0000 8 f
4 0 1 10 1 7 8fe1 0 1 0 0 0 1 00 00 0000 0000 8 f
4 0 0 1d 0 6 8478 0 1 0 0 0 1 00 00 0000 0000 8 f
4 0 1 17 1 0 ee7f 0 1 0 0 0 1 00 00 0000 0000 8 f
4 0 1 08 0 4 bc92 0 1 0 0 0 1 00 00 0000 0000 8 f
4 0 0 10 0 0 74e0 0 1 0 0 0 1 00 00 0000 0000 8 f
4 0 1 07 0 2 0368 0 1 0 0 0 1 00 00 0000 0000 8 f
4 0 0 08 0 7 a17e 0 1 0 0 0 1 00 00 0000 0000 8 f
4 0 1 1c 0 4 7201 0 1 0 0 0 1 00 00 0000 0000 8 f
4 0 1 18 0 1 b4f3 0 1 0 0 0 1 00 00 0000 0000 8 f
4 0 1 18 0 1 0229 0 1 0 0 0 1 00 00 0000 0000 8 f
4 0 1 01 0 3 3f9f 0 1 0 0 0 1 00 00 0000 0000 8 f
4 0 1 01 1 2 a45a 0 1 0 0 0 1 00 00 0000 0000 8 f
4 0 1 02 0 2 6d50 0 1 0 0 0 1 00 00 0000 0000 8 f
4 0 1 13 0 2 1475 0 1 0 0 0 1 00 00 0000 0000 8 f
4 0 0 0e 0 6 8744 0 1 0 0 0 1 00 00 0000 0000 8 f
4 0 1 0e 0 1 f974 0 1 0 0 0 1 00 00 0000 0000 8 f
4 0 1 03 1 4 7fe1 0 1 0 0 0 1 00 00 0000 0000 8 f
4 0 1 0d 0 7 4ea9 0 1 0 0 0 1 00 00 0000 0000 8 f
4 0 1 19 0 1 226d 0 1 0 0 0 1 00 00 0000 0000 8 f
4 0 1 06 1 5 c289 0 1 0 0 0 1 00 00 0000 0000 8 f
4 0 0 1b 1 3 3905 0 1 0 0 1 1 05 1f c289 ffff 7 f
4 0 0 13 0 0 d1db 0 1 0 0 1 1 13 1f 2aef ffff 6 f
4 0 1 0f 0 5 c0ed 1 1 5 7 1 1 0c 1f 8fe1 ffff 6 f
4 0 1 0d 1 5 7664 1 1 6 7 1 1 13 1f ee7f ffff 6 f
4 0 1 0f 1 6 dccb 1 1 7 7 1 1 1b 1f 7311 ffff 6 f
4 0 1 02 0 2 d3b0 1 1 0 7 1 1 03 1f a45a ffff 6 f
4 0 1 12 1 7 75c5 1 1 1 7 1 1 19 1f 3905 ffff 6 f
4 0 1 14 0 1 53b1 1 1 2 7 1 1 17 1f 7fe1 ffff 6 f
4 0 0 1e 1 0 2a0a 0 1 0 0 1 1 0f 1f 7664 ffff 5 f
4 0 1 1c 0 5 c89c 1 1 3 7 1 1 0d 1f dccb ffff 5 f
4 0 1 1a 0 6 c7f4 1 1 4 7 1 1 0f 1f 75c5 ffff 5 f
4 0 1 11 1 3 c29f 1 1 5 7 1 1 02 1f 2a0a ffff 5 f
4 0 1 19 1 1 c700 1 1 6 7 0 1 00 00 0000 0000 6 f
4 0 1 10 1 6 a4af 1 1 7 7 1 1 12 1f c700 ffff 6 f
4 0 0 0c 1 5 03b7 0 1 0 0 0 1 00 00 0000 0000 6 f
4 0 1 01 0 7 8320 1 1 0 7 0 1 00 00 0000 0000 7 f
4 0 0 0b 0 4 1fd0 0 1 0 0 0 1 00 00 0000 0000 7 f
4 0 1 07 1 7 698d 1 1 1 7 0 1 00 00 0000 0000 8 f
4 0 1 19 0 5 328a 0 1 0 0 0 1 00 00 0000 0000 8 f
4 0 1 15 0 4 d2cf 0 1 0 0 0 1 00 00 0000 0000 8 f
4 0 0 16 0 6 531f 0 1 0 0 0 1 00 00 0000 0000 8 f
4 0 1 17 1 4 c0f4 0 1 0 0 0 1 00 00 0000 0000 8 f
4 0 0 1a 0 4 cd16 0 1 0 0 0 1 00 00 0000 0000 8 f
4 0 0 03 1 0 fa74 0 1 0 0 0 1 00 00 0000 0000 8 f
4 0 1 0a 1 2 91b4 0 1 0 0 0 1 00 00 0000 0000 8 f
4 0 1 02 1 1 9400 0 1 0 0 1 1 14 1f 91b4 ffff 7 f
4 0 1 02 0 7 c2ee 1 1 2 7 1 1 1c 1f c29f ffff 7 f
4 0 1 03 1 2 2bba 1 1 3 7 1 1 1a 1f c0f4 ffff 7 f
4 0 1 18 1 3 bc6b 1 1 4 7 1 1 11 1f 03b7 ffff 7 f
4 0 0 0e 1 4 8ad7 0 1 0 0 1 1 19 1f a4af ffff 6 f
4 0 0 12 0 7 142c 0 1 0 0 1 1 10 1f 698d ffff 5 f
4 0 1 1a 0 7 ac29 1 1 5 7 1 1 01 1f fa74 ffff 5 f
4 0 1 0d 1 5 6898 1 1 6 7 1 1 07 1f 9400 ffff 5 f
4 0 0 15 0 1 4388 0 1 0 0 1 1 02 1f 2bba ffff 4 f
4 0 1 07 0 2 8c5b 1 1 7 7 1 1 03 1f bc6b ffff 4 f
4 0 0 15 1 6 efaa 0 1 0 0 1 1 18 1f 8ad7 ffff 3 f
4 0 0 18 0 3 0748 0 1 0 0 1 1 1a 1f 6898 ffff 2 f
4 0 0 00 0 7 57c8 0 1 0 0 1 1 0d 1f efaa ffff 1 f
4 0 0 17 1 7 9417 0 1 0 0 0 1 00 00 0000 0000 1 f
4 0 1 1d 0 3 ff77 1 1 0 7 1 1 07 1f 9417 ffff 1 f
4 0 1 1d 1 0 ba40 1 1 1 7 0 1 00 00 0000 0000 2 f
4 0 0 12 1 1 37fd 0 1 0 0 1 1 1d 1f ba40 ffff 1 f
4 0 1 06 0 3 51c4 1 1 2 7 1 1 1d 1f 37fd ffff 1 f
4 0 0 12 1 2 a4f5 0 1 0 0 0 1 00 00 0000 0000 1 f
4 0 1 00 0 1 6027 1 1 3 7 1 1 06 1f a4f5 ffff 1 f
4 0 1 0c 1 3 600c 1 1 4 7 0 1 00 00 0000 0000 2 f
4 0 1 06 0 4 3a69 1 1 5 7 1 1 00 1f 600c ffff 2 f
4 0 1 0a 0 0 3ea4 1 1 6 7 0 1 00 00 0000 0000 3 f
4 0 1 17 0 1 21b6 1 1 7 7 0 1 00 00 0000 0000 4 f
4 0 1 0c 1 7 cffd 1 1 0 7 0 1 00 00 0000 0000 5 f
4 0 1 07 1 5 1729 1 1 1 7 0 1 00 00 0000 0000 6 f
4 0 0 11 0 1 874b 0 1 0 0 0 1 00 00 0000 0000 6 f
4 0 1 05 1 0 ebc8 1 1 2 7 0 1 00 00 0000 0000 7 f
4 0 1 14 1 2 6e79 1 1 3 7 0 1 00 00 0000 0000 8 f
4 0 1 1e 0 1 2c5a 0 1 0 0 0 1 00 00 0000 0000 8 f
4 0 0 04 1 6 2b47 0 1 0 0 0 1 00 00 0000 0000 8 f
4 0 1 1b 0 1 6790 0 1 0 0 0 1 00 00 0000 0000 8 f
4 0 0 05 0 0 de8a 0 1 0 0 0 1 00 00 0000 0000 8 f
4 0 1 06 1 3 928f 0 1 0 0 0 1 00 00 0000 0000 8 f
4 0 1 13 0 0 3034 0 1 0 0 0 1 00 00 0000 0000 8 f
4 0 1 01 0 0 1e1f 0 1 0 0 0 1 00 00 0000 0000 8 f
4 0 1 0f 1 4 aa10 0 1 0 0 0 1 00 00 0000 0000 8 f
4 0 1 19 1 1 7b4f 0 1 0 0 1 1 0c 1f aa10 ffff 7 f
4 0 1 01 0 7 fefa 1 1 4 7 1 1 06 1f 1729 ffff 7 f
4 0 0 19 1 4 ec6d 0 1 0 0 1 1 0a 1f 2b47 ffff 6 f
4 0 1 09 0 2 7649 1 1 5 7 1 1 17 1f cffd ffff 6 f
4 0 0 16 1 5 fbb7 0 1 0 0 1 1 0c 1f ebc8 ffff 5 f
4 0 0 0c 0 1 fb53 0 1 0 0 1 1 07 1f 7b4f ffff 4 f
4 0 1 1c 0 5 cf94 1 1 6 7 1 1 05 1f 6e79 ffff 4 f
4 0 1 19 0 3 f965 1 1 7 7 1 1 14 1f 928f ffff 4 f
4 0 0 1f 1 6 9543 0 1 0 0 1 1 01 1f ec6d ffff 3 f
4 0 0 1f 0 1 d830 0 1 0 0 1 1 09 1f fbb7 ffff 2 f
4 0 0 03 0 6 e981 0 1 0 0 1 1 1c 1f 9543 ffff 1 f
4 0 1 10 0 0 24ae 1 1 0 7 0 1 00 00 0000 0000 2 f
4 0 1 0d 1 0 77d6 1 1 1 7 0 1 00 00 0000 0000 3 f
4 0 1 16 1 1 c278 1 1 2 7 0 1 00 00 0000 0000 4 f
4 0 0 13 0 3 60e8 0 1 0 0 0 1 00 00 0000 0000 4 f
4 0 1 18 0 3 82e5 1 1 3 7 0 1 00 00 0000 0000 5 f
4 0 0 01 1 7 3410 0 1 0 0 0 1 00 00 0000 0000 5 f
4 0 1 0d 1 3 92a7 1 1 4 7 1 1 19 1f 3410 ffff 5 f
4 0 0 0c 1 2 a55e 0 1 0 0 1 1 10 1f 77d6 ffff 4 f
4 0 0 01 1 4 6d73 0 1 0 0 1 1 0d 1f c278 ffff 3 f
4 0 1 09 0 1 6cd7 1 1 5 7 1 1 16 1f a55e ffff 3 f
4 0 1 13 1 5 117f 1 1 6 7 1 1 18 1f 92a7 ffff 3 f
4 0 1 0d 1 6 7758 1 1 7 7 1 1 0d 1f 6d73 ffff 3 f
4 0 0 10 0 6 2344 0 1 0 0 1 1 09 1f 117f ffff 2 f
4 0 0 12 1 7 445a 0 1 0 0 1 1 13 1f 7758 ffff 1 f
4 0 1 09 0 1 4986 1 1 0 7 1 1 0d 1f 445a ffff 1 f
4 0 1 10 0 5 0e26 1 1 1 7 0 1 00 00 0000 0000 2 f
4 0 1 12 1 0 c5d5 1 1 2 7 0 1 00 00 0000 0000 3 f
4 0 1 00 0 1 256e 1 1 3 7 1 1 09 1f c5d5 ffff 3 f
4 0 1 13 1 1 a527 1 1 4 7 0 1 00 00 0000 0000 4 f
4 0 1 15 0 3 8cd7 1 1 5 7 1 1 10 1f a527 ffff 4 f
4 0 0 09 0 6 a9f4 0 1 0 0 0 1 00 00 0000 0000 4 f
4 0 1 01 0 0 1e21 1 1 6 7 0 1 00 00 0000 0000 5 f
4 0 0 0d 0 2 a0f7 0 1 0 0 0 1 00 00 0000 0000 5 f
4 0 0 0b 0 7 3e49 0 1 0 0 0 1 00 00 0000 0000 5 f
4 0 1 1d 0 7 8c55 1 1 7 7 0 1 00 00 0000 0000 6 f
4 0 1 1c 0 5 af25 1 1 0 7 0 1 00 00 0000 0000 7 f
4 0 0 0a 0 6 7f5f 0 1 0 0 0 1 00 00 0000 0000 7 f
4 0 1 1a 0 5 1760 1 1 1 7 0 1 00 00 0000 0000 8 f
4 0 1 13 0 2 ca15 0 1 0 0 0 1 00 00 0000 0000 8 f
4 0 0 10 1 3 f47d 0 1 0 0 0 1 00 00 0000 0000 8 f
4 0 1 11 0 1 8918 0 1 0 0 0 1 00 00 0000 0000 8 f
4 0 0 18 1 5 7dfa 0 1 0 0 0 1 00 00 0000 0000 8 f
4 0 1 07 1 1 0bf9 0 1 0 0 0 1 00 00 0000 0000 8 f
4 0 1 05 0 6 9379 0 1 0 0 0 1 00 00 0000 0000 8 f
4 0 1 1e 1 6 e9e9 0 1 0 0 0 1 00 00 0000 0000 8 f
4 0 1 0c 0 0 aa68 0 1 0 0 0 1 00 00 0000 0000 8 f
4 0 0 0f 1 4 d104 0 1 0 0 0 1 00 00 0000 0000 8 f
4 0 1 0f 1 7 9650 0 1 0 0 0 1 00 00 0000 0000 8 f
4 0 0 08 1 0 7c82 0 1 0 0 0 1 00 00 0000 0000 8 f
4 0 0 07 1 2 87e9 0 1 0 0 0 1 00 00 0000 0000 8 f
4 0 1 10 0 4 4cd8 0 1 0 0 1 1 12 1f 87e9 ffff 7 f
4 0 0 14 0 5 06c0 0 1 0 0 1 1 00 1f f47d ffff 6 f
4 0 0 0d 0 2 c18e 0 1 0 0 1 1 13 1f d104 ffff 5 f
4 0 0 16 0 0 263b 0 1 0 0 1 1 15 1f 7dfa ffff 4 f
4 0 1 04 0 1 1144 1 1 2 7 1 1 01 1f e9e9 ffff 4 f
4 0 0 1e 0 6 e285 0 1 0 0 1 1 1d 1f 9650 ffff 3 f
4 0 1 1f 1 2 f8fb 1 1 3 7 1 1 1c 1f 7c82 ffff 3 f
4 0 0 0b 1 3 23e2 0 1 0 0 1 1 1a 1f 0bf9 ffff 2 f
4 0 0 14 0 2 05ff 0 1 0 0 1 1 04 1f f8fb ffff 1 f
4 0 0 0b 0 4 7cfa 0 1 0 0 1 1 1f 1f 23e2 ffff 0 f
4 0 0 05 0 5 4fe0 0 1 0 0 0 1 00 00 0000 0000 0 f
4 0 1 12 0 2 74d7 1 1 4 7 0 1 00 00 0000 0000 1 f
4 0 0 0e 1 4 c0a6 0 1 0 0 0 1 00 00 0000 0000 1 f
4 0 0 10 0 4 013d 0 1 0 0 1 1 12 1f c0a6 ffff 0 f
4 0 1 18 0 7 e705 1 1 5 7 0 1 00 00 0000 0000 1 f
4 0 0 0c 0 4 de35 0 1 0 0 0 1 00 00 0000 0000 1 f
4 0 1 0b 0 3 1ca9 1 1 6 7 0 1 00 00 0000 0000 2 f
4 0 1 1b 1 6 8f22 1 1 7 7 0 1 00 00 0000 0000 3 f
4 0 1 05 0 3 fd1d 1 1 0 7 0 1 00 00 0000 0000 4 f
4 0 1 15 1 7 22da 1 1 1 7 0 1 00 00 0000 0000 5 f
4 0 1 11 0 3 5d78 1 1 2 7 0 1 00 00 0000 0000 6 f
4 0 1 13 0 1 b9d1 1 1 3 7 0 1 00 00 0000 0000 7 f
4 0 1 11 1 2 f28e 1 1 4 7 0 1 00 00 0000 0000 8 f
4 0 1 04 0 0 21ed 0 1 0 0 0 1 00 00 0000 0000 8 f
4 0 1 18 0 0 0d9d 0 1 0 0 0 1 00 00 0000 0000 8 f
4 0 0 12 0 0 f484 0 1 0 0 0 1 00 00 0000 0000 8 f
4 0 1 00 0 1 f7f0 0 1 0 0 0 1 00 00 0000 0000 8 f
4 0 0 1b 1 3 b267 0 1 0 0 0 1 00 00 0000 0000 8 f
4 0 0 12 0 2 2b85 0 1 0 0 0 1 00 00 0000 0000 8 f
4 0 0 01 0 4 4846 0 1 0 0 0 1 00 00 0000 0000 8 f
4 0 0 0c 1 0 52e8 0 1 0 0 0 1 00 00 0000 0000 8 f
4 0 1 1b 0 5 8522 0 1 0 0 0 1 00 00 0000 0000 8 f
4 0 0 17 1 4 059a 0 1 0 0 0 1 00 00 0000 0000 8 f
4 0 0 04 1 5 ba9a 0 1 0 0 0 1 00 00 0000 0000 8 f
4 0 0 10 1 1 6aa7 0 1 0 0 1 1 18 1f ba9a ffff 7 f
4 0 0 16 0 2 6dae 0 1 0 0 1 1 0b 1f 8f22 ffff 6 f
4 0 0 1e 0 1 3536 0 1 0 0 1 1 1b 1f 22da ffff 5 f
4 0 1 13 0 7 b2cf 1 1 5 7 1 1 05 1f 52e8 ffff 5 f
4 0 0 10 0 2 4be5 0 1 0 0 1 1 15 1f 6aa7 ffff 4 f
4 0 0 12 0 6 13c3 0 1 0 0 1 1 11 1f f28e ffff 3 f
4 0 1 1e 1 5 2969 1 1 6 7 1 1 13 1f b267 ffff 3 f
4 0 0 0f 1 6 50e4 0 1 0 0 1 1 11 1f 059a ffff 2 f
4 0 1 1d 0 5 f58c 1 1 7 7 1 1 13 1f 2969 ffff 2 f
4 0 0 1d 0 1 a041 0 1 0 0 1 1 1e 1f 50e4 ffff 1 f
4 0 0 08 1 7 fc54 0 1 0 0 0 1 00 00 0000 0000 1 f
4 0 0 18 0 3 8cd6 0 1 0 0 1 1 1d 1f fc54 ffff 0 f
4 0 1 1f 0 5 a260 1 1 0 7 0 1 00 00 0000 0000 1 f
4 0 0 18 1 0 b5dd 0 1 0 0 0 1 00 00 0000 0000 1 f
4 0 1 00 0 0 3952 1 1 1 7 1 1 1f 1f b5dd ffff 1 f
4 0 0 05 0 1 9fc8 0 1 0 0 0 1 00 00 0000 0000 1 f
4 0 1 0b 0 3 675e 1 1 2 7 0 1 00 00 0000 0000 2 f
4 0 1 02 1 1 56e2 1 1 3 7 0 1 00 00 0000 0000 3 f
4 0 0 0b 0 7 af95 0 1 0 0 1 1 00 1f 56e2 ffff 2 f
4 0 1 15 0 2 a431 1 1 4 7 0 1 00 00 0000 0000 3 f
4 0 0 0d 1 3 57ab 0 1 0 0 0 1 00 00 0000 0000 3 f
4 0 0 13 1 4 8e40 0 1 0 0 0 1 00 00 0000 0000 3 f
4 0 1 13 1 2 0059 1 1 5 7 0 1 00 00 0000 0000 4 f
4 0 0 15 0 5 0fca 0 1 0 0 1 1 0b 1f 0059 ffff 3 f
4 0 0 0a 0 0 7650 0 1 0 0 1 1 02 1f 57ab ffff 2 f
4 0 1 1f 1 5 6337 1 1 6 7 1 1 15 1f 8e40 ffff 2 f
4 0 1 1b 0 5 7c1e 1 1 7 7 1 1 13 1f 6337 ffff 2 f
4 0 1 02 1 7 8551 1 1 0 7 0 1 00 00 0000 0000 3 f
4 0 0 04 1 0 8e99 0 1 0 0 0 1 00 00 0000 0000 3 f
4 0 1 18 1 6 5853 1 1 1 7 0 1 00 00 0000 0000 4 f
4 0 1 08 0 5 0e32 1 1 2 7 1 1 1f 1f 5853 ffff 4 f
4 0 0 18 1 1 c7a6 0 1 0 0 1 1 1b 1f 8551 ffff 3 f
4 0 0 0a 1 2 b1e0 0 1 0 0 1 1 02 1f 8e99 ffff 2 f
4 0 1 0f 0 1 8340 1 1 3 7 1 1 18 1f c7a6 ffff 2 f
4 0 1 04 1 3 455b 1 1 4 7 1 1 08 1f b1e0 ffff 2 f
4 0 0 07 0 0 ee9c 0 1 0 0 1 1 0f 1f 455b ffff 1 f
4 0 0 10 1 4 4619 0 1 0 0 0 1 00 00 0000 0000 1 f
4 0 1 1b 0 6 2ceb 1 1 5 7 1 1 04 1f 4619 ffff 1 f
4 0 1 14 0 6 b880 1 1 6 7 0 1 00 00 0000 0000 2 f
4 0 0 05 1 5 40ab 0 1 0 0 0 1 00 00 0000 0000 2 f
4 0 1 0c 1 6 b538 1 1 7 7 1 1 1b 1f 40ab ffff 2 f
4 0 0 0e 0 7 9e7b 0 1 0 0 1 1 14 1f b538 ffff 1 f
4 0 1 01 1 7 a5bd 1 1 0 7 0 1 00 00 0000 0000 2 f
4 0 1 1a 1 0 ec4c 1 1 1 7 1 1 0c 1f a5bd ffff 2 f
4 0 0 02 1 1 631f 0 1 0 0 1 1 01 1f ec4c ffff 1 f
4 0 1 0a 0 4 1a03 1 1 2 7 1 1 1a 1f 631f ffff 1 f
4 0 0 0d 1 2 9a1d 0 1 0 0 0 1 00 00 0000 0000 1 f
4 0 0 1d 0 1 454c 0 1 0 0 1 1 0a 1f 9a1d ffff 0 f
4 0 1 06 0 3 2c07 1 1 3 7 0 1 00 00 0000 0000 1 f
4 0 0 1c 1 3 fd9d 0 1 0 0 0 1 00 00 0000 0000 1 f
4 0 0 1a 0 7 8a44 0 1 0 0 1 1 06 1f fd9d ffff 0 f
4 0 1 1d 0 4 ee60 1 1 4 7 0 1 00 00 0000 0000 1 f
4 0 0 1d 1 4 2a02 0 1 0 0 0 1 00 00 0000 0000 1 f
4 0 1 0f 0 4 6635 1 1 5 7 1 1 1d 1f 2a02 ffff 1 f
4 0 0 04 0 2 9bd9 0 1 0 0 0 1 00 00 0000 0000 1 f
4 0 1 05 1 5 3e84 1 1 6 7 0 1 00 00 0000 0000 2 f
4 0 1 0e 1 6 8241 1 1 7 7 1 1 0f 1f 3e84 ffff 2 f
4 0 1 0d 1 7 0c67 1 1 0 7 1 1 05 1f 8241 ffff 2 f
4 0 1 12 1 0 b763 1 1 1 7 1 1 0e 1f 0c67 ffff 2 f
4 0 0 03 0 7 afb7 0 1 0 0 1 1 0d 1f b763 ffff 1 f
4 0 0 15 0 3 cbaa 0 1 0 0 0 1 00 00 0000 0000 1 f
4 0 1 15 1 1 1d2d 1 1 2 7 0 1 00 00 0000 0000 2 f
4 0 1 03 1 2 c841 1 1 3 7 1 1 12 1f 1d2d ffff 2 f
4 0 0 13 1 3 6d18 0 1 0 0 1 1 15 1f c841 ffff 1 f
4 0 0 00 0 5 9cb5 0 1 0 0 1 1 03 1f 6d18 ffff 0 f
4 0 0 19 0 6 2037 0 1 0 0 0 1 00 00 0000 0000 0 f
4 0 1 0e 0 0 d42b 1 1 4 7 0 1 00 00 0000 0000 1 f
4 0 1 1d 1 4 6729 1 1 5 7 0 1 00 00 0000 0000 2 f
4 0 1 1a 0 3 9c82 1 1 6 7 1 1 0e 1f 6729 ffff 2 f
4 0 1 03 0 4 420e 1 1 7 7 0 1 00 00 0000 0000 3 f
4 0 1 0d 1 6 44f1 1 1 0 7 0 1 00 00 0000 0000 4 f
4 0 1 1e 1 7 9176 1 1 1 7 0 1 00 00 0000 0000 5 f
4 0 1 0f 0 5 d8f3 1 1 2 7 0 1 00 00 0000 0000 6 f
4 0 0 0f 1 0 4d87 0 1 0 0 0 1 00 00 0000 0000 6 f
4 0 1 0a 1 5 a2d3 1 1 3 7 0 1 00 00 0000 0000 7 f
4 0 0 09 1 3 00f5 0 1 0 0 1 1 1d 1f a2d3 ffff 6 f
4 0 1 0e 0 6 1334 1 1 4 7 1 1 1a 1f 44f1 ffff 6 f
4 0 1 01 0 7 df29 1 1 5 7 1 1 03 1f 9176 ffff 6 f
4 0 1 00 0 1 8ed4 1 1 6 7 1 1 0d 1f 4d87 ffff 6 f
4 0 0 04 1 1 03e0 0 1 0 0 0 1 00 00 0000 0000 6 f
4 0 1 0f 1 6 feaa 1 1 7 7 1 1 1e 1f 03e0 ffff 6 f
4 0 1 09 1 5 ed3a 1 1 0 7 0 1 00 00 0000 0000 7 f
4 0 1 10 0 1 e5f0 1 1 1 7 0 1 00 00 0000 0000 8 f
4 0 0 05 0 7 beb5 0 1 0 0 0 1 00 00 0000 0000 8 f
4 0 1 1b 1 4 044a 0 1 0 0 0 1 00 00 0000 0000 8 f
4 0 0 09 1 2 a6c1 0 1 0 0 0 1 00 00 0000 0000 8 f
4 0 1 0e 0 6 5433 0 1 0 0 1 1 0f 1f a6c1 ffff 7 f
4 0 0 0e 1 0 b4cb 0 1 0 0 1 1 0a 1f 00f5 ffff 6 f
4 0 1 11 1 7 66a1 1 1 2 7 1 1 0e 1f 044a ffff 6 f
4 0 0 15 0 1 aae6 0 1 0 0 1 1 01 1f ed3a ffff 5 f
4 0 0 1d 0 6 594d 0 1 0 0 1 1 00 1f feaa ffff 4 f
4 0 1 00 0 1 181f 1 1 3 7 1 1 0f 1f 66a1 ffff 4 f
4 0 0 00 1 3 b9e4 0 1 0 0 1 1 09 1f b4cb ffff 3 f
4 0 0 07 0 5 875f 0 1 0 0 0 1 00 00 0000 0000 3 f
4 0 1 0c 0 7 1266 1 1 4 7 0 1 00 00 0000 0000 4 f
4 0 1 1c 0 6 e994 1 1 5 7 0 1 00 00 0000 0000 5 f
4 0 1 0a 1 5 8594 1 1 6 7 0 1 00 00 0000 0000 6 f
4 0 1 1d 0 6 590e 1 1 7 7 0 1 00 00 0000 0000 7 f
4 0 1 19 0 4 d6dd 1 1 0 7 0 1 00 00 0000 0000 8 f
4 0 1 0e 1 4 ac58 0 1 0 0 0 1 00 00 0000 0000 8 f
4 0 1 01 0 3 e885 0 1 0 0 0 1 00 00 0000 0000 8 f
4 0 1 0d 1 1 b4f2 0 1 0 0 0 1 00 00 0000 0000 8 f
4 0 1 04 0 6 7936 0 1 0 0 1 1 10 1f b4f2 ffff 7 f
4 0 1 11 0 3 bad8 1 1 1 7 0 1 00 00 0000 0000 8 f
4 0 1 1e 1 2 a6ff 0 1 0 0 0 1 00 00 0000 0000 8 f
4 0 1 13 1 1 cd04 0 1 0 0 1 1 11 1f a6ff ffff 7 f
4 0 0 0a 0 0 0b15 0 1 0 0 1 1 00 1f b9e4 ffff 6 f
4 0 1 0d 0 3 f5b1 1 1 2 7 1 1 0c 1f ac58 ffff 6 f
4 0 1 13 1 6 757b 1 1 3 7 1 1 1c 1f 8594 ffff 6 f
4 0 1 12 1 3 ba7e 1 1 4 7 1 1 0a 1f 757b ffff 6 f
4 0 0 10 0 2 4f5a 0 1 0 0 0 1 00 00 0000 0000 6 f
4 0 0 03 0 7 3ce1 0 1 0 0 0 1 00 00 0000 0000 6 f
4 0 1 1c 0 2 4314 1 1 5 7 0 1 00 00 0000 0000 7 f
4 0 1 17 1 7 b3b1 1 1 6 7 0 1 00 00 0000 0000 8 f
4 0 1 0d 1 2 967a 0 1 0 0 1 1 1d 1f b3b1 ffff 7 f
4 0 0 0d 0 1 a4b0 0 1 0 0 0 1 00 00 0000 0000 7 f
4 0 1 1a 1 5 8802 1 1 7 7 0 1 00 00 0000 0000 8 f
4 0 0 14 0 0 b6c6 0 1 0 0 0 1 00 00 0000 0000 8 f
4 0 1 1a 0 5 dca9 0 1 0 0 0 1 00 00 0000 0000 8 f
4 0 1 1e 0 4 ac4c 0 1 0 0 0 1 00 00 0000 0000 8 f
4 0 1 1f 1 7 03cf 0 1 0 0 0 1 00 00 0000 0000 8 f
4 0 1 08 1 6 44fa 0 1 0 0 0 1 00 00 0000 0000 8 f
4 0 1 1a 1 4 91eb 0 1 0 0 0 1 00 00 0000 0000 8 f
4 0 0 19 0 7 13f4 0 1 0 0 0 1 00 00 0000 0000 8 f
4 0 1 17 1 0 19da 0 1 0 0 0 1 00 00 0000 0000 8 f
4 0 1 08 0 7 ea36 0 1 0 0 1 1 19 1f 19da ffff 7 f
4 0 0 17 0 4 7354 0 1 0 0 1 1 11 1f cd04 ffff 6 f
4 0 1 02 0 2 facb 1 1 0 7 1 1 0d 1f 967a ffff 6 f
4 0 1 08 0 6 f98a 1 1 1 7 1 1 13 1f ba7e ffff 6 f
4 0 0 13 0 7 2cf1 0 1 0 0 1 1 12 1f 91eb ffff 5 f
4 0 1 0d 0 1 8f8a 1 1 2 7 1 1 1c 1f 8802 ffff 5 f
4 0 1 0f 0 0 2811 1 1 3 7 1 1 17 1f 44fa ffff 5 f
4 0 1 0e 0 5 c43e 1 1 4 7 1 1 1a 1f 03cf ffff 5 f
4 0 0 05 1 3 8450 0 1 0 0 0 1 00 00 0000 0000 5 f
4 0 1 12 1 2 a1d9 1 1 5 7 0 1 00 00 0000 0000 6 f
4 0 1 09 0 2 da72 1 1 6 7 0 1 00 00 0000 0000 7 f
4 0 1 1d 1 6 91c9 1 1 7 7 0 1 00 00 0000 0000 8 f
4 0 1 10 1 1 db9d 0 1 0 0 0 1 00 00 0000 0000 8 f
4 0 1 19 0 2 515a 0 1 0 0 0 1 00 00 0000 0000 8 f
4 0 0 13 1 0 71f8 0 1 0 0 0 1 00 00 0000 0000 8 f
4 0 1 1b 1 4 90a7 0 1 0 0 1 1 02 1f 71f8 ffff 7 f
4 0 1 09 1 7 549c 1 1 0 7 1 1 08 1f db9d ffff 7 f
4 0 1 04 1 5 3a48 1 1 1 7 1 1 0d 1f a1d9 ffff 7 f
4 0 0 0c 0 3 d530 0 1 0 0 1 1 0f 1f 8450 ffff 6 f
4 0 0 16 1 0 5e29 0 1 0 0 1 1 0e 1f 90a7 ffff 5 f
4 0 0 0f 1 1 ecb6 0 1 0 0 1 1 12 1f 3a48 ffff 4 f
4 0 1 0e 0 5 0f60 1 1 2 7 1 1 09 1f 91c9 ffff 4 f
4 0 1 10 0 1 367b 1 1 3 7 1 1 1d 1f 549c ffff 4 f
4 0 1 08 0 3 ba13 1 1 4 7 1 1 09 1f 5e29 ffff 4 f
4 0 1 03 0 4 d5c0 1 1 5 7 1 1 04 1f ecb6 ffff 4 f
4 0 1 0e 1 5 2f01 1 1 6 7 0 1 00 00 0000 0000 5 f
4 0 1 1a 1 3 d5d4 1 1 7 7 0 1 00 00 0000 0000 6 f
4 0 1 0e 1 7 e9f2 1 1 0 7 0 1 00 00 0000 0000 7 f
4 0 1 1a 1 6 7142 1 1 1 7 0 1 00 00 0000 0000 8 f
4 0 1 0d 1 1 3637 0 1 0 0 0 1 00 00 0000 0000 8 f
4 0 1 09 1 4 ab35 0 1 0 0 0 1 00 00 0000 0000 8 f
4 0 1 04 0 6 174f 0 1 0 0 0 1 00 00 0000 0000 8 f
4 0 1 11 0 6 4902 0 1 0 0 0 1 00 00 0000 0000 8 f
4 0 1 14 1 0 929a 0 1 0 0 0 1 00 00 0000 0000 8 f
4 0 1 0b 1 2 4ce6 0 1 0 0 0 1 00 00 0000 0000 8 f
4 0 0 0f 0 3 9c8c 0 1 0 0 1 1 0e 1f 4ce6 ffff 7 f
4 0 0 01 0 2 a03d 0 1 0 0 1 1 10 1f d5d4 ffff 6 f
4 0 0 15 0 1 4fc7 0 1 0 0 1 1 08 1f ab35 ffff 5 f
4 0 1 12 0 1 f0f0 1 1 2 7 1 1 03 1f 2f01 ffff 5 f
4 0 1 01 1 2 b05b 1 1 3 7 1 1 0e 1f 7142 ffff 5 f
4 0 1 11 1 3 9e96 1 1 4 7 1 1 1a 1f e9f2 ffff 5 f
4 0 1 18 1 4 a39b 1 1 5 7 1 1 0e 1f 929a ffff 5 f
4 0 1 03 0 7 b4cf 1 1 6 7 1 1 1a 1f 3637 ffff 5 f
4 0 0 0c 0 5 02b7 0 1 0 0 1 1 12 1f b05b ffff 4 f
4 0 1 0c 0 0 b4f9 1 1 7 7 1 1 01 1f 9e96 ffff 4 f
4 0 1 15 0 3 c694 1 1 0 7 1 1 11 1f a39b ffff 4 f
4 0 1 12 0 4 a0c1 1 1 1 7 0 1 00 00 0000 0000 5 f
4 0 0 07 0 6 97bc 0 1 0 0 0 1 00 00 0000 0000 5 f
4 0 0 08 1 5 94b7 0 1 0 0 0 1 00 00 0000 0000 5 f
4 0 1 12 0 0 c691 1 1 2 7 1 1 18 1f 94b7 ffff 5 f
4 0 1 1d 1 7 d618 1 1 3 7 0 1 00 00 0000 0000 6 f
4 0 1 10 0 1 f9b6 1 1 4 7 0 1 00 00 0000 0000 7 f
4 0 0 05 1 2 e1be 0 1 0 0 0 1 00 00 0000 0000 7 f
4 0 1 1c 0 2 197f 1 1 5 7 0 1 00 00 0000 0000 8 f
4 0 0 17 0 6 59bf 0 1 0 0 0 1 00 00 0000 0000 8 f
4 0 1 03 1 4 4075 0 1 0 0 0 1 00 00 0000 0000 8 f
4 0 1 1f 0 7 d07a 0 1 0 0 0 1 00 00 0000 0000 8 f
4 0 0 1d 1 1 2bd8 0 1 0 0 0 1 00 00 0000 0000 8 f
4 0 1 01 1 3 f3d5 0 1 0 0 0 1 00 00 0000 0000 8 f
4 0 1 16 0 0 6d82 0 1 0 0 0 1 00 00 0000 0000 8 f
4 0 1 0e 0 2 fc75 0 1 0 0 0 1 00 00 0000 0000 8 f
4 0 1 0b 1 6 eb41 0 1 0 0 0 1 00 00 0000 0000 8 f
4 0 1 05 0 2 4b5f 0 1 0 0 1 1 03 1f eb41 ffff 7 f
4 0 1 05 0 5 9b77 1 1 6 7 1 1 0c 1f d618 ffff 7 f
4 0 1 1a 0 0 3515 1 1 7 7 0 1 00 00 0000 0000 8 f
4 0 1 0a 1 6 c7aa 0 1 0 0 0 1 00 00 0000 0000 8 f
4 0 1 13 0 5 3d54 0 1 0 0 0 1 00 00 0000 0000 8 f
4 0 0 1d 1 7 21e5 0 1 0 0 0 1 00 00 0000 0000 8 f
4 0 0 10 0 4 d151 0 1 0 0 0 1 00 00 0000 0000 8 f
4 0 0 02 0 5 ed07 0 1 0 0 0 1 00 00 0000 0000 8 f
4 0 0 1f 0 6 f645 0 1 0 0 0 1 00 00 0000 0000 8 f
4 0 0 05 1 0 ddc8 0 1 0 0 0 1 00 00 0000 0000 8 f
4 0 1 02 0 2 85c1 0 1 0 0 1 1 15 1f ddc8 ffff 7 f
4 0 0 05 1 5 7e91 0 1 0 0 1 1 12 1f 2bd8 ffff 6 f
4 0 0 00 0 6 10a2 0 1 0 0 1 1 12 1f e1be ffff 5 f
4 0 1 15 0 6 2b75 1 1 0 7 1 1 1d 1f f3d5 ffff 5 f
4 0 0 15 1 0 a4b8 0 1 0 0 1 1 10 1f 4075 ffff 4 f
4 0 0 1c 0 0 d80c 0 1 0 0 1 1 1c 1f 7e91 ffff 3 f
4 0 0 16 0 5 a61a 0 1 0 0 1 1 05 1f c7aa ffff 2 f
4 0 0 02 0 7 6cc8 0 1 0 0 1 1 1a 1f 21e5 ffff 1 f
4 0 1 05 0 4 c285 1 1 1 7 1 1 15 1f a4b8 ffff 1 f
4 0 1 1c 0 7 102c 1 1 2 7 0 1 00 00 0000 0000 2 f
4 0 1 11 1 2 fbf0 1 1 3 7 0 1 00 00 0000 0000 3 f
4 0 0 05 0 2 bc77 0 1 0 0 0 1 00 00 0000 0000 3 f
4 0 1 1e 0 6 dba3 1 1 4 7 0 1 00 00 0000 0000 4 f
4 0 1 17 0 3 1cc4 1 1 5 7 0 1 00 00 0000 0000 5 f
4 0 1 17 1 1 d652 1 1 6 7 0 1 00 00 0000 0000 6 f
4 0 1 0c 1 5 944e 1 1 7 7 1 1 05 1f d652 ffff 6 f
4 0 0 0a 0 6 2d3e 0 1 0 0 1 1 1c 1f fbf0 ffff 5 f
4 0 0 0a 1 4 b48c 0 1 0 0 0 1 00 00 0000 0000 5 f
4 0 1 16 1 3 0947 1 1 0 7 0 1 00 00 0000 0000 6 f
4 0 1 03 1 6 b5cd 1 1 1 7 1 1 11 1f 0947 ffff 6 f
4 0 0 10 1 7 876c 0 1 0 0 1 1 1e 1f b48c ffff 5 f
4 0 1 10 0 4 a3e1 1 1 2 7 1 1 17 1f 944e ffff 5 f
4 0 1 1c 1 1 6d8a 1 1 3 7 1 1 17 1f b5cd ffff 5 f
4 0 0 10 0 3 6b17 0 1 0 0 1 1 0c 1f 876c ffff 4 f
4 0 0 15 1 3 1f36 0 1 0 0 0 1 00 00 0000 0000 4 f
4 0 1 03 1 0 5c75 1 1 4 7 0 1 00 00 0000 0000 5 f
4 0 1 02 1 2 7271 1 1 5 7 1 1 16 1f 5c75 ffff 5 f
4 0 1 1a 1 4 168c 1 1 6 7 1 1 03 1f 6d8a ffff 5 f
4 0 1 02 0 2 dec3 1 1 7 7 1 1 10 1f 7271 ffff 5 f
4 0 0 0b 1 6 4bc6 0 1 0 0 1 1 1c 1f 1f36 ffff 4 f
4 0 1 06 0 6 17ed 1 1 0 7 1 1 03 1f 168c ffff 4 f
4 0 1 06 0 6 9471 1 1 1 7 0 1 00 00 0000 0000 5 f
4 0 0 05 0 6 bed2 0 1 0 0 0 1 00 00 0000 0000 5 f
4 0 1 1b 1 1 39e2 1 1 2 7 0 1 00 00 0000 0000 6 f
4 0 0 0b 1 7 345a 0 1 0 0 0 1 00 00 0000 0000 6 f
4 0 0 0a 1 2 647b 0 1 0 0 0 1 00 00 0000 0000 6 f
4 0 1 09 0 0 11e0 1 1 3 7 0 1 00 00 0000 0000 7 f
4 0 0 04 1 3 7cde 0 1 0 0 0 1 00 00 0000 0000 7 f
4 0 1 1e 1 0 b992 1 1 4 7 0 1 00 00 0000 0000 8 f
4 0 0 00 1 4 6ddc 0 1 0 0 0 1 00 00 0000 0000 8 f
4 0 1 03 1 5 dce3 0 1 0 0 0 1 00 00 0000 0000 8 f
4 0 1 01 0 0 5b5b 0 1 0 0 1 1 02 1f dce3 ffff 7 f
4 0 0 1e 0 3 ca04 0 1 0 0 1 1 1a 1f 4bc6 ffff 6 f
4 0 1 07 0 3 c8a0 1 1 5 7 1 1 02 1f 345a ffff 6 f
4 0 0 1a 1 5 1f57 0 1 0 0 1 1 06 1f b992 ffff 5 f
4 0 1 1b 0 3 f140 1 1 6 7 1 1 06 1f 39e2 ffff 5 f
4 0 1 17 0 3 debb 1 1 7 7 1 1 1b 1f 647b ffff 5 f
4 0 1 0b 0 5 8147 1 1 0 7 1 1 09 1f 7cde ffff 5 f
4 0 0 1f 0 1 6aa9 0 1 0 0 1 1 1e 1f 6ddc ffff 4 f
4 0 0 08 1 7 91a2 0 1 0 0 1 1 07 1f 1f57 ffff 3 f
4 0 1 0c 1 6 c2e7 1 1 1 7 0 1 00 00 0000 0000 4 f
4 0 1 19 0 1 bf0a 1 1 2 7 1 1 1b 1f c2e7 ffff 4 f
4 0 0 05 1 1 67cc 0 1 0 0 1 1 17 1f 91a2 ffff 3 f
4 0 0 10 0 0 e6b2 0 1 0 0 0 1 00 00 0000 0000 3 f
4 0 1 1c 1 2 afb3 1 1 3 7 0 1 00 00 0000 0000 4 f
4 0 1 06 0 5 c0d5 1 1 4 7 0 1 00 00 0000 0000 5 f
4 0 0 0b 0 7 9f8a 0 1 0 0 0 1 00 00 0000 0000 5 f
4 0 1 01 1 0 68f9 1 1 5 7 0 1 00 00 0000 0000 6 f
4 0 1 14 1 5 a97c 1 1 6 7 1 1 0b 1f 68f9 ffff 6 f
4 0 1 1c 1 6 d9e4 1 1 7 7 1 1 0c 1f 67cc ffff 6 f
4 0 0 1b 0 4 3ab3 0 1 0 0 1 1 19 1f afb3 ffff 5 f
4 0 0 0b 1 4 e286 0 1 0 0 0 1 00 00 0000 0000 5 f
4 0 1 0c 0 6 6ef3 1 1 0 7 0 1 00 00 0000 0000 6 f
4 0 1 09 1 7 9e81 1 1 1 7 0 1 00 00 0000 0000 7 f
4 0 1 07 0 2 327e 1 1 2 7 0 1 00 00 0000 0000 8 f
4 0 0 17 1 3 1492 0 1 0 0 0 1 00 00 0000 0000 8 f
4 0 1 05 0 0 7b97 0 1 0 0 1 1 1c 1f 1492 ffff 7 f
4 0 1 04 0 5 66de 1 1 3 7 1 1 06 1f e286 ffff 7 f
4 0 0 19 1 2 46a6 0 1 0 0 1 1 01 1f a97c ffff 6 f
4 0 0 06 1 1 9fce 0 1 0 0 1 1 14 1f d9e4 ffff 5 f
4 0 0 1c 0 5 da0f 0 1 0 0 1 1 1c 1f 9e81 ffff 4 f
4 0 1 0c 1 3 a1dd 1 1 4 7 0 1 00 00 0000 0000 5 f
4 0 1 07 1 0 014d 1 1 5 7 0 1 00 00 0000 0000 6 f
4 0 1 1d 1 5 2105 1 1 6 7 1 1 0c 1f 014d ffff 6 f
4 0 1 10 1 4 6717 1 1 7 7 1 1 09 1f 9fce ffff 6 f
4 0 0 07 1 7 5196 0 1 0 0 1 1 07 1f 46a6 ffff 5 f
4 0 1 1a 0 0 4469 1 1 0 7 1 1 04 1f a1dd ffff 5 f
4 0 1 14 0 3 c4cb 1 1 1 7 1 1 0c 1f 6717 ffff 5 f
4 0 1 00 0 3 3880 1 1 2 7 1 1 07 1f 2105 ffff 5 f
4 0 0 12 1 0 230c 0 1 0 0 0 1 00 00 0000 0000 5 f
4 0 1 1c 1 2 ae93 1 1 3 7 0 1 00 00 0000 0000 6 f
4 0 0 1a 0 2 af8e 0 1 0 0 0 1 00 00 0000 0000 6 f
4 0 0 08 0 5 7185 0 1 0 0 0 1 00 00 0000 0000 6 f
4 0 0 06 0 2 bf2d 0 1 0 0 0 1 00 00 0000 0000 6 f
4 0 1 0e 1 3 8836 1 1 4 7 0 1 00 00 0000 0000 7 f
4 0 1 19 0 0 50f5 1 1 5 7 0 1 00 00 0000 0000 8 f
4 0 1 0e 1 5 0cf1 0 1 0 0 0 1 00 00 0000 0000 8 f
4 0 1 0a 0 5 e681 0 1 0 0 0 1 00 00 0000 0000 8 f
4 0 1 1d 1 4 e8e0 0 1 0 0 0 1 00 00 0000 0000 8 f
4 0 1 09 0 0 f313 0 1 0 0 0 1 00 00 0000 0000 8 f
4 0 1 1f 1 6 703d 0 1 0 0 0 1 00 00 0000 0000 8 f
4 0 0 1a 1 1 d7b0 0 1 0 0 1 1 1d 1f 703d ffff 7 f
4 0 0 1b 0 7 c00f 0 1 0 0 1 1 10 1f 5196 ffff 6 f
4 0 1 00 0 2 046d 1 1 6 7 1 1 1a 1f 230c ffff 6 f
4 0 1 15 1 6 e286 1 1 7 7 1 1 14 1f d7b0 ffff 6 f
4 0 1 1a 1 7 c20f 1 1 0 7 1 1 00 1f ae93 ffff 6 f
4 0 0 07 0 6 86e9 0 1 0 0 1 1 1c 1f 8836 ffff 5 f
4 0 1 0f 1 0 064c 1 1 1 7 1 1 0e 1f e8e0 ffff 5 f
4 0 0 0d 0 1 1dea 0 1 0 0 1 1 19 1f 0cf1 ffff 4 f
4 0 1 15 1 1 d2ee 1 1 2 7 1 1 00 1f e286 ffff 4 f
4 0 0 1e 1 2 88cc 0 1 0 0 1 1 15 1f c20f ffff 3 f
4 0 0 10 0 7 cb64 0 1 0 0 1 1 1a 1f 064c ffff 2 f
4 0 1 00 0 3 136e 1 1 3 7 1 1 0f 1f d2ee ffff 2 f
4 0 1 06 1 3 d9a7 1 1 4 7 1 1 15 1f 88cc ffff 2 f
4 0 0 13 0 2 962c 0 1 0 0 1 1 00 1f d9a7 ffff 1 f
4 0 1 06 1 4 ec79 1 1 5 7 0 1 00 00 0000 0000 2 f
4 0 1 12 1 5 cc7e 1 1 6 7 1 1 06 1f ec79 ffff 2 f
4 0 0 16 1 6 aa5a 0 1 0 0 1 1 06 1f cc7e ffff 1 f
4 0 0 03 0 7 733f 0 1 0 0 1 1 12 1f aa5a ffff 0 f
4 0 0 0d 0 2 8d48 0 1 0 0 0 1 00 00 0000 0000 0 f
4 0 1 02 0 4 bacf 1 1 7 7 0 1 00 00 0000 0000 1 f
4 0 0 0d 1 7 ce43 0 1 0 0 0 1 00 00 0000 0000 1 f
4 0 1 0d 0 2 a93f 1 1 0 7 1 1 02 1f ce43 ffff 1 f
4 0 1 1f 1 0 5140 1 1 1 7 0 1 00 00 0000 0000 2 f
4 0 1 0c 1 1 5e19 1 1 2 7 1 1 0d 1f 5140 ffff 2 f
4 0 1 0b 1 2 8428 1 1 3 7 1 1 1f 1f 5e19 ffff 2 f
4 0 1 0b 0 4 ab9c 1 1 4 7 1 1 0c 1f 8428 ffff 2 f
4 0 0 15 1 4 11bc 0 1 0 0 0 1 00 00 0000 0000 2 f
4 0 0 17 1 3 7787 0 1 0 0 0 1 00 00 0000 0000 2 f
4 0 1 11 0 6 98b7 1 1 5 7 1 1 0b 1f 7787 ffff 2 f
4 0 0 13 1 5 dd0d 0 1 0 0 1 1 0b 1f 11bc ffff 1 f
4 0 1 19 0 0 8b1c 1 1 6 7 1 1 11 1f dd0d ffff 1 f
4 0 0 09 0 5 99ce 0 1 0 0 0 1 00 00 0000 0000 1 f
4 0 1 16 0 4 2bb6 1 1 7 7 0 1 00 00 0000 0000 2 f
4 0 1 07 1 6 0cd2 1 1 0 7 0 1 00 00 0000 0000 3 f
4 0 1 06 0 5 7171 1 1 1 7 1 1 19 1f 0cd2 ffff 3 f
4 0 0 0b 0 0 782f 0 1 0 0 0 1 00 00 0000 0000 3 f
4 0 0 00 0 4 b9e3 0 1 0 0 0 1 00 00 0000 0000 3 f
4 0 0 18 0 7 237a 0 1 0 0 0 1 00 00 0000 0000 3 f
4 0 1 09 0 0 3d60 1 1 2 7 0 1 00 00 0000 0000 4 f
4 0 1 07 1 0 e703 1 1 3 7 0 1 00 00 0000 0000 5 f
4 0 0 07 0 0 0e13 0 1 0 0 0 1 00 00 0000 0000 5 f
4 0 1 0b 1 3 bf9e 1 1 4 7 0 1 00 00 0000 0000 6 f
4 0 1 11 0 1 255e 1 1 5 7 0 1 00 00 0000 0000 7 f
4 0 0 10 0 5 41e4 0 1 0 0 0 1 00 00 0000 0000 7 f
4 0 1 11 1 2 641d 1 1 6 7 0 1 00 00 0000 0000 8 f
4 0 1 0d 1 4 eb9f 0 1 0 0 0 1 00 00 0000 0000 8 f
4 0 0 04 0 2 5d7e 0 1 0 0 0 1 00 00 0000 0000 8 f
4 0 1 14 1 6 d847 0 1 0 0 0 1 00 00 0000 0000 8 f
4 0 1 08 0 3 0f86 0 1 0 0 0 1 00 00 0000 0000 8 f
4 0 1 1d 1 7 5df0 0 1 0 0 0 1 00 00 0000 0000 8 f
4 0 1 19 1 1 f150 0 1 0 0 1 1 16 1f 5df0 ffff 7 f
4 0 1 1d 0 4 435d 1 1 7 7 1 1 07 1f e703 ffff 7 f
4 0 1 06 0 7 1cfa 1 1 0 7 1 1 06 1f f150 ffff 7 f
4 0 1 1c 0 1 9e22 1 1 1 7 1 1 09 1f 641d ffff 7 f
4 0 1 1d 0 5 26bc 1 1 2 7 1 1 07 1f bf9e ffff 7 f
4 0 0 03 1 1 a90d 0 1 0 0 1 1 0b 1f eb9f ffff 6 f
4 0 1 09 1 0 d8d9 1 1 3 7 0 1 00 00 0000 0000 7 f
4 0 0 17 1 3 7806 0 1 0 0 0 1 00 00 0000 0000 7 f
4 0 0 07 1 7 9312 0 1 0 0 0 1 00 00 0000 0000 7 f
4 0 1 0e 1 5 1e47 1 1 4 7 0 1 00 00 0000 0000 8 f
4 0 0 1a 1 4 a2db 0 1 0 0 1 1 11 1f 1e47 ffff 7 f
4 0 1 07 1 2 5510 1 1 5 7 1 1 11 1f d847 ffff 7 f
4 0 1 0e 1 5 dbd5 1 1 6 7 1 1 1d 1f 9312 ffff 7 f
4 0 1 1b 1 6 7ce4 1 1 7 7 1 1 06 1f d8d9 ffff 7 f
4 0 0 09 0 1 d57e 0 1 0 0 1 1 1c 1f a90d ffff 6 f
4 0 0 07 0 6 a69f 0 1 0 0 1 1 1d 1f 5510 ffff 5 f
4 0 1 09 1 7 8aba 1 1 0 7 1 1 09 1f 7806 ffff 5 f
4 0 1 10 1 0 fb4a 1 1 1 7 1 1 0e 1f a2db ffff 5 f
4 0 1 17 0 4 84e1 1 1 2 7 1 1 07 1f dbd5 ffff 5 f
4 0 0 0d 0 4 5140 0 1 0 0 1 1 0e 1f 7ce4 ffff 4 f
4 0 0 03 0 4 47b1 0 1 0 0 1 1 1b 1f 8aba ffff 3 f
4 0 1 1f 1 2 5cb0 1 1 3 7 1 1 09 1f fb4a ffff 3 f
4 0 0 0c 0 5 1860 0 1 0 0 0 1 00 00 0000 0000 3 f
4 0 0 11 0 1 fd44 0 1 0 0 0 1 00 00 0000 0000 3 f
4 0 1 01 1 3 f496 1 1 4 7 0 1 00 00 0000 0000 4 f
4 0 1 0a 1 1 3820 1 1 5 7 0 1 00 00 0000 0000 5 f
4 0 1 12 1 5 4e18 1 1 6 7 1 1 10 1f 3820 ffff 5 f
4 0 1 0a 1 4 0b6e 1 1 7 7 1 1 17 1f 5cb0 ffff 5 f
4 0 1 03 1 6 8f67 1 1 0 7 1 1 1f 1f f496 ffff 5 f
4 0 1 0d 1 7 09ca 1 1 1 7 1 1 01 1f 0b6e ffff 5 f
4 0 0 1d 0 3 0f2c 0 1 0 0 1 1 0a 1f 4e18 ffff 4 f
4 0 0 14 0 3 7bd0 0 1 0 0 1 1 12 1f 8f67 ffff 3 f
4 0 1 0f 0 0 6aae 1 1 2 7 1 1 0a 1f 09ca ffff 3 f
4 0 1 0a 0 1 9938 1 1 3 7 0 1 00 00 0000 0000 4 f
4 0 1 07 0 7 faa1 1 1 4 7 0 1 00 00 0000 0000 5 f
4 0 1 01 1 1 ace1 1 1 5 7 0 1 00 00 0000 0000 6 f
4 0 1 1a 0 5 7f3b 1 1 6 7 0 1 00 00 0000 0000 7 f
4 0 0 1b 1 5 d20c 0 1 0 0 0 1 00 00 0000 0000 7 f
4 0 0 1e 1 6 a240 0 1 0 0 0 1 00 00 0000 0000 7 f
4 0 0 12 1 3 68a1 0 1 0 0 0 1 00 00 0000 0000 7 f
4 0 0 07 1 2 7809 0 1 0 0 0 1 00 00 0000 0000 7 f
4 0 1 1e 1 4 703c 1 1 7 7 0 1 00 00 0000 0000 8 f
4 0 1 1d 0 7 a652 0 1 0 0 0 1 00 00 0000 0000 8 f
4 0 1 13 1 0 8a08 0 1 0 0 0 1 00 00 0000 0000 8 f
4 0 1 13 1 7 cf24 0 1 0 0 1 1 03 1f 8a08 ffff 7 f
4 0 1 05 0 6 ccfd 1 1 0 7 1 1 0d 1f ace1 ffff 7 f
4 0 0 01 1 0 7e62 0 1 0 0 1 1 0f 1f 7809 ffff 6 f
4 0 0 1d 0 1 51d5 0 1 0 0 1 1 0a 1f 68a1 ffff 5 f
4 0 0 05 0 0 c30c 0 1 0 0 1 1 07 1f 703c ffff 4 f
4 0 1 0f 0 2 1a6a 1 1 1 7 1 1 01 1f d20c ffff 4 f
4 0 0 0c 1 1 6b37 0 1 0 0 1 1 1a 1f a240 ffff 3 f
4 0 0 17 0 4 461b 0 1 0 0 1 1 1e 1f cf24 ffff 2 f
4 0 1 1a 0 2 6b82 1 1 2 7 1 1 05 1f 7e62 ffff 2 f
4 0 1 07 1 2 5298 1 1 3 7 1 1 0f 1f 6b37 ffff 2 f
4 0 1 12 1 3 b6b3 1 1 4 7 1 1 1a 1f 5298 ffff 2 f
4 0 0 0f 1 4 3388 0 1 0 0 1 1 07 1f b6b3 ffff 1 f
4 0 0 12 0 0 e8ec 0 1 0 0 1 1 12 1f 3388 ffff 0 f
4 0 0 0f 0 5 c255 0 1 0 0 0 1 00 00 0000 0000 0 f
4 0 0 0d 0 2 2e5c 0 1 0 0 0 1 00 00 0000 0000 0 f
4 0 1 17 0 2 5da3 1 1 5 7 0 1 00 00 0000 0000 1 f
4 0 1 1d 0 1 6505 1 1 6 7 0 1 00 00 0000 0000 2 f
4 0 0 00 0 1 2539 0 1 0 0 0 1 00 00 0000 0000 2 f
4 0 0 15 0 4 977d 0 1 0 0 0 1 00 00 0000 0000 2 f
4 0 1 0a 1 5 b607 1 1 7 7 0 1 00 00 0000 0000 3 f
4 0 1 04 0 7 00fa 1 1 0 7 1 1 17 1f b607 ffff 3 f
4 0 1 15 1 7 6155 1 1 1 7 0 1 00 00 0000 0000 4 f
4 0 0 1c 0 5 db2f 0 1 0 0 0 1 00 00 0000 0000 4 f
4 0 1 0a 1 0 21fc 1 1 2 7 0 1 00 00 0000 0000 5 f
4 0 0 1b 0 7 35a1 0 1 0 0 0 1 00 00 0000 0000 5 f
4 0 0 1d 0 0 7b02 0 1 0 0 0 1 00 00 0000 0000 5 f
4 0 1 1c 0 2 6122 1 1 3 7 0 1 00 00 0000 0000 6 f
4 0 1 19 0 0 b1fd 1 1 4 7 0 1 00 00 0000 0000 7 f
4 0 0 19 0 0 ca67 0 1 0 0 0 1 00 00 0000 0000 7 f
4 0 1 02 1 6 84a6 1 1 5 7 0 1 00 00 0000 0000 8 f
4 0 1 09 0 2 c9df 0 1 0 0 1 1 1d 1f 84a6 ffff 7 f
4 0 1 1d 1 1 0384 1 1 6 7 1 1 0a 1f 6155 ffff 7 f
4 0 0 01 1 6 fbb1 0 1 0 0 1 1 04 1f 21fc ffff 6 f
4 0 1 0f 1 3 be13 1 1 7 7 1 1 15 1f 0384 ffff 6 f
4 0 1 14 0 4 8068 1 1 0 7 0 1 00 00 0000 0000 7 f
4 0 1 08 0 5 14f0 1 1 1 7 0 1 00 00 0000 0000 8 f
4 0 1 03 1 0 b441 0 1 0 0 0 1 00 00 0000 0000 8 f
4 0 0 17 0 6 bfbc 0 1 0 0 0 1 00 00 0000 0000 8 f
4 0 0 0d 0 0 97b0 0 1 0 0 0 1 00 00 0000 0000 8 f
4 0 1 1f 1 5 7056 0 1 0 0 0 1 00 00 0000 0000 8 f
4 0 1 17 1 4 a577 0 1 0 0 0 1 00 00 0000 0000 8 f
4 0 0 1e 0 0 ff4f 0 1 0 0 0 1 00 00 0000 0000 8 f
4 0 1 1b 1 7 5878 0 1 0 0 0 1 00 00 0000 0000 8 f
4 0 1 07 1 1 ad8f 0 1 0 0 0 1 00 00 0000 0000 8 f
4 0 0 0f 0 1 b8e4 0 1 0 0 0 1 00 00 0000 0000 8 f
4 0 1 0e 0 7 35f7 0 1 0 0 0 1 00 00 0000 0000 8 f
4 0 0 02 0 2 4fd5 0 1 0 0 0 1 00 00 0000 0000 8 f
4 0 1 0c 0 4 b1ca 0 1 0 0 0 1 00 00 0000 0000 8 f
4 0 1 1e 1 2 916a 0 1 0 0 0 1 00 00 0000 0000 8 f
4 0 0 1b 0 1 29fe 0 1 0 0 1 1 0a 1f 916a ffff 7 f
4 0 1 1e 0 6 477a 1 1 2 7 1 1 1c 1f be13 ffff 7 f
4 0 1 00 0 6 e3d9 1 1 3 7 1 1 19 1f a577 ffff 7 f
4 0 1 16 1 3 e6eb 1 1 4 7 1 1 02 1f 7056 ffff 7 f
4 0 1 05 0 5 160f 1 1 5 7 1 1 1d 1f fbb1 ffff 7 f
4 0 0 1f 0 7 1456 0 1 0 0 1 1 0f 1f 5878 ffff 6 f
4 0 0 03 1 4 b3dc 0 1 0 0 1 1 14 1f b441 ffff 5 f
4 0 1 1c 0 6 0c24 1 1 6 7 1 1 08 1f ad8f ffff 5 f
4 0 0 00 0 5 dde6 0 1 0 0 0 1 00 00 0000 0000 5 f
4 0 0 09 0 2 d89d 0 1 0 0 0 1 00 00 0000 0000 5 f
4 0 1 1f 0 7 d464 1 1 7 7 0 1 00 00 0000 0000 6 f
4 0 1 0f 1 6 24f3 1 1 0 7 0 1 00 00 0000 0000 7 f
4 0 1 0e 0 1 c103 1 1 1 7 0 1 00 00 0000 0000 8 f
4 0 0 06 0 2 eedc 0 1 0 0 0 1 00 00 0000 0000 8 f
4 0 1 0f 0 0 a793 0 1 0 0 0 1 00 00 0000 0000 8 f
4 0 1 17 1 5 3f0f 0 1 0 0 0 1 00 00 0000 0000 8 f
4 0 0 1f 0 0 aa7e 0 1 0 0 0 1 00 00 0000 0000 8 f
4 0 0 1f 1 7 83ef 0 1 0 0 0 1 00 00 0000 0000 8 f
4 0 0 18 1 2 144d 0 1 0 0 0 1 00 00 0000 0000 8 f
4 0 1 09 1 1 0112 0 1 0 0 1 1 1e 1f 144d ffff 7 f
4 0 0 02 0 7 f39d 0 1 0 0 1 1 00 1f e6eb ffff 6 f
4 0 1 12 1 0 ed53 1 1 2 7 1 1 16 1f b3dc ffff 6 f
4 0 0 08 1 2 005d 0 1 0 0 1 1 05 1f 3f0f ffff 5 f
4 0 1 0d 0 1 2549 1 1 3 7 1 1 1c 1f 24f3 ffff 5 f
4 0 1 1c 1 3 9df2 1 1 4 7 1 1 1f 1f 83ef ffff 5 f
4 0 1 1b 1 4 b01c 1 1 5 7 1 1 0f 1f ed53 ffff 5 f
4 0 1 0a 0 1 5458 1 1 6 7 1 1 0e 1f 0112 ffff 5 f
4 0 1 03 0 4 a366 1 1 7 7 1 1 12 1f 005d ffff 5 f
4 0 1 04 1 7 6fc6 1 1 0 7 1 1 0d 1f 9df2 ffff 5 f
4 0 1 10 0 2 570e 1 1 1 7 1 1 1c 1f b01c ffff 5 f
4 0 0 1e 0 4 0f34 0 1 0 0 0 1 00 00 0000 0000 5 f
4 0 0 1a 0 5 cd64 0 1 0 0 0 1 00 00 0000 0000 5 f
4 0 1 0d 1 6 fca4 1 1 2 7 0 1 00 00 0000 0000 6 f
4 0 0 10 0 5 abce 0 1 0 0 0 1 00 00 0000 0000 6 f
4 0 0 1b 0 7 bd40 0 1 0 0 0 1 00 00 0000 0000 6 f
4 0 1 0a 1 0 a9d7 1 1 3 7 0 1 00 00 0000 0000 7 f
4 0 0 16 0 6 2ec3 0 1 0 0 0 1 00 00 0000 0000 7 f
4 0 1 06 1 1 24d7 1 1 4 7 0 1 00 00 0000 0000 8 f
4 0 0 01 0 2 36ac 0 1 0 0 0 1 00 00 0000 0000 8 f
4 0 0 0f 0 5 2cbe 0 1 0 0 0 1 00 00 0000 0000 8 f
4 0 1 07 1 5 b151 0 1 0 0 0 1 00 00 0000 0000 8 f
4 0 0 06 0 0 bffc 0 1 0 0 1 1 1b 1f b151 ffff 7 f
4 0 1 03 1 4 8c10 1 1 5 7 1 1 0a 1f fca4 ffff 7 f
4 0 1 19 1 5 3339 1 1 6 7 1 1 03 1f 6fc6 ffff 7 f
4 0 0 16 1 2 c830 0 1 0 0 1 1 04 1f a9d7 ffff 6 f
4 0 1 09 1 6 9667 1 1 7 7 1 1 10 1f 24d7 ffff 6 f
4 0 1 0e 0 6 440e 1 1 0 7 1 1 0d 1f c830 ffff 6 f
4 0 1 18 1 0 0ae4 1 1 1 7 0 1 00 00 0000 0000 7 f
4 0 1 0b 1 7 d9d9 1 1 2 7 0 1 00 00 0000 0000 8 f
4 0 0 15 1 2 ac62 0 1 0 0 0 1 00 00 0000 0000 8 f
4 0 0 1f 0 6 a3c7 0 1 0 0 0 1 00 00 0000 0000 8 f
4 0 0 01 1 3 1c02 0 1 0 0 0 1 00 00 0000 0000 8 f
4 0 0 1a 0 3 f504 0 1 0 0 1 1 0a 1f 1c02 ffff 7 f
4 0 1 18 1 1 db2b 1 1 3 7 1 1 06 1f 8c10 ffff 7 f
4 0 1 0a 0 1 e841 1 1 4 7 1 1 03 1f 3339 ffff 7 f
4 0 0 12 0 3 fb11 0 1 0 0 1 1 19 1f 9667 ffff 6 f
4 0 1 04 0 5 b6f4 1 1 5 7 1 1 09 1f d9d9 ffff 6 f
4 0 0 1b 1 3 c948 0 1 0 0 1 1 0e 1f 0ae4 ffff 5 f
4 0 0 14 0 6 d393 0 1 0 0 1 1 18 1f db2b ffff 4 f
4 0 0 0b 1 4 286f 0 1 0 0 1 1 0b 1f ac62 ffff 3 f
4 0 0 12 1 5 1546 0 1 0 0 1 1 18 1f c948 ffff 2 f
4 0 0 14 0 7 1fdb 0 1 0 0 1 1 0a 1f 286f ffff 1 f
4 0 1 0f 0 4 bf3e 1 1 6 7 1 1 04 1f 1546 ffff 1 f
4 0 1 05 0 3 4528 1 1 7 7 0 1 00 00 0000 0000 2 f
4 0 1 12 0 6 8bb6 1 1 0 7 0 1 00 00 0000 0000 3 f
4 0 1 0d 1 6 2213 1 1 1 7 0 1 00 00 0000 0000 4 f
4 0 1 1f 1 1 d6a5 1 1 2 7 1 1 0f 1f 2213 ffff 4 f
4 0 0 09 0 4 2136 0 1 0 0 0 1 00 00 0000 0000 4 f
4 0 0 10 1 2 d84a 0 1 0 0 0 1 00 00 0000 0000 4 f
4 0 1 09 1 0 7e68 1 1 3 7 0 1 00 00 0000 0000 5 f
4 0 1 1f 0 2 51d2 1 1 4 7 0 1 00 00 0000 0000 6 f
4 0 0 11 0 4 2d13 0 1 0 0 0 1 00 00 0000 0000 6 f
4 0 0 1f 0 4 feaf 0 1 0 0 0 1 00 00 0000 0000 6 f
4 0 1 19 1 3 6ef8 1 1 5 7 0 1 00 00 0000 0000 7 f
4 0 1 1c 1 4 8e6f 1 1 6 7 0 1 00 00 0000 0000 8 f
4 0 1 17 1 5 681a 0 1 0 0 0 1 00 00 0000 0000 8 f
4 0 0 08 0 7 043c 0 1 0 0 0 1 00 00 0000 0000 8 f
4 0 1 11 0 1 676b 0 1 0 0 0 1 00 00 0000 0000 8 f
4 0 0 0b 1 6 508c 0 1 0 0 0 1 00 00 0000 0000 8 f
4 0 1 03 0 6 efa8 0 1 0 0 0 1 00 00 0000 0000 8 f
4 0 0 1f 1 7 21cf 0 1 0 0 0 1 00 00 0000 0000 8 f
4 0 0 04 0 4 d07c 0 1 0 0 1 1 05 1f 21cf ffff 7 f
4 0 1 16 0 6 41fb 1 1 7 7 1 1 12 1f 7e68 ffff 7 f
4 0 1 1a 1 7 d2b8 1 1 0 7 1 1 0d 1f d6a5 ffff 7 f
4 0 1 0c 0 4 aa7c 1 1 1 7 1 1 1f 1f d84a ffff 7 f
4 0 1 18 1 1 6409 1 1 2 7 1 1 09 1f 6ef8 ffff 7 f
4 0 0 16 1 0 d6be 0 1 0 0 1 1 1f 1f 8e6f ffff 6 f
4 0 1 0d 0 5 5c3f 1 1 3 7 1 1 19 1f 681a ffff 6 f
4 0 1 0d 1 3 df1c 1 1 4 7 1 1 1c 1f 508c ffff 6 f
4 0 0 0f 1 4 5b13 0 1 0 0 1 1 16 1f d2b8 ffff 5 f
4 0 1 0d 1 2 2d2c 1 1 5 7 1 1 1a 1f d6be ffff 5 f
4 0 1 1b 0 4 a1fb 1 1 6 7 1 1 0c 1f 6409 ffff 5 f
4 0 0 11 1 5 34b8 0 1 0 0 1 1 18 1f 2d2c ffff 4 f
4 0 0 0e 0 2 0fc1 0 1 0 0 1 1 0d 1f df1c ffff 3 f
4 0 1 02 0 1 646d 1 1 7 7 1 1 0d 1f 5b13 ffff 3 f
4 0 0 0e 1 6 f119 0 1 0 0 1 1 0d 1f 34b8 ffff 2 f
4 0 1 16 1 7 94fa 1 1 0 7 1 1 1b 1f f119 ffff 2 f
4 0 1 15 0 4 6650 1 1 1 7 1 1 02 1f 94fa ffff 2 f
4 0 1 19 0 4 320d 1 1 2 7 0 1 00 00 0000 0000 3 f
4 0 1 0d 1 2 3757 1 1 3 7 0 1 00 00 0000 0000 4 f
4 0 1 09 1 1 c8b9 1 1 4 7 0 1 00 00 0000 0000 5 f
4 0 1 1c 0 0 340a 1 1 5 7 0 1 00 00 0000 0000 6 f
4 0 0 19 0 0 6105 0 1 0 0 0 1 00 00 0000 0000 6 f
4 0 0 07 1 4 004c 0 1 0 0 0 1 00 00 0000 0000 6 f
4 0 0 12 0 7 823e 0 1 0 0 0 1 00 00 0000 0000 6 f
4 0 0 18 0 4 83e5 0 1 0 0 0 1 00 00 0000 0000 6 f
4 0 0 16 1 5 52fc 0 1 0 0 0 1 00 00 0000 0000 6 f
4 0 1 1b 0 6 f4f7 1 1 6 7 0 1 00 00 0000 0000 7 f
4 0 1 06 1 0 f50b 1 1 7 7 0 1 00 00 0000 0000 8 f
4 0 0 07 0 2 f725 0 1 0 0 1 1 16 1f f50b ffff 7 f
4 0 1 0c 1 3 3edc 1 1 0 7 1 1 15 1f c8b9 ffff 7 f
4 0 1 16 1 7 752f 1 1 1 7 1 1 19 1f 3757 ffff 7 f
4 0 0 0e 0 0 abd6 0 1 0 0 1 1 0d 1f 3edc ffff 6 f
4 0 0 06 0 5 f9fe 0 1 0 0 1 1 09 1f 004c ffff 5 f
4 0 1 10 0 5 52dc 1 1 2 7 1 1 1c 1f 52fc ffff 5 f
4 0 0 11 0 4 796c 0 1 0 0 0 1 00 00 0000 0000 5 f
4 0 0 0b 0 3 c912 0 1 0 0 0 1 00 00 0000 0000 5 f
4 0 1 05 1 0 b285 1 1 3 7 0 1 00 00 0000 0000 6 f
4 0 1 14 0 6 cd11 1 1 4 7 0 1 00 00 0000 0000 7 f
4 0 1 1a 1 6 a538 1 1 5 7 0 1 00 00 0000 0000 8 f
4 0 0 0e 0 0 5394 0 1 0 0 1 1 1b 1f a538 ffff 7 f
4 0 0 0e 0 5 0248 0 1 0 0 1 1 06 1f 752f ffff 6 f
4 0 1 00 1 2 8029 1 1 6 7 1 1 0c 1f b285 ffff 6 f
4 0 1 08 0 1 bcb4 1 1 7 7 0 1 00 00 0000 0000 7 f
4 0 1 00 1 7 39b9 1 1 0 7 0 1 00 00 0000 0000 8 f
4 0 0 19 1 4 609c 0 1 0 0 0 1 00 00 0000 0000 8 f
4 0 1 1c 0 3 5ae6 0 1 0 0 0 1 00 00 0000 0000 8 f
4 0 0 12 0 6 6708 0 1 0 0 0 1 00 00 0000 0000 8 f
4 0 1 12 1 0 95cf 0 1 0 0 0 1 00 00 0000 0000 8 f
4 0 0 0d 0 1 275c 0 1 0 0 0 1 00 00 0000 0000 8 f
4 0 1 0d 1 3 d44f 0 1 0 0 0 1 00 00 0000 0000 8 f
4 0 1 19 0 5 085f 0 1 0 0 0 1 00 00 0000 0000 8 f
4 0 1 0d 0 0 c3d7 0 1 0 0 0 1 00 00 0000 0000 8 f
4 0 1 08 0 7 685c 0 1 0 0 0 1 00 00 0000 0000 8 f
4 0 0 06 0 4 11fa 0 1 0 0 0 1 00 00 0000 0000 8 f
4 0 1 0f 1 5 9e59 0 1 0 0 0 1 00 00 0000 0000 8 f
4 0 0 12 1 1 ff61 0 1 0 0 0 1 00 00 0000 0000 8 f
4 0 1 12 1 6 8c8b 0 1 0 0 1 1 16 1f ff61 ffff 7 f
4 0 1 08 0 5 2442 1 1 1 7 1 1 10 1f 8029 ffff 7 f
4 0 1 0d 1 1 a815 1 1 2 7 1 1 05 1f d44f ffff 7 f
4 0 0 15 1 2 102d 0 1 0 0 1 1 14 1f 609c ffff 6 f
4 0 1 0f 0 1 5672 1 1 3 7 1 1 1a 1f 9e59 ffff 6 f
4 0 1 04 1 3 278c 1 1 4 7 1 1 00 1f 8c8b ffff 6 f
4 0 0 1d 1 4 928d 0 1 0 0 1 1 08 1f 39b9 ffff 5 f
4 0 1 00 0 7 0589 1 1 5 7 1 1 00 1f 95cf ffff 5 f
4 0 1 17 1 5 bd6a 1 1 6 7 1 1 08 1f a815 ffff 5 f
4 0 1 0c 0 1 e30d 1 1 7 7 1 1 0d 1f 102d ffff 5 f
4 0 0 19 0 4 fde8 0 1 0 0 1 1 0f 1f 278c ffff 4 f
4 0 0 0b 1 6 a530 0 1 0 0 1 1 04 1f 928d ffff 3 f
4 0 1 05 1 7 eb79 1 1 0 7 1 1 00 1f bd6a ffff 3 f
4 0 1 15 1 0 f3e5 1 1 1 7 1 1 17 1f a530 ffff 3 f
4 0 1 11 1 1 b6b1 1 1 2 7 1 1 0c 1f eb79 ffff 3 f
4 0 1 02 1 2 0610 1 1 3 7 1 1 05 1f f3e5 ffff 3 f
4 0 0 1c 1 3 49ba 0 1 0 0 1 1 15 1f b6b1 ffff 2 f
4 0 1 03 0 7 5556 1 1 4 7 1 1 11 1f 0610 ffff 2 f
4 0 0 12 0 7 01f2 0 1 0 0 1 1 02 1f 49ba ffff 1 f
4 0 0 1a 1 4 b85b 0 1 0 0 0 1 00 00 0000 0000 1 f
4 0 1 12 0 4 66d0 1 1 5 7 1 1 03 1f b85b ffff 1 f
4 0 1 1c 1 5 0c67 1 1 6 7 0 1 00 00 0000 0000 2 f
4 0 0 0d 1 6 7b58 0 1 0 0 1 1 12 1f 0c67 ffff 1 f
4 0 0 13 0 3 1746 0 1 0 0 1 1 1c 1f 7b58 ffff 0 f
4 0 0 0e 0 5 6faa 0 1 0 0 0 1 00 00 0000 0000 0 f
4 0 0 19 0 3 29a1 0 1 0 0 0 1 00 00 0000 0000 0 f
4 0 1 1e 0 3 dec6 1 1 7 7 0 1 00 00 0000 0000 1 f
4 0 1 0c 1 7 c777 1 1 0 7 0 1 00 00 0000 0000 2 f
4 0 1 17 0 4 4307 1 1 1 7 1 1 1e 1f c777 ffff 2 f
4 0 1 07 1 0 682a 1 1 2 7 0 1 00 00 0000 0000 3 f
4 0 1 0b 0 3 e2e3 1 1 3 7 1 1 0c 1f 682a ffff 3 f
4 0 1 19 1 1 5e82 1 1 4 7 0 1 00 00 0000 0000 4 f
4 0 0 04 0 3 c91f 0 1 0 0 1 1 17 1f 5e82 ffff 3 f
4 0 1 13 1 4 baef 1 1 5 7 0 1 00 00 0000 0000 4 f
4 0 1 04 0 5 b328 1 1 6 7 0 1 00 00 0000 0000 5 f
4 0 0 18 1 6 b4d9 0 1 0 0 0 1 00 00 0000 0000 5 f
4 0 0 00 0 2 e5ee 0 1 0 0 0 1 00 00 0000 0000 5 f
4 0 0 0e 1 3 3593 0 1 0 0 0 1 00 00 0000 0000 5 f
4 0 1 1e 1 5 4df1 1 1 7 7 0 1 00 00 0000 0000 6 f
4 0 0 0a 1 2 ff0b 0 1 0 0 0 1 00 00 0000 0000 6 f
4 0 1 19 1 7 f259 1 1 0 7 1 1 07 1f ff0b ffff 6 f
4 0 0 18 1 0 414a 0 1 0 0 1 1 0b 1f 3593 ffff 5 f
4 0 0 1d 0 5 d023 0 1 0 0 1 1 19 1f baef ffff 4 f
4 0 1 18 0 5 62a6 1 1 1 7 1 1 13 1f 4df1 ffff 4 f
4 0 1 1a 1 1 dbab 1 1 2 7 1 1 04 1f b4d9 ffff 4 f
4 0 1 14 1 2 6834 1 1 3 7 1 1 1e 1f f259 ffff 4 f
4 0 1 04 0 3 60cf 1 1 4 7 1 1 19 1f 414a ffff 4 f
4 0 1 09 1 3 58b5 1 1 5 7 1 1 18 1f dbab ffff 4 f
4 0 1 0e 0 3 8231 1 1 6 7 1 1 1a 1f 6834 ffff 4 f
4 0 1 13 0 4 9d53 1 1 7 7 1 1 14 1f 58b5 ffff 4 f
4 0 0 14 0 0 42f2 0 1 0 0 0 1 00 00 0000 0000 4 f
4 0 0 0b 1 6 c4f8 0 1 0 0 0 1 00 00 0000 0000 4 f
4 0 0 03 1 5 9611 0 1 0 0 0 1 00 00 0000 0000 4 f
4 0 1 00 0 4 9040 1 1 0 7 0 1 00 00 0000 0000 5 f
4 0 0 17 1 0 ff05 0 1 0 0 0 1 00 00 0000 0000 5 f
4 0 0 16 1 7 8ccc 0 1 0 0 0 1 00 00 0000 0000 5 f
4 0 0 10 0 6 f80d 0 1 0 0 0 1 00 00 0000 0000 5 f
4 0 1 1b 0 5 3434 1 1 1 7 0 1 00 00 0000 0000 6 f
4 0 1 00 1 4 7bbd 1 1 2 7 0 1 00 00 0000 0000 7 f
4 0 1 07 0 4 379f 1 1 3 7 1 1 04 1f 7bbd ffff 7 f
4 0 1 18 0 3 311e 1 1 4 7 1 1 09 1f 9611 ffff 7 f
4 0 0 15 1 4 42e5 0 1 0 0 1 1 0e 1f c4f8 ffff 6 f
4 0 1 15 0 0 126c 1 1 5 7 1 1 13 1f 8ccc ffff 6 f
4 0 1 17 0 0 2fcb 1 1 6 7 1 1 00 1f ff05 ffff 6 f
4 0 0 08 1 1 7bad 0 1 0 0 0 1 00 00 0000 0000 6 f
4 0 0 0a 0 2 83a4 0 1 0 0 1 1 1b 1f 7bad ffff 5 f
4 0 1 01 1 2 f6b9 1 1 7 7 0 1 00 00 0000 0000 6 f
4 0 0 03 0 7 3882 0 1 0 0 1 1 00 1f f6b9 ffff 5 f
4 0 1 0a 1 6 e271 1 1 0 7 0 1 00 00 0000 0000 6 f
4 0 0 1c 0 2 3b25 0 1 0 0 0 1 00 00 0000 0000 6 f
4 0 1 17 1 3 1922 1 1 1 7 0 1 00 00 0000 0000 7 f
4 0 0 0a 0 4 419d 0 1 0 0 1 1 07 1f 1922 ffff 6 f
4 0 0 1c 0 0 e3c4 0 1 0 0 1 1 18 1f 42e5 ffff 5 f
4 0 1 11 0 7 d223 1 1 2 7 0 1 00 00 0000 0000 6 f
4 0 1 0a 0 3 e6b9 1 1 3 7 0 1 00 00 0000 0000 7 f
4 0 0 1e 1 0 5c1d 0 1 0 0 0 1 00 00 0000 0000 7 f
4 0 1 0a 0 7 096c 1 1 4 7 0 1 00 00 0000 0000 8 f
4 0 1 00 1 5 e93f 0 1 0 0 0 1 00 00 0000 0000 8 f
4 0 0 1d 1 4 2953 0 1 0 0 1 1 15 1f e93f ffff 7 f
4 0 1 1e 0 3 9a96 1 1 5 7 1 1 17 1f e271 ffff 7 f
4 0 0 17 0 4 ebac 0 1 0 0 0 1 00 00 0000 0000 7 f
4 0 0 0e 1 5 0bd9 0 1 0 0 0 1 00 00 0000 0000 7 f
4 0 0 0d 0 5 65b3 0 1 0 0 0 1 00 00 0000 0000 7 f
4 0 0 12 0 0 1f74 0 1 0 0 0 1 00 00 0000 0000 7 f
4 0 1 0f 1 2 5002 1 1 6 7 0 1 00 00 0000 0000 8 f
4 0 0 09 1 7 1860 0 1 0 0 0 1 00 00 0000 0000 8 f
4 0 1 08 1 1 3115 0 1 0 0 1 1 01 1f 1860 ffff 7 f
4 0 0 0d 0 2 b8c3 0 1 0 0 1 1 0a 1f 5c1d ffff 6 f
4 0 1 1b 0 5 9042 1 1 7 7 1 1 17 1f 3115 ffff 6 f
4 0 1 06 0 3 ec54 1 1 0 7 1 1 11 1f 5002 ffff 6 f
4 0 0 1d 0 6 5594 0 1 0 0 0 1 00 00 0000 0000 6 f
4 0 1 07 1 6 da0d 1 1 1 7 0 1 00 00 0000 0000 7 f
4 0 1 01 0 0 9310 1 1 2 7 0 1 00 00 0000 0000 8 f
4 0 0 17 1 1 7bee 0 1 0 0 0 1 00 00 0000 0000 8 f
4 0 0 1e 0 3 5787 0 1 0 0 0 1 00 00 0000 0000 8 f
4 0 1 10 0 0 23d1 0 1 0 0 0 1 00 00 0000 0000 8 f
4 0 1 14 0 0 cfb6 0 1 0 0 0 1 00 00 0000 0000 8 f
4 0 1 09 0 1 317b 0 1 0 0 0 1 00 00 0000 0000 8 f
4 0 0 12 1 3 acf5 0 1 0 0 0 1 00 00 0000 0000 8 f
4 0 0 1e 0 2 7025 0 1 0 0 1 1 0a 1f acf5 ffff 7 f
4 0 1 01 1 7 b6ad 1 1 3 7 1 1 0a 1f 2953 ffff 7 f
4 0 1 0e 0 1 361f 1 1 4 7 1 1 1e 1f 0bd9 ffff 7 f
4 0 0 09 1 0 6778 0 1 0 0 1 1 0f 1f da0d ffff 6 f
4 0 0 00 1 2 5c0d 0 1 0 0 1 1 1b 1f b6ad ffff 5 f
4 0 0 0a 1 4 b976 0 1 0 0 1 1 06 1f 6778 ffff 4 f
4 0 0 1b 1 3 a342 0 1 0 0 1 1 07 1f 7bee ffff 3 f
4 0 0 05 0 7 5648 0 1 0 0 1 1 01 1f 5c0d ffff 2 f
4 0 0 14 0 5 2558 0 1 0 0 1 1 01 1f a342 ffff 1 f
4 0 0 1e 0 3 5232 0 1 0 0 1 1 0e 1f b976 ffff 0 f
4 0 0 09 0 2 6e2d 0 1 0 0 0 1 00 00 0000 0000 0 f
4 0 1 0a 0 7 ac97 1 1 5 7 0 1 00 00 0000 0000 1 f
4 0 1 00 0 1 839f 1 1 6 7 0 1 00 00 0000 0000 2 f
4 0 1 0e 1 5 99bf 1 1 7 7 0 1 00 00 0000 0000 3 f
4 0 1 13 0 0 6f47 1 1 0 7 1 1 0a 1f 99bf ffff 3 f
4 0 1 15 0 3 3f06 1 1 1 7 0 1 00 00 0000 0000 4 f
4 0 1 1e 1 1 9037 1 1 2 7 0 1 00 00 0000 0000 5 f
4 0 0 13 1 7 596f 0 1 0 0 0 1 00 00 0000 0000 5 f
4 0 1 1a 0 1 0704 1 1 3 7 0 1 00 00 0000 0000 6 f
4 0 0 1d 0 7 661e 0 1 0 0 0 1 00 00 0000 0000 6 f
4 0 1 0c 1 3 06e8 1 1 4 7 0 1 00 00 0000 0000 7 f
4 0 1 02 0 7 f995 1 1 5 7 0 1 00 00 0000 0000 8 f
4 0 1 09 0 0 f857 0 1 0 0 0 1 00 00 0000 0000 8 f
4 0 0 1d 1 5 da8a 0 1 0 0 0 1 00 00 0000 0000 8 f
4 0 1 11 1 0 4425 0 1 0 0 0 1 00 00 0000 0000 8 f
4 0 1 15 0 5 9f16 0 1 0 0 0 1 00 00 0000 0000 8 f
4 0 1 16 0 5 4aef 0 1 0 0 0 1 00 00 0000 0000 8 f
4 0 1 17 1 6 344b 0 1 0 0 0 1 00 00 0000 0000 8 f
4 0 0 1c 1 4 a016 0 1 0 0 1 1 00 1f 344b ffff 7 f
4 0 1 0e 0 0 4ef5 1 1 6 7 1 1 0e 1f 596f ffff 7 f
4 0 1 1b 1 2 f705 1 1 7 7 1 1 13 1f 4425 ffff 7 f
4 0 0 09 1 7 f988 0 1 0 0 1 1 15 1f 9037 ffff 6 f
4 0 0 03 0 0 9782 0 1 0 0 1 1 1e 1f f705 ffff 5 f
4 0 1 04 0 3 a5ff 1 1 0 7 1 1 1a 1f 06e8 ffff 5 f
4 0 1 0c 0 3 072b 1 1 1 7 1 1 0c 1f a016 ffff 5 f
4 0 0 15 1 6 6cb4 0 1 0 0 1 1 02 1f da8a ffff 4 f
4 0 1 03 1 0 08a0 1 1 2 7 1 1 0e 1f 6cb4 ffff 4 f
4 0 1 01 1 2 af3b 1 1 3 7 1 1 1b 1f f988 ffff 4 f
4 0 0 1b 0 7 f127 0 1 0 0 1 1 04 1f 08a0 ffff 3 f
4 0 0 08 1 1 5f52 0 1 0 0 0 1 00 00 0000 0000 3 f
4 0 0 0b 1 3 0d33 0 1 0 0 1 1 0c 1f 5f52 ffff 2 f
4 0 1 14 0 0 5918 1 1 4 7 1 1 03 1f af3b ffff 2 f
4 0 0 1c 0 0 f66e 0 1 0 0 1 1 01 1f 0d33 ffff 1 f
4 0 1 0c 0 7 5db5 1 1 5 7 0 1 00 00 0000 0000 2 f
4 0 1 01 1 4 f88f 1 1 6 7 0 1 00 00 0000 0000 3 f
4 0 0 16 0 5 8c13 0 1 0 0 1 1 14 1f f88f ffff 2 f
4 0 1 09 0 1 86ce 1 1 7 7 0 1 00 00 0000 0000 3 f
4 0 1 1a 0 3 1d5b 1 1 0 7 0 1 00 00 0000 0000 4 f
4 0 1 0c 0 7 640e 1 1 1 7 0 1 00 00 0000 0000 5 f
4 0 0 0e 0 0 351d 0 1 0 0 0 1 00 00 0000 0000 5 f
4 0 0 03 1 0 a20a 0 1 0 0 0 1 00 00 0000 0000 5 f
4 0 0 0d 0 0 afbd 0 1 0 0 0 1 00 00 0000 0000 5 f
4 0 1 17 0 0 1bf0 1 1 2 7 0 1 00 00 0000 0000 6 f
4 0 0 01 0 3 222f 0 1 0 0 0 1 00 00 0000 0000 6 f
4 0 1 0c 1 5 8325 1 1 3 7 0 1 00 00 0000 0000 7 f
4 0 0 01 1 1 f46c 0 1 0 0 1 1 0c 1f 8325 ffff 6 f
4 0 1 0c 0 2 343d 1 1 4 7 0 1 00 00 0000 0000 7 f
4 0 0 00 0 4 418d 0 1 0 0 0 1 00 00 0000 0000 7 f
4 0 0 17 0 7 25ed 0 1 0 0 0 1 00 00 0000 0000 7 f
4 0 1 18 0 1 161c 1 1 5 7 0 1 00 00 0000 0000 8 f
4 0 0 09 1 4 ac65 0 1 0 0 0 1 00 00 0000 0000 8 f
4 0 1 1f 0 7 1717 0 1 0 0 0 1 00 00 0000 0000 8 f
4 0 0 0c 1 6 d17c 0 1 0 0 0 1 00 00 0000 0000 8 f
4 0 1 11 0 4 2a79 0 1 0 0 1 1 01 1f d17c ffff 7 f
4 0 1 0e 0 2 3caa 1 1 6 7 0 1 00 00 0000 0000 8 f
4 0 1 17 0 5 6902 0 1 0 0 0 1 00 00 0000 0000 8 f
4 0 1 04 1 5 3fa1 0 1 0 0 0 1 00 00 0000 0000 8 f
4 0 1 05 0 5 08e3 0 1 0 0 0 1 00 00 0000 0000 8 f
4 0 1 17 1 7 8158 0 1 0 0 0 1 00 00 0000 0000 8 f
4 0 1 0f 0 7 d2b5 0 1 0 0 1 1 09 1f 8158 ffff 7 f
4 0 0 11 1 3 53bf 0 1 0 0 1 1 1a 1f a20a ffff 6 f
4 0 1 1b 0 7 bc87 1 1 7 7 1 1 0c 1f f46c ffff 6 f
4 0 1 0a 1 7 7061 1 1 0 7 0 1 00 00 0000 0000 7 f
4 0 1 03 0 0 d097 1 1 1 7 0 1 00 00 0000 0000 8 f
4 0 0 02 0 5 4b56 0 1 0 0 0 1 00 00 0000 0000 8 f
4 0 1 1d 1 0 1b9c 0 1 0 0 0 1 00 00 0000 0000 8 f
4 0 1 05 0 0 c8c6 0 1 0 0 0 1 00 00 0000 0000 8 f
4 0 0 0e 0 1 bd17 0 1 0 0 0 1 00 00 0000 0000 8 f
4 0 1 01 1 2 6476 0 1 0 0 0 1 00 00 0000 0000 8 f
4 0 1 13 1 1 5150 0 1 0 0 1 1 17 1f 6476 ffff 7 f
4 0 0 0a 1 6 477b 0 1 0 0 1 1 0c 1f 53bf ffff 6 f
4 0 0 05 0 0 46f8 0 1 0 0 1 1 0c 1f ac65 ffff 5 f
4 0 1 0c 0 7 f848 1 1 2 7 1 1 18 1f 3fa1 ffff 5 f
4 0 1 0b 1 2 980c 1 1 3 7 1 1 0e 1f 477b ffff 5 f
4 0 0 0e 0 1 c5c9 0 1 0 0 1 1 1b 1f 7061 ffff 4 f
4 0 1 08 0 3 aa30 1 1 4 7 1 1 0a 1f 1b9c ffff 4 f
4 0 0 00 1 4 59ee 0 1 0 0 1 1 03 1f 5150 ffff 3 f
4 0 1 17 1 3 d17c 1 1 5 7 1 1 0c 1f 980c ffff 3 f
4 0 1 1b 1 5 7ee2 1 1 6 7 1 1 0b 1f d17c ffff 3 f
4 0 1 11 1 6 e036 1 1 7 7 1 1 08 1f 59ee ffff 3 f
4 0 0 17 1 7 1efc 0 1 0 0 1 1 17 1f 7ee2 ffff 2 f
4 0 0 0d 0 2 c8d3 0 1 0 0 1 1 1b 1f e036 ffff 1 f
4 0 1 0e 0 0 0929 1 1 0 7 1 1 11 1f 1efc ffff 1 f
4 0 0 04 0 1 d101 0 1 0 0 0 1 00 00 0000 0000 1 f
4 0 0 0c 0 7 a029 0 1 0 0 0 1 00 00 0000 0000 1 f
4 0 1 08 1 0 0c61 1 1 1 7 0 1 00 00 0000 0000 2 f
4 0 1 08 0 2 f7aa 1 1 2 7 1 1 0e 1f 0c61 ffff 2 f
4 0 1 08 0 0 2579 1 1 3 7 0 1 00 00 0000 0000 3 f
4 0 1 10 1 1 36a9 1 1 4 7 0 1 00 00 0000 0000 4 f
4 0 1 03 1 3 6cb0 1 1 5 7 1 1 08 1f 36a9 ffff 4 f
4 0 1 16 0 2 504f 1 1 6 7 0 1 00 00 0000 0000 5 f
4 0 1 09 0 2 6311 1 1 7 7 0 1 00 00 0000 0000 6 f
4 0 1 19 1 5 1e50 1 1 0 7 0 1 00 00 0000 0000 7 f
4 0 1 1c 1 2 9dc8 1 1 1 7 0 1 00 00 0000 0000 8 f
4 0 1 12 0 7 ad56 0 1 0 0 1 1 08 1f 9dc8 ffff 7 f
4 0 0 1f 1 0 8ca3 0 1 0 0 1 1 08 1f 6cb0 ffff 6 f
4 0 0 0a 1 4 25b7 0 1 0 0 0 1 00 00 0000 0000 6 f
4 0 0 03 0 7 1e58 0 1 0 0 1 1 10 1f 25b7 ffff 5 f
4 0 1 16 0 3 11ae 1 1 2 7 1 1 03 1f 1e50 ffff 5 f
4 0 0 03 0 3 ffdf 0 1 0 0 0 1 00 00 0000 0000 5 f
4 0 0 1b 0 5 684c 0 1 0 0 0 1 00 00 0000 0000 5 f
4 0 0 14 0 6 8415 0 1 0 0 0 1 00 00 0000 0000 5 f
4 0 0 0f 0 6 1b67 0 1 0 0 0 1 00 00 0000 0000 5 f
4 0 1 08 0 2 1b32 1 1 3 7 0 1 00 00 0000 0000 6 f
4 0 0 19 1 6 9c16 0 1 0 0 0 1 00 00 0000 0000 6 f
4 0 0 15 0 3 ad2a 0 1 0 0 1 1 16 1f 9c16 ffff 5 f
4 0 1 0c 1 2 7717 1 1 4 7 0 1 00 00 0000 0000 6 f
4 0 0 08 1 4 914e 0 1 0 0 0 1 00 00 0000 0000 6 f
4 0 0 14 0 2 1b8d 0 1 0 0 0 1 00 00 0000 0000 6 f
4 0 0 12 1 3 0428 0 1 0 0 0 1 00 00 0000 0000 6 f
4 0 0 0c 0 3 de76 0 1 0 0 0 1 00 00 0000 0000 6 f
4 0 1 13 0 1 4fb8 1 1 5 7 0 1 00 00 0000 0000 7 f
4 0 1 1c 0 1 8b86 1 1 6 7 0 1 00 00 0000 0000 8 f
4 0 1 02 0 3 415f 0 1 0 0 0 1 00 00 0000 0000 8 f
4 0 1 15 0 2 5814 0 1 0 0 0 1 00 00 0000 0000 8 f
4 0 0 1d 0 4 a5a2 0 1 0 0 0 1 00 00 0000 0000 8 f
4 0 1 16 0 5 2247 0 1 0 0 0 1 00 00 0000 0000 8 f
4 0 0 0d 0 7 1fd4 0 1 0 0 0 1 00 00 0000 0000 8 f
4 0 1 0a 1 7 bf44 0 1 0 0 0 1 00 00 0000 0000 8 f
4 0 0 01 1 6 63e6 0 1 0 0 1 1 09 1f bf44 ffff 7 f
4 0 1 08 0 1 604f 1 1 7 7 1 1 19 1f 8ca3 ffff 7 f
4 0 1 07 0 7 3a15 1 1 0 7 0 1 00 00 0000 0000 8 f
4 0 0 01 0 0 46df 0 1 0 0 0 1 00 00 0000 0000 8 f
4 0 1 1f 0 0 04ec 0 1 0 0 0 1 00 00 0000 0000 8 f
4 0 0 19 0 5 09b3 0 1 0 0 0 1 00 00 0000 0000 8 f
4 0 0 16 0 7 c123 0 1 0 0 0 1 00 00 0000 0000 8 f
4 0 1 1e 1 0 e0af 0 1 0 0 0 1 00 00 0000 0000 8 f
4 0 1 1c 1 7 f1c1 0 1 0 0 0 1 00 00 0000 0000 8 f
4 0 1 1e 1 1 42e4 0 1 0 0 0 1 00 00 0000 0000 8 f
4 0 0 1d 1 5 dac4 0 1 0 0 1 1 1c 1f 42e4 ffff 7 f
4 0 1 1c 0 5 daba 1 1 1 7 1 1 16 1f 7717 ffff 7 f
4 0 0 12 0 7 205b 0 1 0 0 1 1 08 1f 0428 ffff 6 f
4 0 1 1b 1 1 7a48 1 1 2 7 1 1 0c 1f 914e ffff 6 f
4 0 0 11 0 6 49c8 0 1 0 0 1 1 13 1f dac4 ffff 5 f
4 0 0 19 0 0 64e7 0 1 0 0 1 1 1c 1f 63e6 ffff 4 f
4 0 0 10 1 2 f202 0 1 0 0 1 1 08 1f f1c1 ffff 3 f
4 0 1 0e 0 4 2d5f 1 1 3 7 1 1 07 1f e0af ffff 3 f
4 0 0 01 0 0 f32c 0 1 0 0 1 1 1c 1f 7a48 ffff 2 f
4 0 1 14 0 3 c46f 1 1 4 7 1 1 1b 1f f202 ffff 2 f
4 0 0 05 1 3 6c66 0 1 0 0 0 1 00 00 0000 0000 2 f
4 0 1 1b 1 4 5f91 1 1 5 7 1 1 0e 1f 6c66 ffff 2 f
4 0 0 16 1 5 4682 0 1 0 0 1 1 14 1f 5f91 ffff 1 f
4 0 1 0c 0 5 4cde 1 1 6 7 1 1 1b 1f 4682 ffff 1 f
4 0 1 0b 0 2 2dd0 1 1 7 7 0 1 00 00 0000 0000 2 f
4 0 0 04 0 7 3752 0 1 0 0 0 1 00 00 0000 0000 2 f
4 0 0 0c 1 6 11b7 0 1 0 0 0 1 00 00 0000 0000 2 f
4 0 0 03 1 7 a4af 0 1 0 0 1 1 0c 1f 11b7 ffff 1 f
4 0 1 16 0 1 4482 1 1 0 7 1 1 0b 1f a4af ffff 1 f
4 0 1 14 0 5 4549 1 1 1 7 0 1 00 00 0000 0000 2 f
4 0 1 13 1 1 bfd8 1 1 2 7 0 1 00 00 0000 0000 3 f
4 0 1 0c 1 0 1323 1 1 3 7 0 1 00 00 0000 0000 4 f
4 0 1 0a 0 2 3007 1 1 4 7 1 1 16 1f 1323 ffff 4 f
4 0 1 12 0 3 8058 1 1 5 7 1 1 14 1f bfd8 ffff 4 f
4 0 1 05 0 2 b056 1 1 6 7 0 1 00 00 0000 0000 5 f
4 0 1 14 0 3 88f4 1 1 7 7 0 1 00 00 0000 0000 6 f
4 0 1 1e 0 7 b746 1 1 0 7 0 1 00 00 0000 0000 7 f
4 0 0 18 1 4 e036 0 1 0 0 0 1 00 00 0000 0000 7 f
4 0 1 0e 0 5 f7f9 1 1 1 7 0 1 00 00 0000 0000 8 f
4 0 1 0e 0 2 cebc 0 1 0 0 0 1 00 00 0000 0000 8 f
4 0 0 1d 1 2 a5e6 0 1 0 0 0 1 00 00 0000 0000 8 f
4 0 1 08 1 3 3af0 0 1 0 0 1 1 13 1f a5e6 ffff 7 f
4 0 0 12 1 6 9d16 0 1 0 0 1 1 0c 1f 3af0 ffff 6 f
4 0 0 02 0 1 0d93 0 1 0 0 1 1 0a 1f e036 ffff 5 f
4 0 0 04 1 5 c78d 0 1 0 0 0 1 00 00 0000 0000 5 f
4 0 1 0a 1 7 0913 1 1 2 7 1 1 12 1f c78d ffff 5 f
4 0 0 07 0 7 e0a0 0 1 0 0 1 1 05 1f 9d16 ffff 4 f
4 0 0 1f 0 7 cdf0 0 1 0 0 1 1 14 1f 0913 ffff 3 f
4 0 0 02 0 0 5f7c 0 1 0 0 0 1 00 00 0000 0000 3 f
4 0 1 18 0 3 3940 1 1 3 7 0 1 00 00 0000 0000 4 f
4 0 0 06 1 3 2f3a 0 1 0 0 0 1 00 00 0000 0000 4 f
4 0 0 07 1 2 8e2f 0 1 0 0 0 1 00 00 0000 0000 4 f
4 0 1 1d 1 1 afd3 1 1 4 7 0 1 00 00 0000 0000 5 f
4 0 1 11 1 4 78b3 1 1 5 7 0 1 00 00 0000 0000 6 f
4 0 1 10 0 6 7d7b 1 1 6 7 0 1 00 00 0000 0000 7 f
4 0 0 0d 1 6 2e80 0 1 0 0 0 1 00 00 0000 0000 7 f
4 0 1 1d 1 5 4b1a 1 1 7 7 0 1 00 00 0000 0000 8 f
4 0 1 03 0 6 1f61 0 1 0 0 0 1 00 00 0000 0000 8 f
4 0 1 13 1 7 bac8 0 1 0 0 0 1 00 00 0000 0000 8 f
4 0 1 06 0 2 df5e 0 1 0 0 0 1 00 00 0000 0000 8 f
4 0 1 18 0 4 b602 0 1 0 0 0 1 00 00 0000 0000 8 f
4 0 1 07 1 0 0d3e 0 1 0 0 0 1 00 00 0000 0000 8 f
4 0 1 1d 0 0 7384 0 1 0 0 1 1 1e 1f 0d3e ffff 7 f
4 0 1 0e 0 7 d4df 1 1 0 7 1 1 0e 1f afd3 ffff 7 f
4 0 1 0a 1 0 9999 1 1 1 7 1 1 0a 1f 8e2f ffff 7 f
4 0 0 1f 0 3 80ee 0 1 0 0 1 1 18 1f 2f3a ffff 6 f
4 0 1 0e 1 1 666e 1 1 2 7 1 1 1d 1f 78b3 ffff 6 f
4 0 1 17 1 2 03b4 1 1 3 7 1 1 11 1f 4b1a ffff 6 f
4 0 0 1f 0 3 b2af 0 1 0 0 1 1 10 1f 2e80 ffff 5 f
4 0 0 15 1 3 4da2 0 1 0 0 1 1 1d 1f bac8 ffff 4 f
4 0 1 06 0 7 c2e2 1 1 4 7 1 1 0e 1f 9999 ffff 4 f
4 0 1 18 0 3 3809 1 1 5 7 1 1 0a 1f 666e ffff 4 f
4 0 1 1d 0 3 e998 1 1 6 7 1 1 0e 1f 03b4 ffff 4 f
4 0 0 01 1 6 0302 0 1 0 0 1 1 17 1f 4da2 ffff 3 f
4 0 1 0e 1 4 8d17 1 1 7 7 0 1 00 00 0000 0000 4 f
4 0 1 09 0 0 8b22 1 1 0 7 1 1 06 1f 8d17 ffff 4 f
4 0 1 1a 1 5 ddd3 1 1 1 7 0 1 00 00 0000 0000 5 f
4 0 0 13 0 2 cc58 0 1 0 0 1 1 18 1f ddd3 ffff 4 f
4 0 1 09 1 1 d081 1 1 2 7 1 1 1d 1f 0302 ffff 4 f
4 0 1 08 0 2 7dd5 1 1 3 7 0 1 00 00 0000 0000 5 f
4 0 0 11 1 2 f5bf 0 1 0 0 0 1 00 00 0000 0000 5 f
4 0 1 1f 0 6 37fa 1 1 4 7 0 1 00 00 0000 0000 6 f
4 0 0 14 0 2 ff39 0 1 0 0 0 1 00 00 0000 0000 6 f
4 0 1 1b 0 7 5d56 1 1 5 7 0 1 00 00 0000 0000 7 f
4 0 1 01 0 4 a886 1 1 6 7 0 1 00 00 0000 0000 8 f
4 0 0 01 0 1 cac5 0 1 0 0 0 1 00 00 0000 0000 8 f
4 0 1 05 0 0 4a78 0 1 0 0 0 1 00 00 0000 0000 8 f
4 0 1 13 1 6 f656 0 1 0 0 0 1 00 00 0000 0000 8 f
4 0 0 1b 0 2 cf07 0 1 0 0 0 1 00 00 0000 0000 8 f
4 0 1 04 1 4 a19e 0 1 0 0 0 1 00 00 0000 0000 8 f
4 0 1 0a 0 5 28bf 0 1 0 0 0 1 00 00 0000 0000 8 f
4 0 1 0a 0 5 9d23 0 1 0 0 0 1 00 00 0000 0000 8 f
4 0 0 02 1 7 c249 0 1 0 0 0 1 00 00 0000 0000 8 f
4 0 1 12 0 0 76c9 0 1 0 0 1 1 0e 1f c249 ffff 7 f
4 0 1 14 0 0 b1a1 1 1 7 7 0 1 00 00 0000 0000 8 f
4 0 1 1f 1 7 120a 0 1 0 0 0 1 00 00 0000 0000 8 f
4 0 1 05 1 5 7a48 0 1 0 0 0 1 00 00 0000 0000 8 f
4 0 1 07 1 0 a2fd 0 1 0 0 0 1 00 00 0000 0000 8 f
4 0 0 15 0 1 d746 0 1 0 0 1 1 09 1f a2fd ffff 7 f
4 0 1 03 1 3 b67b 1 1 0 7 1 1 1a 1f d081 ffff 7 f
4 0 1 17 1 0 9c60 1 1 1 7 1 1 09 1f f5bf ffff 7 f
4 0 0 0b 0 6 bbd2 0 1 0 0 1 1 08 1f b67b ffff 6 f
4 0 1 02 0 2 e3a1 1 1 2 7 1 1 1f 1f a19e ffff 6 f
4 0 0 1c 0 7 f3d9 0 1 0 0 1 1 1b 1f 7a48 ffff 5 f
4 0 0 03 1 2 ac7b 0 1 0 0 1 1 01 1f f656 ffff 4 f
4 0 1 00 0 1 9005 1 1 3 7 1 1 14 1f 120a ffff 4 f
4 0 1 11 1 1 bd6a 1 1 4 7 1 1 03 1f 9c60 ffff 4 f
4 0 1 03 0 6 5f6d 1 1 5 7 1 1 17 1f bd6a ffff 4 f
4 0 0 1c 0 2 aeda 0 1 0 0 1 1 02 1f ac7b ffff 3 f
4 0 1 1a 0 5 2686 1 1 6 7 0 1 00 00 0000 0000 4 f
4 0 0 13 0 6 d93f 0 1 0 0 0 1 00 00 0000 0000 4 f
4 0 0 0a 0 7 38d8 0 1 0 0 0 1 00 00 0000 0000 4 f
4 0 1 09 1 3 803e 1 1 7 7 0 1 00 00 0000 0000 5 f
4 0 0 0a 1 5 3dc3 0 1 0 0 1 1 00 1f 803e ffff 4 f
4 0 1 01 1 6 9ca9 1 1 0 7 0 1 00 00 0000 0000 5 f
4 0 0 1d 0 7 be4b 0 1 0 0 0 1 00 00 0000 0000 5 f
4 0 1 18 0 0 218e 1 1 1 7 0 1 00 00 0000 0000 6 f
4 0 1 0f 0 1 d03c 1 1 2 7 0 1 00 00 0000 0000 7 f
4 0 1 11 1 4 e2e4 1 1 3 7 0 1 00 00 0000 0000 8 f
4 0 0 14 1 1 d421 0 1 0 0 1 1 11 1f e2e4 ffff 7 f
4 0 0 01 1 7 a002 0 1 0 0 1 1 03 1f 3dc3 ffff 6 f
4 0 0 13 0 3 e307 0 1 0 0 1 1 1a 1f 9ca9 ffff 5 f
4 0 0 0c 1 0 00d3 0 1 0 0 1 1 09 1f a002 ffff 4 f
4 0 1 11 0 5 dcc5 1 1 4 7 1 1 01 1f 00d3 ffff 4 f
4 0 1 18 0 3 956a 1 1 5 7 1 1 18 1f d421 ffff 4 f
4 0 0 0a 1 2 b7dc 0 1 0 0 0 1 00 00 0000 0000 4 f
4 0 1 13 1 4 def7 1 1 6 7 1 1 0f 1f b7dc ffff 4 f
4 0 1 1b 1 6 e598 1 1 7 7 0 1 00 00 0000 0000 5 f
4 0 0 04 1 7 6196 0 1 0 0 0 1 00 00 0000 0000 5 f
4 0 0 1c 0 7 b7dd 0 1 0 0 0 1 00 00 0000 0000 5 f
4 0 0 16 1 5 07bb 0 1 0 0 0 1 00 00 0000 0000 5 f
4 0 1 07 1 3 4add 1 1 0 7 0 1 00 00 0000 0000 6 f
4 0 0 13 0 3 37f1 0 1 0 0 1 1 11 1f 4add ffff 5 f
4 0 0 01 1 0 979b 0 1 0 0 1 1 11 1f def7 ffff 4 f
4 0 1 0a 0 1 51be 1 1 1 7 1 1 18 1f 07bb ffff 4 f
4 0 0 0b 0 4 0f0d 0 1 0 0 1 1 13 1f e598 ffff 3 f
4 0 0 04 1 1 272a 0 1 0 0 1 1 1b 1f 6196 ffff 2 f
4 0 0 1d 0 1 2677 0 1 0 0 1 1 07 1f 979b ffff 1 f
4 0 1 12 0 2 ab9c 1 1 2 7 1 1 0a 1f 272a ffff 1 f
4 0 0 1b 1 2 c92c 0 1 0 0 0 1 00 00 0000 0000 1 f
4 0 1 08 0 3 b641 1 1 3 7 1 1 12 1f c92c ffff 1 f
4 0 1 11 0 4 42b0 1 1 4 7 0 1 00 00 0000 0000 2 f
4 0 0 18 1 4 6cf6 0 1 0 0 0 1 00 00 0000 0000 2 f
4 0 0 1a 0 0 636c 0 1 0 0 0 1 00 00 0000 0000 2 f
4 0 1 06 1 3 3b08 1 1 5 7 0 1 00 00 0000 0000 3 f
4 0 1 00 1 5 6af4 1 1 6 7 1 1 08 1f 3b08 ffff 3 f
4 0 1 1e 1 6 0140 1 1 7 7 1 1 11 1f 6cf6 ffff 3 f
4 0 1 15 0 4 1160 1 1 0 7 1 1 06 1f 6af4 ffff 3 f
4 0 1 0c 0 5 02e0 1 1 1 7 1 1 00 1f 0140 ffff 3 f
4 0 1 01 0 2 0a9b 1 1 2 7 0 1 00 00 0000 0000 4 f
4 0 1 10 0 6 64fa 1 1 3 7 0 1 00 00 0000 0000 5 f
4 0 1 14 1 1 55e7 1 1 4 7 0 1 00 00 0000 0000 6 f
4 0 0 00 1 3 dc7e 0 1 0 0 0 1 00 00 0000 0000 6 f
4 0 1 1d 0 6 fbd7 1 1 5 7 0 1 00 00 0000 0000 7 f
4 0 1 15 0 7 ad83 1 1 6 7 0 1 00 00 0000 0000 8 f
4 0 0 09 1 5 4051 0 1 0 0 0 1 00 00 0000 0000 8 f
4 0 1 04 0 0 a324 0 1 0 0 0 1 00 00 0000 0000 8 f
4 0 1 19 0 2 5933 0 1 0 0 0 1 00 00 0000 0000 8 f
4 0 1 14 0 3 3595 0 1 0 0 0 1 00 00 0000 0000 8 f
4 0 1 02 1 4 ee22 0 1 0 0 0 1 00 00 0000 0000 8 f
4 0 0 0d 1 7 5b26 0 1 0 0 0 1 00 00 0000 0000 8 f
4 0 1 14 0 7 1ba6 0 1 0 0 1 1 1e 1f 5b26 ffff 7 f
4 0 1 0f 0 4 9bf7 1 1 7 7 0 1 00 00 0000 0000 8 f
4 0 0 04 0 5 6407 0 1 0 0 0 1 00 00 0000 0000 8 f
4 0 1 05 0 6 d99d 0 1 0 0 0 1 00 00 0000 0000 8 f
4 0 0 16 0 1 d1f0 0 1 0 0 0 1 00 00 0000 0000 8 f
4 0 0 15 0 1 7e79 0 1 0 0 0 1 00 00 0000 0000 8 f
4 0 1 17 1 7 d387 0 1 0 0 0 1 00 00 0000 0000 8 f
4 0 0 0e 0 4 b4d3 0 1 0 0 0 1 00 00 0000 0000 8 f
4 0 0 16 1 6 e5da 0 1 0 0 0 1 00 00 0000 0000 8 f
4 0 1 1e 1 0 0ff5 0 1 0 0 0 1 00 00 0000 0000 8 f
4 0 0 08 0 7 b738 0 1 0 0 1 1 15 1f 0ff5 ffff 7 f
4 0 1 0c 1 2 5b42 1 1 0 7 1 1 0c 1f 55e7 ffff 7 f
4 0 1 03 1 0 798c 1 1 1 7 1 1 01 1f 5b42 ffff 7 f
4 0 0 11 1 1 122b 0 1 0 0 1 1 10 1f dc7e ffff 6 f
4 0 1 10 0 0 da3c 1 1 2 7 1 1 14 1f ee22 ffff 6 f
4 0 0 0f 1 2 8245 0 1 0 0 1 1 1d 1f 4051 ffff 5 f
4 0 0 0a 0 3 504c 0 1 0 0 1 1 15 1f e5da ffff 4 f
4 0 0 14 0 0 4cd3 0 1 0 0 1 1 0f 1f d387 ffff 3 f
4 0 0 05 0 2 6bb7 0 1 0 0 1 1 0c 1f 798c ffff 2 f
4 0 1 06 0 5 e2b1 1 1 3 7 1 1 03 1f 122b ffff 2 f
4 0 1 1f 1 3 1628 1 1 4 7 1 1 10 1f 8245 ffff 2 f
4 0 1 0a 1 4 3e84 1 1 5 7 1 1 06 1f 1628 ffff 2 f
4 0 1 1d 0 3 3424 1 1 6 7 1 1 1f 1f 3e84 ffff 2 f
4 0 1 1b 0 4 08ef 1 1 7 7 0 1 00 00 0000 0000 3 f
4 0 1 17 0 7 67ed 1 1 0 7 0 1 00 00 0000 0000 4 f
4 0 1 02 0 4 b0f4 1 1 1 7 0 1 00 00 0000 0000 5 f
4 0 1 19 1 7 d545 1 1 2 7 0 1 00 00 0000 0000 6 f
4 0 0 16 1 1 be9a 0 1 0 0 0 1 00 00 0000 0000 6 f
4 0 0 0f 0 2 db94 0 1 0 0 0 1 00 00 0000 0000 6 f
4 0 1 06 0 1 ecfb 1 1 3 7 0 1 00 00 0000 0000 7 f
4 0 1 04 0 7 35a0 1 1 4 7 0 1 00 00 0000 0000 8 f
4 0 1 13 1 4 a85f 0 1 0 0 0 1 00 00 0000 0000 8 f
4 0 1 10 1 2 6e09 0 1 0 0 0 1 00 00 0000 0000 8 f
4 0 1 07 0 7 6d09 0 1 0 0 0 1 00 00 0000 0000 8 f
4 0 0 00 0 0 7b24 0 1 0 0 0 1 00 00 0000 0000 8 f
4 0 0 0a 0 6 f89a 0 1 0 0 0 1 00 00 0000 0000 8 f
4 0 1 17 1 3 2619 0 1 0 0 0 1 00 00 0000 0000 8 f
4 0 1 10 0 5 c66a 0 1 0 0 0 1 00 00 0000 0000 8 f
4 0 1 12 1 0 31cd 0 1 0 0 0 1 00 00 0000 0000 8 f
4 0 1 03 1 6 16e3 0 1 0 0 0 1 00 00 0000 0000 8 f
4 0 0 10 0 0 cdbd 0 1 0 0 0 1 00 00 0000 0000 8 f
4 0 0 1e 1 5 acda 0 1 0 0 0 1 00 00 0000 0000 8 f
4 0 0 04 0 2 8723 0 1 0 0 1 1 0a 1f acda ffff 7 f
4 0 0 17 0 0 a3bd 0 1 0 0 1 1 1d 1f 16e3 ffff 6 f
4 0 1 06 0 1 65a9 1 1 5 7 1 1 1b 1f d545 ffff 6 f
4 0 1 0b 0 5 4218 1 1 6 7 1 1 17 1f 31cd ffff 6 f
4 0 1 0a 1 6 d35d 1 1 7 7 1 1 02 1f be9a ffff 6 f
4 0 0 0b 1 7 5a91 0 1 0 0 1 1 19 1f 6e09 ffff 5 f
4 0 1 0d 0 7 b7dc 1 1 0 7 1 1 06 1f 2619 ffff 5 f
4 0 0 07 0 7 56d6 0 1 0 0 1 1 04 1f a85f ffff 4 f
4 0 1 16 0 7 7de3 1 1 1 7 0 1 00 00 0000 0000 5 f
4 0 1 00 1 0 b1a5 1 1 2 7 0 1 00 00 0000 0000 6 f
4 0 0 0f 1 1 b5e7 0 1 0 0 0 1 00 00 0000 0000 6 f
4 0 1 03 1 5 e896 1 1 3 7 0 1 00 00 0000 0000 7 f
4 0 1 06 1 3 ba02 1 1 4 7 1 1 06 1f e896 ffff 7 f
4 0 1 0d 1 4 f41d 1 1 5 7 1 1 0b 1f d35d ffff 7 f
4 0 1 10 1 2 c24d 1 1 6 7 1 1 0a 1f 5a91 ffff 7 f
4 0 1 09 1 5 0ed6 1 1 7 7 1 1 0d 1f b1a5 ffff 7 f
4 0 1 0e 1 7 6cb2 1 1 0 7 1 1 16 1f b5e7 ffff 7 f
4 0 0 13 0 7 a559 0 1 0 0 1 1 00 1f c24d ffff 6 f
4 0 1 11 1 0 5548 1 1 1 7 1 1 03 1f ba02 ffff 6 f
4 0 0 1a 1 6 344f 0 1 0 0 1 1 06 1f f41d ffff 5 f
4 0 1 13 0 6 9baf 1 1 2 7 1 1 0d 1f 0ed6 ffff 5 f
4 0 0 04 0 3 6647 0 1 0 0 1 1 10 1f 344f ffff 4 f
4 0 0 17 0 1 3192 0 1 0 0 1 1 09 1f 6cb2 ffff 3 f
4 0 0 18 0 1 4952 0 1 0 0 1 1 0e 1f 5548 ffff 2 f
4 0 1 1a 1 2 c1a2 1 1 3 7 0 1 00 00 0000 0000 3 f
4 0 1 19 0 1 2778 1 1 4 7 0 1 00 00 0000 0000 4 f
4 0 1 0c 1 4 467c 1 1 5 7 0 1 00 00 0000 0000 5 f
4 0 0 0b 0 6 d4fb 0 1 0 0 0 1 00 00 0000 0000 5 f
4 0 1 1e 1 1 04cc 1 1 6 7 0 1 00 00 0000 0000 6 f
4 0 0 00 0 2 9134 0 1 0 0 1 1 11 1f 04cc ffff 5 f
4 0 0 1d 0 7 4ee2 0 1 0 0 1 1 13 1f c1a2 ffff 4 f
4 0 1 05 1 5 4a78 1 1 7 7 0 1 00 00 0000 0000 5 f
4 0 0 16 1 6 ec36 0 1 0 0 0 1 00 00 0000 0000 5 f
4 0 1 1d 1 7 3fd3 1 1 0 7 0 1 00 00 0000 0000 6 f
4 0 0 1f 1 3 1234 0 1 0 0 0 1 00 00 0000 0000 6 f
4 0 1 06 0 1 50df 1 1 1 7 1 1 1a 1f 1234 ffff 6 f
4 0 1 0c 0 1 2591 1 1 2 7 1 1 19 1f 467c ffff 6 f
4 0 0 1d 1 2 a398 0 1 0 0 1 1 0c 1f 4a78 ffff 5 f
4 0 1 10 1 1 ae35 1 1 3 7 1 1 1e 1f ec36 ffff 5 f
4 0 1 1b 1 3 afc1 1 1 4 7 1 1 05 1f 3fd3 ffff 5 f
4 0 0 09 1 0 080e 0 1 0 0 0 1 00 00 0000 0000 5 f
4 0 0 1b 0 2 dc2f 0 1 0 0 1 1 1d 1f 080e ffff 4 f
4 0 1 02 0 3 926a 1 1 5 7 1 1 06 1f ae35 ffff 4 f
4 0 1 08 1 5 7861 1 1 6 7 1 1 0c 1f a398 ffff 4 f
4 0 1 04 1 4 ef69 1 1 7 7 1 1 10 1f afc1 ffff 4 f
4 0 1 18 0 1 faa0 1 1 0 7 1 1 1b 1f ef69 ffff 4 f
4 0 1 1d 1 0 f52e 1 1 1 7 1 1 02 1f 7861 ffff 4 f
4 0 1 0d 0 1 9430 1 1 2 7 0 1 00 00 0000 0000 5 f
4 0 1 19 1 6 0246 1 1 3 7 0 1 00 00 0000 0000 6 f
4 0 1 07 0 5 8b10 1 1 4 7 1 1 08 1f 0246 ffff 6 f
4 0 0 0c 0 6 4086 0 1 0 0 0 1 00 00 0000 0000 6 f
4 0 0 00 0 5 4656 0 1 0 0 0 1 00 00 0000 0000 6 f
4 0 1 18 1 4 e722 1 1 5 7 0 1 00 00 0000 0000 7 f
4 0 0 08 0 7 8264 0 1 0 0 0 1 00 00 0000 0000 7 f
4 0 1 08 1 2 9c74 1 1 6 7 0 1 00 00 0000 0000 8 f
4 0 0 19 0 0 95d2 0 1 0 0 0 1 00 00 0000 0000 8 f
4 0 0 16 0 2 5c98 0 1 0 0 0 1 00 00 0000 0000 8 f
4 0 0 0c 1 6 cde4 0 1 0 0 0 1 00 00 0000 0000 8 f
4 0 1 01 1 3 954b 0 1 0 0 0 1 00 00 0000 0000 8 f
4 0 1 1c 1 5 8406 0 1 0 0 0 1 00 00 0000 0000 8 f
4 0 0 0f 1 1 e2d9 0 1 0 0 0 1 00 00 0000 0000 8 f
4 0 0 1b 1 7 b22a 0 1 0 0 0 1 00 00 0000 0000 8 f
4 0 1 16 0 7 ff53 0 1 0 0 1 1 04 1f b22a ffff 7 f
4 0 0 13 0 6 408b 0 1 0 0 1 1 18 1f f52e ffff 6 f
4 0 0 07 0 1 c89a 0 1 0 0 1 1 1d 1f e2d9 ffff 5 f
4 0 1 12 0 5 6988 1 1 7 7 1 1 0d 1f 9c74 ffff 5 f
4 0 0 13 0 0 459c 0 1 0 0 1 1 19 1f 954b ffff 4 f
4 0 0 0a 0 1 5214 0 1 0 0 1 1 07 1f e722 ffff 3 f
4 0 1 10 0 6 b714 1 1 0 7 1 1 18 1f 8406 ffff 3 f
4 0 1 05 0 1 6b20 1 1 1 7 1 1 08 1f cde4 ffff 3 f
4 0 1 1e 1 0 14df 1 1 2 7 0 1 00 00 0000 0000 4 f
4 0 0 19 0 5 7489 0 1 0 0 0 1 00 00 0000 0000 4 f
4 0 1 11 0 6 be74 1 1 3 7 0 1 00 00 0000 0000 5 f
4 0 0 14 1 1 ff56 0 1 0 0 0 1 00 00 0000 0000 5 f
4 0 1 06 0 1 8230 1 1 4 7 0 1 00 00 0000 0000 6 f
4 0 1 0a 1 2 f305 1 1 5 7 0 1 00 00 0000 0000 7 f
4 0 0 09 0 7 b02d 0 1 0 0 0 1 00 00 0000 0000 7 f
4 0 1 1e 0 3 2e1f 1 1 6 7 0 1 00 00 0000 0000 8 f
4 0 1 14 0 5 c0e7 0 1 0 0 0 1 00 00 0000 0000 8 f
4 0 0 1e 1 6 9a45 0 1 0 0 0 1 00 00 0000 0000 8 f
4 0 1 0e 0 3 b418 0 1 0 0 0 1 00 00 0000 0000 8 f
4 0 1 07 0 0 4ed6 0 1 0 0 0 1 00 00 0000 0000 8 f
4 0 1 15 0 4 5d1a 0 1 0 0 0 1 00 00 0000 0000 8 f
4 0 0 17 0 2 c8b2 0 1 0 0 0 1 00 00 0000 0000 8 f
4 0 0 06 1 5 f4de 0 1 0 0 0 1 00 00 0000 0000 8 f
4 0 1 10 1 3 fc56 0 1 0 0 0 1 00 00 0000 0000 8 f
4 0 1 07 0 2 7af8 0 1 0 0 0 1 00 00 0000 0000 8 f
4 0 0 00 0 5 3c71 0 1 0 0 0 1 00 00 0000 0000 8 f
4 0 1 1b 0 5 5bc3 0 1 0 0 0 1 00 00 0000 0000 8 f
4 0 1 1c 1 7 e37f 0 1 0 0 0 1 00 00 0000 0000 8 f
4 0 0 1f 0 7 cbf0 0 1 0 0 1 1 12 1f e37f ffff 7 f
4 0 1 1b 1 4 d0d2 1 1 7 7 1 1 10 1f 14df ffff 7 f
4 0 1 12 0 5 07e2 1 1 0 7 1 1 05 1f ff56 ffff 7 f
4 0 1 02 0 3 bc89 1 1 1 7 1 1 1e 1f f305 ffff 7 f
4 0 1 14 0 2 2df6 1 1 2 7 1 1 11 1f fc56 ffff 7 f
4 0 0 0c 0 7 fa7d 0 1 0 0 1 1 06 1f d0d2 ffff 6 f
4 0 1 03 0 0 8e18 1 1 3 7 1 1 0a 1f f4de ffff 6 f
4 0 0 08 0 5 9692 0 1 0 0 1 1 1e 1f 9a45 ffff 5 f
4 0 0 00 1 1 45ab 0 1 0 0 0 1 00 00 0000 0000 5 f
4 0 1 11 1 7 86dc 1 1 4 7 0 1 00 00 0000 0000 6 f
4 0 1 08 0 7 e5f8 1 1 5 7 1 1 1b 1f 86dc ffff 6 f
4 0 1 0f 0 6 93fd 1 1 6 7 0 1 00 00 0000 0000 7 f
4 0 1 10 0 7 c1b1 1 1 7 7 0 1 00 00 0000 0000 8 f
4 0 1 0d 1 2 8bfd 0 1 0 0 0 1 00 00 0000 0000 8 f
4 0 0 06 1 7 ffef 0 1 0 0 0 1 00 00 0000 0000 8 f
4 0 1 0c 0 3 f13d 0 1 0 0 0 1 00 00 0000 0000 8 f
4 0 0 12 1 3 57d3 0 1 0 0 0 1 00 00 0000 0000 8 f
4 0 0 1a 0 2 00e9 0 1 0 0 0 1 00 00 0000 0000 8 f
4 0 1 07 1 0 dd7a 0 1 0 0 0 1 00 00 0000 0000 8 f
4 0 1 10 0 1 62dc 0 1 0 0 1 1 12 1f dd7a ffff 7 f
4 0 0 0d 0 0 a4f6 0 1 0 0 1 1 02 1f 45ab ffff 6 f
4 0 0 1d 0 4 89df 0 1 0 0 1 1 14 1f 8bfd ffff 5 f
4 0 1 04 0 5 a6ff 1 1 0 7 1 1 03 1f 57d3 ffff 5 f
4 0 0 1f 1 4 5384 0 1 0 0 0 1 00 00 0000 0000 5 f
4 0 1 05 1 6 d137 1 1 1 7 1 1 11 1f 5384 ffff 5 f
4 0 0 18 1 5 153b 0 1 0 0 0 1 00 00 0000 0000 5 f
4 0 1 05 0 7 18f1 1 1 2 7 1 1 08 1f 153b ffff 5 f
4 0 1 0e 0 5 8f9c 1 1 3 7 1 1 0f 1f d137 ffff 5 f
4 0 1 06 1 0 71dc 1 1 4 7 1 1 10 1f ffef ffff 5 f
4 0 1 18 0 7 ee02 1 1 5 7 1 1 04 1f 71dc ffff 5 f
4 0 1 1f 0 1 8edc 1 1 6 7 0 1 00 00 0000 0000 6 f
4 0 0 0c 1 3 55a3 0 1 0 0 0 1 00 00 0000 0000 6 f
4 0 1 0d 0 4 1df6 1 1 7 7 0 1 00 00 0000 0000 7 f
4 0 0 1b 1 1 f0da 0 1 0 0 0 1 00 00 0000 0000 7 f
4 0 0 17 1 6 2640 0 1 0 0 1 1 05 1f f0da ffff 6 f
4 0 0 1d 1 2 c35f 0 1 0 0 0 1 00 00 0000 0000 6 f
4 0 1 01 0 2 bc8d 1 1 0 7 1 1 05 1f c35f ffff 6 f
4 0 1 04 0 0 b4b0 1 1 1 7 1 1 0e 1f 55a3 ffff 6 f
4 0 0 1f 1 4 9f8d 0 1 0 0 0 1 00 00 0000 0000 6 f
4 0 0 19 0 4 6de0 0 1 0 0 1 1 06 1f 9f8d ffff 5 f
4 0 1 07 0 1 fffc 1 1 2 7 0 1 00 00 0000 0000 6 f
4 0 1 14 1 2 e4ae 1 1 3 7 0 1 00 00 0000 0000 7 f
4 0 1 19 1 0 ee14 1 1 4 7 0 1 00 00 0000 0000 8 f
4 0 0 1b 1 7 3c27 0 1 0 0 0 1 00 00 0000 0000 8 f
4 0 0 0c 1 3 e6c6 0 1 0 0 0 1 00 00 0000 0000 8 f
4 0 1 0a 0 5 80c8 0 1 0 0 0 1 00 00 0000 0000 8 f
4 0 1 04 1 5 d028 0 1 0 0 0 1 00 00 0000 0000 8 f
4 0 0 1b 1 1 0eca 0 1 0 0 1 1 18 1f d028 ffff 7 f
4 0 1 0d 0 2 3963 1 1 5 7 1 1 1f 1f 2640 ffff 7 f
4 0 0 14 0 1 04b8 0 1 0 0 1 1 0d 1f 3c27 ffff 6 f
4 0 1 06 0 2 63fd 1 1 6 7 1 1 01 1f ee14 ffff 6 f
4 0 1 06 0 0 eb61 1 1 7 7 1 1 04 1f 0eca ffff 6 f
4 0 0 14 1 5 3499 0 1 0 0 1 1 07 1f e4ae ffff 5 f
4 0 0 14 0 5 4d29 0 1 0 0 1 1 14 1f e6c6 ffff 4 f
4 0 1 19 1 7 de01 1 1 0 7 0 1 00 00 0000 0000 5 f
4 0 1 16 0 3 b5a0 1 1 1 7 0 1 00 00 0000 0000 6 f
4 0 1 03 1 6 de70 1 1 2 7 0 1 00 00 0000 0000 7 f
4 0 0 14 1 0 c744 0 1 0 0 0 1 00 00 0000 0000 7 f
4 0 1 03 1 1 4742 1 1 3 7 0 1 00 00 0000 0000 8 f
4 0 1 08 0 2 d416 0 1 0 0 0 1 00 00 0000 0000 8 f
4 0 1 19 0 5 049b 0 1 0 0 0 1 00 00 0000 0000 8 f
4 0 0 0c 0 3 9599 0 1 0 0 0 1 00 00 0000 0000 8 f
4 0 1 02 0 6 0627 0 1 0 0 0 1 00 00 0000 0000 8 f
4 0 1 0d 0 6 51b6 0 1 0 0 0 1 00 00 0000 0000 8 f
4 0 1 12 1 2 feb9 0 1 0 0 0 1 00 00 0000 0000 8 f
4 0 0 1c 0 2 ab32 0 1 0 0 0 1 00 00 0000 0000 8 f
4 0 1 0a 0 4 a366 0 1 0 0 0 1 00 00 0000 0000 8 f
4 0 0 0e 1 3 cc47 0 1 0 0 0 1 00 00 0000 0000 8 f
4 0 1 05 0 5 8994 0 1 0 0 0 1 00 00 0000 0000 8 f
4 0 1 03 0 7 a690 0 1 0 0 0 1 00 00 0000 0000 8 f
4 0 0 06 0 3 8417 0 1 0 0 0 1 00 00 0000 0000 8 f
4 0 0 11 1 4 e367 0 1 0 0 0 1 00 00 0000 0000 8 f
4 0 0 0b 0 5 96ac 0 1 0 0 1 1 19 1f e367 ffff 7 f
4 0 0 10 0 4 a150 0 1 0 0 1 1 0d 1f 3499 ffff 6 f
4 0 0 0f 0 0 d22d 0 1 0 0 1 1 06 1f de70 ffff 5 f
4 0 0 0b 0 3 4383 0 1 0 0 1 1 06 1f de01 ffff 4 f
4 0 1 0a 0 1 3399 1 1 4 7 1 1 19 1f c744 ffff 4 f
4 0 0 11 0 7 0be6 0 1 0 0 1 1 16 1f 4742 ffff 3 f
4 0 1 03 1 4 76e8 1 1 5 7 1 1 03 1f feb9 ffff 3 f
4 0 1 0f 0 3 8a4c 1 1 6 7 1 1 03 1f cc47 ffff 3 f
4 0 1 17 1 5 dc23 1 1 7 7 1 1 0a 1f 76e8 ffff 3 f
4 0 1 01 1 7 ec9f 1 1 0 7 1 1 03 1f dc23 ffff 3 f
4 0 1 05 0 5 6db0 1 1 1 7 0 1 00 00 0000 0000 4 f
4 0 0 1f 0 4 8eac 0 1 0 0 0 1 00 00 0000 0000 4 f
4 0 1 03 0 2 b9cc 1 1 2 7 0 1 00 00 0000 0000 5 f
4 0 0 0c 1 2 ca76 0 1 0 0 0 1 00 00 0000 0000 5 f
4 0 1 1b 1 1 13b4 1 1 3 7 0 1 00 00 0000 0000 6 f
4 0 1 14 0 5 60be 1 1 4 7 0 1 00 00 0000 0000 7 f
4 0 1 13 1 6 e631 1 1 5 7 0 1 00 00 0000 0000 8 f
4 0 1 19 0 1 277b 0 1 0 0 1 1 0f 1f e631 ffff 7 f
4 0 1 1c 1 3 cd47 1 1 6 7 1 1 17 1f ec9f ffff 7 f
4 0 0 07 1 4 22ac 0 1 0 0 0 1 00 00 0000 0000 7 f
4 0 0 0a 0 2 0a90 0 1 0 0 0 1 00 00 0000 0000 7 f
4 0 1 1c 1 5 cf7a 1 1 7 7 0 1 00 00 0000 0000 8 f
4 0 1 1b 1 0 789a 0 1 0 0 0 1 00 00 0000 0000 8 f
4 0 1 14 0 4 dab6 0 1 0 0 1 1 01 1f 789a ffff 7 f
4 0 1 17 0 6 2d46 1 1 0 7 1 1 05 1f 13b4 ffff 7 f
4 0 1 0f 0 1 4a87 1 1 1 7 1 1 03 1f ca76 ffff 7 f
4 0 1 05 0 4 e4ac 1 1 2 7 1 1 1b 1f cd47 ffff 7 f
4 0 1 12 0 0 30ba 1 1 3 7 1 1 14 1f 22ac ffff 7 f
4 0 1 03 1 6 bb9d 1 1 4 7 1 1 13 1f cf7a ffff 7 f
4 0 1 06 0 3 82e5 1 1 5 7 1 1 1c 1f bb9d ffff 7 f
4 0 1 1e 0 6 8887 1 1 6 7 0 1 00 00 0000 0000 8 f
4 0 0 09 1 7 bc31 0 1 0 0 0 1 00 00 0000 0000 8 f
4 0 0 06 1 3 1a3b 0 1 0 0 1 1 1c 1f bc31 ffff 7 f
4 0 0 0d 1 6 627b 0 1 0 0 0 1 00 00 0000 0000 7 f
4 0 1 0a 1 0 c404 1 1 7 7 0 1 00 00 0000 0000 8 f
4 0 0 0f 1 2 40e9 0 1 0 0 1 1 17 1f c404 ffff 7 f
4 0 1 0b 0 5 2ce2 1 1 0 7 0 1 00 00 0000 0000 8 f
4 0 1 0a 1 1 50f8 0 1 0 0 0 1 00 00 0000 0000 8 f
4 0 0 01 1 0 e45b 0 1 0 0 1 1 0f 1f 50f8 ffff 7 f
4 0 1 1a 1 7 3bcb 1 1 1 7 1 1 05 1f 40e9 ffff 7 f
4 0 1 06 0 7 049e 1 1 2 7 1 1 12 1f 1a3b ffff 7 f
4 0 0 03 0 5 36f3 0 1 0 0 0 1 00 00 0000 0000 7 f
4 0 1 08 0 2 8386 1 1 3 7 0 1 00 00 0000 0000 8 f
4 0 1 0b 0 3 6e0e 0 1 0 0 0 1 00 00 0000 0000 8 f
4 0 0 1c 1 2 65eb 0 1 0 0 0 1 00 00 0000 0000 8 f
4 0 0 04 0 2 facc 0 1 0 0 0 1 00 00 0000 0000 8 f
4 0 1 17 0 2 b511 0 1 0 0 0 1 00 00 0000 0000 8 f
4 0 0 11 0 6 4cb9 0 1 0 0 0 1 00 00 0000 0000 8 f
4 0 1 08 0 7 11ca 0 1 0 0 0 1 00 00 0000 0000 8 f
4 0 0 1c 0 1 b98c 0 1 0 0 0 1 00 00 0000 0000 8 f
4 0 1 12 0 6 9752 0 1 0 0 0 1 00 00 0000 0000 8 f
4 0 0 05 0 7 bb18 0 1 0 0 0 1 00 00 0000 0000 8 f
4 0 1 19 0 6 603e 0 1 0 0 0 1 00 00 0000 0000 8 f
4 0 0 0d 0 6 f02c 0 1 0 0 0 1 00 00 0000 0000 8 f
4 0 1 17 0 6 b6b8 0 1 0 0 0 1 00 00 0000 0000 8 f
4 0 1 1e 0 1 9906 0 1 0 0 0 1 00 00 0000 0000 8 f
4 0 0 14 1 5 1ba7 0 1 0 0 0 1 00 00 0000 0000 8 f
4 0 0 18 1 3 de15 0 1 0 0 0 1 00 00 0000 0000 8 f
4 0 0 1b 1 4 3350 0 1 0 0 0 1 00 00 0000 0000 8 f
4 0 0 14 1 1 f357 0 1 0 0 1 1 03 1f 3350 ffff 7 f
4 0 1 08 0 5 2cd2 1 1 4 7 1 1 06 1f 1ba7 ffff 7 f
4 0 0 06 1 4 56c8 0 1 0 0 1 1 1e 1f 627b ffff 6 f
4 0 0 11 0 0 c115 0 1 0 0 1 1 0a 1f 3bcb ffff 5 f
4 0 1 09 0 6 026c 1 1 5 7 1 1 0b 1f e45b ffff 5 f
4 0 0 0c 1 5 b3f4 0 1 0 0 1 1 1a 1f f357 ffff 4 f
4 0 0 07 0 2 7846 0 1 0 0 1 1 06 1f 65eb ffff 3 f
4 0 1 1e 0 5 afc1 1 1 6 7 1 1 08 1f de15 ffff 3 f
4 0 0 00 1 6 3e38 0 1 0 0 1 1 08 1f 56c8 ffff 2 f
4 0 1 04 0 4 ff8d 1 1 7 7 1 1 09 1f b3f4 ffff 2 f
4 0 1 19 1 7 792e 1 1 0 7 1 1 1e 1f 3e38 ffff 2 f
4 0 1 01 1 0 b1f9 1 1 1 7 1 1 04 1f 792e ffff 2 f
4 0 0 09 0 1 d1e8 0 1 0 0 1 1 19 1f b1f9 ffff 1 f
4 0 0 09 1 1 8c30 0 1 0 0 0 1 00 00 0000 0000 1 f
4 0 1 14 0 1 42b9 1 1 2 7 1 1 01 1f 8c30 ffff 1 f
4 0 1 0e 1 2 7b11 1 1 3 7 0 1 00 00 0000 0000 2 f
4 0 1 05 1 3 a31c 1 1 4 7 1 1 14 1f 7b11 ffff 2 f
4 0 1 01 1 4 9693 1 1 5 7 1 1 0e 1f a31c ffff 2 f
4 0 1 1f 0 4 7bfb 1 1 6 7 1 1 05 1f 9693 ffff 2 f
4 0 1 02 1 5 6814 1 1 7 7 0 1 00 00 0000 0000 3 f
4 0 0 09 0 5 f2a2 0 1 0 0 1 1 01 1f 6814 ffff 2 f
4 0 1 19 0 1 7e74 1 1 0 7 0 1 00 00 0000 0000 3 f
4 0 1 1c 1 7 baf1 1 1 1 7 0 1 00 00 0000 0000 4 f
4 0 1 0b 0 5 3e49 1 1 2 7 0 1 00 00 0000 0000 5 f
4 0 0 0f 1 2 e874 0 1 0 0 0 1 00 00 0000 0000 5 f
4 0 0 06 1 1 5d25 0 1 0 0 0 1 00 00 0000 0000 5 f
4 0 0 1b 1 6 9a4c 0 1 0 0 0 1 00 00 0000 0000 5 f
4 0 0 19 0 1 e5f1 0 1 0 0 1 1 1f 1f 9a4c ffff 4 f
4 0 1 14 1 0 d4af 1 1 3 7 1 1 02 1f baf1 ffff 4 f
4 0 1 1e 1 3 0637 1 1 4 7 1 1 19 1f d4af ffff 4 f
4 0 1 17 1 4 1cdf 1 1 5 7 1 1 1c 1f 5d25 ffff 4 f
4 0 1 1c 0 5 4d98 1 1 6 7 1 1 0b 1f e874 ffff 4 f
4 0 1 0c 0 1 4985 1 1 7 7 1 1 14 1f 0637 ffff 4 f
4 0 1 16 1 5 a3e1 1 1 0 7 1 1 1e 1f 1cdf ffff 4 f
4 0 1 18 1 0 1e41 1 1 1 7 1 1 17 1f a3e1 ffff 4 f
4 0 0 19 0 6 4faa 0 1 0 0 0 1 00 00 0000 0000 4 f
4 0 0 04 1 1 ae41 0 1 0 0 0 1 00 00 0000 0000 4 f
4 0 0 05 1 6 760a 0 1 0 0 0 1 00 00 0000 0000 4 f
4 0 1 1c 0 6 f0bc 1 1 2 7 1 1 1c 1f 760a ffff 4 f
4 0 0 02 1 2 a3a5 0 1 0 0 0 1 00 00 0000 0000 4 f
4 0 0 1a 1 7 3186 0 1 0 0 0 1 00 00 0000 0000 4 f
4 0 0 09 0 6 cab0 0 1 0 0 1 1 0c 1f 3186 ffff 3 f
4 0 1 1f 0 1 1b15 1 1 3 7 1 1 16 1f 1e41 ffff 3 f
4 0 0 07 1 3 3867 0 1 0 0 1 1 18 1f ae41 ffff 2 f
4 0 1 1c 0 5 fdb0 1 1 4 7 1 1 1c 1f a3a5 ffff 2 f
4 0 1 03 1 4 7a73 1 1 5 7 1 1 1f 1f 3867 ffff 2 f
4 0 1 0a 1 5 d357 1 1 6 7 1 1 1c 1f 7a73 ffff 2 f
4 0 0 0a 0 7 3d81 0 1 0 0 1 1 03 1f d357 ffff 1 f
4 0 1 1a 0 2 ca27 1 1 7 7 0 1 00 00 0000 0000 2 f
4 0 1 01 1 7 d305 1 1 0 7 0 1 00 00 0000 0000 3 f
4 0 0 0a 1 6 7c14 0 1 0 0 0 1 00 00 0000 0000 3 f
4 0 1 1d 1 0 814c 1 1 1 7 1 1 0a 1f 7c14 ffff 3 f
4 0 1 16 0 2 0146 1 1 2 7 1 1 1a 1f d305 ffff 3 f
4 0 0 15 1 1 3162 0 1 0 0 1 1 01 1f 814c ffff 2 f
4 0 0 10 0 7 87f0 0 1 0 0 1 1 1d 1f 3162 ffff 1 f
4 0 1 05 0 1 9d1d 1 1 3 7 0 1 00 00 0000 0000 2 f
4 0 0 18 1 2 2248 0 1 0 0 0 1 00 00 0000 0000 2 f
4 0 1 0f 0 1 36fe 1 1 4 7 1 1 16 1f 2248 ffff 2 f
4 0 0 1c 1 4 cbf0 0 1 0 0 0 1 00 00 0000 0000 2 f
4 0 1 16 0 7 3e5a 1 1 5 7 0 1 00 00 0000 0000 3 f
4 0 1 16 1 5 c1f7 1 1 6 7 0 1 00 00 0000 0000 4 f
4 0 1 06 0 7 fa88 1 1 7 7 0 1 00 00 0000 0000 5 f
4 0 1 0a 0 2 b01b 1 1 0 7 0 1 00 00 0000 0000 6 f
4 0 1 02 1 3 8bf5 1 1 1 7 0 1 00 00 0000 0000 7 f
4 0 0 0f 1 1 5839 0 1 0 0 1 1 05 1f 8bf5 ffff 6 f
4 0 1 0e 0 0 6921 1 1 2 7 1 1 0f 1f cbf0 ffff 6 f
4 0 1 08 0 4 0e73 1 1 3 7 1 1 16 1f c1f7 ffff 6 f
4 0 1 0e 1 0 878a 1 1 4 7 0 1 00 00 0000 0000 7 f
4 0 1 00 1 2 8c05 1 1 5 7 0 1 00 00 0000 0000 8 f
4 0 0 03 1 4 b056 0 1 0 0 0 1 00 00 0000 0000 8 f
4 0 0 0d 1 7 37e9 0 1 0 0 0 1 00 00 0000 0000 8 f
4 0 0 1e 0 3 e230 0 1 0 0 0 1 00 00 0000 0000 8 f
4 0 1 1f 0 1 e42c 0 1 0 0 0 1 00 00 0000 0000 8 f
4 0 1 1a 1 3 703f 0 1 0 0 0 1 00 00 0000 0000 8 f
4 0 1 1b 0 3 2f0e 0 1 0 0 0 1 00 00 0000 0000 8 f
4 0 1 18 1 6 ea61 0 1 0 0 0 1 00 00 0000 0000 8 f
4 0 1 1a 0 2 328f 0 1 0 0 1 1 16 1f ea61 ffff 7 f
4 0 1 1c 0 3 de4a 1 1 6 7 1 1 06 1f 37e9 ffff 7 f
4 0 1 17 0 1 f373 1 1 7 7 1 1 0a 1f 878a ffff 7 f
4 0 0 02 1 5 7dee 0 1 0 0 1 1 02 1f 5839 ffff 6 f
4 0 0 06 1 6 a337 0 1 0 0 1 1 0e 1f 8c05 ffff 5 f
4 0 0 06 0 1 9e99 0 1 0 0 1 1 08 1f 703f ffff 4 f
4 0 1 01 1 7 b6c6 1 1 0 7 1 1 0e 1f b056 ffff 4 f
4 0 1 09 1 0 0352 1 1 1 7 1 1 00 1f 7dee ffff 4 f
4 0 1 13 0 0 0e6d 1 1 2 7 1 1 1c 1f a337 ffff 4 f
4 0 1 12 0 7 1d15 1 1 3 7 1 1 17 1f b6c6 ffff 4 f
4 0 0 02 1 1 3ebb 0 1 0 0 1 1 01 1f 0352 ffff 3 f
4 0 1 01 1 2 ec04 1 1 4 7 1 1 09 1f 3ebb ffff 3 f
4 0 1 09 0 5 4f6d 1 1 5 7 1 1 13 1f ec04 ffff 3 f
4 0 1 00 0 6 4f85 1 1 6 7 0 1 00 00 0000 0000 4 f
4 0 1 04 0 5 0238 1 1 7 7 0 1 00 00 0000 0000 5 f
4 0 1 04 0 1 ec02 1 1 0 7 0 1 00 00 0000 0000 6 f
4 0 0 0b 0 1 eff0 0 1 0 0 0 1 00 00 0000 0000 6 f
4 0 1 09 0 3 8d71 1 1 1 7 0 1 00 00 0000 0000 7 f
4 0 1 15 0 6 e8ea 1 1 2 7 0 1 00 00 0000 0000 8 f
4 0 1 02 1 0 44fa 0 1 0 0 0 1 00 00 0000 0000 8 f
4 0 1 1f 1 5 c29b 0 1 0 0 0 1 00 00 0000 0000 8 f
4 0 1 02 0 1 370c 0 1 0 0 0 1 00 00 0000 0000 8 f
4 0 1 0b 0 6 e6f6 0 1 0 0 0 1 00 00 0000 0000 8 f
4 0 1 0c 0 4 2689 0 1 0 0 0 1 00 00 0000 0000 8 f
4 0 1 1f 1 1 b39b 0 1 0 0 0 1 00 00 0000 0000 8 f
4 0 1 1a 0 5 2334 0 1 0 0 0 1 00 00 0000 0000 8 f
4 0 1 07 0 0 3803 0 1 0 0 0 1 00 00 0000 0000 8 f
4 0 0 1d 1 6 f4f3 0 1 0 0 0 1 00 00 0000 0000 8 f
4 0 0 12 0 1 2fb0 0 1 0 0 0 1 00 00 0000 0000 8 f
4 0 1 0d 1 4 2da4 0 1 0 0 0 1 00 00 0000 0000 8 f
4 0 1 18 1 2 9d38 0 1 0 0 0 1 00 00 0000 0000 8 f
4 0 1 09 1 7 e226 0 1 0 0 0 1 00 00 0000 0000 8 f
4 0 1 11 1 3 dd86 0 1 0 0 0 1 00 00 0000 0000 8 f
4 0 1 19 0 3 79c5 0 1 0 0 1 1 12 1f dd86 ffff 7 f
4 0 1 06 0 2 b8fa 1 1 3 7 1 1 01 1f 2da4 ffff 7 f
4 0 1 0f 1 3 3042 1 1 4 7 1 1 09 1f c29b ffff 7 f
4 0 1 05 0 2 84d2 1 1 5 7 1 1 00 1f f4f3 ffff 7 f
4 0 1 16 1 5 33f1 1 1 6 7 1 1 04 1f e226 ffff 7 f
4 0 1 06 0 7 49d1 1 1 7 7 1 1 04 1f 44fa ffff 7 f
4 0 0 04 0 2 9425 0 1 0 0 1 1 09 1f b39b ffff 6 f
4 0 0 07 1 7 ace9 0 1 0 0 1 1 15 1f 9d38 ffff 5 f
4 0 0 0a 1 6 826a 0 1 0 0 1 1 06 1f 3042 ffff 4 f
4 0 1 1e 0 0 f7b8 1 1 0 7 0 1 00 00 0000 0000 5 f
4 0 1 16 0 1 3f74 1 1 1 7 0 1 00 00 0000 0000 6 f
4 0 1 1b 1 4 46b8 1 1 2 7 0 1 00 00 0000 0000 7 f
4 0 0 10 1 0 67c8 0 1 0 0 1 1 0f 1f 46b8 ffff 6 f
4 0 0 1f 1 1 458a 0 1 0 0 1 1 05 1f 33f1 ffff 5 f
4 0 0 0f 0 1 ad8c 0 1 0 0 1 1 16 1f 826a ffff 4 f
4 0 0 15 0 4 0f4a 0 1 0 0 1 1 06 1f ace9 ffff 3 f
4 0 0 09 1 2 51f0 0 1 0 0 1 1 1e 1f 67c8 ffff 2 f
4 0 1 0b 0 4 9be0 1 1 3 7 1 1 16 1f 458a ffff 2 f
4 0 0 02 1 3 7b7b 0 1 0 0 1 1 1b 1f 51f0 ffff 1 f
4 0 0 0b 0 0 678b 0 1 0 0 1 1 0b 1f 7b7b ffff 0 f
4 0 0 05 0 4 3adf 0 1 0 0 0 1 00 00 0000 0000 0 f
4 0 0 0b 0 4 299b 0 1 0 0 0 1 00 00 0000 0000 0 f
4 0 0 0a 0 2 bfe7 0 1 0 0 0 1 00 00 0000 0000 0 f
4 0 0 14 0 4 8c61 0 1 0 0 0 1 00 00 0000 0000 0 f
4 0 1 1b 0 7 599c 1 1 4 7 0 1 00 00 0000 0000 1 f
4 0 0 0b 1 4 7dcf 0 1 0 0 0 1 00 00 0000 0000 1 f
4 0 0 17 0 3 3743 0 1 0 0 1 1 1b 1f 7dcf ffff 0 f
4 0 1 09 0 0 1abf 1 1 5 7 0 1 00 00 0000 0000 1 f
4 0 1 0d 0 0 7768 1 1 6 7 0 1 00 00 0000 0000 2 f
4 0 0 1a 1 6 c4ad 0 1 0 0 0 1 00 00 0000 0000 2 f
4 0 1 0a 0 1 c9d0 1 1 7 7 0 1 00 00 0000 0000 3 f
4 0 1 13 0 6 8376 1 1 0 7 0 1 00 00 0000 0000 4 f
4 0 1 0c 1 7 9fee 1 1 1 7 0 1 00 00 0000 0000 5 f
4 0 1 06 1 1 79d8 1 1 2 7 0 1 00 00 0000 0000 6 f
4 0 0 14 1 2 f332 0 1 0 0 0 1 00 00 0000 0000 6 f
4 0 0 14 0 3 9079 0 1 0 0 0 1 00 00 0000 0000 6 f
4 0 1 1e 0 3 9f12 1 1 3 7 0 1 00 00 0000 0000 7 f
4 0 1 0c 1 0 ccfd 1 1 4 7 0 1 00 00 0000 0000 8 f
4 0 1 15 1 4 cbf0 0 1 0 0 0 1 00 00 0000 0000 8 f
4 0 1 1e 1 5 98fe 0 1 0 0 0 1 00 00 0000 0000 8 f
4 0 0 12 0 6 4df1 0 1 0 0 1 1 09 1f 98fe ffff 7 f
4 0 0 14 0 5 f58e 0 1 0 0 1 1 0d 1f c4ad ffff 6 f
4 0 1 1a 0 2 03ca 1 1 5 7 1 1 0a 1f 9fee ffff 6 f
4 0 1 05 0 3 3160 1 1 6 7 1 1 13 1f ccfd ffff 6 f
4 0 1 06 1 3 b1c5 1 1 7 7 1 1 0c 1f 79d8 ffff 6 f
4 0 1 0e 1 7 37b2 1 1 0 7 1 1 06 1f f332 ffff 6 f
4 0 1 10 1 5 eee1 1 1 1 7 1 1 1e 1f b1c5 ffff 6 f
4 0 0 1e 1 6 b580 0 1 0 0 1 1 0c 1f cbf0 ffff 5 f
4 0 1 07 0 7 8f1b 1 1 2 7 1 1 1a 1f eee1 ffff 5 f
4 0 1 1b 1 0 b611 1 1 3 7 1 1 05 1f b580 ffff 5 f
4 0 0 11 0 4 9d26 0 1 0 0 1 1 06 1f 37b2 ffff 4 f
4 0 0 09 1 2 9c19 0 1 0 0 1 1 0e 1f b611 ffff 3 f
4 0 1 11 0 1 7829 1 1 4 7 0 1 00 00 0000 0000 4 f
4 0 1 17 0 7 104c 1 1 5 7 0 1 00 00 0000 0000 5 f
4 0 0 1f 1 5 babd 0 1 0 0 0 1 00 00 0000 0000 5 f
4 0 0 1e 1 1 e846 0 1 0 0 0 1 00 00 0000 0000 5 f
4 0 0 04 1 3 8dc2 0 1 0 0 1 1 10 1f e846 ffff 4 f
4 0 0 1c 1 4 98fa 0 1 0 0 1 1 07 1f 9c19 ffff 3 f
4 0 1 1a 0 6 85f6 1 1 6 7 1 1 1b 1f 8dc2 ffff 3 f
4 0 0 01 1 6 ea91 0 1 0 0 1 1 11 1f 98fa ffff 2 f
4 0 1 0e 0 6 6d37 1 1 7 7 1 1 17 1f babd ffff 2 f
4 0 0 14 0 7 33ed 0 1 0 0 1 1 1a 1f ea91 ffff 1 f
4 0 1 12 0 7 0717 1 1 0 7 0 1 00 00 0000 0000 2 f
4 0 1 02 0 0 7591 1 1 1 7 0 1 00 00 0000 0000 3 f
4 0 1 10 0 6 2d09 1 1 2 7 0 1 00 00 0000 0000 4 f
4 0 0 05 0 4 30bd 0 1 0 0 0 1 00 00 0000 0000 4 f
4 0 1 03 1 7 9b83 1 1 3 7 0 1 00 00 0000 0000 5 f
4 0 1 15 0 3 3919 1 1 4 7 1 1 0e 1f 9b83 ffff 5 f
4 0 0 1e 1 0 aab7 0 1 0 0 0 1 00 00 0000 0000 5 f
4 0 0 14 1 4 0e64 0 1 0 0 1 1 12 1f aab7 ffff 4 f
4 0 0 04 1 3 c5a0 0 1 0 0 0 1 00 00 0000 0000 4 f
4 0 0 0e 1 1 8e2a 0 1 0 0 0 1 00 00 0000 0000 4 f
4 0 1 1e 1 2 b320 1 1 5 7 1 1 02 1f 8e2a ffff 4 f
4 0 1 03 1 5 37b2 1 1 6 7 1 1 10 1f b320 ffff 4 f
4 0 0 1e 0 1 5107 0 1 0 0 1 1 03 1f c5a0 ffff 3 f
4 0 0 17 0 4 7133 0 1 0 0 1 1 15 1f 0e64 ffff 2 f
4 0 0 10 1 6 ccb5 0 1 0 0 1 1 1e 1f 37b2 ffff 1 f
4 0 0 0e 0 3 d22e 0 1 0 0 1 1 03 1f ccb5 ffff 0 f
4 0 0 1d 0 0 4f18 0 1 0 0 0 1 00 00 0000 0000 0 f
4 0 1 02 0 7 2dee 1 1 7 7 0 1 00 00 0000 0000 1 f
4 0 1 11 0 1 04de 1 1 0 7 0 1 00 00 0000 0000 2 f
4 0 1 0d 1 0 6853 1 1 1 7 0 1 00 00 0000 0000 3 f
4 0 1 0e 1 1 cc0a 1 1 2 7 0 1 00 00 0000 0000 4 f
4 0 1 15 1 2 6567 1 1 3 7 0 1 00 00 0000 0000 5 f
4 0 0 1e 0 1 7d47 0 1 0 0 0 1 00 00 0000 0000 5 f
4 0 1 19 1 7 2cee 1 1 4 7 0 1 00 00 0000 0000 6 f
4 0 1 13 1 4 1091 1 1 5 7 1 1 02 1f 2cee ffff 6 f
4 0 1 07 0 1 beea 1 1 6 7 1 1 11 1f 6853 ffff 6 f
4 0 1 0d 0 2 c6fd 1 1 7 7 1 1 0d 1f cc0a ffff 6 f
4 0 0 16 1 5 ac75 0 1 0 0 1 1 0e 1f 6567 ffff 5 f
4 0 1 16 1 7 9788 1 1 0 7 0 1 00 00 0000 0000 6 f
4 0 0 1a 1 6 ce86 0 1 0 0 0 1 00 00 0000 0000 6 f
4 0 1 0e 1 0 e338 1 1 1 7 0 1 00 00 0000 0000 7 f
4 0 1 16 1 1 5ec5 1 1 2 7 0 1 00 00 0000 0000 8 f
4 0 1 19 1 3 8298 0 1 0 0 0 1 00 00 0000 0000 8 f
4 0 1 0d 0 3 94bf 0 1 0 0 1 1 15 1f 8298 ffff 7 f
4 0 0 0d 1 2 ff59 0 1 0 0 1 1 19 1f 1091 ffff 6 f
4 0 0 0d 0 3 9d5e 0 1 0 0 1 1 13 1f ac75 ffff 5 f
4 0 0 16 0 3 a92a 0 1 0 0 1 1 07 1f ce86 ffff 4 f
4 0 0 08 0 3 4105 0 1 0 0 1 1 0d 1f 9788 ffff 3 f
4 0 0 1c 0 7 ba36 0 1 0 0 1 1 16 1f e338 ffff 2 f
4 0 1 08 0 0 5d5f 1 1 3 7 1 1 0e 1f 5ec5 ffff 2 f
4 0 0 02 1 3 73cf 0 1 0 0 1 1 16 1f ff59 ffff 1 f
4 0 1 13 0 1 a47f 1 1 4 7 1 1 08 1f 73cf ffff 1 f
4 0 1 18 0 7 6c08 1 1 5 7 0 1 00 00 0000 0000 2 f
4 0 0 18 1 5 14e4 0 1 0 0 0 1 00 00 0000 0000 2 f
4 0 1 17 1 4 d7bd 1 1 6 7 0 1 00 00 0000 0000 3 f
4 0 1 0f 1 6 2214 1 1 7 7 1 1 13 1f d7bd ffff 3 f
4 0 1 06 1 7 c950 1 1 0 7 1 1 18 1f 14e4 ffff 3 f
4 0 1 18 1 0 b9ea 1 1 1 7 1 1 17 1f 2214 ffff 3 f
4 0 1 16 1 1 9c7b 1 1 2 7 1 1 0f 1f c950 ffff 3 f
4 0 1 08 1 2 5083 1 1 3 7 1 1 06 1f b9ea ffff 3 f
4 0 1 1c 0 2 5470 1 1 4 7 1 1 18 1f 9c7b ffff 3 f
4 0 0 15 0 0 cd51 0 1 0 0 1 1 16 1f 5083 ffff 2 f
4 0 1 0b 0 7 952e 1 1 5 7 0 1 00 00 0000 0000 3 f
4 0 1 06 1 3 4c9c 1 1 6 7 0 1 00 00 0000 0000 4 f
4 0 1 15 1 5 b229 1 1 7 7 1 1 08 1f 4c9c ffff 4 f
4 0 0 01 0 5 a9f0 0 1 0 0 0 1 00 00 0000 0000 4 f
4 0 1 0b 0 1 7e72 1 1 0 7 0 1 00 00 0000 0000 5 f
4 0 0 1b 0 1 5428 0 1 0 0 0 1 00 00 0000 0000 5 f
4 0 1 02 0 6 bfad 1 1 1 7 0 1 00 00 0000 0000 6 f
4 0 1 08 1 6 05e1 1 1 2 7 0 1 00 00 0000 0000 7 f
4 0 1 00 1 0 a7f0 1 1 3 7 0 1 00 00 0000 0000 8 f
4 0 1 0b 0 4 a616 0 1 0 0 0 1 00 00 0000 0000 8 f
4 0 1 1e 1 7 e67b 0 1 0 0 0 1 00 00 0000 0000 8 f
4 0 0 01 1 4 dbcd 0 1 0 0 0 1 00 00 0000 0000 8 f
4 0 1 07 1 3 940d 0 1 0 0 1 1 1c 1f dbcd ffff 7 f
4 0 1 1c 0 1 9674 1 1 4 7 1 1 0b 1f b229 ffff 7 f
4 0 1 15 1 4 1704 1 1 5 7 1 1 06 1f 05e1 ffff 7 f
4 0 1 04 1 2 7057 1 1 6 7 1 1 15 1f e67b ffff 7 f
4 0 0 0d 1 1 abc0 0 1 0 0 1 1 0b 1f a7f0 ffff 6 f
4 0 0 1f 1 6 3bac 0 1 0 0 1 1 02 1f abc0 ffff 5 f
4 0 1 15 0 0 91cb 1 1 7 7 1 1 08 1f 7057 ffff 5 f
4 0 1 07 0 5 04ff 1 1 0 7 1 1 00 1f 940d ffff 5 f
4 0 1 19 1 7 fa6d 1 1 1 7 1 1 1c 1f 1704 ffff 5 f
4 0 0 0a 1 1 d917 0 1 0 0 0 1 00 00 0000 0000 5 f
4 0 1 0d 1 0 0a4c 1 1 2 7 0 1 00 00 0000 0000 6 f
4 0 1 17 0 6 089d 1 1 3 7 0 1 00 00 0000 0000 7 f
4 0 0 0d 1 5 8a58 0 1 0 0 0 1 00 00 0000 0000 7 f
4 0 0 1f 0 5 f34d 0 1 0 0 1 1 15 1f 8a58 ffff 6 f
4 0 0 05 0 4 22b3 0 1 0 0 1 1 04 1f 3bac ffff 5 f
4 0 1 03 1 2 2a74 1 1 4 7 1 1 15 1f fa6d ffff 5 f
4 0 0 1a 0 7 31e6 0 1 0 0 1 1 07 1f 0a4c ffff 4 f
4 0 1 00 1 3 fea9 1 1 5 7 1 1 19 1f d917 ffff 4 f
4 0 1 10 1 4 a8a8 1 1 6 7 1 1 0d 1f 2a74 ffff 4 f
4 0 1 15 0 2 be2f 1 1 7 7 1 1 17 1f fea9 ffff 4 f
4 0 0 1c 1 6 99da 0 1 0 0 1 1 03 1f a8a8 ffff 3 f
4 0 1 00 1 5 ade9 1 1 0 7 0 1 00 00 0000 0000 4 f
4 0 1 11 0 1 3c18 1 1 1 7 1 1 00 1f ade9 ffff 4 f
4 0 1 0f 1 0 888a 1 1 2 7 1 1 10 1f 99da ffff 4 f
4 0 0 0f 0 4 bdee 0 1 0 0 0 1 00 00 0000 0000 4 f
4 0 1 17 0 1 38cb 1 1 3 7 0 1 00 00 0000 0000 5 f
4 0 1 19 1 1 f7a7 1 1 4 7 0 1 00 00 0000 0000 6 f
4 0 0 16 0 7 7a57 0 1 0 0 0 1 00 00 0000 0000 6 f
4 0 1 11 0 3 d161 1 1 5 7 0 1 00 00 0000 0000 7 f
4 0 1 03 1 2 9239 1 1 6 7 0 1 00 00 0000 0000 8 f
4 0 1 05 1 7 8b5c 0 1 0 0 0 1 00 00 0000 0000 8 f
4 0 1 14 1 6 6379 0 1 0 0 1 1 15 1f 8b5c ffff 7 f
4 0 1 0a 1 5 a1d8 1 1 7 7 1 1 00 1f 888a ffff 7 f
4 0 0 00 0 1 321f 0 1 0 0 1 1 11 1f f7a7 ffff 6 f
4 0 1 02 1 3 09b3 1 1 0 7 1 1 0f 1f 9239 ffff 6 f
4 0 1 0a 0 5 e396 1 1 1 7 1 1 17 1f 09b3 ffff 6 f
4 0 1 0f 0 7 ff10 1 1 2 7 0 1 00 00 0000 0000 7 f
4 0 1 12 1 4 7ae4 1 1 3 7 0 1 00 00 0000 0000 8 f
4 0 1 1b 0 6 b98a 0 1 0 0 1 1 19 1f 7ae4 ffff 7 f
4 0 1 09 1 7 be13 1 1 4 7 1 1 11 1f a1d8 ffff 7 f
4 0 1 11 1 0 8a0a 1 1 5 7 1 1 03 1f 6379 ffff 7 f
4 0 1 0a 1 4 3e33 1 1 6 7 1 1 0a 1f be13 ffff 7 f
4 0 1 1d 1 5 c0c1 1 1 7 7 1 1 02 1f 8a0a ffff 7 f
4 0 0 1c 0 5 99c4 0 1 0 0 0 1 00 00 0000 0000 7 f
4 0 0 06 0 6 4167 0 1 0 0 0 1 00 00 0000 0000 7 f
4 0 1 0d 1 1 aa92 1 1 0 7 0 1 00 00 0000 0000 8 f
4 0 1 0d 0 1 5b89 0 1 0 0 1 1 0a 1f aa92 ffff 7 f
4 0 1 18 1 6 ca9b 1 1 1 7 0 1 00 00 0000 0000 8 f
4 0 0 03 1 0 2682 0 1 0 0 0 1 00 00 0000 0000 8 f
4 0 1 10 1 1 635e 0 1 0 0 0 1 00 00 0000 0000 8 f
4 0 0 1a 1 3 b9d8 0 1 0 0 0 1 00 00 0000 0000 8 f
4 0 1 19 1 7 9b34 0 1 0 0 0 1 00 00 0000 0000 8 f
4 0 1 00 0 5 c0ef 0 1 0 0 0 1 00 00 0000 0000 8 f
4 0 1 15 0 6 abbf 0 1 0 0 0 1 00 00 0000 0000 8 f
4 0 1 04 0 4 81d3 0 1 0 0 0 1 00 00 0000 0000 8 f
4 0 1 0f 1 2 c491 0 1 0 0 0 1 00 00 0000 0000 8 f
4 0 0 1d 0 2 fc29 0 1 0 0 1 1 0f 1f c491 ffff 7 f
4 0 1 10 0 7 0421 1 1 2 7 1 1 12 1f b9d8 ffff 7 f
4 0 0 01 0 6 2f10 0 1 0 0 1 1 09 1f 3e33 ffff 6 f
4 0 0 15 1 2 1f22 0 1 0 0 1 1 11 1f c0c1 ffff 5 f
4 0 0 08 0 4 54d2 0 1 0 0 1 1 0a 1f ca9b ffff 4 f
4 0 1 11 0 2 165c 1 1 3 7 1 1 1d 1f 9b34 ffff 4 f
4 0 1 13 0 5 acad 1 1 4 7 1 1 0d 1f 2682 ffff 4 f
4 0 0 00 1 3 169f 0 1 0 0 1 1 18 1f 635e ffff 3 f
4 0 0 12 0 1 2f29 0 1 0 0 1 1 10 1f 1f22 ffff 2 f
4 0 1 0f 1 4 7da3 1 1 5 7 1 1 11 1f 169f ffff 2 f
4 0 0 09 0 5 cc19 0 1 0 0 1 1 13 1f 7da3 ffff 1 f
4 0 1 08 1 5 548d 1 1 6 7 0 1 00 00 0000 0000 2 f
4 0 1 18 0 7 5603 1 1 7 7 1 1 0f 1f 548d ffff 2 f
4 0 0 1c 1 7 e7b2 0 1 0 0 0 1 00 00 0000 0000 2 f
4 0 1 17 1 6 b8fb 1 1 0 7 0 1 00 00 0000 0000 3 f
4 0 0 15 0 3 6cb2 0 1 0 0 1 1 08 1f b8fb ffff 2 f
4 0 1 0a 1 0 3914 1 1 1 7 1 1 18 1f e7b2 ffff 2 f
4 0 1 03 1 1 c607 1 1 2 7 1 1 17 1f 3914 ffff 2 f
4 0 0 0a 1 2 cf53 0 1 0 0 1 1 0a 1f c607 ffff 1 f
4 0 0 05 0 4 78de 0 1 0 0 1 1 03 1f cf53 ffff 0 f
4 0 0 0a 0 5 14f9 0 1 0 0 0 1 00 00 0000 0000 0 f
4 0 1 15 0 5 5bd4 1 1 3 7 0 1 00 00 0000 0000 1 f
4 0 0 14 0 6 34e1 0 1 0 0 0 1 00 00 0000 0000 1 f
4 0 0 0e 0 2 986f 0 1 0 0 0 1 00 00 0000 0000 1 f
4 0 1 18 0 7 6b88 1 1 4 7 0 1 00 00 0000 0000 2 f
4 0 1 03 0 0 db26 1 1 5 7 0 1 00 00 0000 0000 3 f
4 0 1 01 1 3 4e2a 1 1 6 7 0 1 00 00 0000 0000 4 f
4 0 1 04 0 0 b8e7 1 1 7 7 1 1 15 1f 4e2a ffff 4 f
4 0 1 00 0 7 364e 1 1 0 7 0 1 00 00 0000 0000 5 f
4 0 1 17 1 0 a39e 1 1 1 7 0 1 00 00 0000 0000 6 f
4 0 1 1f 0 5 7cc3 1 1 2 7 0 1 00 00 0000 0000 7 f
4 0 1 06 0 6 e84d 1 1 3 7 0 1 00 00 0000 0000 8 f
4 0 0 1b 0 5 b6ae 0 1 0 0 0 1 00 00 0000 0000 8 f
4 0 0 00 0 5 6345 0 1 0 0 0 1 00 00 0000 0000 8 f
4 0 1 0f 1 7 2a51 0 1 0 0 0 1 00 00 0000 0000 8 f
4 0 1 14 0 5 6107 0 1 0 0 0 1 00 00 0000 0000 8 f
4 0 1 09 1 5 80a1 0 1 0 0 0 1 00 00 0000 0000 8 f
4 0 1 02 0 3 f321 0 1 0 0 0 1 00 00 0000 0000 8 f
4 0 1 17 1 3 4136 0 1 0 0 0 1 00 00 0000 0000 8 f
4 0 0 0a 0 2 f76e 0 1 0 0 0 1 00 00 0000 0000 8 f
4 0 1 14 0 5 fe9b 0 1 0 0 0 1 00 00 0000 0000 8 f
4 0 1 01 1 2 24d2 0 1 0 0 0 1 00 00 0000 0000 8 f
4 0 0 0f 0 2 a3dc 0 1 0 0 0 1 00 00 0000 0000 8 f
4 0 1 16 1 1 ead0 0 1 0 0 0 1 00 00 0000 0000 8 f
4 0 1 0b 1 6 c101 0 1 0 0 0 1 00 00 0000 0000 8 f
4 0 0 18 0 1 1846 0 1 0 0 0 1 00 00 0000 0000 8 f
4 0 0 03 1 4 f98d 0 1 0 0 0 1 00 00 0000 0000 8 f
4 0 1 18 0 2 504b 0 1 0 0 1 1 18 1f f98d ffff 7 f
4 0 1 02 0 5 18ef 1 1 4 7 1 1 03 1f 80a1 ffff 7 f
4 0 1 0b 0 2 f1f1 1 1 5 7 1 1 01 1f c101 ffff 7 f
4 0 0 16 0 3 81de 0 1 0 0 1 1 04 1f 2a51 ffff 6 f
4 0 0 13 1 4 4ce4 0 1 0 0 1 1 00 1f a39e ffff 5 f
4 0 0 1a 0 0 2b09 0 1 0 0 1 1 17 1f ead0 ffff 4 f
4 0 0 0c 0 2 9a2e 0 1 0 0 1 1 1f 1f 24d2 ffff 3 f
4 0 1 17 0 0 21ef 1 1 6 7 1 1 06 1f 4136 ffff 3 f
4 0 1 13 1 6 3da9 1 1 7 7 1 1 02 1f 4ce4 ffff 3 f
4 0 1 13 1 5 2718 1 1 0 7 0 1 00 00 0000 0000 4 f
4 0 0 06 1 7 fd49 0 1 0 0 1 1 0b 1f 2718 ffff 3 f
4 0 1 0d 1 0 15c5 1 1 1 7 1 1 17 1f 3da9 ffff 3 f
4 0 1 1a 0 0 2036 1 1 2 7 1 1 13 1f fd49 ffff 3 f
4 0 1 11 0 1 0d16 1 1 3 7 1 1 13 1f 15c5 ffff 3 f
4 0 1 04 0 3 be1e 1 1 4 7 0 1 00 00 0000 0000 4 f
4 0 1 15 0 2 5231 1 1 5 7 0 1 00 00 0000 0000 5 f
4 0 1 05 1 2 5f71 1 1 6 7 0 1 00 00 0000 0000 6 f
4 0 0 15 1 3 68dd 0 1 0 0 0 1 00 00 0000 0000 6 f
4 0 0 04 1 4 6e70 0 1 0 0 0 1 00 00 0000 0000 6 f
4 0 1 06 0 2 efc4 1 1 7 7 0 1 00 00 0000 0000 7 f
4 0 1 00 0 5 8576 1 1 0 7 0 1 00 00 0000 0000 8 f
4 0 0 07 0 1 89e5 0 1 0 0 0 1 00 00 0000 0000 8 f
4 0 1 1f 1 1 4d44 0 1 0 0 0 1 00 00 0000 0000 8 f
4 0 1 06 1 5 866f 0 1 0 0 1 1 0d 1f 4d44 ffff 7 f
4 0 0 17 0 0 fab7 0 1 0 0 1 1 1a 1f 5f71 ffff 6 f
4 0 1 04 1 7 368c 1 1 1 7 1 1 11 1f 68dd ffff 6 f
4 0 1 01 0 5 2e64 1 1 2 7 1 1 04 1f 6e70 ffff 6 f
4 0 1 1a 1 0 8e0f 1 1 3 7 1 1 15 1f 866f ffff 6 f
4 0 1 0c 0 1 4eb5 1 1 4 7 0 1 00 00 0000 0000 7 f
4 0 1 0a 1 3 34f8 1 1 5 7 0 1 00 00 0000 0000 8 f
4 0 1 1a 1 2 1bfd 0 1 0 0 0 1 00 00 0000 0000 8 f
4 0 1 06 1 1 33ea 0 1 0 0 0 1 00 00 0000 0000 8 f
4 0 1 1b 0 7 0206 0 1 0 0 0 1 00 00 0000 0000 8 f
4 0 1 0d 1 5 dd4d 0 1 0 0 0 1 00 00 0000 0000 8 f
4 0 1 07 0 3 4ef5 0 1 0 0 0 1 00 00 0000 0000 8 f
4 0 1 1d 0 3 f340 0 1 0 0 0 1 00 00 0000 0000 8 f
4 0 0 0a 1 4 d464 0 1 0 0 0 1 00 00 0000 0000 8 f
4 0 1 15 1 6 11e1 0 1 0 0 0 1 00 00 0000 0000 8 f
4 0 1 01 0 7 47ae 0 1 0 0 1 1 05 1f 11e1 ffff 7 f
4 0 1 0c 0 3 1c45 1 1 6 7 1 1 06 1f 368c ffff 7 f
4 0 1 08 0 6 5193 1 1 7 7 1 1 00 1f 8e0f ffff 7 f
4 0 1 1c 0 3 a4ef 1 1 0 7 1 1 04 1f 33ea ffff 7 f
4 0 0 19 1 6 3df4 0 1 0 0 1 1 01 1f 1bfd ffff 6 f
4 0 1 0c 0 2 8144 1 1 1 7 1 1 1a 1f 34f8 ffff 6 f
4 0 0 19 1 7 a2c2 0 1 0 0 1 1 0c 1f d464 ffff 5 f
4 0 1 0b 0 1 ea1e 1 1 2 7 1 1 0a 1f dd4d ffff 5 f
4 0 1 02 0 7 9315 1 1 3 7 1 1 0c 1f 3df4 ffff 5 f
4 0 1 1a 1 1 1309 1 1 4 7 1 1 08 1f a2c2 ffff 5 f
4 0 0 06 1 2 b5ac 0 1 0 0 0 1 00 00 0000 0000 5 f
4 0 0 19 0 7 66b2 0 1 0 0 0 1 00 00 0000 0000 5 f
4 0 0 17 0 2 f15e 0 1 0 0 0 1 00 00 0000 0000 5 f
4 0 0 05 0 7 2221 0 1 0 0 0 1 00 00 0000 0000 5 f
4 0 1 00 0 2 2cd0 1 1 5 7 0 1 00 00 0000 0000 6 f
4 0 1 0e 0 1 db04 1 1 6 7 0 1 00 00 0000 0000 7 f
4 0 1 13 1 5 5489 1 1 7 7 0 1 00 00 0000 0000 8 f
4 0 0 1f 0 2 47e0 0 1 0 0 0 1 00 00 0000 0000 8 f
4 0 1 0b 1 0 efd5 0 1 0 0 0 1 00 00 0000 0000 8 f
4 0 1 00 0 7 872a 0 1 0 0 1 1 1c 1f efd5 ffff 7 f
4 0 0 0d 1 4 728f 0 1 0 0 1 1 0c 1f 1309 ffff 6 f
4 0 0 06 1 7 8979 0 1 0 0 1 1 0b 1f b5ac ffff 5 f
4 0 0 17 0 1 29ed 0 1 0 0 0 1 00 00 0000 0000 5 f
4 0 1 0d 1 6 eae6 1 1 0 7 0 1 00 00 0000 0000 6 f
4 0 0 09 1 0 bbb9 0 1 0 0 0 1 00 00 0000 0000 6 f
4 0 1 1d 1 3 7f75 1 1 1 7 0 1 00 00 0000 0000 7 f
4 0 0 16 0 0 7c00 0 1 0 0 1 1 02 1f 7f75 ffff 6 f
4 0 1 17 0 4 fa20 1 1 2 7 1 1 1a 1f 728f ffff 6 f
4 0 1 1c 1 2 6563 1 1 3 7 1 1 00 1f 5489 ffff 6 f
4 0 1 12 1 1 ab0e 1 1 4 7 1 1 0e 1f eae6 ffff 6 f
4 0 1 00 0 5 6b5a 1 1 5 7 1 1 13 1f 8979 ffff 6 f
4 0 1 1d 0 2 2e01 1 1 6 7 1 1 0d 1f bbb9 ffff 6 f
4 0 1 09 0 6 cee6 1 1 7 7 1 1 1d 1f ab0e ffff 6 f
4 0 1 0b 1 5 2d33 1 1 0 7 1 1 17 1f 6563 ffff 6 f
4 0 1 06 0 4 86fb 1 1 1 7 0 1 00 00 0000 0000 7 f
4 0 1 06 0 1 f186 1 1 2 7 0 1 00 00 0000 0000 8 f
4 0 0 04 0 0 e5f5 0 1 0 0 0 1 00 00 0000 0000 8 f
4 0 1 03 1 3 79a4 0 1 0 0 0 1 00 00 0000 0000 8 f
4 0 1 19 0 7 5ddc 0 1 0 0 1 1 1c 1f 79a4 ffff 7 f
4 0 0 1f 1 0 4ac0 0 1 0 0 0 1 00 00 0000 0000 7 f
4 0 0 19 0 7 835b 0 1 0 0 0 1 00 00 0000 0000 7 f
4 0 1 01 1 4 5536 1 1 3 7 0 1 00 00 0000 0000 8 f
4 0 1 17 1 6 799c 0 1 0 0 1 1 12 1f 5536 ffff 7 f
4 0 1 1c 0 4 77f6 1 1 4 7 1 1 00 1f 2d33 ffff 7 f
4 0 0 03 0 1 c921 0 1 0 0 1 1 1d 1f 799c ffff 6 f
4 0 1 1d 1 4 b216 1 1 5 7 0 1 00 00 0000 0000 7 f
4 0 1 08 1 3 73c7 1 1 6 7 0 1 00 00 0000 0000 8 f
4 0 0 18 1 2 90aa 0 1 0 0 0 1 00 00 0000 0000 8 f
4 0 1 16 0 6 20c5 0 1 0 0 0 1 00 00 0000 0000 8 f
4 0 1 15 0 2 010e 0 1 0 0 0 1 00 00 0000 0000 8 f
4 0 1 11 1 1 4763 0 1 0 0 0 1 00 00 0000 0000 8 f
4 0 1 0f 0 2 a7d6 0 1 0 0 0 1 00 00 0000 0000 8 f
4 0 1 0e 1 6 7397 0 1 0 0 0 1 00 00 0000 0000 8 f
4 0 1 1d 0 1 c6b4 0 1 0 0 0 1 00 00 0000 0000 8 f
4 0 0 01 1 7 1139 0 1 0 0 0 1 00 00 0000 0000 8 f
4 0 0 1d 0 1 f639 0 1 0 0 1 1 09 1f 1139 ffff 7 f
4 0 0 13 1 5 5ee9 0 1 0 0 1 1 0b 1f 4ac0 ffff 6 f
4 0 1 03 0 2 0881 1 1 7 7 1 1 06 1f 4763 ffff 6 f
4 0 1 1e 0 2 9a34 1 1 0 7 1 1 06 1f 90aa ffff 6 f
4 0 1 04 1 0 adae 1 1 1 7 1 1 01 1f 73c7 ffff 6 f
4 0 1 0d 0 2 720d 1 1 2 7 1 1 1c 1f b216 ffff 6 f
4 0 1 05 1 2 562a 1 1 3 7 1 1 1d 1f 5ee9 ffff 6 f
4 0 1 1c 0 7 a939 1 1 4 7 1 1 08 1f 7397 ffff 6 f
4 0 1 02 0 2 8fe5 1 1 5 7 0 1 00 00 0000 0000 7 f
4 0 1 04 0 6 d028 1 1 6 7 0 1 00 00 0000 0000 8 f
4 0 1 0b 1 5 6b2a 0 1 0 0 0 1 00 00 0000 0000 8 f
4 0 0 06 1 6 3ce8 0 1 0 0 0 1 00 00 0000 0000 8 f
4 0 1 1e 1 1 3a29 0 1 0 0 0 1 00 00 0000 0000 8 f
4 0 1 01 1 3 ba1f 0 1 0 0 0 1 00 00 0000 0000 8 f
4 0 0 10 1 7 f028 0 1 0 0 0 1 00 00 0000 0000 8 f
4 0 0 1f 0 0 eacb 0 1 0 0 1 1 03 1f f028 ffff 7 f
4 0 1 1f 0 0 a7f7 1 1 7 7 1 1 1e 1f adae ffff 7 f
4 0 1 0f 1 4 bf77 1 1 0 7 1 1 04 1f 3a29 ffff 7 f
4 0 0 0b 1 0 5f61 0 1 0 0 1 1 0d 1f 562a ffff 6 f
4 0 0 11 0 0 bfda 0 1 0 0 1 1 05 1f ba1f ffff 5 f
4 0 1 16 1 7 cb8d 1 1 1 7 1 1 1c 1f bf77 ffff 5 f
4 0 1 09 0 0 d7ab 1 1 2 7 1 1 02 1f 6b2a ffff 5 f
4 0 1 07 0 3 a8e6 1 1 3 7 1 1 04 1f 3ce8 ffff 5 f
4 0 1 1a 0 6 75c5 1 1 4 7 1 1 1f 1f cb8d ffff 5 f
4 0 1 0f 0 1 f724 1 1 5 7 1 1 0f 1f 5f61 ffff 5 f
4 0 0 15 0 3 9c2a 0 1 0 0 0 1 00 00 0000 0000 5 f
4 0 0 1a 0 0 8c25 0 1 0 0 0 1 00 00 0000 0000 5 f
4 0 0 0a 1 1 def4 0 1 0 0 0 1 00 00 0000 0000 5 f
4 0 1 1d 1 3 6d0f 1 1 6 7 1 1 16 1f def4 ffff 5 f
4 0 1 17 1 4 7f33 1 1 7 7 0 1 00 00 0000 0000 6 f
4 0 1 0f 1 2 6054 1 1 0 7 0 1 00 00 0000 0000 7 f
4 0 0 1a 1 7 752a 0 1 0 0 1 1 09 1f 6054 ffff 6 f
4 0 1 13 0 7 a4e5 1 1 1 7 1 1 07 1f 6d0f ffff 6 f
4 0 1 0d 1 5 6e75 1 1 2 7 1 1 1a 1f 7f33 ffff 6 f
4 0 1 0d 0 3 5b13 1 1 3 7 1 1 0f 1f 6e75 ffff 6 f
4 0 0 0b 1 3 8be6 0 1 0 0 0 1 00 00 0000 0000 6 f
4 0 0 04 1 2 a691 0 1 0 0 0 1 00 00 0000 0000 6 f
4 0 1 09 1 6 1cc9 1 1 4 7 0 1 00 00 0000 0000 7 f
4 0 1 16 1 4 735e 1 1 5 7 1 1 1d 1f 1cc9 ffff 7 f
4 0 0 1a 1 5 6cb7 0 1 0 0 1 1 17 1f 752a ffff 6 f
4 0 1 15 1 0 93cb 1 1 6 7 0 1 00 00 0000 0000 7 f
4 0 1 19 0 1 1fa2 1 1 7 7 1 1 0f 1f 93cb ffff 7 f
4 0 0 01 0 2 4d2d 0 1 0 0 0 1 00 00 0000 0000 7 f
4 0 1 1c 0 5 4114 1 1 0 7 0 1 00 00 0000 0000 8 f
4 0 1 11 0 0 5494 0 1 0 0 0 1 00 00 0000 0000 8 f
4 0 0 16 0 3 db6e 0 1 0 0 0 1 00 00 0000 0000 8 f
4 0 1 06 1 6 3fe8 0 1 0 0 0 1 00 00 0000 0000 8 f
4 0 1 0f 0 5 540c 0 1 0 0 0 1 00 00 0000 0000 8 f
4 0 0 0f 1 7 ca7d 0 1 0 0 0 1 00 00 0000 0000 8 f
4 0 1 11 0 6 7a6e 0 1 0 0 0 1 00 00 0000 0000 8 f
4 0 1 1b 1 1 c8e0 0 1 0 0 0 1 00 00 0000 0000 8 f
4 0 0 19 1 0 7093 0 1 0 0 1 1 13 1f c8e0 ffff 7 f
4 0 1 18 0 2 4ccd 1 1 1 7 1 1 0d 1f a691 ffff 7 f
4 0 1 16 0 3 5506 1 1 2 7 1 1 0d 1f 8be6 ffff 7 f
4 0 1 16 1 1 32dd 1 1 3 7 1 1 09 1f 735e ffff 7 f
4 0 1 08 0 5 bed5 1 1 4 7 1 1 16 1f 6cb7 ffff 7 f
4 0 1 0e 1 2 13cc 1 1 5 7 1 1 15 1f 3fe8 ffff 7 f
4 0 0 1a 1 3 f8fb 0 1 0 0 1 1 19 1f ca7d ffff 6 f
4 0 1 1b 1 4 faef 1 1 6 7 1 1 1c 1f 7093 ffff 6 f
4 0 1 04 1 5 28d6 1 1 7 7 1 1 18 1f 32dd ffff 6 f
4 0 0 07 1 7 3fb1 0 1 0 0 1 1 16 1f 13cc ffff 5 f
4 0 0 07 1 6 8357 0 1 0 0 1 1 16 1f f8fb ffff 4 f
4 0 1 1f 0 3 b2e9 1 1 0 7 1 1 08 1f faef ffff 4 f
4 0 0 1d 1 0 11ef 0 1 0 0 1 1 0e 1f 28d6 ffff 3 f
4 0 0 0c 0 2 90f0 0 1 0 0 1 1 1b 1f 8357 ffff 2 f
4 0 1 1a 0 6 7f38 1 1 1 7 1 1 04 1f 3fb1 ffff 2 f
4 0 1 03 1 1 aff9 1 1 2 7 1 1 1f 1f 11ef ffff 2 f
4 0 1 13 0 0 fde8 1 1 3 7 1 1 1a 1f aff9 ffff 2 f
4 0 1 1d 1 2 b0a9 1 1 4 7 0 1 00 00 0000 0000 3 f
4 0 1 12 1 4 02e1 1 1 5 7 1 1 03 1f b0a9 ffff 3 f
4 0 0 00 1 5 6b56 0 1 0 0 0 1 00 00 0000 0000 3 f
4 0 1 0c 0 4 7ab4 1 1 6 7 0 1 00 00 0000 0000 4 f
4 0 1 11 1 3 fdd1 1 1 7 7 0 1 00 00 0000 0000 5 f
4 0 1 13 0 0 b061 1 1 0 7 1 1 13 1f fdd1 ffff 5 f
4 0 0 0c 1 0 9f52 0 1 0 0 1 1 1d 1f 02e1 ffff 4 f
4 0 0 0e 0 2 72cb 0 1 0 0 1 1 12 1f 6b56 ffff 3 f
4 0 1 02 1 6 589c 1 1 1 7 0 1 00 00 0000 0000 4 f
4 0 0 12 1 7 d5d4 0 1 0 0 1 1 0c 1f 589c ffff 3 f
4 0 0 13 0 0 5fd8 0 1 0 0 1 1 11 1f d5d4 ffff 2 f
4 0 0 1c 1 1 8e38 0 1 0 0 1 1 13 1f 9f52 ffff 1 f
4 0 0 19 0 3 47fa 0 1 0 0 1 1 02 1f 8e38 ffff 0 f
4 0 1 02 0 0 cfe0 1 1 2 7 0 1 00 00 0000 0000 1 f
4 0 1 0a 0 3 f575 1 1 3 7 0 1 00 00 0000 0000 2 f
4 0 1 0e 0 1 c8d8 1 1 4 7 0 1 00 00 0000 0000 3 f
4 0 1 1f 0 7 5b5a 1 1 5 7 0 1 00 00 0000 0000 4 f
4 0 1 0c 1 3 9c75 1 1 6 7 0 1 00 00 0000 0000 5 f
4 0 1 0d 1 5 662e 1 1 7 7 0 1 00 00 0000 0000 6 f
4 0 0 0c 0 4 c39f 0 1 0 0 0 1 00 00 0000 0000 6 f
4 0 1 13 0 0 9c2d 1 1 0 7 0 1 00 00 0000 0000 7 f
4 0 0 0a 0 3 044e 0 1 0 0 0 1 00 00 0000 0000 7 f
4 0 1 02 0 7 3247 1 1 1 7 0 1 00 00 0000 0000 8 f
4 0 0 02 0 2 9dde 0 1 0 0 0 1 00 00 0000 0000 8 f
4 0 0 05 1 2 0659 0 1 0 0 0 1 00 00 0000 0000 8 f
4 0 0 09 1 7 f8c1 0 1 0 0 1 1 02 1f 0659 ffff 7 f
4 0 1 0a 0 2 e330 1 1 2 7 1 1 0a 1f 9c75 ffff 7 f
4 0 1 1b 0 2 23d3 1 1 3 7 0 1 00 00 0000 0000 8 f
4 0 1 0f 0 1 9877 0 1 0 0 0 1 00 00 0000 0000 8 f
4 0 1 1a 1 4 0826 0 1 0 0 0 1 00 00 0000 0000 8 f
4 0 1 0c 1 2 05e5 0 1 0 0 1 1 0e 1f 0826 ffff 7 f
4 0 1 00 1 6 ea53 1 1 4 7 1 1 1f 1f 662e ffff 7 f
4 0 0 0a 0 1 1b33 0 1 0 0 1 1 0c 1f ea53 ffff 6 f
4 0 1 09 1 1 0a48 1 1 5 7 1 1 0d 1f f8c1 ffff 6 f
4 0 1 0c 1 5 1b52 1 1 6 7 0 1 00 00 0000 0000 7 f
4 0 0 09 1 3 27c8 0 1 0 0 0 1 00 00 0000 0000 7 f
4 0 0 06 0 7 f017 0 1 0 0 0 1 00 00 0000 0000 7 f
4 0 1 0f 0 2 1d2d 1 1 7 7 0 1 00 00 0000 0000 8 f
4 0 1 15 0 2 fcf1 0 1 0 0 0 1 00 00 0000 0000 8 f
4 0 1 07 1 6 e998 0 1 0 0 0 1 00 00 0000 0000 8 f
4 0 1 0f 1 0 8511 0 1 0 0 0 1 00 00 0000 0000 8 f
4 0 1 0f 1 4 26ac 0 1 0 0 1 1 13 1f 8511 ffff 7 f
4 0 0 04 1 7 6b14 0 1 0 0 1 1 02 1f 0a48 ffff 6 f
4 0 1 14 0 0 94f8 1 1 0 7 1 1 0a 1f 05e5 ffff 6 f
4 0 0 07 0 3 372e 0 1 0 0 1 1 1b 1f 27c8 ffff 5 f
4 0 1 1f 0 1 d14e 1 1 1 7 1 1 00 1f 26ac ffff 5 f
4 0 1 0c 0 4 0206 1 1 2 7 1 1 09 1f 1b52 ffff 5 f
4 0 1 0f 0 6 21ed 1 1 3 7 1 1 0c 1f e998 ffff 5 f
4 0 1 0a 0 5 e43a 1 1 4 7 1 1 0f 1f 6b14 ffff 5 f
4 0 1 04 0 1 2535 1 1 5 7 0 1 00 00 0000 0000 6 f
4 0 1 0f 1 1 872b 1 1 6 7 0 1 00 00 0000 0000 7 f
4 0 0 1b 0 4 f4cc 0 1 0 0 0 1 00 00 0000 0000 7 f
4 0 1 00 1 3 e45a 1 1 7 7 0 1 00 00 0000 0000 8 f
4 0 0 04 0 1 1278 0 1 0 0 0 1 00 00 0000 0000 8 f
4 0 1 0a 1 6 2393 0 1 0 0 0 1 00 00 0000 0000 8 f
4 0 1 16 1 2 bcfe 0 1 0 0 0 1 00 00 0000 0000 8 f
4 0 0 02 1 0 e07f 0 1 0 0 0 1 00 00 0000 0000 8 f
4 0 0 13 0 5 ea5c 0 1 0 0 1 1 14 1f e07f ffff 7 f
4 0 0 0e 0 3 b4a6 0 1 0 0 1 1 1f 1f 872b ffff 6 f
4 0 1 17 0 7 f75d 1 1 0 7 1 1 0c 1f bcfe ffff 6 f
4 0 0 1b 0 5 4bb0 0 1 0 0 1 1 0f 1f e45a ffff 5 f
4 0 0 19 0 2 3f79 0 1 0 0 0 1 00 00 0000 0000 5 f
4 0 1 12 1 4 0220 1 1 1 7 0 1 00 00 0000 0000 6 f
4 0 1 1d 1 5 2c96 1 1 2 7 1 1 0a 1f 0220 ffff 6 f
4 0 0 1d 0 5 54c8 0 1 0 0 1 1 04 1f 2c96 ffff 5 f
4 0 1 05 0 2 f18c 1 1 3 7 1 1 0f 1f 2393 ffff 5 f
4 0 1 08 0 7 2ae4 1 1 4 7 0 1 00 00 0000 0000 6 f
4 0 1 12 0 2 53bb 1 1 5 7 0 1 00 00 0000 0000 7 f
4 0 0 01 1 2 df68 0 1 0 0 0 1 00 00 0000 0000 7 f
4 0 0 05 0 1 625a 0 1 0 0 0 1 00 00 0000 0000 7 f
4 0 0 1c 1 0 ba01 0 1 0 0 0 1 00 00 0000 0000 7 f
4 0 0 01 1 4 df9b 0 1 0 0 0 1 00 00 0000 0000 7 f
4 0 0 01 1 7 2122 0 1 0 0 0 1 00 00 0000 0000 7 f
4 0 1 05 1 3 e6cc 1 1 6 7 1 1 00 1f 2122 ffff 7 f
4 0 0 0b 1 1 6c76 0 1 0 0 1 1 17 1f ba01 ffff 6 f
4 0 0 17 0 7 6c32 0 1 0 0 1 1 12 1f 6c76 ffff 5 f
4 0 1 1f 1 5 bc53 1 1 7 7 1 1 1d 1f df68 ffff 5 f
4 0 0 1b 1 6 873c 0 1 0 0 1 1 05 1f e6cc ffff 4 f
4 0 0 0e 0 0 4eb8 0 1 0 0 1 1 08 1f df9b ffff 3 f
4 0 1 1a 0 3 9b26 1 1 0 7 1 1 12 1f bc53 ffff 3 f
4 0 1 1d 1 0 2b64 1 1 1 7 1 1 05 1f 873c ffff 3 f
4 0 1 00 0 1 1008 1 1 2 7 0 1 00 00 0000 0000 4 f
4 0 0 01 1 1 70e4 0 1 0 0 0 1 00 00 0000 0000 4 f
4 0 0 00 0 2 8377 0 1 0 0 0 1 00 00 0000 0000 4 f
4 0 0 02 0 3 98d9 0 1 0 0 0 1 00 00 0000 0000 4 f
4 0 0 06 1 2 b2a1 0 1 0 0 0 1 00 00 0000 0000 4 f
4 0 0 1b 1 7 7090 0 1 0 0 0 1 00 00 0000 0000 4 f
4 0 1 00 0 5 afe6 1 1 3 7 1 1 1f 1f 7090 ffff 4 f
4 0 1 1f 0 7 1688 1 1 4 7 1 1 1a 1f 2b64 ffff 4 f
4 0 0 06 1 4 dd36 0 1 0 0 1 1 1d 1f 70e4 ffff 3 f
4 0 1 11 0 0 eda2 1 1 5 7 1 1 00 1f b2a1 ffff 3 f
4 0 0 02 0 3 35d7 0 1 0 0 0 1 00 00 0000 0000 3 f
4 0 1 16 1 5 b671 1 1 6 7 0 1 00 00 0000 0000 4 f
4 0 0 05 0 3 d856 0 1 0 0 0 1 00 00 0000 0000 4 f
4 0 0 0e 0 2 647e 0 1 0 0 0 1 00 00 0000 0000 4 f
4 0 0 12 0 4 399c 0 1 0 0 0 1 00 00 0000 0000 4 f
4 0 0 08 0 0 6f72 0 1 0 0 0 1 00 00 0000 0000 4 f
4 0 1 14 1 3 9260 1 1 7 7 0 1 00 00 0000 0000 5 f
4 0 0 17 1 7 73bd 0 1 0 0 1 1 00 1f 9260 ffff 4 f
4 0 0 0a 0 0 ef46 0 1 0 0 1 1 1f 1f dd36 ffff 3 f
4 0 1 03 0 4 422e 1 1 0 7 1 1 11 1f b671 ffff 3 f
4 0 0 07 0 1 c2d5 0 1 0 0 0 1 00 00 0000 0000 3 f
4 0 1 1f 0 2 fcae 1 1 1 7 0 1 00 00 0000 0000 4 f
4 0 1 10 1 6 dbc2 1 1 2 7 0 1 00 00 0000 0000 5 f
4 0 1 08 0 2 c140 1 1 3 7 1 1 16 1f dbc2 ffff 5 f
4 0 1 17 1 0 696c 1 1 4 7 1 1 14 1f 73bd ffff 5 f
4 0 0 0c 1 4 a4c4 0 1 0 0 1 1 03 1f 696c ffff 4 f
4 0 0 0e 0 4 30d1 0 1 0 0 0 1 00 00 0000 0000 4 f
4 0 1 06 1 3 fae6 1 1 5 7 0 1 00 00 0000 0000 5 f
4 0 0 07 1 1 a639 0 1 0 0 0 1 00 00 0000 0000 5 f
4 0 1 17 0 1 12b8 1 1 6 7 1 1 1f 1f a639 ffff 5 f
4 0 0 18 1 5 ff45 0 1 0 0 0 1 00 00 0000 0000 5 f
4 0 1 16 0 0 bda9 1 1 7 7 0 1 00 00 0000 0000 6 f
4 0 0 17 1 6 afe2 0 1 0 0 0 1 00 00 0000 0000 6 f
4 0 1 10 0 0 7b6f 1 1 0 7 0 1 00 00 0000 0000 7 f
4 0 1 1f 1 2 506d 1 1 1 7 0 1 00 00 0000 0000 8 f
4 0 0 1a 0 6 862c 0 1 0 0 1 1 10 1f 506d ffff 7 f
4 0 0 16 1 7 639d 0 1 0 0 1 1 08 1f fae6 ffff 6 f
4 0 1 12 1 1 c4bf 1 1 2 7 1 1 17 1f a4c4 ffff 6 f
4 0 1 02 0 1 9e5c 1 1 3 7 1 1 06 1f ff45 ffff 6 f
4 0 0 0f 0 1 a5ab 0 1 0 0 1 1 17 1f afe2 ffff 5 f
4 0 0 07 1 0 4076 0 1 0 0 1 1 16 1f 639d ffff 4 f
4 0 1 0d 1 2 f08f 1 1 4 7 1 1 10 1f 4076 ffff 4 f
4 0 1 11 1 4 1e8f 1 1 5 7 1 1 1f 1f c4bf ffff 4 f
4 0 1 0e 1 3 9979 1 1 6 7 1 1 12 1f f08f ffff 4 f
4 0 1 10 1 5 2d57 1 1 7 7 1 1 02 1f 9979 ffff 4 f
4 0 0 04 0 1 cac7 0 1 0 0 1 1 0d 1f 1e8f ffff 3 f
4 0 1 0a 1 6 ea59 1 1 0 7 1 1 11 1f 2d57 ffff 3 f
4 0 1 03 0 0 47e3 1 1 1 7 1 1 0e 1f ea59 ffff 3 f
4 0 0 08 1 0 48e4 0 1 0 0 0 1 00 00 0000 0000 3 f
4 0 0 04 0 3 f201 0 1 0 0 0 1 00 00 0000 0000 3 f
4 0 1 06 1 7 c936 1 1 2 7 0 1 00 00 0000 0000 4 f
4 0 0 1a 0 1 6cb0 0 1 0 0 1 1 10 1f c936 ffff 3 f
4 0 1 12 0 7 8d51 1 1 3 7 1 1 0a 1f 48e4 ffff 3 f
4 0 0 07 0 6 73b2 0 1 0 0 0 1 00 00 0000 0000 3 f
4 0 1 10 0 3 2219 1 1 4 7 0 1 00 00 0000 0000 4 f
4 0 0 17 0 5 0e14 0 1 0 0 0 1 00 00 0000 0000 4 f
4 0 1 13 0 6 15cc 1 1 5 7 0 1 00 00 0000 0000 5 f
4 0 1 04 1 2 69ba 1 1 6 7 0 1 00 00 0000 0000 6 f
4 0 0 1b 0 5 fd2c 0 1 0 0 0 1 00 00 0000 0000 6 f
4 0 1 0b 1 4 ceed 1 1 7 7 0 1 00 00 0000 0000 7 f
4 0 0 0a 0 2 0464 0 1 0 0 0 1 00 00 0000 0000 7 f
4 0 1 11 1 7 0d21 1 1 0 7 0 1 00 00 0000 0000 8 f
4 0 1 07 1 0 8020 0 1 0 0 0 1 00 00 0000 0000 8 f
4 0 0 0b 0 7 8f80 0 1 0 0 0 1 00 00 0000 0000 8 f
4 0 0 1f 1 5 b0c8 0 1 0 0 0 1 00 00 0000 0000 8 f
4 0 0 18 0 3 9492 0 1 0 0 0 1 00 00 0000 0000 8 f
4 0 1 15 1 6 7720 0 1 0 0 0 1 00 00 0000 0000 8 f
4 0 0 02 0 5 e934 0 1 0 0 0 1 00 00 0000 0000 8 f
4 0 0 12 1 3 5ba3 0 1 0 0 0 1 00 00 0000 0000 8 f
4 0 0 05 1 1 5ef7 0 1 0 0 0 1 00 00 0000 0000 8 f
4 0 0 01 0 5 7662 0 1 0 0 1 1 03 1f 5ef7 ffff 7 f
4 0 1 12 0 3 2163 1 1 1 7 1 1 06 1f 69ba ffff 7 f
4 0 0 04 0 0 c0d8 0 1 0 0 1 1 12 1f 5ba3 ffff 6 f
4 0 0 1b 1 1 2507 0 1 0 0 1 1 10 1f ceed ffff 5 f
4 0 1 0c 0 2 cb69 1 1 2 7 1 1 13 1f b0c8 ffff 5 f
4 0 1 13 0 0 2dfe 1 1 3 7 1 1 04 1f 7720 ffff 5 f
4 0 1 11 0 0 9f0e 1 1 4 7 1 1 0b 1f 0d21 ffff 5 f
4 0 1 0b 1 3 2a1e 1 1 5 7 1 1 11 1f 8020 ffff 5 f
4 0 1 1a 0 6 cf40 1 1 6 7 1 1 12 1f 2507 ffff 5 f
4 0 0 1d 1 2 b805 0 1 0 0 0 1 00 00 0000 0000 5 f
4 0 1 06 1 5 8739 1 1 7 7 1 1 0c 1f b805 ffff 5 f
4 0 0 1e 0 3 3565 0 1 0 0 1 1 13 1f 2a1e ffff 4 f
4 0 1 0c 1 4 b035 1 1 0 7 0 1 00 00 0000 0000 5 f
4 0 0 09 1 6 1631 0 1 0 0 1 1 11 1f b035 ffff 4 f
4 0 1 12 0 6 f583 1 1 1 7 1 1 0b 1f 8739 ffff 4 f
4 0 1 08 0 3 f154 1 1 2 7 1 1 1a 1f 1631 ffff 4 f
4 0 0 00 1 2 0373 0 1 0 0 0 1 00 00 0000 0000 4 f
4 0 0 15 0 0 780d 0 1 0 0 0 1 00 00 0000 0000 4 f
4 0 1 05 1 7 0608 1 1 3 7 0 1 00 00 0000 0000 5 f
4 0 1 15 0 3 afeb 1 1 4 7 1 1 06 1f 0608 ffff 5 f
4 0 1 16 0 5 a53a 1 1 5 7 0 1 00 00 0000 0000 6 f
4 0 1 02 1 4 415f 1 1 6 7 0 1 00 00 0000 0000 7 f
4 0 0 0f 0 3 09e9 0 1 0 0 0 1 00 00 0000 0000 7 f
4 0 1 07 0 5 a93c 1 1 7 7 0 1 00 00 0000 0000 8 f
4 0 0 19 1 5 9ecf 0 1 0 0 0 1 00 00 0000 0000 8 f
4 0 0 09 1 1 5def 0 1 0 0 0 1 00 00 0000 0000 8 f
4 0 1 1b 0 4 cdf1 0 1 0 0 0 1 00 00 0000 0000 8 f
4 0 1 01 0 3 f0d6 0 1 0 0 0 1 00 00 0000 0000 8 f
4 0 0 01 1 3 ea17 0 1 0 0 0 1 00 00 0000 0000 8 f
4 0 1 13 0 7 1eda 0 1 0 0 0 1 00 00 0000 0000 8 f
4 0 0 1b 1 7 4027 0 1 0 0 0 1 00 00 0000 0000 8 f
4 0 1 13 1 0 9803 0 1 0 0 0 1 00 00 0000 0000 8 f
4 0 1 17 0 0 bc54 0 1 0 0 1 1 0c 1f 9803 ffff 7 f
4 0 0 11 0 2 ff14 0 1 0 0 1 1 12 1f 5def ffff 6 f
4 0 1 0d 1 6 a8c5 1 1 0 7 1 1 08 1f 0373 ffff 6 f
4 0 1 1b 1 0 8ee7 1 1 1 7 1 1 05 1f ea17 ffff 6 f
4 0 1 06 0 3 c917 1 1 2 7 1 1 15 1f 415f ffff 6 f
4 0 1 03 0 2 3b27 1 1 3 7 1 1 16 1f 9ecf ffff 6 f
4 0 1 0d 0 7 8db0 1 1 4 7 1 1 02 1f a8c5 ffff 6 f
4 0 1 1d 0 5 2c1f 1 1 5 7 1 1 07 1f 4027 ffff 6 f
4 0 1 04 0 6 a833 1 1 6 7 1 1 0d 1f 8ee7 ffff 6 f
4 0 0 0b 0 6 ef03 0 1 0 0 0 1 00 00 0000 0000 6 f
4 0 1 06 0 5 3654 1 1 7 7 0 1 00 00 0000 0000 7 f
4 0 1 1e 1 1 235f 1 1 0 7 0 1 00 00 0000 0000 8 f
4 0 1 19 1 5 8163 0 1 0 0 1 1 1b 1f 235f ffff 7 f
4 0 1 12 1 2 b147 1 1 1 7 0 1 00 00 0000 0000 8 f
4 0 0 1d 0 5 2318 0 1 0 0 1 1 06 1f b147 ffff 7 f
4 0 0 13 1 3 7713 0 1 0 0 0 1 00 00 0000 0000 7 f
4 0 1 0d 0 3 5bc0 1 1 2 7 1 1 03 1f 7713 ffff 7 f
4 0 1 00 0 2 22f3 1 1 3 7 0 1 00 00 0000 0000 8 f
4 0 0 15 0 4 dd36 0 1 0 0 0 1 00 00 0000 0000 8 f
4 0 1 11 0 3 6559 0 1 0 0 0 1 00 00 0000 0000 8 f
4 0 1 0e 1 6 fe5c 0 1 0 0 0 1 00 00 0000 0000 8 f
4 0 1 0d 1 7 32e7 0 1 0 0 0 1 00 00 0000 0000 8 f
4 0 1 14 1 1 eff9 0 1 0 0 0 1 00 00 0000 0000 8 f
4 0 1 1e 0 5 6ac6 0 1 0 0 0 1 00 00 0000 0000 8 f
4 0 0 0e 0 0 a4eb 0 1 0 0 0 1 00 00 0000 0000 8 f
4 0 0 03 1 4 0d4b 0 1 0 0 0 1 00 00 0000 0000 8 f
4 0 1 19 1 2 9bf0 0 1 0 0 1 1 0d 1f 0d4b ffff 7 f
4 0 1 13 1 3 6f78 1 1 4 7 1 1 1d 1f 8163 ffff 7 f
4 0 1 0e 0 6 3256 1 1 5 7 1 1 04 1f fe5c ffff 7 f
4 0 0 14 1 5 bc0b 0 1 0 0 1 1 06 1f 32e7 ffff 6 f
4 0 1 12 1 4 9a7d 1 1 6 7 0 1 00 00 0000 0000 7 f
4 0 0 05 1 6 89c3 0 1 0 0 0 1 00 00 0000 0000 7 f
4 0 1 1a 0 4 9ed5 1 1 7 7 0 1 00 00 0000 0000 8 f
4 0 1 1f 0 5 fab6 0 1 0 0 0 1 00 00 0000 0000 8 f
4 0 1 1e 0 6 ae74 0 1 0 0 0 1 00 00 0000 0000 8 f
4 0 0 1d 1 7 81d7 0 1 0 0 0 1 00 00 0000 0000 8 f
4 0 1 11 0 0 d357 0 1 0 0 0 1 00 00 0000 0000 8 f
4 0 0 1c 0 3 c62c 0 1 0 0 0 1 00 00 0000 0000 8 f
4 0 1 06 1 0 d5e3 0 1 0 0 0 1 00 00 0000 0000 8 f
4 0 1 1e 0 1 f779 0 1 0 0 1 1 1e 1f d5e3 ffff 7 f
4 0 1 15 0 2 70a8 1 1 0 7 1 1 12 1f eff9 ffff 7 f
4 0 0 14 1 0 e65e 0 1 0 0 1 1 0d 1f 9bf0 ffff 6 f
4 0 1 1b 0 2 c6ac 1 1 1 7 1 1 00 1f 6f78 ffff 6 f
4 0 1 13 1 1 e176 1 1 2 7 1 1 13 1f 9a7d ffff 6 f
4 0 0 1c 0 2 8f01 0 1 0 0 1 1 0e 1f bc0b ffff 5 f
4 0 1 13 1 2 2e96 1 1 3 7 1 1 12 1f 89c3 ffff 5 f
4 0 1 12 1 3 1ef4 1 1 4 7 1 1 1a 1f 81d7 ffff 5 f
4 0 1 1f 0 6 f498 1 1 5 7 1 1 15 1f e65e ffff 5 f
4 0 0 02 1 5 046e 0 1 0 0 1 1 1b 1f e176 ffff 4 f
4 0 0 16 0 0 5622 0 1 0 0 1 1 13 1f 2e96 ffff 3 f
4 0 1 03 1 4 0bad 1 1 6 7 1 1 13 1f 1ef4 ffff 3 f
4 0 1 04 0 5 57cb 1 1 7 7 1 1 12 1f 0bad ffff 3 f
4 0 0 09 0 4 557c 0 1 0 0 1 1 1f 1f 046e ffff 2 f
4 0 1 05 0 7 d884 1 1 0 7 0 1 00 00 0000 0000 3 f
4 0 1 07 0 6 bd18 1 1 1 7 0 1 00 00 0000 0000 4 f
4 0 0 12 0 2 9e49 0 1 0 0 0 1 00 00 0000 0000 4 f
