0 4ecc6 2775893f50488e44ecc6 f 1 1 0 3 1 f 0 1
0 3aca6 7bc71ced243aca643ff8 f 1 1 1 3 2 f 0 1
0 55200 f9ace55200e2a09779b8 f 1 1 2 3 4 f 0 1
0 eb954 eb954cadb80a8a5e5919 f 1 1 3 3 8 f 0 1
1 dc0fa db8e6aa72c1799cdc0fa e 0 1 0 3 0 f 0 1
1 276f6 0be3763d25276f62f7a4 d 0 1 0 3 0 f 0 1
1 cb0a7 e6453cb0a7a38cf3d4b3 b 0 1 0 3 0 f 0 1
1 b9e91 b9e91ca615699790259e 7 0 1 0 3 0 f 0 1
2 abcde abcdeabcdeabcdeabcde a 1 1 1 3 a f 1 1
2 abcde abcdeabcdeabcdeabcde f 1 1 0 3 f f 1 1
2 abcde abcdeabcdeabcdeabcde 6 1 1 1 3 6 f 1 1
3 2170a 9fdf84e5f52170a2ab1d 8 0 1 0 3 0 f 0 1
3 cfe98 99ada0c5eb96c14cfe98 2 0 1 0 3 0 f 0 1
3 f4421 380e79119ff4421053f6 1 0 1 0 3 0 f 0 1
3 20d3e b503820d3e38f45f0f65 3 0 1 0 3 0 f 0 1
3 bb52d 321d5de3dcd46d9bb52d c 0 1 0 3 0 f 0 1
3 d35ca 1666c605d15df0c7e69e 0 0 1 0 3 0 f 0 1
3 8ee14 175eeb8a538ee14065a5 b 1 1 1 3 2 f 0 1
3 63a36 63a368e5f08fa4350b64 d 1 1 3 3 8 f 0 1
3 b744b b744b566122b30ab15f1 8 1 1 3 3 8 f 0 1
3 623ad 623ade231797bfbb29aa 8 1 1 3 3 8 f 0 1
3 cf1b7 cf1b7db2461c895220d9 8 1 1 3 3 8 f 0 1
3 6e4d9 7b386821bc0bc986e4d9 1 1 1 0 3 1 f 0 1
3 08525 a3d18944a808525f0426 2 1 1 1 3 2 f 0 1
3 ab12f d4a966baf0ab12f5fef7 c 0 1 0 3 0 f 0 1
3 edc01 008b3edc01903623aea5 d 1 1 2 3 4 f 0 1
3 03e82 547d203e823ef3ce3bdb 5 1 1 2 3 4 f 0 1
3 de5b6 4a1b33d86dde5b615cb9 8 0 1 0 3 0 f 0 1
3 2adce ed0072adcea500ba5be7 c 1 1 2 3 4 f 0 1
3 d8a99 d8a99288770ec8bfff91 8 1 1 3 3 8 f 0 1
3 516a9 307e4b94aad1d95516a9 2 0 1 0 3 0 f 0 1
3 3f8eb 8898804bd7124243f8eb 3 1 1 0 3 1 f 0 1
3 8a40f 8a40fd61cbfd1638e59a 9 1 1 3 3 8 f 0 1
3 6fb02 6fb02a2179e77a3d56fd 4 0 1 0 3 0 f 0 1
3 2e140 940792e1404a078048ee 7 1 1 2 3 4 f 0 1
3 2ad12 67107da4bcaa82e6c24f d 0 1 0 3 0 f 0 1
3 65dd0 dc3149a0dc65dd00ce63 7 1 1 1 3 2 f 0 1
3 99074 0fdcf080871d5148327e 3 0 1 0 3 0 f 0 1
3 b7437 7aed72c6f3b7437c7875 d 0 1 0 3 0 f 0 1
3 56a68 02c3e1808756a689712a d 0 1 0 3 0 f 0 1
3 ed0a0 ed0a02ef7d3734d21b90 a 1 1 3 3 8 f 0 1
3 97022 979e5df16e970221ce93 9 0 1 0 3 0 f 0 1
3 ab00b ab00b8abc411a92af4d6 c 1 1 3 3 8 f 0 1
3 433e6 c77f000f8f3f0ebc06b2 9 0 1 0 3 0 f 0 1
3 bf5f9 689c927a1fbf5f90b10f 8 0 1 0 3 0 f 0 1
3 2bf93 83a8c95343b5494353c6 1 0 1 0 3 0 f 0 1
3 ae114 cd17c7db5eae11411fc5 c 0 1 0 3 0 f 0 1
3 f39ad 787146bb7921c9ff39ad 9 1 1 0 3 1 f 0 1
3 4faab 2d544dc334ec00cdc3eb 3 0 1 0 3 0 f 0 1
3 0543c 29bec0543c0543c622f6 8 0 1 0 3 0 f 0 1
3 d744b d744b8a728faca17432f c 1 1 3 3 8 f 0 1
3 c6959 a1632c69595a9eccbf2e a 0 1 0 3 0 f 0 1
3 d2ea0 d2ea02e9ac0fd8588b4c f 1 1 3 3 8 f 0 1
3 09445 50125b8ed37d40aa769d 6 0 1 0 3 0 f 0 1
3 81093 81093b8680d6263121db 8 1 1 3 3 8 f 0 1
3 34db5 fbc44bb48f63490394d2 1 0 1 0 3 0 f 0 1
3 c243e a92f8c243eb937ac243e c 1 1 2 3 4 f 0 1
3 8aab9 ab709504e553a3efdd57 4 0 1 0 3 0 f 0 1
3 b7272 1bcc5dece6f1732fd1d0 c 0 1 0 3 0 f 0 1
3 30fa6 30fa630752b8ac51b32f a 1 1 3 3 8 f 0 1
3 4a2b8 31bb6298e7362e87c703 9 0 1 0 3 0 f 0 1
3 0c817 35a450c8171e7c4ecd71 d 1 1 2 3 4 f 0 1
3 1454f e857a85c5dc4e5692c8f c 0 1 0 3 0 f 0 1
3 bf4c5 85560bf4c59c045bf4c5 7 1 1 0 3 5 f 1 1
3 74ec0 71ea574ec0ecf97e23ab 0 0 1 0 3 0 f 0 1
3 82b66 1e08a1a2080b39c44705 a 0 1 0 3 0 f 0 1
3 04202 cf56edee2704202527c2 9 0 1 0 3 0 f 0 1
3 149ba b892c8b3a01731f149ba 1 1 1 0 3 1 f 0 1
3 524ab 524ab529cbc8b00cce90 a 1 1 3 3 8 f 0 1
3 fd754 596cec4cfa2411b7badc 8 0 1 0 3 0 f 0 1
3 24701 2ac58247016c1f124701 a 0 1 0 3 0 f 0 1
3 f8a63 9e658f8a63f8a63044e9 7 1 1 1 3 6 f 1 1
3 27207 272078002bc96976acae 2 0 1 0 3 0 f 0 1
3 e1fc1 fb01ec70eee1fc13a7ac 5 0 1 0 3 0 f 0 1
3 e2d62 e6951e2d62619cc00b9d 4 1 1 2 3 4 f 0 1
3 d7364 cd1bbd7364ec965cb5bf b 0 1 0 3 0 f 0 1
3 0a7d2 abe1397797cd2890a7d2 b 1 1 0 3 1 f 0 1
3 ccf68 874f8df25eccf681e0a5 8 0 1 0 3 0 f 0 1
3 3107f 8b96625c0c3143607c47 d 0 1 0 3 0 f 0 1
3 f8328 4c9a0f8328139772da78 3 0 1 0 3 0 f 0 1
3 55db9 be2933a26d55db9d8f95 2 1 1 1 3 2 f 0 1
3 45023 40feec82f8450235a6b9 f 1 1 1 3 2 f 0 1
3 d5e93 a79a5d5e93bcc0dccdc2 1 0 1 0 3 0 f 0 1
3 84132 a937884132ac79a66bcb 8 0 1 0 3 0 f 0 1
3 d00f5 58acdf51bf5cb504224f d 0 1 0 3 0 f 0 1
3 42c5e 67fbea9fdd3534a42c5e 7 1 1 0 3 1 f 0 1
3 5bb0c 290969b6385bb0cdb524 b 1 1 1 3 2 f 0 1
3 c5b35 476bb2f7b6248cac5b35 a 0 1 0 3 0 f 0 1
3 ffd09 46a72ffd09ebcac0e0fc 8 0 1 0 3 0 f 0 1
3 b27ac d1ebfb27ac279a6df218 9 0 1 0 3 0 f 0 1
3 e9171 45fc941185e917137a92 b 1 1 1 3 2 f 0 1
3 291a8 9809b291a8dfafc75bab e 1 1 2 3 4 f 0 1
3 e834d e834d9c9af95888e834d 8 1 1 3 3 8 f 0 1
3 4b2ac e161c5b957408ae9a5bb a 0 1 0 3 0 f 0 1
3 3c078 25a9a682dd3c078c4ab7 0 0 1 0 3 0 f 0 1
3 2906a 2888a10d5ad50997688d 0 0 1 0 3 0 f 0 1
3 166af 2f7b5717a2afa0a166af 1 1 1 0 3 1 f 0 1
3 30a73 30a73259b36f42c594ca a 1 1 3 3 8 f 0 1
3 54ae3 6611baf3c154ae34ae1d 1 0 1 0 3 0 f 0 1
3 452b0 f5325759ebd96eb6985b a 0 1 0 3 0 f 0 1
3 d72bd 3f24de610904378d72bd d 1 1 0 3 1 f 0 1
3 465e4 6bf5a71812465e4902bb 1 0 1 0 3 0 f 0 1
3 9c071 9c0719c071713f1cfdcf a 1 1 3 3 8 f 0 1
3 814e1 814e1ac02702205ecdd6 2 0 1 0 3 0 f 0 1
3 8c3df ef7f34a12c8c3dff964e 6 1 1 1 3 2 f 0 1
3 01d6f 01d6f392547b69b5d111 c 1 1 3 3 8 f 0 1
3 f5974 35a3b60026e81c69621c 2 0 1 0 3 0 f 0 1
3 02a8e e74b3c5383bd2548fdf8 4 0 1 0 3 0 f 0 1
3 3fbac 4c813096813fbac416d8 8 0 1 0 3 0 f 0 1
3 5d3dc 013865d3dc7f923a0017 f 1 1 2 3 4 f 0 1
3 7b874 56da6dbed4ab7557b874 6 0 1 0 3 0 f 0 1
3 52d82 e3ca752d828caced7897 3 0 1 0 3 0 f 0 1
3 6787d 3eb4290a9286f8f06279 6 0 1 0 3 0 f 0 1
3 5d238 5d238c02ceda400e2523 8 1 1 3 3 8 f 0 1
3 8e6aa 43b7e6b5eb7c5588e6aa 0 0 1 0 3 0 f 0 1
3 2bf68 2bf68d470b4b2c6ebe67 c 1 1 3 3 8 f 0 1
3 c1a99 c1a99e7f313c3d7248b9 4 0 1 0 3 0 f 0 1
3 b6287 ea4158f64af8dedb6287 a 0 1 0 3 0 f 0 1
3 cf278 15584cf2787eaaecf5dc f 1 1 2 3 4 f 0 1
3 36c1f 4ab25b02959817c813ad 4 0 1 0 3 0 f 0 1
3 6505b 3c955cc441dd72d1b226 9 0 1 0 3 0 f 0 1
3 1242e 73955671380235a1242e d 1 1 0 3 1 f 0 1
3 ae374 3e3ce3192eae126b3e8e 7 0 1 0 3 0 f 0 1
3 4002e 648aa5df3d4002e449ff f 1 1 1 3 2 f 0 1
3 b5216 b52168e771de317c86c7 1 0 1 0 3 0 f 0 1
3 b13df c55f1b3304b13df3a420 b 1 1 1 3 2 f 0 1
3 6d92d 6d92d01fbc3fba0a85f2 2 0 1 0 3 0 f 0 1
3 01794 692043277fc7c6801794 d 1 1 0 3 1 f 0 1
3 06dcf 70dd633cf206dcf9843d f 1 1 1 3 2 f 0 1
3 2d409 58072bc9b9f546f26c73 c 0 1 0 3 0 f 0 1
3 783f2 783f2c184e297940ba48 0 0 1 0 3 0 f 0 1
3 0517a a5b1f0517ae7ab9c2d79 2 0 1 0 3 0 f 0 1
3 ddf3e ddf3ea38af45c2addf3e 9 1 1 0 3 9 f 1 1
3 9e010 a9f82ef758578c99e010 9 1 1 0 3 1 f 0 1
3 6f8ee 6f8ee4e015f504b8a1b8 7 0 1 0 3 0 f 0 1
3 88f65 88f655dad68fde0707fa d 1 1 3 3 8 f 0 1
3 ac0aa ac0aa9ef24ac0aad3bf7 e 1 1 1 3 a f 1 1
3 9d5f5 6fa58333c39d5f52b264 e 1 1 1 3 2 f 0 1
3 5fffd b0bc903a3a29cd65fffd f 1 1 0 3 1 f 0 1
3 86e84 86e84f30c115cfdfeed5 7 0 1 0 3 0 f 0 1
3 0c84f 0c84f938800c84f3aa8a d 1 1 3 3 8 f 0 1
3 c63ea 1ddee222e6c63ea9af1e b 1 1 1 3 2 f 0 1
3 c1f96 ecfcdb8d9547686c1f96 4 0 1 0 3 0 f 0 1
3 c51f7 b5133c51f719d7fbd289 5 1 1 2 3 4 f 0 1
3 554ff 86ea190b6d554ff84a68 0 0 1 0 3 0 f 0 1
3 cb99f cb99fb6946de66a74d8f 1 0 1 0 3 0 f 0 1
3 c3230 bb53bc3230f018175f7a 4 1 1 2 3 4 f 0 1
3 728e3 32abadfa4683928c961c 0 0 1 0 3 0 f 0 1
3 bb6db b4898bb6db2a30e0107f 2 0 1 0 3 0 f 0 1
3 fba79 64e5248b7fa8b81fba79 7 1 1 0 3 1 f 0 1
3 d7971 35a4c70b1cd7971af572 7 1 1 1 3 2 f 0 1
3 c95bf c1307c95bff71eb78885 f 1 1 2 3 4 f 0 1
3 3c2c4 33363f838692131ada73 4 0 1 0 3 0 f 0 1
3 90e85 90e852fa9134359ad965 a 1 1 3 3 8 f 0 1
3 b1200 ae51db1200b1200150e8 7 1 1 1 3 6 f 1 1
3 7b7d8 f1f38a7c557b7d8eca18 8 0 1 0 3 0 f 0 1
3 26ebe 9e2e63f3a526ebea08a5 5 0 1 0 3 0 f 0 1
3 9bc6e 4db8ce7d1f319709bc6e a 0 1 0 3 0 f 0 1
3 9fa05 9fa051623f836309e2c7 a 1 1 3 3 8 f 0 1
3 cac91 9fd3a8947786524cdba8 8 0 1 0 3 0 f 0 1
3 c7905 55e3e8c96f889798d037 c 0 1 0 3 0 f 0 1
3 228f2 228f26588690e5863130 b 1 1 3 3 8 f 0 1
3 52542 525422140d078024a761 e 1 1 3 3 8 f 0 1
3 c8a22 f4ee4358ac17d6dc09e2 f 0 1 0 3 0 f 0 1
3 d5a50 68a31b192dd5a5056f54 9 0 1 0 3 0 f 0 1
3 13dd7 c751fe54b813dd7c71da c 0 1 0 3 0 f 0 1
3 a6674 d65a009508ad72c54986 0 0 1 0 3 0 f 0 1
3 da730 3fdf4532fa8135ada730 4 0 1 0 3 0 f 0 1
3 6e86a e06ad7ab0c6e86ae46d4 a 1 1 1 3 2 f 0 1
3 0a713 77f410a7135216355c5d a 0 1 0 3 0 f 0 1
3 ef916 4c61a23a9626a032eaf5 5 0 1 0 3 0 f 0 1
3 3369b 1dc533369b953e984eff 4 1 1 2 3 4 f 0 1
3 4a51f 64286633f24a51f23eff c 0 1 0 3 0 f 0 1
3 acff7 acff758df2f5891df01a 2 0 1 0 3 0 f 0 1
3 8bc20 8bc208c1f868bb6ad848 d 1 1 3 3 8 f 0 1
3 89b8e 89b8e4d78217ce0e9d01 e 1 1 3 3 8 f 0 1
3 9724b 9724b9b8cb2bfcdd2830 f 1 1 3 3 8 f 0 1
3 38bb4 38bb4766d9c5e710c7f1 6 0 1 0 3 0 f 0 1
3 fefe4 fefe4ee44bb8278ae13a e 1 1 3 3 8 f 0 1
3 ab829 53e330a151a6a71ab829 d 1 1 0 3 1 f 0 1
3 d1563 0ecbdd77996014fd1563 8 0 1 0 3 0 f 0 1
3 84f68 84f6859390aecff3958f 3 0 1 0 3 0 f 0 1
3 52faf 52faf26b1e9fac8fb6db 8 1 1 3 3 8 f 0 1
3 ca99c aac4936514546f414fbb d 0 1 0 3 0 f 0 1
3 d1ce6 44513dd38ed1ce68b5e6 a 1 1 1 3 2 f 0 1
3 fce49 fce4952a3d0ebeb9dd84 3 0 1 0 3 0 f 0 1
3 d8898 6cc8ad8898deecf22d94 f 1 1 2 3 4 f 0 1
3 70851 f9e06bd8be708510671d 9 0 1 0 3 0 f 0 1
3 e7ab3 65acec971fb3fc90b932 d 0 1 0 3 0 f 0 1
3 2f41a 2f41a4dd0bdbb2cf2007 c 1 1 3 3 8 f 0 1
3 9cd90 9cd9090a42ace89fe01f 6 0 1 0 3 0 f 0 1
3 d8f8a 33b613bf0ed8f8a13fe7 f 1 1 1 3 2 f 0 1
3 b4e29 85ef6b4e2996f1fe4311 6 1 1 2 3 4 f 0 1
3 cc767 a91e24cae6cc767b33ca 6 1 1 1 3 2 f 0 1
3 0b7d3 c73ee0ed470b7d33ac59 4 0 1 0 3 0 f 0 1
3 bb1c5 ea2d4303515a54bbb1c5 0 0 1 0 3 0 f 0 1
3 9bb88 794bf91e3fafef49bb88 f 1 1 0 3 1 f 0 1
3 a0b82 a0b8215234a940f118ce 3 0 1 0 3 0 f 0 1
3 7b3a0 804df7c5477b3a06006c 8 0 1 0 3 0 f 0 1
3 8f2e0 8a005b0e5896329816b8 f 0 1 0 3 0 f 0 1
3 9388b 9388b084aba73415a8ca 1 0 1 0 3 0 f 0 1
3 dfb4b dfb4bfaa69ed2ab8ded2 8 1 1 3 3 8 f 0 1
3 a6cd8 c79a19596dcf8aaa6cd8 8 0 1 0 3 0 f 0 1
3 03421 ce414a50f3034213d8c5 1 0 1 0 3 0 f 0 1
3 1e52d 363731e52d4c11fefb32 3 0 1 0 3 0 f 0 1
3 aef3a 9394f0a176d870daef3a 4 0 1 0 3 0 f 0 1
3 6f2e3 475438aa735f61b6f2e3 2 0 1 0 3 0 f 0 1
3 d896b 7d08e91c08d896b5c017 c 0 1 0 3 0 f 0 1
3 1c918 2380b1c9185517d1c9e9 1 0 1 0 3 0 f 0 1
3 b3320 b3320b7a24e5ce290ad6 1 0 1 0 3 0 f 0 1
3 1addc 6de83aeac86f35a1addc 2 0 1 0 3 0 f 0 1
3 84167 841671b1d1e86269cd2b 8 1 1 3 3 8 f 0 1
3 e315d 8ab64e315df8c5da86e7 d 1 1 2 3 4 f 0 1
3 ff9f8 096cdff9f8d9af8f7a9b b 0 1 0 3 0 f 0 1
3 c568f c568fb9cf8145ed8fbce 0 0 1 0 3 0 f 0 1
3 0d79f 0d79fdbd4e96341b4230 7 0 1 0 3 0 f 0 1
3 d848f bc87ff962c9db22d848f b 1 1 0 3 1 f 0 1
3 28d02 e50181f6f528d02022d0 8 0 1 0 3 0 f 0 1
3 097e8 c4e6f844018c4f52f4b4 f 0 1 0 3 0 f 0 1
3 e5f0b 5ffbde5f0b2d2f2c7eeb 2 0 1 0 3 0 f 0 1
3 9e8fd 965f875d7442abda64b5 d 0 1 0 3 0 f 0 1
3 aedda 2604121f2b8e16d473cd b 0 1 0 3 0 f 0 1
3 6a89b c9ea5547bd504286a89b e 0 1 0 3 0 f 0 1
3 afa69 01447c89a1585dda2ae0 d 0 1 0 3 0 f 0 1
3 984e4 5793cd27291d2cf68ff9 d 0 1 0 3 0 f 0 1
3 196ad 196adf40ee169c0f4850 8 1 1 3 3 8 f 0 1
3 1b136 1b136d9f4d1639cc022b f 1 1 3 3 8 f 0 1
3 de919 9bb8a56a16dbccede919 3 1 1 0 3 1 f 0 1
3 b2380 bed1cac416b23809edef 4 0 1 0 3 0 f 0 1
3 30f37 2728433c9530f37afca2 8 0 1 0 3 0 f 0 1
3 9036e c8abf9036e9036eb4f0c 4 1 1 2 3 4 f 0 1
3 bcad3 04b42099b6e1079bcad3 7 1 1 0 3 1 f 0 1
3 f8ea1 f8ea13e5812ba93cab92 a 1 1 3 3 8 f 0 1
3 aa36c 412f0c7ae5aa36caa115 1 0 1 0 3 0 f 0 1
3 d4d30 5fe8f4083fd4d3052512 b 1 1 1 3 2 f 0 1
3 1e5ae e46363d89f1e5ae924f2 f 1 1 1 3 2 f 0 1
3 0a961 13acab86489b07e89d67 c 0 1 0 3 0 f 0 1
3 c8847 52a16b058bc805ac8847 b 1 1 0 3 1 f 0 1
3 b9d7d 155112abb2b9d7d96130 d 0 1 0 3 0 f 0 1
3 d90bb fe88603cb2d90bb18303 b 1 1 1 3 2 f 0 1
3 e1a06 e1a0630950e106a366dc 6 0 1 0 3 0 f 0 1
3 e7b6d be745685db78c9be7b6d f 1 1 0 3 1 f 0 1
3 7f37a 7f37ab510141ac2e2d4e 7 0 1 0 3 0 f 0 1
3 0cc12 394af0cc1277e25f7c97 6 1 1 2 3 4 f 0 1
3 c43b1 8a4f6c43b1f64cb21e86 2 0 1 0 3 0 f 0 1
3 aacf5 aacf59e943212421455f 9 1 1 3 3 8 f 0 1
3 5bb0a ed8e2dc6275bb0ab7139 c 0 1 0 3 0 f 0 1
3 1a281 0de1a989dad18521a281 0 0 1 0 3 0 f 0 1
3 804c2 804c228a6f2c81257fd4 0 0 1 0 3 0 f 0 1
3 1119b c7614e1a651119b9614c 7 1 1 1 3 2 f 0 1
3 e8349 e83498836d2ad8f99e8c 2 0 1 0 3 0 f 0 1
3 de4d4 de4d4e1552f9478e7801 b 1 1 3 3 8 f 0 1
3 3e762 73bd8ac0646244523232 4 0 1 0 3 0 f 0 1
3 3a990 3b4c9a3c2858f083a990 9 1 1 0 3 1 f 0 1
3 58a46 bf9a89e1a7c1eca58a46 7 1 1 0 3 1 f 0 1
3 e5ddf a81ddb1025e5ddf265d3 b 1 1 1 3 2 f 0 1
3 0663c ee02b7efc21fe990663c 4 0 1 0 3 0 f 0 1
3 c835b 12058acf183a6c9c835b 2 0 1 0 3 0 f 0 1
3 14a87 14a874d11305734332aa f 1 1 3 3 8 f 0 1
3 88097 02b5f88097646b62a4cd e 1 1 2 3 4 f 0 1
3 caa2f 5dbe50116acaa2fc5fd9 9 0 1 0 3 0 f 0 1
3 268d7 e0702312ce176efb13a9 f 0 1 0 3 0 f 0 1
3 936e1 936e124ab2078c5b9e94 4 0 1 0 3 0 f 0 1
3 c527b c527b13ada776c0f98c5 1 0 1 0 3 0 f 0 1
3 48e8a 48e8afd7fe500dd7321f d 1 1 3 3 8 f 0 1
3 d48f8 d48f8c630c4ec0a659d9 7 0 1 0 3 0 f 0 1
3 b54ad 2ade48edbd88672ba4f2 e 0 1 0 3 0 f 0 1
3 91471 060ac916259147127b05 0 0 1 0 3 0 f 0 1
3 7f7c9 8d2a52d972b5de37f7c9 4 0 1 0 3 0 f 0 1
3 f7c0c 418fe86206f7c0c96573 b 1 1 1 3 2 f 0 1
3 37377 37377aa54ac6b27fc136 8 1 1 3 3 8 f 0 1
3 f2b44 7ae010be7bf2b4471ee7 9 0 1 0 3 0 f 0 1
3 2a537 3391e0b6952a5372a537 d 1 1 0 3 1 f 0 1
3 f309d bf7a846874f309df309d 1 1 1 0 3 1 f 0 1
3 7f34e 463bf6a8d6aeb367f34e 3 1 1 0 3 1 f 0 1
3 aa165 6d23d344dcbd939aa165 5 1 1 0 3 1 f 0 1
3 897df b5d0c4207c897df814ed 9 0 1 0 3 0 f 0 1
3 7507d 216d967c357507d86bc7 6 1 1 1 3 2 f 0 1
3 471ba 471ba85d658c030624bd d 1 1 3 3 8 f 0 1
3 05622 0fa4005622cbac4403b9 6 1 1 2 3 4 f 0 1
3 8cc25 af2eac44889ad556424a 8 0 1 0 3 0 f 0 1
3 89905 4047c749b5899058de91 6 1 1 1 3 2 f 0 1
3 fad36 d3d8da94e2fad3666a12 b 1 1 1 3 2 f 0 1
3 be721 b5c86be72147bbfaadc0 8 0 1 0 3 0 f 0 1
3 f9a16 16635b3b4ff9a16c96ce b 1 1 1 3 2 f 0 1
3 75f1c 75f1cfcbced48030f227 0 0 1 0 3 0 f 0 1
3 24fbb 48b3127bf8305b93c407 8 0 1 0 3 0 f 0 1
3 36747 3f580367470e8a385e2e 1 0 1 0 3 0 f 0 1
3 a92bc 5fc8a604945cc90755c3 e 0 1 0 3 0 f 0 1
3 65200 8cf6c6520065200af8e9 2 1 1 1 3 2 f 0 1
3 d3828 246707779b739e2dd355 9 0 1 0 3 0 f 0 1
3 bf425 bf425b9f47b815f06cf7 c 1 1 3 3 8 f 0 1
3 91ab4 91ab4c570e5527623ec0 6 0 1 0 3 0 f 0 1
3 7d404 fab7beea167d40432312 6 1 1 1 3 2 f 0 1
3 63d63 63d636372cb259cc8814 e 1 1 3 3 8 f 0 1
3 3290e 12f443290e6333495b66 b 0 1 0 3 0 f 0 1
3 41381 8689eb6ce06100941381 0 0 1 0 3 0 f 0 1
3 c3f7d aa5b3c3f7d4869672d13 1 0 1 0 3 0 f 0 1
3 ca0d0 319a021243a3295ca0d0 d 1 1 0 3 1 f 0 1
3 58852 f9f7b588522f331b4660 1 0 1 0 3 0 f 0 1
3 6e689 31fde6e68945efc1a9a0 b 0 1 0 3 0 f 0 1
3 00ac8 00ac849466d313400ac8 f 1 1 0 3 9 f 1 1
3 0af68 ce12c90039df4560af68 d 1 1 0 3 1 f 0 1
3 167f7 d8a92167f75bfeb35e2c 3 0 1 0 3 0 f 0 1
3 0b55b 48325db47da4e2ce2024 a 0 1 0 3 0 f 0 1
3 ff4cb c714bb66618528ee8003 8 0 1 0 3 0 f 0 1
3 86aa5 86aa586aa5714d5f6bd5 a 1 1 3 3 8 f 0 1
3 33d8e 33d8edd9dffd712a5222 3 0 1 0 3 0 f 0 1
3 50555 50555536e604516752b5 6 0 1 0 3 0 f 0 1
3 8da09 1442ce5d6f146238da09 0 0 1 0 3 0 f 0 1
3 48adb f76fb37e7423b4f48adb 5 1 1 0 3 1 f 0 1
3 5f136 a9e06df9fe41a625f136 4 0 1 0 3 0 f 0 1
3 69ca0 44e40fd5831b96c69ca0 8 0 1 0 3 0 f 0 1
3 c61dd e68ce6d3f12a039c61dd b 1 1 0 3 1 f 0 1
3 5e2e8 2a6428feae66036ab89d 7 0 1 0 3 0 f 0 1
3 ed113 ed1139f736cf7c779549 0 0 1 0 3 0 f 0 1
3 37f6f 2abcfefec737f6f2851a 0 0 1 0 3 0 f 0 1
3 ad12c 5dd5ef1067e249f5a9e9 6 0 1 0 3 0 f 0 1
3 9062d 85cdf9062d86e0cff65c f 1 1 2 3 4 f 0 1
3 06009 a8fea060090bd300bd37 b 0 1 0 3 0 f 0 1
3 96aa4 96aa46cb865e885d4817 f 1 1 3 3 8 f 0 1
3 62392 623927f78f6239228f12 7 1 1 1 3 2 f 0 1
3 2bd80 ba2abcc2c2c4fe01ccd3 0 0 1 0 3 0 f 0 1
3 b5be3 dc03402f5e7262fb7459 d 0 1 0 3 0 f 0 1
3 34885 666cd5e21ea0ade3d317 1 0 1 0 3 0 f 0 1
3 3b697 b3cc9b31ae1b6a8fbc7e 2 0 1 0 3 0 f 0 1
3 4f2b9 652224ad3e5aec24f2b9 9 1 1 0 3 1 f 0 1
3 b0bca 4b3798518cae08fb0bca 1 1 1 0 3 1 f 0 1
3 11654 85202116549e7a51bb80 d 1 1 2 3 4 f 0 1
3 79a02 3f146a36ca79a02287b2 7 1 1 1 3 2 f 0 1
3 0081f eb0458d57ae9ca6bcebd 4 0 1 0 3 0 f 0 1
3 e3cc7 9dbd91f74d7fe24e3cc7 8 0 1 0 3 0 f 0 1
3 52ae4 7b1c852ae4d75dc35d51 6 1 1 2 3 4 f 0 1
3 00e3e c9b09ac93e00e3e8f826 d 0 1 0 3 0 f 0 1
3 9a32d 23ca7e66d41f68a9a32d a 0 1 0 3 0 f 0 1
3 2b54e 2b54e3b11b6415b12723 b 1 1 3 3 8 f 0 1
3 416df 6718d8788bad31f416df 8 0 1 0 3 0 f 0 1
3 924f3 924f3fc03e79dbcc9bc7 4 0 1 0 3 0 f 0 1
3 2f46d 54beea59202f46dfce0a 3 1 1 1 3 2 f 0 1
3 aac26 aac2669e3f020c7901eb 7 0 1 0 3 0 f 0 1
3 6ed02 dbbcca0bb684392dd341 5 0 1 0 3 0 f 0 1
3 699c4 7cbdb5b56083f7a1c77b d 0 1 0 3 0 f 0 1
3 4a6e0 4a6e08c049b80b528fa1 3 0 1 0 3 0 f 0 1
3 f326f 8fe92f326f995430ecba b 0 1 0 3 0 f 0 1
3 d3f92 d3f9271bfd88741637b0 b 1 1 3 3 8 f 0 1
3 c79b1 111a0c79b140a9e19e09 6 1 1 2 3 4 f 0 1
3 f5ad0 49596f5ad0e7c7560e20 e 1 1 2 3 4 f 0 1
3 7beef 8977ad16b0f85d9adcd7 2 0 1 0 3 0 f 0 1
3 29d62 fde1bd9ced009116a4dd 8 0 1 0 3 0 f 0 1
3 cbb42 cbb429511d752815174b 6 0 1 0 3 0 f 0 1
3 63660 7487263660e599983349 1 0 1 0 3 0 f 0 1
3 acc78 707366393cacc783caa7 3 1 1 1 3 2 f 0 1
3 db5b8 db5b8db5b8902b3a51f4 3 0 1 0 3 0 f 0 1
3 d49f9 431d61359396a9e22ad5 4 0 1 0 3 0 f 0 1
3 61030 818af61030bbab1bac3f e 1 1 2 3 4 f 0 1
3 1015b 62901abd161015bec87f 7 1 1 1 3 2 f 0 1
3 739e4 ba0da913975ef00798ca f 0 1 0 3 0 f 0 1
3 6dad5 10e716dad5d79767a468 2 0 1 0 3 0 f 0 1
3 04bad f6511887e204bad0b1a4 e 1 1 1 3 2 f 0 1
3 667aa 0d6e937d50667aad2289 b 1 1 1 3 2 f 0 1
3 c011f 7bba1e21f2e72fdc011f 5 1 1 0 3 1 f 0 1
3 49027 49027e6840929f419518 b 1 1 3 3 8 f 0 1
3 2558a 741582558a8e23e9f05d 8 0 1 0 3 0 f 0 1
3 daa72 dc232bb65d2e4b6daa72 f 1 1 0 3 1 f 0 1
3 91296 912968ea04ca4b6a1648 2 0 1 0 3 0 f 0 1
3 6a927 c29e66a927ca2d619169 b 0 1 0 3 0 f 0 1
3 528f0 528f0967a6d8d8399059 0 0 1 0 3 0 f 0 1
3 3e134 3ae3209b05838793e134 2 0 1 0 3 0 f 0 1
3 2d1ef 2d1efadce98fda7a57ea f 1 1 3 3 8 f 0 1
3 78a2b 8766378a2b1a83b8c869 6 1 1 2 3 4 f 0 1
3 d7a88 5a4f9a7adccf0f3435d7 5 0 1 0 3 0 f 0 1
3 42868 d1222428688719cb175b 8 0 1 0 3 0 f 0 1
3 1ecc3 54738a9b0b1ecc37d4b9 9 0 1 0 3 0 f 0 1
3 55f1b 9f6cc55f1b51db873d1c 4 1 1 2 3 4 f 0 1
3 6f059 b82db6f0593f48a6f059 d 1 1 0 3 5 f 1 1
3 50f2a c7a916aafb19b68ed72e 3 0 1 0 3 0 f 0 1
3 587b8 a14bd587b84617059d3b 5 1 1 2 3 4 f 0 1
3 82f89 3f1add3f117a9d6a45e2 6 0 1 0 3 0 f 0 1
3 7660b 16fe25e0c921b9c7660b c 0 1 0 3 0 f 0 1
3 59527 db3f257723daff759527 d 1 1 0 3 1 f 0 1
3 b03b5 8a8e3101342e9ec020f4 d 0 1 0 3 0 f 0 1
3 c330a 2ce014a235c330af5500 e 1 1 1 3 2 f 0 1
3 da3e5 5c9b52edbada3e5f57e9 3 1 1 1 3 2 f 0 1
3 6ce4b 986095e85eef1619d0b6 3 0 1 0 3 0 f 0 1
3 39bde 39bde5473b9a648403d6 d 1 1 3 3 8 f 0 1
3 d1edc 045e14ef4cd1edc97658 2 1 1 1 3 2 f 0 1
3 6a593 cfd0d6a59388f9da8e26 f 1 1 2 3 4 f 0 1
3 f5cb3 a094df5cb30241580d5c 0 0 1 0 3 0 f 0 1
3 d3f92 acb28784c99f9efd3f92 a 0 1 0 3 0 f 0 1
3 f10b8 e1f11ba5caf72ae34894 3 0 1 0 3 0 f 0 1
3 da873 6ffbfda873dff147f652 3 0 1 0 3 0 f 0 1
3 4591d 4591dada0c83b9a4f725 3 0 1 0 3 0 f 0 1
3 aa267 4d479aa267220e6c9976 9 0 1 0 3 0 f 0 1
3 21e06 b447ae5b67d8997c6be2 e 0 1 0 3 0 f 0 1
3 dd73a 6f833ed0aeb4e70dd73a f 1 1 0 3 1 f 0 1
3 3fa13 828e01209e3fa13d4bc0 b 1 1 1 3 2 f 0 1
3 b2c0d c469d4ad02b2c0db2c0d 6 1 1 1 3 2 f 0 1
3 46805 a310a933a9468059ef05 1 0 1 0 3 0 f 0 1
3 ad457 d16751d405ad457fd057 d 0 1 0 3 0 f 0 1
3 d144a f7ebccd651d144ad7eea f 1 1 1 3 2 f 0 1
3 bf51b e89d5eb3533f35bbf51b 6 0 1 0 3 0 f 0 1
3 ba1c4 ba1c43a5d9127b64c488 c 1 1 3 3 8 f 0 1
3 8ea69 9f9788ea6915211f6d68 e 1 1 2 3 4 f 0 1
3 3d236 eedd6c0564e1825ef3e5 2 0 1 0 3 0 f 0 1
3 ad480 f7583c57aead48088781 b 1 1 1 3 2 f 0 1
3 dd8b0 c7ae3810253ef97dd8b0 b 1 1 0 3 1 f 0 1
3 03e7a a9c4769e456371b03e7a f 1 1 0 3 1 f 0 1
3 32928 67314d746bd1f7f32928 b 1 1 0 3 1 f 0 1
3 a328c a328c0b226a328c4fb02 d 1 1 3 3 8 f 0 1
3 460e9 d5ff13f437ef918460e9 e 0 1 0 3 0 f 0 1
3 dc254 96ce1d25cdd5dd6dc254 9 1 1 0 3 1 f 0 1
3 98d58 dcb6c612e07519398d58 2 0 1 0 3 0 f 0 1
3 5a0f2 b517b3b6ab4d5695a0f2 8 0 1 0 3 0 f 0 1
3 f1e17 f1e1766857d7da7fcbcb 6 0 1 0 3 0 f 0 1
3 fb843 fb84314f6edf781ade36 d 1 1 3 3 8 f 0 1
3 2218f 2218f41efe566b557ed8 c 1 1 3 3 8 f 0 1
3 bdd2a c27d0bdd2adfc396b3ba d 1 1 2 3 4 f 0 1
3 68f8b 10fd15d7c868f8b68f8b 9 1 1 0 3 1 f 0 1
3 5db40 2f025c3bbbe70235db40 f 1 1 0 3 1 f 0 1
3 46692 cd21a6dea046692c047e 2 1 1 1 3 2 f 0 1
3 8e4ff 0b45d735744c78df7492 6 0 1 0 3 0 f 0 1
3 cb683 cb683651f288d8c3df6c 0 0 1 0 3 0 f 0 1
3 df93c 102fd7c6d2db27cdf93c 8 0 1 0 3 0 f 0 1
3 0ee23 0986f5717c0ee23ef7f9 4 0 1 0 3 0 f 0 1
3 f7a8e 1eb19fbe3cf7a8ee9fd0 5 0 1 0 3 0 f 0 1
3 8910f e48308910f3842188236 6 1 1 2 3 4 f 0 1
3 1375e 31853dee993d0ce1375e 8 0 1 0 3 0 f 0 1
3 c4f8f dd7b08408fe67cec4f8f 3 1 1 0 3 1 f 0 1
3 c8493 f922fdeb42c8493c1527 5 0 1 0 3 0 f 0 1
3 36ebb e65a06103136ebb400c8 4 0 1 0 3 0 f 0 1
3 faa8a faa8ad719733a44807bd 6 0 1 0 3 0 f 0 1
3 08dbb 304d0e0bd608dbbcb1eb d 0 1 0 3 0 f 0 1
3 c0fb9 bb494e7961c0fb9cfcc8 5 0 1 0 3 0 f 0 1
3 eb2ec 38c0145c09eb2ecec241 f 1 1 1 3 2 f 0 1
3 c750f c33a86e344c750fea335 5 0 1 0 3 0 f 0 1
3 f3232 d43ca92b81bd22ef3232 7 1 1 0 3 1 f 0 1
3 61c8c 6e7df7cedb61c8cbad0e 0 0 1 0 3 0 f 0 1
3 d322e d322ea4ec6c873465e0b 5 0 1 0 3 0 f 0 1
3 e8de8 52d4a2dd0b599f7e8de8 6 0 1 0 3 0 f 0 1
3 ceca2 9515f24b20edc52ceca2 3 1 1 0 3 1 f 0 1
3 4904f a08cd64e7d1b6e04904f 6 0 1 0 3 0 f 0 1
3 5e2d0 633e35e2d0bf88c704b6 e 1 1 2 3 4 f 0 1
3 d531f e8058409b81f413d531f 7 1 1 0 3 1 f 0 1
3 f390c f390c0b88ad1b2ca5969 1 0 1 0 3 0 f 0 1
3 15474 14899afaee244cb15474 0 0 1 0 3 0 f 0 1
3 beb61 33548beb616df26518bd e 1 1 2 3 4 f 0 1
3 4f950 134250fd6c6289c0529f 8 0 1 0 3 0 f 0 1
3 fc7b4 2b8c7fc7b4a6c93ae8c0 0 0 1 0 3 0 f 0 1
3 476f2 435c45bc56d1186476f2 7 1 1 0 3 1 f 0 1
3 f0830 d17c27bad3f0830f7c94 2 1 1 1 3 2 f 0 1
3 d9d96 0722ad9d9653cca92a02 d 1 1 2 3 4 f 0 1
3 d2e18 d2e18fcb30b668711fa0 a 1 1 3 3 8 f 0 1
3 c912d c912d57c5841d43bf002 7 0 1 0 3 0 f 0 1
3 363af 6329cd5a3af4053363af 5 1 1 0 3 1 f 0 1
3 3bffd afe74729b8e471c3bffd f 1 1 0 3 1 f 0 1
3 4e804 89617503affce87751bb c 0 1 0 3 0 f 0 1
3 2bb19 28f138f97b2bb198e30b 8 0 1 0 3 0 f 0 1
3 3c43b 1c5d23c43b3aa030a9ab 2 0 1 0 3 0 f 0 1
3 7bb2e ed9fc11386e86a27bb2e 0 0 1 0 3 0 f 0 1
3 d305e d305e7ae1da67c19df35 0 0 1 0 3 0 f 0 1
3 fd759 fd267fd75961e48e6c16 4 1 1 2 3 4 f 0 1
3 b68e2 5363fc461e696d1b68e2 c 0 1 0 3 0 f 0 1
3 a907a 0abb72cd898f8f41c668 c 0 1 0 3 0 f 0 1
3 aff28 5ec4cd4bfaaff28ffcfc 0 0 1 0 3 0 f 0 1
3 e2371 f288c1caa6731ace2371 d 1 1 0 3 1 f 0 1
3 1362a 1362a1362ad2a0c7fc6b 0 0 1 0 3 0 f 0 1
3 084f0 3a95425bea6982e757e0 b 0 1 0 3 0 f 0 1
3 ffc45 5c1ea3a6b9ffc45e7052 b 1 1 1 3 2 f 0 1
3 60c1c b903ba2fc1480bf60c1c d 1 1 0 3 1 f 0 1
3 ff92a ff92ace808276b3b766a 3 0 1 0 3 0 f 0 1
3 48252 3423f56201482521fef7 9 0 1 0 3 0 f 0 1
3 5b905 24a4d74c3f5b90540ec0 6 1 1 1 3 2 f 0 1
3 0a7b1 aeb3317be10a7b1d7f1e e 1 1 1 3 2 f 0 1
3 55a43 55a4395c4d55265b8489 1 0 1 0 3 0 f 0 1
3 509d8 fc34a5222cceb5b18f27 3 0 1 0 3 0 f 0 1
3 4471c dfee0b13063c41b6c4c7 1 0 1 0 3 0 f 0 1
3 4774f 4774fc53c3cf11689f1c c 1 1 3 3 8 f 0 1
3 29dfc b3f21bfc7e5856729dfc 6 0 1 0 3 0 f 0 1
3 3b41a 3b41af4935d15d93b41a 0 0 1 0 3 0 f 0 1
3 12abe 12abee520e8ff379c1c7 7 0 1 0 3 0 f 0 1
3 29683 2968374046f019811835 8 1 1 3 3 8 f 0 1
3 f667d ba88d3ee3c33ca1f667d 1 1 1 0 3 1 f 0 1
3 5f20e fb1d309f2ac57545f20e 4 0 1 0 3 0 f 0 1
3 84d4d 84d4dd80b22144548983 2 0 1 0 3 0 f 0 1
3 09183 120e3040816dbbf09183 d 1 1 0 3 1 f 0 1
3 177c5 7bb87177c5a6966fe731 e 1 1 2 3 4 f 0 1
3 e4058 e405838df7d537d486d5 6 0 1 0 3 0 f 0 1
3 ac56f 398223109a7c71a273be 0 0 1 0 3 0 f 0 1
3 4257d e93a37beaaa71014257d 4 0 1 0 3 0 f 0 1
3 0b469 ba53b3ece87f69772903 7 0 1 0 3 0 f 0 1
3 b98c6 4211385c1dd84f3b98c6 e 0 1 0 3 0 f 0 1
3 0fc2b e24c36f3c476686e3aa4 6 0 1 0 3 0 f 0 1
3 1bdac 1bdac09e3fe6c9b80eea b 1 1 3 3 8 f 0 1
3 73851 c838a8481a9fe6db0e88 1 0 1 0 3 0 f 0 1
3 10b3d 10b3d021e75549c00151 5 0 1 0 3 0 f 0 1
3 28a8e 28a8e28a8e64e715cf77 7 1 1 2 3 4 f 0 1
3 e1d8c 634dee1d8c16021ee452 7 1 1 2 3 4 f 0 1
3 4fdf2 b6faf4fdf2a220771178 f 1 1 2 3 4 f 0 1
3 73349 733499c220e19fd60319 4 0 1 0 3 0 f 0 1
3 24443 24443f34e43b49675679 4 0 1 0 3 0 f 0 1
3 9b4dd 4897632588510379b4dd d 1 1 0 3 1 f 0 1
3 71b6e 42d1b1d76f71b6ea6576 a 1 1 1 3 2 f 0 1
3 9a64a 9a64aa095e6839b43000 2 0 1 0 3 0 f 0 1
3 b46a8 e3945b46a8110ebc5d7f 7 1 1 2 3 4 f 0 1
3 876cb 411c765ee135218876cb 3 1 1 0 3 1 f 0 1
3 762e4 10d99762e45706bf2fec 5 1 1 2 3 4 f 0 1
3 316fe 4702a83f16316fea9f49 7 1 1 1 3 2 f 0 1
3 ac176 72f2ca206cac176107dc 8 0 1 0 3 0 f 0 1
3 50a7e bf870d482750a7efa936 c 0 1 0 3 0 f 0 1
3 51ef0 51ef0729295c17ad49b4 c 1 1 3 3 8 f 0 1
3 425e8 513e8425e84cc1506b46 1 0 1 0 3 0 f 0 1
3 327a4 4eb45327a4cb340d836e 7 1 1 2 3 4 f 0 1
3 53583 a1d85a31e05358359d3b d 0 1 0 3 0 f 0 1
3 3f705 3f705e395515933a772a 6 0 1 0 3 0 f 0 1
3 49811 eb5230e6ba1321049811 f 1 1 0 3 1 f 0 1
3 97e9b 97e9bb2e40ef6f6f8d79 5 0 1 0 3 0 f 0 1
3 67cf1 d1d350bbf402c2d67cf1 c 0 1 0 3 0 f 0 1
3 d9066 d90665304b2da30b0fca b 1 1 3 3 8 f 0 1
3 fc2f9 2cda995fa2fc2f97b4c6 2 1 1 1 3 2 f 0 1
3 aa3fe aa3fe29330043f5ac2fa 6 0 1 0 3 0 f 0 1
3 1e28e 7fcbf17f2c1e28e1e28e 6 1 1 1 3 2 f 0 1
3 e7181 a7c3ce7181acd2027afb 4 1 1 2 3 4 f 0 1
3 1db22 1db2297b0918f0a1db22 d 1 1 0 3 9 f 1 1
3 b96a1 e592ac37db47870abcbb b 0 1 0 3 0 f 0 1
3 03e99 326341ee823420c3a487 1 0 1 0 3 0 f 0 1
3 8313c 8313c39824be22024bbb 8 1 1 3 3 8 f 0 1
3 632a1 f6422632a1c9fe3632a1 b 1 1 0 3 1 f 0 1
3 85821 6c87b858217488e0a8a7 1 0 1 0 3 0 f 0 1
3 6443a a42236443a53092a7b1e 3 0 1 0 3 0 f 0 1
3 50251 2b5ab96f79df19450251 9 1 1 0 3 1 f 0 1
3 44af4 44af40aeecd5a3a21d92 d 1 1 3 3 8 f 0 1
3 d7573 d757331e17c1e5e15070 2 0 1 0 3 0 f 0 1
3 533a6 8530a533a609b6f300cf 1 0 1 0 3 0 f 0 1
3 51c00 51c00ccfb931b406e126 7 0 1 0 3 0 f 0 1
3 d1b19 5e52fd1b19d4e58a2dc2 8 0 1 0 3 0 f 0 1
3 ce3d5 ce3d5e493afdb5eafe82 4 0 1 0 3 0 f 0 1
3 2bbfa 160b2701742bbfa1ddf1 1 0 1 0 3 0 f 0 1
3 79f12 25d269100e7351679f12 3 1 1 0 3 1 f 0 1
3 62c6f 62c6fbc637ab8c052e8b 4 0 1 0 3 0 f 0 1
3 451f6 142fa451f68ef4c04de6 0 0 1 0 3 0 f 0 1
3 17833 178332ec7bb0a96b54bc 3 0 1 0 3 0 f 0 1
3 4e78d 632e2e47d54e78d7f8a2 1 0 1 0 3 0 f 0 1
3 b00fe fe2c6b00fefc7d259b21 d 1 1 2 3 4 f 0 1
3 f450f 81609f450f22b2de2082 0 0 1 0 3 0 f 0 1
3 b500f 0fd72b500f1a941b500f 7 1 1 0 3 5 f 1 1
3 440bc be966440bc9aca070002 c 1 1 2 3 4 f 0 1
3 1441a 1441a96ecf3d5d09d5b2 2 0 1 0 3 0 f 0 1
3 cde25 f0e8da5735cde25c4869 2 1 1 1 3 2 f 0 1
3 9d561 366f7b565ab95099d561 9 1 1 0 3 1 f 0 1
3 1a070 413a51a070e0eead90fb 5 1 1 2 3 4 f 0 1
3 bada1 9f29ccd485be6afbada1 5 1 1 0 3 1 f 0 1
3 72a5d bd37372a5ddda1775b3b c 1 1 2 3 4 f 0 1
3 aca47 b911aaca47b04e1f0bf7 d 1 1 2 3 4 f 0 1
3 ddab9 810daddab9a87d678dfd 1 0 1 0 3 0 f 0 1
3 c3660 d47702f24dc366064d5c f 1 1 1 3 2 f 0 1
3 3444f ba6e625a663444f02bb1 7 1 1 1 3 2 f 0 1
3 7b499 0feef6c2b97b499ba1cc f 1 1 1 3 2 f 0 1
3 32a68 a584f853aaf94a18cb13 c 0 1 0 3 0 f 0 1
3 479dc d085078b11f4e451c230 7 0 1 0 3 0 f 0 1
3 2355e 94e4b7ced8550c1b9b0d 9 0 1 0 3 0 f 0 1
3 f0dda 62693db6a9f0dda36771 5 0 1 0 3 0 f 0 1
3 1fc8c 1fc8cff3847fd081fc8c d 1 1 0 3 9 f 1 1
3 3e761 c3b515bba5e79623e761 e 0 1 0 3 0 f 0 1
3 46e3f 46e3f98a0ebff89910a7 1 0 1 0 3 0 f 0 1
3 27be3 27be3151af0e3f027be3 6 0 1 0 3 0 f 0 1
3 2a16a 8f0c8a8c483d2cc4faba 3 0 1 0 3 0 f 0 1
3 40e2e 467452475240e2eabfc2 4 0 1 0 3 0 f 0 1
3 7cc74 9b3557cc74017f9d203d a 0 1 0 3 0 f 0 1
3 43177 9835843177f2216473da 8 0 1 0 3 0 f 0 1
3 0e18b 0e18bd48cf0463dc77a1 8 1 1 3 3 8 f 0 1
3 c3a84 b33e95eac5dbce4c3a84 9 1 1 0 3 1 f 0 1
3 2620b a00475ef4d2620b7222a d 0 1 0 3 0 f 0 1
3 52fc6 3e4e0da96a52fc63f5f8 d 0 1 0 3 0 f 0 1
3 19abd ab208a3bf428b4711732 d 0 1 0 3 0 f 0 1
3 e1352 b0140d655ce13520362f a 1 1 1 3 2 f 0 1
3 6e94f 71e166e94ff9bb6ad8c9 5 1 1 2 3 4 f 0 1
3 42c1c b5c2c42c1c2cf1024aef 1 0 1 0 3 0 f 0 1
3 ed78c 76df33331376b29c72bd 8 0 1 0 3 0 f 0 1
3 24824 24824071bcc9f9afefe1 9 1 1 3 3 8 f 0 1
3 a2754 b38d0c471d0fecca2754 e 0 1 0 3 0 f 0 1
3 ae36c ae36cbebdf6bf5cae5a2 d 1 1 3 3 8 f 0 1
3 3b342 08d5170b570d2055374e 5 0 1 0 3 0 f 0 1
3 b8cf0 74f36b9e2a50610cdf41 0 0 1 0 3 0 f 0 1
3 8af2f 48f7808e848af2fd78d2 e 1 1 1 3 2 f 0 1
3 74cb9 4e9ef0978174cb9fff3d a 1 1 1 3 2 f 0 1
3 2af70 0f5d92af70b137a33e7b b 0 1 0 3 0 f 0 1
3 08bdc bb558aafee0f89e08bdc f 1 1 0 3 1 f 0 1
3 ec693 cbe36008df3e4e122e46 0 0 1 0 3 0 f 0 1
3 ded00 609ed6521aa5d6b8565a 1 0 1 0 3 0 f 0 1
3 d87c8 d87c851749053285da3f f 1 1 3 3 8 f 0 1
3 c2441 2098e706ccd6e74dbd41 3 0 1 0 3 0 f 0 1
3 343c2 343c2343c25ba7d9a913 a 1 1 3 3 8 f 0 1
3 6daf4 ae2ce62b5e6daf402a0b a 1 1 1 3 2 f 0 1
3 2fdb5 329912fdb56a4de0cc4d b 0 1 0 3 0 f 0 1
3 a615d a615de156dd61eb1d1e6 f 1 1 3 3 8 f 0 1
3 e1d33 42307e1d33384ed49ac9 4 1 1 2 3 4 f 0 1
3 2be1d 19b363ff5d2be1d0629d b 1 1 1 3 2 f 0 1
3 ec138 ec13835fe9d78c86b57e 5 0 1 0 3 0 f 0 1
3 1353d e893876751e78481353d 7 1 1 0 3 1 f 0 1
3 5cfb2 5cfb20b80e7b5877f780 3 0 1 0 3 0 f 0 1
3 0bafa 0bafa5cfe7dc86dc8fb9 2 0 1 0 3 0 f 0 1
3 4f9d5 4e855963534f9d53f1d6 5 0 1 0 3 0 f 0 1
3 316cf e3b0b316cf9a24748cf9 2 0 1 0 3 0 f 0 1
3 d70a5 38d67d70a5f066e3e1f9 d 1 1 2 3 4 f 0 1
3 e08f9 2be82c8896e08f9a09d3 7 1 1 1 3 2 f 0 1
3 851e8 15a93851e84a7bfadc29 2 0 1 0 3 0 f 0 1
3 06751 7e9b85a5c206751dabf3 6 1 1 1 3 2 f 0 1
3 f32b1 81de6f32b15958f90343 c 1 1 2 3 4 f 0 1
3 ec1d6 e1704ec1d697cd8b8e37 8 0 1 0 3 0 f 0 1
3 8fe11 8fe11324d11c9b8e7ca8 2 0 1 0 3 0 f 0 1
3 f7e1c b6b3ef7e1c3230f86faa 6 1 1 2 3 4 f 0 1
3 63fef 2bf0b999fd63fef9e955 7 1 1 1 3 2 f 0 1
3 53042 f4ced5304257e8c352bc 2 0 1 0 3 0 f 0 1
3 a657f 31447a657f8df15f264b b 0 1 0 3 0 f 0 1
3 00069 38ac635ceb0006987721 5 0 1 0 3 0 f 0 1
3 87af4 87af490942791f64047a 7 0 1 0 3 0 f 0 1
3 e3e44 1ea511672ee3e443d515 3 1 1 1 3 2 f 0 1
3 04e92 38f1104e92387791b582 9 0 1 0 3 0 f 0 1
3 f5227 ce23095167aff5af5227 7 1 1 0 3 1 f 0 1
3 95fe8 d3739a3bb7f966995fe8 d 1 1 0 3 1 f 0 1
3 be8de 7692abe8de8e7daf5242 1 0 1 0 3 0 f 0 1
3 189dc 189dcfaad9ecb686e01d 6 0 1 0 3 0 f 0 1
3 2d06f 9c8a3820302d06f41d37 a 1 1 1 3 2 f 0 1
3 befec ef1d278d1c733c6befec f 1 1 0 3 1 f 0 1
3 5ac21 b23f10c1135ac21a278f 5 0 1 0 3 0 f 0 1
3 e28c4 65217e0e68e28c499c39 4 0 1 0 3 0 f 0 1
3 094bf c54e9e1892094bf07d49 b 1 1 1 3 2 f 0 1
3 efb9a 087b4648f97ccbfefb9a 6 0 1 0 3 0 f 0 1
3 c0ea6 f5f800c4f3d0ecdc0ea6 e 0 1 0 3 0 f 0 1
3 98f89 064bc98f897c2649611d d 1 1 2 3 4 f 0 1
3 739bf 5b01d739bf20e68b7a02 3 0 1 0 3 0 f 0 1
3 da036 72d41cd550fa80fca707 8 0 1 0 3 0 f 0 1
3 5467f 6575080e315467f4780e 1 0 1 0 3 0 f 0 1
3 f16f3 f16f36527846fff52b2c 8 1 1 3 3 8 f 0 1
3 18213 4b6835b21e1821339928 0 0 1 0 3 0 f 0 1
3 0f373 0f373a451828346f7082 1 0 1 0 3 0 f 0 1
3 912c9 e9a097b5ee5209d988ea 7 0 1 0 3 0 f 0 1
3 3b559 f21e62da18a5e5e3b559 7 1 1 0 3 1 f 0 1
3 e751d e751d8efa5e2b541b578 7 0 1 0 3 0 f 0 1
3 16e2d 084750b9799ff1a89ad1 b 0 1 0 3 0 f 0 1
3 e2e59 33770e2e59f71a6fe60b 6 1 1 2 3 4 f 0 1
3 5c94d 4a5c973bd08725ee0a21 7 0 1 0 3 0 f 0 1
3 9b927 c897e3576c198859b927 f 1 1 0 3 1 f 0 1
3 73a1a 6ca0a73a1a6524f5c94a c 1 1 2 3 4 f 0 1
3 cfbd3 cfbd3e324f70dae964aa 8 1 1 3 3 8 f 0 1
3 a3fd9 e46f601ebc65154a3fd9 8 0 1 0 3 0 f 0 1
3 4089a 21c149c800099984089a 2 0 1 0 3 0 f 0 1
3 13082 130823f7c5750466c70b e 1 1 3 3 8 f 0 1
3 1ac52 1ac528e850b87a81d26b 7 0 1 0 3 0 f 0 1
3 3d589 1972f822edd17003d589 2 0 1 0 3 0 f 0 1
3 82329 ef43b5b71282329cd06e 4 0 1 0 3 0 f 0 1
3 1557b f36989ccaf1557b50d4a f 1 1 1 3 2 f 0 1
3 da6ae 1540b07f0306eea38b7b 2 0 1 0 3 0 f 0 1
3 f2070 4429fe119cf20707d1c7 5 0 1 0 3 0 f 0 1
3 c32b4 c32b4c32b4ce8ce4c349 f 1 1 2 3 c f 1 1
3 6f41a c53026f41a7c2e36f41a 9 1 1 0 3 1 f 0 1
3 bebab bebabbebab85c898e1fa a 1 1 3 3 8 f 0 1
3 f035b d7cf0a2fb2b99938dac1 c 0 1 0 3 0 f 0 1
3 d3a98 cd525fcde585200d3a98 5 1 1 0 3 1 f 0 1
3 33460 e0a1c3346004af17a585 4 1 1 2 3 4 f 0 1
3 adb01 adb01e761ac9313fe53f 6 0 1 0 3 0 f 0 1
3 246b1 5df13f6134246b1f2f01 2 1 1 1 3 2 f 0 1
3 a2f5c e5d1cfb4e0a2f5c2844e 8 0 1 0 3 0 f 0 1
3 2b118 63768b979e684356822a 6 0 1 0 3 0 f 0 1
3 4bbb8 4bbb8d5e794f1587e87f 1 0 1 0 3 0 f 0 1
3 625db 49bf8ed1cc7ba4cb7624 e 0 1 0 3 0 f 0 1
3 fe43e fe43e5661c9c2f1dcf1e 8 1 1 3 3 8 f 0 1
3 515a8 f7a35515a80a543e7a73 a 0 1 0 3 0 f 0 1
3 7165d e7eea621d6f36657165d 3 1 1 0 3 1 f 0 1
3 4828c e547f124404828c1322d e 1 1 1 3 2 f 0 1
3 615ac 0efaeabfa2615acc54aa 0 0 1 0 3 0 f 0 1
3 0211b 778a3355b20211b63172 2 1 1 1 3 2 f 0 1
3 9a9f0 9a9f07cfd3163d176315 f 1 1 3 3 8 f 0 1
3 6d520 037b32795ee402c6d520 a 0 1 0 3 0 f 0 1
3 e6b4f e6b4fbd18fc558364de4 8 1 1 3 3 8 f 0 1
3 0b3a7 307b10b3a77d7d2a6aae 5 1 1 2 3 4 f 0 1
3 6982b 6982b6982b141de0fe11 2 0 1 0 3 0 f 0 1
3 b6288 493b5b26e2b6288f4884 d 0 1 0 3 0 f 0 1
3 92060 92060c681fbc29731927 7 0 1 0 3 0 f 0 1
3 fda95 5eddbfda95ad3d441240 7 1 1 2 3 4 f 0 1
3 42396 ec8ec42396d9d5d36fe1 1 0 1 0 3 0 f 0 1
3 27c37 01e6e27c37c6bd533e69 9 0 1 0 3 0 f 0 1
3 1303f b4da592eea1303ffc377 7 1 1 1 3 2 f 0 1
3 ce670 ce6707376868817e927c a 1 1 3 3 8 f 0 1
3 3ef29 2bd35b242b33ecaf1cf5 2 0 1 0 3 0 f 0 1
3 3c3ae ec4d0d811c3c3ae6d657 4 0 1 0 3 0 f 0 1
3 b1a74 ff393650bdd178634f7c 5 0 1 0 3 0 f 0 1
3 27151 782e8285802715111d3c f 1 1 1 3 2 f 0 1
3 c4268 10b9b93c3830f1bf68ae 1 0 1 0 3 0 f 0 1
3 6c3be 4ffe2cda736c3beda3b8 9 0 1 0 3 0 f 0 1
3 970b5 bab3deaaf5970b5670a5 9 0 1 0 3 0 f 0 1
3 ffb6f 5b9037ad9fb429fffb6f 3 1 1 0 3 1 f 0 1
3 582ec c0535ee4bb19b5726f35 1 0 1 0 3 0 f 0 1
3 77d98 77d98b5828d72dbe37da 2 0 1 0 3 0 f 0 1
3 2c017 2c017592b207bf1ff1ed 8 1 1 3 3 8 f 0 1
3 d17c3 2955bd17c3bdaeb63d02 0 0 1 0 3 0 f 0 1
3 f62e6 d8d8f35e1d9688bf62e6 0 0 1 0 3 0 f 0 1
3 1f269 1f26928c1883e0da514e a 1 1 3 3 8 f 0 1
3 4ec52 4764d86f42cef3bf3811 f 0 1 0 3 0 f 0 1
3 3de82 bdff80f87cc4ec678c4c 7 0 1 0 3 0 f 0 1
3 90b49 6777fb41e290b499fd6b 3 1 1 1 3 2 f 0 1
3 75822 c10d375822c8b372619c d 1 1 2 3 4 f 0 1
3 d99cb a73ced99cb650e1b803a d 1 1 2 3 4 f 0 1
3 486d8 188fe486d816cb2eb92b 0 0 1 0 3 0 f 0 1
3 eab0a 0fb323dba8eab0aeb69a 6 1 1 1 3 2 f 0 1
3 06aa3 5f2c206aa371f610ab55 0 0 1 0 3 0 f 0 1
3 d2606 0184fd2606bd55951a07 a 0 1 0 3 0 f 0 1
3 bcda5 7fa32e85481de9d0a3ef a 0 1 0 3 0 f 0 1
3 71dd4 1ede971dd44fb1640871 5 1 1 2 3 4 f 0 1
3 547da f668f547da4ca79a04ce 5 1 1 2 3 4 f 0 1
3 f1433 f14336394ac5c152d8b3 6 0 1 0 3 0 f 0 1
3 e247e e247e3a255afd0d9dd6b 7 0 1 0 3 0 f 0 1
3 c233b 4801671b23c233bbcd88 d 0 1 0 3 0 f 0 1
3 8ea3e df08f3ca5068d306d9f6 b 0 1 0 3 0 f 0 1
3 09941 285a3ebcd7aa69f035d8 7 0 1 0 3 0 f 0 1
3 a8b7c a8b7c108f6abb95b8d40 e 1 1 3 3 8 f 0 1
3 517de 517de704042c4be528aa c 1 1 3 3 8 f 0 1
3 3d038 3d038ed7c5883d60221b 9 1 1 3 3 8 f 0 1
3 d2d82 4b816a94c662585fa248 c 0 1 0 3 0 f 0 1
3 55f35 55f359bac261979fb792 6 0 1 0 3 0 f 0 1
3 14482 d27d458d2914482ddedc 2 1 1 1 3 2 f 0 1
3 d58fa d58fab3b094403e6b33c 7 0 1 0 3 0 f 0 1
3 205e5 546957aea198f60f9d00 f 0 1 0 3 0 f 0 1
3 109ad fad9f109ad109ade68b4 a 1 1 1 3 2 f 0 1
3 a4a6b 2d293585a1c8ea6c4b23 4 0 1 0 3 0 f 0 1
3 03aba 5011003aba916f069546 1 0 1 0 3 0 f 0 1
3 c405f f4cde85aeb5e59e0171f 0 0 1 0 3 0 f 0 1
3 53ad5 9a398c733053ad548fd4 f 1 1 1 3 2 f 0 1
3 ff891 88e61ff8916863063435 a 0 1 0 3 0 f 0 1
3 a4de6 91e0c87780e80992ff69 4 0 1 0 3 0 f 0 1
3 7d092 f8cb9eeb35d32cd8375f b 0 1 0 3 0 f 0 1
3 d45f6 d45f673f66cae1bb8a07 b 1 1 3 3 8 f 0 1
3 d8676 9e2a534861d8676d5d8d 3 1 1 1 3 2 f 0 1
3 f3659 c0424f9b27ac59fc07ca 2 0 1 0 3 0 f 0 1
3 ca91e 00b7c4916736660e8408 4 0 1 0 3 0 f 0 1
3 b88b7 fed3eb88b7cd5f7bf021 5 1 1 2 3 4 f 0 1
3 ce15d ce15d437117c9e2e601b 1 0 1 0 3 0 f 0 1
3 b5804 c6f7ccdeb1cce48b5804 3 1 1 0 3 1 f 0 1
3 e6630 c5ec84ac15e08efe6630 7 1 1 0 3 1 f 0 1
3 a2963 2b804f8143fd8d7a2963 a 0 1 0 3 0 f 0 1
3 babb0 6ec82ba170d660134a9b a 0 1 0 3 0 f 0 1
3 acf48 b322eacf489d1a268264 5 1 1 2 3 4 f 0 1
3 9f619 08c999f619b2970ff5ad 4 1 1 2 3 4 f 0 1
3 33500 7a9570df2a7b600ce6b5 0 0 1 0 3 0 f 0 1
3 140b5 4f39c15e631999c140b5 5 1 1 0 3 1 f 0 1
3 0e285 0e285e3ef304cc94edfe 4 0 1 0 3 0 f 0 1
3 d1501 5f6894a1a59d70b958d1 f 0 1 0 3 0 f 0 1
3 27265 ca684272651ddf34d644 6 1 1 2 3 4 f 0 1
3 cbe5d cbe5dd4e21e93073f0cc b 1 1 3 3 8 f 0 1
3 5c31a 2b32c0aa2258e3e5c31a c 0 1 0 3 0 f 0 1
3 ee2eb 17d6fb3e3a101328613a 7 0 1 0 3 0 f 0 1
3 574bb 3bcf0ed21d574bb72c13 c 0 1 0 3 0 f 0 1
3 152c1 b917273f52152c1f2e5c 6 1 1 1 3 2 f 0 1
3 0f8ab 33f380f8ab9d90052904 e 1 1 2 3 4 f 0 1
3 fe345 3f0a3fe34535550b8eef f 1 1 2 3 4 f 0 1
3 3fb77 db95eb46a6f05965fe24 7 0 1 0 3 0 f 0 1
3 7cba2 754a0258f027473e4bd9 5 0 1 0 3 0 f 0 1
3 6127d c84b29c0af06daa6127d c 0 1 0 3 0 f 0 1
3 69f57 69f5740567aa64069f57 3 1 1 0 3 1 f 0 1
3 34efd 6f1e034efd46bafc4369 9 0 1 0 3 0 f 0 1
3 7d208 fb8aa12a534a42652f58 5 0 1 0 3 0 f 0 1
3 b77d9 29138451e8b77d9b77d9 8 0 1 0 3 0 f 0 1
3 20d9d 5268320d9d5c360b7b38 7 1 1 2 3 4 f 0 1
3 224ab 23fd1224ab83f1f360bb 8 0 1 0 3 0 f 0 1
3 2a2f6 eeca72a2f6738d519635 8 0 1 0 3 0 f 0 1
3 b80fd 8a91dffd247f079b80fd f 1 1 0 3 1 f 0 1
3 67dd7 67dd787fb8feafa55ecd c 1 1 3 3 8 f 0 1
3 f1efa 3dfe7e10d7f1efad6192 6 1 1 1 3 2 f 0 1
3 f3659 2594c7a54641a5607299 2 0 1 0 3 0 f 0 1
3 19c67 9ec4d5caaef652119c67 7 1 1 0 3 1 f 0 1
3 35f52 f40da0d23b0c89935f52 2 0 1 0 3 0 f 0 1
3 450cb 450cb3c41d728579e737 e 1 1 3 3 8 f 0 1
3 23c74 7291ecd23b23c74888a1 7 1 1 1 3 2 f 0 1
3 008c3 1072a008c3cb8cc93f44 0 0 1 0 3 0 f 0 1
3 bbb8b 0acad815b5917bbbbb8b 1 1 1 0 3 1 f 0 1
3 3d631 5c50f2de193bf1a3d631 6 0 1 0 3 0 f 0 1
3 a558b 43253515aea558b1b68c f 1 1 1 3 2 f 0 1
3 0e3f2 e3e98d1c41dcc0a0e3f2 c 0 1 0 3 0 f 0 1
3 239b4 194997e846b2f4402abf b 0 1 0 3 0 f 0 1
3 c9d64 30855b29f8c9d64a9484 c 0 1 0 3 0 f 0 1
3 a4e60 353b138f0994479a4e60 1 1 1 0 3 1 f 0 1
3 d4e98 07b7b31ccbd4e980dd09 9 0 1 0 3 0 f 0 1
3 44f86 b73404e1cd16f502640e 3 0 1 0 3 0 f 0 1
3 1d869 72b0db87137c49a1d869 a 0 1 0 3 0 f 0 1
3 411c8 411c80e27062593cfecb 9 1 1 3 3 8 f 0 1
3 0857f 0857f8d718470900e26f 2 0 1 0 3 0 f 0 1
3 077e2 8c3b14ce93077e2748b4 6 1 1 1 3 2 f 0 1
3 b1666 d8bd71ebdf0e3f7b1666 e 0 1 0 3 0 f 0 1
3 0a7eb 323ac0a7ebd7f2460e0a 9 0 1 0 3 0 f 0 1
3 c36b3 76e7fb0a5a05f6dc36b3 2 0 1 0 3 0 f 0 1
3 7e3f2 7e3f2d98e37e3f21ccff f 1 1 1 3 a f 1 1
3 20818 59e95d569ea626c20818 c 0 1 0 3 0 f 0 1
3 b5a0c b82d9c510fa54efb5a0c 9 1 1 0 3 1 f 0 1
3 e3b57 212cae3b578f7447ebaa 7 1 1 2 3 4 f 0 1
3 a2158 a2158a581a315fae540f 3 0 1 0 3 0 f 0 1
3 ecfe0 7fb05171481c4ba2b8bf e 0 1 0 3 0 f 0 1
3 52b86 2155bf836652b868350b a 1 1 1 3 2 f 0 1
3 68465 35b8b768d9ac41c68465 7 1 1 0 3 1 f 0 1
3 04385 3f308ed72cc51a604385 5 1 1 0 3 1 f 0 1
3 d738e 67d134a582bf566d738e 4 0 1 0 3 0 f 0 1
3 f224e fd8c30fd3184b016b95d 3 0 1 0 3 0 f 0 1
3 92c4a 2acda3435292c4a8184e 2 1 1 1 3 2 f 0 1
3 7155b f6fd7900c8f876f7155b 8 0 1 0 3 0 f 0 1
3 20bae 5f868fe6f7bda941e432 0 0 1 0 3 0 f 0 1
3 39ff7 4dfba2e21b39ff70b1cd 7 1 1 1 3 2 f 0 1
3 42b07 2e18920e2a42b0703464 b 1 1 1 3 2 f 0 1
3 886ce 37433398ac78353886ce a 0 1 0 3 0 f 0 1
3 fb00d 4abe7fb00d9cf27944da b 0 1 0 3 0 f 0 1
3 97ba4 ed2ed97ba45208d2f9b8 6 1 1 2 3 4 f 0 1
3 43aa0 65452cd6972874e43aa0 7 1 1 0 3 1 f 0 1
3 fb430 fb430d298d62739fb958 7 0 1 0 3 0 f 0 1
3 05dce 1a7b405dced480283e8e 7 1 1 2 3 4 f 0 1
3 51ec9 51ec9ae9ef851e6cc0ab 0 0 1 0 3 0 f 0 1
3 2f9e9 77b42c39492f9e97c779 7 1 1 1 3 2 f 0 1
3 96b9e 96b9ed18785b9cdbfc65 d 1 1 3 3 8 f 0 1
3 a93b9 4a4ba7441f6b2f6a93b9 d 1 1 0 3 1 f 0 1
3 44ee4 1099144ee42338ffdbf9 e 1 1 2 3 4 f 0 1
3 18fba 3e395fc102b725a18fba 3 1 1 0 3 1 f 0 1
3 f276d f276d54bb08a23343604 1 0 1 0 3 0 f 0 1
3 9b1f8 9b1f8987b04f6e2a885f 1 0 1 0 3 0 f 0 1
3 557ea 557ea6b14fe615993420 8 1 1 3 3 8 f 0 1
3 3509d 20479bcb213509dd679a c 0 1 0 3 0 f 0 1
3 8c94a 3a024eeab4e29628c94a 2 0 1 0 3 0 f 0 1
3 23f86 c1d8ca07cd733ed15e8b 7 0 1 0 3 0 f 0 1
3 01cb1 720d301cb11dd63026db c 1 1 2 3 4 f 0 1
3 68bdd b34c998ff68535a68bdd 8 0 1 0 3 0 f 0 1
3 2b194 2b194994494fa989d70d 4 0 1 0 3 0 f 0 1
3 e127a e127a5d0dccbe7914bcd c 1 1 3 3 8 f 0 1
3 61033 a27fb09a70dd4bdb0808 8 0 1 0 3 0 f 0 1
3 6ee31 31b196ee316ee31ac17c 1 0 1 0 3 0 f 0 1
3 9ea5d 3bef256e2fc02f39ea5d 6 0 1 0 3 0 f 0 1
3 b082f 11f862f793a567922106 f 0 1 0 3 0 f 0 1
3 18d53 18d5319ab383999b4ba4 e 1 1 3 3 8 f 0 1
3 5f76f ddf65af5639c0db5f76f 0 0 1 0 3 0 f 0 1
3 29875 bdbab298757cc2bcb478 1 0 1 0 3 0 f 0 1
3 de847 a321f866cade8475f50a e 1 1 1 3 2 f 0 1
3 fe4e9 5b783fe4e9ce5913e32d 1 0 1 0 3 0 f 0 1
3 d2b3e 835e78e7fb8a7e18cb99 f 0 1 0 3 0 f 0 1
3 de108 d1b01758faab362c5be7 f 0 1 0 3 0 f 0 1
3 0f8ff 5acb5eb2f50f8ffd6526 d 0 1 0 3 0 f 0 1
3 42223 20820c41eada6c5d6e24 a 0 1 0 3 0 f 0 1
3 760fb 760fbcacb85979150f68 4 0 1 0 3 0 f 0 1
3 e22a2 fd9ed181ade22a223e9f 5 0 1 0 3 0 f 0 1
3 dea37 dea370fa9bac3857f25c 1 0 1 0 3 0 f 0 1
3 0f271 45644c0319295250f271 4 0 1 0 3 0 f 0 1
3 1452a 99498aa6391452a6d7f0 1 0 1 0 3 0 f 0 1
3 6b003 6b0034f0d6647466b003 a 1 1 3 3 8 f 0 1
3 7801c 7801c58d2e7801ca570e 2 1 1 1 3 2 f 0 1
3 65285 65285ee5feeca701c60d e 1 1 3 3 8 f 0 1
3 9b713 b136535dc19b71330ef0 e 1 1 1 3 2 f 0 1
3 73028 73028e5c72f01fcc6daa c 1 1 3 3 8 f 0 1
3 b87de 2408c8ef2db87deb87de 3 1 1 0 3 3 f 1 1
3 c6b1a 1faf13c449c6b1a58d74 0 0 1 0 3 0 f 0 1
3 5dd50 5dd504da92ece93f8fc1 1 0 1 0 3 0 f 0 1
3 65e0e 284c88e0d265e0e10e5d 6 1 1 1 3 2 f 0 1
3 cf465 cf4653504307b9110e89 2 0 1 0 3 0 f 0 1
3 5ad9e 70d9f61ea25ad9e0bd3e c 0 1 0 3 0 f 0 1
3 ea18d 8e18a1ee9f42463ea18d 5 1 1 0 3 1 f 0 1
3 acd16 0dbde3f7f6f3f22ff8d9 a 0 1 0 3 0 f 0 1
3 bbc74 bbc74346a3a333fbbc74 b 1 1 0 3 9 f 1 1
3 67afd 67afd665d4275691df25 6 0 1 0 3 0 f 0 1
3 84354 ccb48e176274183e40ff 0 0 1 0 3 0 f 0 1
3 c5f95 0aa324d0cf0b021c5f95 6 0 1 0 3 0 f 0 1
3 9b73d 9b73da64e768ba4a54e7 1 0 1 0 3 0 f 0 1
3 3a877 51d1bae7f73a877e21e8 f 1 1 1 3 2 f 0 1
3 00f4e 00f4edde5227b3da720e 3 0 1 0 3 0 f 0 1
3 dde01 d6643af93a2d1c0dde01 e 0 1 0 3 0 f 0 1
3 f56a1 f56a166c634e65baee01 a 1 1 3 3 8 f 0 1
3 26f6a 26f6aecf5ffbf49a6d1a 0 0 1 0 3 0 f 0 1
3 400dd 694df400dd6f97eba150 6 1 1 2 3 4 f 0 1
3 d8621 5ab19d86219ee8da7073 3 0 1 0 3 0 f 0 1
3 a8e1f be2a60a538f563da8e1f 5 1 1 0 3 1 f 0 1
3 6d090 2d6971163f0e9d1bf7b5 b 0 1 0 3 0 f 0 1
3 df0c6 3099a06cd2df0c62eeec 3 1 1 1 3 2 f 0 1
3 030f3 1eabd030f380ac21bd85 5 1 1 2 3 4 f 0 1
3 1dc15 209cded0c01dc15695d7 7 1 1 1 3 2 f 0 1
3 3030b 979119168cb8de83030b f 1 1 0 3 1 f 0 1
3 b75dc 6f8f235445b75dc03bdc 0 0 1 0 3 0 f 0 1
3 82a18 02acbf735c4fc7482a18 b 1 1 0 3 1 f 0 1
3 cf497 cf4973a8a6acfa043399 2 0 1 0 3 0 f 0 1
3 6b7ad fac2d6b7ad167b721e57 2 0 1 0 3 0 f 0 1
3 ca7b1 e0cbf3e006ca7b198ac1 d 0 1 0 3 0 f 0 1
3 085c5 49532bae11e750b085c5 2 0 1 0 3 0 f 0 1
3 ed76d ed76d8fd37ca24491d4a 1 0 1 0 3 0 f 0 1
3 e92fb e92fbe0edc750a84102e 9 1 1 3 3 8 f 0 1
3 6a668 e4992458ce6a668dfc51 3 1 1 1 3 2 f 0 1
3 d676d c47cf72047d676d3027a 4 0 1 0 3 0 f 0 1
3 3339a 3339a0ecdee35c658f1a 9 1 1 3 3 8 f 0 1
3 d3313 68b0c389207e1c30ec36 d 0 1 0 3 0 f 0 1
3 18607 fd19215457c36dd18607 2 0 1 0 3 0 f 0 1
3 43389 e026c82cc74338947e50 d 0 1 0 3 0 f 0 1
3 a2dd0 d2cd8a2dd02d4b2b4ae4 3 0 1 0 3 0 f 0 1
3 a72a2 3f82da72a293331a72a2 c 1 1 2 3 4 f 0 1
3 2831f 877fccc60414a8d2c1f2 7 0 1 0 3 0 f 0 1
3 430ad 430ad633115c599430ad 8 1 1 3 3 8 f 0 1
3 808f3 282d4332f46a1d7808f3 7 1 1 0 3 1 f 0 1
3 2259e 5d48d2259e613092259e 2 0 1 0 3 0 f 0 1
3 311c4 e8fb259191311c4aa57b 0 0 1 0 3 0 f 0 1
3 16b7c 16b7ce5f3316b7c296b4 6 1 1 1 3 2 f 0 1
3 059f9 b9b085102ac63b3293dc 0 0 1 0 3 0 f 0 1
3 ee09b b0bd5ee09bdbf40cdd7f d 1 1 2 3 4 f 0 1
3 5fe75 082af5fe756c6cfe6e95 e 1 1 2 3 4 f 0 1
3 38182 fb0ca0cb72dfc6c38182 5 1 1 0 3 1 f 0 1
3 e2145 e2145357db98e0aa2e06 7 0 1 0 3 0 f 0 1
3 9d75b 3a90bbdde89d75b1c77f 1 0 1 0 3 0 f 0 1
3 73c55 8c4feb6f4b25846b4aef c 0 1 0 3 0 f 0 1
3 3e7da 19ee55b9563e7da75502 0 0 1 0 3 0 f 0 1
3 6591c 9d1b36591c4edb54f6e0 0 0 1 0 3 0 f 0 1
3 09bb2 5d2f608a0586aa909bb2 5 1 1 0 3 1 f 0 1
3 646fe 69d9b58fc6a7d71646fe f 1 1 0 3 1 f 0 1
3 d252e f0f7dd252eb944d8f18c 6 1 1 2 3 4 f 0 1
3 4c41f 4c41fbe6c84c41f7f7b4 e 1 1 1 3 a f 1 1
3 b6d50 e263e2125eb6d50ca7f3 9 0 1 0 3 0 f 0 1
3 23e2d 9f10bd96cbb83fb0f241 7 0 1 0 3 0 f 0 1
3 efa03 efa03afc439118417e71 4 0 1 0 3 0 f 0 1
3 ee549 3f7b9ee5493bc45b8cf8 b 0 1 0 3 0 f 0 1
3 21579 596a867cd8215790b2a7 8 0 1 0 3 0 f 0 1
3 ca66c ca66c0260b1c26cae083 0 0 1 0 3 0 f 0 1
3 a2985 a29855e4c41e828be967 f 1 1 3 3 8 f 0 1
3 dd0e6 dd0e61a033ba880d9611 4 0 1 0 3 0 f 0 1
3 b66e3 bc37a626a56942dd65e2 c 0 1 0 3 0 f 0 1
3 7f7f6 03dae7f7f657ea02db12 2 0 1 0 3 0 f 0 1
3 dde7a 37372bc2f22f0ecdde7a 7 1 1 0 3 1 f 0 1
3 8f13b 44a7fa7cfb8f13b569a0 c 0 1 0 3 0 f 0 1
3 bde52 447f5bde529083515394 c 1 1 2 3 4 f 0 1
3 87d26 ca68c8105687d26bb04a 0 0 1 0 3 0 f 0 1
3 4b588 2fa23b01b24b588f9cd0 4 0 1 0 3 0 f 0 1
3 d6b6d 6c937db491dc91ed6b6d c 0 1 0 3 0 f 0 1
3 61245 612459c7e44b02730966 a 1 1 3 3 8 f 0 1
3 aeddd 51942afd5bc4abeaeddd 7 1 1 0 3 1 f 0 1
3 7dce5 25583be112a807d7dce5 a 0 1 0 3 0 f 0 1
3 f2c2f cd874f2c2ff240857198 4 1 1 2 3 4 f 0 1
3 d32a6 bb6d6d32a61696009e33 5 1 1 2 3 4 f 0 1
3 cb2b0 2a280cb2b0fae7e9c79c 9 0 1 0 3 0 f 0 1
3 91f4c a9dc962f4291f4cb2a11 0 0 1 0 3 0 f 0 1
3 3ea4f 56b1db2a3f4d3485e7fd 2 0 1 0 3 0 f 0 1
3 d3dc0 03d0da2e49647ac0ad2d 9 0 1 0 3 0 f 0 1
3 0ebf2 6ce3c13d925b4aa0ebf2 b 1 1 0 3 1 f 0 1
3 3dcee eee52214abafd0d2d354 7 0 1 0 3 0 f 0 1
3 62c56 63b9c0192162c564e9ad 5 0 1 0 3 0 f 0 1
3 ef2ff 6d608ef2ffefe31d6a79 3 0 1 0 3 0 f 0 1
3 06d75 06d758ad3a06d7523c07 1 0 1 0 3 0 f 0 1
3 dd35d dd35defa3d5dfd838eb4 6 0 1 0 3 0 f 0 1
3 6e383 603c06e383a44c07058e d 1 1 2 3 4 f 0 1
3 634d4 349c3f552167181634d4 6 0 1 0 3 0 f 0 1
3 61822 c7f9ef96be2d12b1b6d2 4 0 1 0 3 0 f 0 1
3 0d555 d86c60d555df48e8d99c 0 0 1 0 3 0 f 0 1
3 879d5 a807a879d550ffe96ccd e 1 1 2 3 4 f 0 1
3 52d03 c79961301752d03de5a6 5 0 1 0 3 0 f 0 1
3 5da93 5da93a52c0f13ddbcbb9 1 0 1 0 3 0 f 0 1
3 8edf8 60328eab638edf80e474 3 1 1 1 3 2 f 0 1
3 98356 d0b5f2f1c9f92d598356 7 1 1 0 3 1 f 0 1
3 a6b46 f8c888d80d85a9157caf 6 0 1 0 3 0 f 0 1
3 338be 00b344ac8ba1f31338be c 0 1 0 3 0 f 0 1
3 e21e1 c1abee21e1c37db214c2 e 1 1 2 3 4 f 0 1
3 a1c48 a1c48c8c34454c23e43f f 1 1 3 3 8 f 0 1
3 f3497 2d466496e5f3497ad992 f 1 1 1 3 2 f 0 1
3 197d2 5cc06197d2f4e606b01f d 1 1 2 3 4 f 0 1
3 b2ac2 bd7b0b2ac24f3dad1ffd b 0 1 0 3 0 f 0 1
3 12c3e 12c3eb891e448c249de5 7 0 1 0 3 0 f 0 1
3 fbe01 231037f89a353913a4de f 0 1 0 3 0 f 0 1
3 64abf 685342ac4d959e61fa2f 4 0 1 0 3 0 f 0 1
3 8b4c5 402bc3f1921cd358b4c5 8 0 1 0 3 0 f 0 1
3 0b1ca 70f000b1ca0b1ca5d004 5 1 1 2 3 4 f 0 1
3 ee967 1191054d1bee9678871a 9 0 1 0 3 0 f 0 1
3 ebe9b 7033ea68dffa0f0f1504 8 0 1 0 3 0 f 0 1
3 921e9 921e9b6477d2b18abac3 c 1 1 3 3 8 f 0 1
3 decdb 7363706641decdbd695f d 0 1 0 3 0 f 0 1
3 0e213 7c9d219738122320e213 9 1 1 0 3 1 f 0 1
3 d2212 ab8c3b341415165d2212 f 1 1 0 3 1 f 0 1
3 1adb6 07fd72d73d1adb67f0bd e 1 1 1 3 2 f 0 1
3 7a477 3c720ef0f07a4775dd07 e 1 1 1 3 2 f 0 1
3 d7976 40ff6d7976cfee91c85a c 1 1 2 3 4 f 0 1
3 9ad79 c22512fa0b9ad7969cb5 4 0 1 0 3 0 f 0 1
3 ab41e 731a485e22ab41e9f77a 9 0 1 0 3 0 f 0 1
3 2e0e1 5a0b02f85f55f89ca5d4 0 0 1 0 3 0 f 0 1
3 64897 64897f0e7764897c4f9e 7 1 1 1 3 2 f 0 1
3 72a44 72a4442bb5eb16da70b6 5 0 1 0 3 0 f 0 1
3 70fb5 c1d3470fb5c6f5f51b81 2 0 1 0 3 0 f 0 1
3 838ac f7858b44a07a2310e6fe 1 0 1 0 3 0 f 0 1
3 d5685 863d14c72239f40d5685 2 0 1 0 3 0 f 0 1
3 5f646 5f646f24f5e80d7361bd a 1 1 3 3 8 f 0 1
3 0a8a9 65b11f1da3d097a0a8a9 a 0 1 0 3 0 f 0 1
3 601a3 3026b54834601a3339d9 d 0 1 0 3 0 f 0 1
3 8cf7a 656048893ada1348cf7a 5 1 1 0 3 1 f 0 1
3 12b03 e5ad7ebf3a68a5c25ef1 f 0 1 0 3 0 f 0 1
3 1ddfa 1ddfa4e6b74cc36a7d5d e 1 1 3 3 8 f 0 1
3 931ed 1d720ac6fb6e9475e079 b 0 1 0 3 0 f 0 1
3 c8b48 961fae82c4c8b486650e a 1 1 1 3 2 f 0 1
3 8687e 2625bef3d86b6e38687e 4 0 1 0 3 0 f 0 1
3 ccc9a 9dcd4ccc9a5df8b29371 b 0 1 0 3 0 f 0 1
3 80fad 80fad00e94afb5b602ad d 1 1 3 3 8 f 0 1
3 f1bbb b9f2af1bbb2a4f215ff7 4 1 1 2 3 4 f 0 1
3 916f0 d453e59cf2916f08e19a c 0 1 0 3 0 f 0 1
3 48527 4852766f8e7a7ef0f24d b 1 1 3 3 8 f 0 1
3 ab190 7630a8f03fab190f64c7 3 1 1 1 3 2 f 0 1
3 924b6 2163c00fe3924b6fe9f9 b 1 1 1 3 2 f 0 1
3 18ed8 c1d68001768bc5018ed8 d 1 1 0 3 1 f 0 1
3 1ffa8 30c1572f2d2fec11ffa8 0 0 1 0 3 0 f 0 1
3 0a6d2 a9ba251dc5251770fa0b 1 0 1 0 3 0 f 0 1
3 24eb8 26c3013aa824eb85c85c 2 1 1 1 3 2 f 0 1
3 5ba36 7526f6f12c5ba3609f55 a 1 1 1 3 2 f 0 1
3 37f58 1ab426921237f5819d06 4 0 1 0 3 0 f 0 1
3 bb20e 6e632bb20e295c2f167e a 0 1 0 3 0 f 0 1
3 2ae36 de21953ce5b0ad02ae36 6 0 1 0 3 0 f 0 1
3 b17d5 263027c3b5b17d58da65 a 1 1 1 3 2 f 0 1
3 b023f f8a15b023ff8bf2abbcf 2 0 1 0 3 0 f 0 1
3 4b3bc 0a6e3fbabdd47b24b3bc 2 0 1 0 3 0 f 0 1
3 92cc9 07c9e92cc9804cf89e04 4 1 1 2 3 4 f 0 1
3 e73b7 4db93e73b7e0abe36be1 d 1 1 2 3 4 f 0 1
3 12c84 12c84b4aee661c86039e c 1 1 3 3 8 f 0 1
3 3705c 3705c8a7847a1674d4fb 4 0 1 0 3 0 f 0 1
3 339f6 339f61b8f86076a290ee 8 1 1 3 3 8 f 0 1
3 45965 69d42dc30de667d45965 9 1 1 0 3 1 f 0 1
3 0517a 3b1f1b484792b0498fbc 5 0 1 0 3 0 f 0 1
3 7b9e8 e18b37e0d77b9e837efc 8 0 1 0 3 0 f 0 1
3 826c6 826c6cfb1dc0d1c7940f 8 1 1 3 3 8 f 0 1
3 46a8b db4e9fd2581259746a8b c 0 1 0 3 0 f 0 1
3 7bbdd cdb4ceced1fe0f87bbdd c 0 1 0 3 0 f 0 1
3 768b1 cf06dcba1c5e6918eea5 5 0 1 0 3 0 f 0 1
3 0b0fe 687df73d9b0b0fe0b0fe 6 1 1 1 3 2 f 0 1
3 9c4ff 9c4ff078609c4ff29817 5 0 1 0 3 0 f 0 1
3 5d374 373c062d795d3740e04a 3 1 1 1 3 2 f 0 1
3 70d00 5728c70d00a29c475a77 d 1 1 2 3 4 f 0 1
3 cedc6 9b0fbd8b50ba08dcedc6 a 0 1 0 3 0 f 0 1
3 f2a89 ea718a9b841ef8d100f5 7 0 1 0 3 0 f 0 1
3 8a834 26b15309be8a834fe80d 8 0 1 0 3 0 f 0 1
3 5cc33 5cc338ca465cc33d9520 1 0 1 0 3 0 f 0 1
3 050ce 42c54831ad2fda4050ce 2 0 1 0 3 0 f 0 1
3 4f6a6 680af4f6a6abc3a67ab9 5 1 1 2 3 4 f 0 1
3 b0385 b0385befb3b4a137ae68 a 1 1 3 3 8 f 0 1
3 91369 138687d8b799b6391369 a 0 1 0 3 0 f 0 1
3 8d609 521ba8d609b6fe8952d9 f 1 1 2 3 4 f 0 1
3 5c570 800c903d8859c345c570 9 1 1 0 3 1 f 0 1
3 0d5be dcf81a800ae52440d5be 0 0 1 0 3 0 f 0 1
3 37dc2 fb77937dc25067a69470 8 0 1 0 3 0 f 0 1
3 d1742 d17422b7c003727821a9 5 0 1 0 3 0 f 0 1
3 5c682 af23b2c557332dd5c682 1 1 1 0 3 1 f 0 1
3 f70de 8f38314c06f77eef70de f 1 1 0 3 1 f 0 1
3 4d4e3 3fbfa4d4e34a86ac705c d 1 1 2 3 4 f 0 1
3 5dc4b cea8d245810f3355dc4b f 1 1 0 3 1 f 0 1
3 570e8 0341839441570e84e013 a 1 1 1 3 2 f 0 1
3 e9ee0 456bee9ee0f3ef5fc5a4 3 0 1 0 3 0 f 0 1
3 4ec8a f3d3b39ffe091e883f0d b 0 1 0 3 0 f 0 1
3 ed454 21a26ed454066d68727a e 1 1 2 3 4 f 0 1
3 9dcae 61158170399958a9dcae 8 0 1 0 3 0 f 0 1
3 cb171 41210cb1713bd97624c5 5 1 1 2 3 4 f 0 1
3 46a9b dc3ad1b12af1b3b46a9b 6 0 1 0 3 0 f 0 1
3 57f4f 9f0196f51dd52c057f4f 9 1 1 0 3 1 f 0 1
3 3593a 19d473593ab36d25cf77 2 0 1 0 3 0 f 0 1
3 95da6 b04933ca1cf38d6cf2e5 7 0 1 0 3 0 f 0 1
3 223ad bfd3d223adc069d0eda1 6 1 1 2 3 4 f 0 1
3 b92ba b92ba1301d2993fb17a9 7 0 1 0 3 0 f 0 1
3 90ebb 671c1243ded5b2b90ebb b 1 1 0 3 1 f 0 1
3 2aa15 6a35da230269c0716d9d 5 0 1 0 3 0 f 0 1
3 6a6b7 40fc1515466a6b7d4228 f 1 1 1 3 2 f 0 1
3 000ba 000baec67cfce8632087 3 0 1 0 3 0 f 0 1
3 cc2ce 7f662a8dfee7c6b25eb1 5 0 1 0 3 0 f 0 1
3 73f33 73f33aba2e73f33f5b37 7 1 1 1 3 2 f 0 1
3 8625b fb9b08625b9a96c5cdf8 1 0 1 0 3 0 f 0 1
3 8742e d3a691c19f8742e361b1 8 0 1 0 3 0 f 0 1
3 cc0c5 64e95e5b50436197ffda f 0 1 0 3 0 f 0 1
3 053b3 d7e95e98edc62c6053b3 4 0 1 0 3 0 f 0 1
3 12146 94d3112146d267f47a44 3 0 1 0 3 0 f 0 1
3 aa46b ede14ff280aa46b3a364 e 1 1 1 3 2 f 0 1
3 34f4a 2f6e7629d1bf3767e151 a 0 1 0 3 0 f 0 1
3 240a2 1f402240a2dfaa9039b5 1 0 1 0 3 0 f 0 1
3 cf63b 55d8fcf63b3d54ff9ea3 0 0 1 0 3 0 f 0 1
3 c4f2a 068d0c4f2a20b2e1fbad e 1 1 2 3 4 f 0 1
3 4c9ee e42b04c9ee8e2e5ad36d 2 0 1 0 3 0 f 0 1
3 e1a69 ca9a5040b62e62ae1a69 e 0 1 0 3 0 f 0 1
3 51dfe 51dfe59f632060d52af9 6 0 1 0 3 0 f 0 1
3 6b4b2 ddcfb6b4b26b4b220510 8 0 1 0 3 0 f 0 1
3 c01d0 0bfecf4f080ce61c01d0 1 1 1 0 3 1 f 0 1
3 b41e7 208f32545eb41e737f04 d 0 1 0 3 0 f 0 1
3 ce0d1 dc87f2ec1594360d8ff8 4 0 1 0 3 0 f 0 1
3 2ed15 fc8e1f47e31efa3bc50e f 0 1 0 3 0 f 0 1
3 c7b2b bcbf294717c7b2bfc003 6 1 1 1 3 2 f 0 1
3 d965d d965d7c4862ba5ab6f51 4 0 1 0 3 0 f 0 1
3 a20e0 7a475a20e03df835569f e 1 1 2 3 4 f 0 1
3 5043e e3c785043e5043e2878c a 1 1 1 3 2 f 0 1
3 72e84 1004872e84f2de60db9e 3 0 1 0 3 0 f 0 1
3 57c77 7c9fb57c774ddc5fb59a 1 0 1 0 3 0 f 0 1
3 f7c00 62da6f7c00e9cdcd9c5d 5 1 1 2 3 4 f 0 1
3 54ded 54ded93e8454ded5bcaa 8 1 1 3 3 8 f 0 1
3 0e946 0014e0e9468d8ccdc175 7 1 1 2 3 4 f 0 1
3 11c8e 3ab6dec7ab72382e6aa0 4 0 1 0 3 0 f 0 1
3 20d78 5835fb96c620d786575d f 1 1 1 3 2 f 0 1
3 d90e1 589ef8ffc427e3fa0041 a 0 1 0 3 0 f 0 1
3 c1ed7 c6629ec79321000c1ed7 9 1 1 0 3 1 f 0 1
3 b0aa6 b0aa659cf60229bc3dec f 1 1 3 3 8 f 0 1
3 3295a 8400d60011cd6f27f8a4 5 0 1 0 3 0 f 0 1
3 36f8b a414b36f8b064b0e5372 0 0 1 0 3 0 f 0 1
3 d8c7f 83b29f8bc72201adaa0f 6 0 1 0 3 0 f 0 1
3 56dbb 3a3993f1aaf440656dbb 4 0 1 0 3 0 f 0 1
3 7b489 8b84abbf5c7b48945282 1 0 1 0 3 0 f 0 1
3 3960a 54b47de34dfdd34c592d 5 0 1 0 3 0 f 0 1
3 edd1a edd1a8d4ceedd1af8deb 3 1 1 1 3 2 f 0 1
3 a0e49 a0e497b485a8e601e7f6 d 1 1 3 3 8 f 0 1
3 63efc 6d58a262a82d1ac63efc e 0 1 0 3 0 f 0 1
3 8915d 6e45234f242f1828915d b 1 1 0 3 1 f 0 1
3 894cc bd9597f50f894cc73b82 3 1 1 1 3 2 f 0 1
3 256e2 06af3256e2283928992a f 1 1 2 3 4 f 0 1
3 ebeba de1ec681e0e44dcebeba e 0 1 0 3 0 f 0 1
3 88b37 9509d8c0c2ab58688b37 f 1 1 0 3 1 f 0 1
3 80c6c f74d880c6ce618ab173d 3 0 1 0 3 0 f 0 1
3 724b7 15df3724b73f56801feb 7 1 1 2 3 4 f 0 1
3 ef8a8 d738348ad75388fb9986 b 0 1 0 3 0 f 0 1
3 83803 83803af62592fa4939f8 e 1 1 3 3 8 f 0 1
3 d75de db947d2c710c1ead75de d 1 1 0 3 1 f 0 1
3 a7c3a cab0a9ae90a7c3a5335d 0 0 1 0 3 0 f 0 1
3 935e6 90973ebd6c935e6187a0 5 0 1 0 3 0 f 0 1
3 38e96 58b63637ad2f81238e96 f 1 1 0 3 1 f 0 1
3 64db1 c8b93570de6168a64db1 9 1 1 0 3 1 f 0 1
3 62422 8917da617c54b3b62422 3 1 1 0 3 1 f 0 1
3 728e8 6a763303b53d52b728e8 7 1 1 0 3 1 f 0 1
3 90433 dd8c7c5e9190433dc425 5 0 1 0 3 0 f 0 1
3 48ec1 48ec112864af69aab76f f 1 1 3 3 8 f 0 1
3 91c92 7ef89d1a3691c925dcec 1 0 1 0 3 0 f 0 1
3 092ac 6075c092acbaaf7bd08e 2 0 1 0 3 0 f 0 1
3 24390 24390eeb64e399e7088c 6 0 1 0 3 0 f 0 1
3 f8ac1 409d9f00899216545035 1 0 1 0 3 0 f 0 1
3 cf7b2 de8dccf7b237b7482473 3 0 1 0 3 0 f 0 1
3 46b71 04e2746b719e524c7d10 e 1 1 2 3 4 f 0 1
3 0640e 6888a8cf00f1bb70640e 6 0 1 0 3 0 f 0 1
3 10e6d 64e39325f22260ada027 e 0 1 0 3 0 f 0 1
3 f696e 02e2014283820f7f696e e 0 1 0 3 0 f 0 1
3 07df7 2e18b0954707df7c92db e 1 1 1 3 2 f 0 1
3 c2efb f076eafc958500b79f17 7 0 1 0 3 0 f 0 1
3 e1d51 e1d513c3f800da222ce2 5 0 1 0 3 0 f 0 1
3 6a32a 570524dd059a0b65b07e 0 0 1 0 3 0 f 0 1
3 dedd3 535c6fb9117dd0adedd3 d 1 1 0 3 1 f 0 1
3 bd4da 51e936691b3a34abd4da 5 1 1 0 3 1 f 0 1
3 9f701 1edc5a9e1fa209ca242f 5 0 1 0 3 0 f 0 1
3 c441d 165268d044668d5dfbab 5 0 1 0 3 0 f 0 1
3 7011c d9da4564390883a7011c 2 0 1 0 3 0 f 0 1
3 e6deb e6debf34cab3de58b863 8 1 1 3 3 8 f 0 1
3 fd8e8 fd8e87fb5ac0ab3d1b92 6 0 1 0 3 0 f 0 1
3 62198 62198729c52bfbd2bf31 3 0 1 0 3 0 f 0 1
3 efd00 461b1b954922a66efd00 e 0 1 0 3 0 f 0 1
3 4d8e7 301813b8f7fa4364d8e7 0 0 1 0 3 0 f 0 1
3 e6f15 e6f1534e9fa160cda45f 0 0 1 0 3 0 f 0 1
3 b159e c4b4b2afdcb159e1d914 9 0 1 0 3 0 f 0 1
3 29988 099edb16bd299884498c a 1 1 1 3 2 f 0 1
3 8f64f 8f64f143d425d1e5536e b 1 1 3 3 8 f 0 1
3 368d9 5c552a0d3d9115f1a130 7 0 1 0 3 0 f 0 1
3 4962e 1f2eb4962e713cd7c147 7 1 1 2 3 4 f 0 1
3 77f61 6840391055576d7bc920 4 0 1 0 3 0 f 0 1
3 38a2f 9bbcb052f538a2f38a2f c 0 1 0 3 0 f 0 1
3 b99fa ddaefb99fab476c17cc0 5 1 1 2 3 4 f 0 1
3 57e60 57e608fbf38d38dadcf3 4 0 1 0 3 0 f 0 1
3 ef18d fa0e4d48370b468d4f4a 9 0 1 0 3 0 f 0 1
3 61510 425f79170cc47c852d2e 1 0 1 0 3 0 f 0 1
3 04823 0a7c2201bfd4ed78f625 9 0 1 0 3 0 f 0 1
3 292fd 292fd4fd861317389cd5 d 1 1 3 3 8 f 0 1
3 a3036 46166f64a4d8395a4852 1 0 1 0 3 0 f 0 1
3 9b4b5 9b4b59a03d13ede2c45d e 1 1 3 3 8 f 0 1
3 b0652 b0652af47bd73b37775f 1 0 1 0 3 0 f 0 1
3 0d788 0d788b841a3256cac14d e 1 1 3 3 8 f 0 1
3 04b59 308a80a42e04b59af97a 5 0 1 0 3 0 f 0 1
3 46292 398888acb267bf7eceb4 6 0 1 0 3 0 f 0 1
3 38e50 4891e38e507bb9ba7aa1 9 0 1 0 3 0 f 0 1
3 11cf9 11cf9598ba6e7d9c6b3d c 1 1 3 3 8 f 0 1
3 88dd8 1299f6928288dd8e9933 a 1 1 1 3 2 f 0 1
3 386be 0bd5ffc2be99beb386be 8 0 1 0 3 0 f 0 1
3 3a685 dd31a5697d3a685043b0 3 1 1 1 3 2 f 0 1
3 87ca4 87ca4cb1f450f1045e84 3 0 1 0 3 0 f 0 1
3 23cc3 d809e7c2c1496413d300 5 0 1 0 3 0 f 0 1
3 1980f 690ee77932e812b1980f 0 0 1 0 3 0 f 0 1
3 b7a8e b7a8eb7a8e3a57a062d9 3 0 1 0 3 0 f 0 1
3 4f623 4f6234f62378079197ed 8 1 1 3 3 8 f 0 1
3 60ace 2c29060ace5be8a2839a f 1 1 2 3 4 f 0 1
3 c3494 c009b40c02c34943fd8e 4 0 1 0 3 0 f 0 1
3 5d214 8fbdb24dfe5d214f1203 e 1 1 1 3 2 f 0 1
3 3f213 cf0093f213cd5daaea4d 3 0 1 0 3 0 f 0 1
3 39fdf 39fdf6ad6639fdf1c88b 2 1 1 1 3 2 f 0 1
3 12d59 e831b7f2720e641d4877 3 0 1 0 3 0 f 0 1
3 9d5d6 7426d86803a5a369d5d6 8 0 1 0 3 0 f 0 1
3 287a4 287a44f0690b12f6db9c a 1 1 3 3 8 f 0 1
3 4fc5b 520e04fc5b7ad0be8367 6 1 1 2 3 4 f 0 1
3 0caa4 2c223bea60f960890f9b 0 0 1 0 3 0 f 0 1
3 0b689 98c5371a664745b83156 6 0 1 0 3 0 f 0 1
3 d89e2 18691839248fe67d89e2 1 1 1 0 3 1 f 0 1
3 a1f93 9ac5c5b6aaa6ef2a1f93 8 0 1 0 3 0 f 0 1
3 2879a 6b7182879ae6f11e6102 c 1 1 2 3 4 f 0 1
3 0303d 810740303d65ab28f5da 4 1 1 2 3 4 f 0 1
3 d7da7 f91d2b545a4d7c2d7da7 4 0 1 0 3 0 f 0 1
3 76b9a ec728501e5e84399523a 2 0 1 0 3 0 f 0 1
3 02e48 ca278a0543dd76902e48 0 0 1 0 3 0 f 0 1
3 e861e 0928d9346e8378abec30 2 0 1 0 3 0 f 0 1
3 d2ce6 d2ce6fc3cdb82809d821 9 1 1 3 3 8 f 0 1
3 27537 3845d27537a09841f6b3 2 0 1 0 3 0 f 0 1
3 37ed4 6da56ca2b5cf30237ed4 4 0 1 0 3 0 f 0 1
3 5512e 3b14340fac5512eec0be 3 1 1 1 3 2 f 0 1
3 95f37 4f6e22d96795f370d786 7 1 1 1 3 2 f 0 1
3 2639b 3c4646bf9c77fe907ccc 6 0 1 0 3 0 f 0 1
3 b62ec 85d7c85800b62ecb6290 e 1 1 1 3 2 f 0 1
3 58ac4 0ec98c2462783acd4568 0 0 1 0 3 0 f 0 1
3 9f4cb 79a529f4cbb864065c86 6 1 1 2 3 4 f 0 1
3 39e22 6a91b85aad39e22cb273 0 0 1 0 3 0 f 0 1
3 56e24 06cab9c04a9cde456e24 f 1 1 0 3 1 f 0 1
3 d022e 8db66d022e1ab3a50357 e 1 1 2 3 4 f 0 1
3 b87cc b87cc0eb806034f67c26 d 1 1 3 3 8 f 0 1
3 d4e0a 1ea87d4e0ab65cb527c4 0 0 1 0 3 0 f 0 1
3 87168 45fb7e358887168e41f1 b 1 1 1 3 2 f 0 1
3 d390b faf71bf4b3d390b8ece7 5 0 1 0 3 0 f 0 1
3 8ee81 8ee81da2f5f264c422db a 1 1 3 3 8 f 0 1
3 d296a 97e856d84857683b0640 f 0 1 0 3 0 f 0 1
3 928b3 9889a928b33184e928b3 7 1 1 0 3 5 f 1 1
3 fd21d fd21d103d12860ae5fb8 3 0 1 0 3 0 f 0 1
3 ee956 47953d0ba4ee95630fd0 2 1 1 1 3 2 f 0 1
3 2513e 137d62513e8a75f491ad d 1 1 2 3 4 f 0 1
3 89f4c 2e978fa51589f4c998b1 7 1 1 1 3 2 f 0 1
3 23a10 2e7d41c24da696123a10 9 1 1 0 3 1 f 0 1
3 c4531 87870f42aa1e3ebc4531 f 1 1 0 3 1 f 0 1
3 5432c 5c517330395432c37f73 1 0 1 0 3 0 f 0 1
3 c5f7c ac2c8f7bb55d85ac5f7c e 0 1 0 3 0 f 0 1
3 008f0 58753d2dd5d00efc94c1 6 0 1 0 3 0 f 0 1
3 03dc2 08bd92def6f27dd03dc2 d 1 1 0 3 1 f 0 1
3 250f2 32601250f28319828676 4 1 1 2 3 4 f 0 1
3 b00e0 477f980536b00e0e4af9 0 0 1 0 3 0 f 0 1
3 f696d 1a21cef57af46f8f696d c 0 1 0 3 0 f 0 1
3 6e8f5 5c8d86e8f5b51c35f70e 5 1 1 2 3 4 f 0 1
3 e2086 6ce42ce7c3f96bce2086 4 0 1 0 3 0 f 0 1
3 d139f a8c15d139fded235f250 e 1 1 2 3 4 f 0 1
3 17600 a8ee61760017600c983b d 1 1 2 3 4 f 0 1
3 70899 1f64a2683afb1d270899 1 1 1 0 3 1 f 0 1
3 f338a 844a68c08dae737ee081 8 0 1 0 3 0 f 0 1
3 8de53 cd9f82a4be18b968de53 8 0 1 0 3 0 f 0 1
3 7aa84 7aa84d8f9d96afdce728 f 1 1 3 3 8 f 0 1
3 e7f07 8a18b4bb72f261c863ed 2 0 1 0 3 0 f 0 1
3 0296b c36155d4da272604f959 f 0 1 0 3 0 f 0 1
3 a68fb 36c6f82c75a68fba68fb b 1 1 0 3 3 f 1 1
3 b335f 4076cd03e4b335fb7baa e 1 1 1 3 2 f 0 1
3 fbb90 fbb90317f36aa9cfbb90 d 1 1 0 3 9 f 1 1
3 059bb 39f83a5f9852be4059bb 4 0 1 0 3 0 f 0 1
3 5d81a fcbd66c4fb0c407798f7 4 0 1 0 3 0 f 0 1
3 1bfee a33fb54895ada2a5cb77 f 0 1 0 3 0 f 0 1
3 21d89 8f2af21d8969d36a174f 0 0 1 0 3 0 f 0 1
3 50d9d 50d9d1f19f2292acaa7c f 1 1 3 3 8 f 0 1
3 0c968 fd0d7e50340c968ae7f1 d 0 1 0 3 0 f 0 1
3 1919d dc855277fc1919d72a8d 9 0 1 0 3 0 f 0 1
3 a82d5 ab4b870c10a82d529e62 8 0 1 0 3 0 f 0 1
3 210d9 67f8e210d96a3f4106cf c 1 1 2 3 4 f 0 1
3 55c40 55c4058d85b6295d3aa6 1 0 1 0 3 0 f 0 1
3 9bb8d ce004f3195abea0d8311 0 0 1 0 3 0 f 0 1
3 09829 8ebd24e9ca098299f702 6 1 1 1 3 2 f 0 1
3 19a1d 9b9176e145b27eb509c2 8 0 1 0 3 0 f 0 1
3 56c86 52b8f18ff0be45120d57 7 0 1 0 3 0 f 0 1
3 e73f2 55d24b4c2be73f2e30a2 a 1 1 1 3 2 f 0 1
3 5ec65 5ec652ccfbe0574ae4ea f 1 1 3 3 8 f 0 1
3 374f6 5d5725272a374f6723b3 4 0 1 0 3 0 f 0 1
3 4155f 4155f3cd61d81f19933b b 1 1 3 3 8 f 0 1
3 76ec6 c10dc9c45a3de2062005 f 0 1 0 3 0 f 0 1
3 d58dc d58dc6b02011a33d58dc a 1 1 3 3 8 f 0 1
3 1faa1 5c6b01faa15de4d25a9a e 1 1 2 3 4 f 0 1
3 a3efa 699caa3efa253a8e44d0 0 0 1 0 3 0 f 0 1
3 491ae b7adb439d36f926491ae 1 1 1 0 3 1 f 0 1
3 65c79 36d84940208dd3865c79 8 0 1 0 3 0 f 0 1
3 515af 515af77089606905adee 8 1 1 3 3 8 f 0 1
3 d8d42 d8d421b8c2ed62b4e184 2 0 1 0 3 0 f 0 1
3 ae85b f7fb83833bae85b1e523 1 0 1 0 3 0 f 0 1
3 22894 cc14922894b9d96d3871 7 1 1 2 3 4 f 0 1
3 46946 65c60469462428e1035d a 0 1 0 3 0 f 0 1
3 f8509 9cf18c3d73db70af4f08 e 0 1 0 3 0 f 0 1
3 2706e cc633bb0eb3c9befa6b4 5 0 1 0 3 0 f 0 1
3 db724 db724e2e87604e3330a1 3 0 1 0 3 0 f 0 1
3 9cd3e 0c3b99cd3ec5231aed3f 7 1 1 2 3 4 f 0 1
3 f0dde 6ebc288c2e66c2af0dde 0 0 1 0 3 0 f 0 1
3 33403 33403b4b84a951ff86af b 1 1 3 3 8 f 0 1
3 254ae 7091493a7cd1c0d03c63 2 0 1 0 3 0 f 0 1
3 4f72f 934664f72f0068439114 e 1 1 2 3 4 f 0 1
3 90b63 90b63a47bf7dbfb7c440 2 0 1 0 3 0 f 0 1
3 331cf f694e331cf3e546a5e88 b 0 1 0 3 0 f 0 1
3 1b8e7 44d1cade88d832a1b8e7 5 1 1 0 3 1 f 0 1
3 9a604 0307387a6bb8bec9a604 c 0 1 0 3 0 f 0 1
3 fe65c fe65c5cf4ec6aff2000a 0 0 1 0 3 0 f 0 1
3 bc32a d234a54fb1bc32a9f3be 3 1 1 1 3 2 f 0 1
3 e3fb2 e3fb2daad98702ae3fb2 0 0 1 0 3 0 f 0 1
3 fe18a d0157e5db60bc6df386e 4 0 1 0 3 0 f 0 1
3 5a406 4bcc65642b7815b5a406 0 0 1 0 3 0 f 0 1
3 4010e 38827923f234676e2964 8 0 1 0 3 0 f 0 1
3 c9a9e 2cf5a642d3c9a9e6005f c 0 1 0 3 0 f 0 1
3 241db 06ff4241db3aad35b92d f 1 1 2 3 4 f 0 1
3 44cfe 7b123f8b8544cfe2d95a 5 0 1 0 3 0 f 0 1
3 4be7a 6eae84be7ab989247ae9 5 1 1 2 3 4 f 0 1
3 893fb f390c763aed5f16893fb 5 1 1 0 3 1 f 0 1
3 c3da8 c3da8599aa5355ba34a2 3 0 1 0 3 0 f 0 1
3 4d74d 09c6c091994d74dc74cb a 1 1 1 3 2 f 0 1
3 54138 54138b4c2fa9ab544310 f 1 1 3 3 8 f 0 1
3 bf109 bf10986ba143fb88d067 8 1 1 3 3 8 f 0 1
3 295e7 523af510a8181847c4ee d 0 1 0 3 0 f 0 1
3 672e7 672e730784f5b360d4ce 1 0 1 0 3 0 f 0 1
3 26fc0 26fc054c4a6f99a2ace8 2 0 1 0 3 0 f 0 1
3 87458 4d0a4c60b787458ad698 8 0 1 0 3 0 f 0 1
3 21fac 21facfc38792915d9c91 8 1 1 3 3 8 f 0 1
3 9d05d d02436bc5d9d05dce78e 2 1 1 1 3 2 f 0 1
3 061bc 9631d63b55ed2be913a8 2 0 1 0 3 0 f 0 1
3 05b1f 1baa8e5e1a05b1fa97e9 5 0 1 0 3 0 f 0 1
3 96bf7 3be1596bf7db3a615905 6 1 1 2 3 4 f 0 1
3 9bf89 a10a69bf8988c4149707 e 1 1 2 3 4 f 0 1
3 c0028 94ea6c0028824d8b666d 0 0 1 0 3 0 f 0 1
3 e2c30 0901d196b2d0f56e2c30 2 0 1 0 3 0 f 0 1
3 59116 44bc95911683ab9d6e0a 0 0 1 0 3 0 f 0 1
3 ec781 4ac27ec7811e907fa4f3 8 0 1 0 3 0 f 0 1
3 5051b e82113932c5051bd048e b 1 1 1 3 2 f 0 1
3 68b55 68b5560439652689dc95 7 0 1 0 3 0 f 0 1
3 41256 412563ad21d1aa26a555 f 1 1 3 3 8 f 0 1
3 6ffb9 6ffb92b64cbd34fa9c32 f 1 1 3 3 8 f 0 1
3 ec14d ad29838b7b33ebfec14d e 0 1 0 3 0 f 0 1
3 c599e 354dfe3748080ecc599e 4 0 1 0 3 0 f 0 1
3 deee3 d0bf379ed5deee31473f f 1 1 1 3 2 f 0 1
3 e3c43 e0ccf7eba4e3c431dc63 3 1 1 1 3 2 f 0 1
3 fa5c8 fa5c847f3ed823613abe 3 0 1 0 3 0 f 0 1
3 3ceb1 62466a1c803ceb12ee5c 0 0 1 0 3 0 f 0 1
3 f65c8 4785f54ad68e3a4f65c8 3 1 1 0 3 1 f 0 1
3 c1fd3 c1fd34eed97f62f13e3b 5 0 1 0 3 0 f 0 1
3 840f8 b2631840f817afc8009b 8 0 1 0 3 0 f 0 1
3 490aa 490aaaa396c71a95bbfe c 1 1 3 3 8 f 0 1
3 11eb4 11eb41a83bd032a11c6b e 1 1 3 3 8 f 0 1
3 0e203 d01756884bd35c40e203 a 0 1 0 3 0 f 0 1
3 873f2 5433f4b3faacfbf873f2 0 0 1 0 3 0 f 0 1
3 7908a 0d6d37908a93db753f6a 8 0 1 0 3 0 f 0 1
3 3ee37 1eb5c243d2bd907f940f 2 0 1 0 3 0 f 0 1
3 b2ee6 b941df8bec5b1def8751 6 0 1 0 3 0 f 0 1
3 f1c93 b1495f1c932e0bb52f08 c 1 1 2 3 4 f 0 1
3 59c7d 59c7d9e8be1e1c51fe0a c 1 1 3 3 8 f 0 1
3 5dedc 6afcc122d35dedc68d8e f 1 1 1 3 2 f 0 1
3 39389 393899fb88e6ba478708 d 1 1 3 3 8 f 0 1
3 abd86 a74840516d1a04bba590 0 0 1 0 3 0 f 0 1
3 52bd0 2d68db6b3d225d452bd0 9 1 1 0 3 1 f 0 1
3 fb9f5 12645342d724c66fb9f5 1 1 1 0 3 1 f 0 1
3 0e916 7176e0e91690aa9ec87f d 1 1 2 3 4 f 0 1
3 a37eb c30294ec6ea37eb93fc4 2 1 1 1 3 2 f 0 1
3 f419c 60384f419c67e9063ec7 c 1 1 2 3 4 f 0 1
3 5ea24 9c5177422c5ea249bc6f 4 0 1 0 3 0 f 0 1
3 9909a 9909a14fb1c2706e4aea 7 0 1 0 3 0 f 0 1
3 584ad b3cb7809082ab4a29d1e 6 0 1 0 3 0 f 0 1
3 5f2c5 5f2c5629f14debdb4b70 4 0 1 0 3 0 f 0 1
3 a0cf6 a2bad8fb95a0cf686162 7 1 1 1 3 2 f 0 1
3 b2ca7 2a02be6af2ee727b2ca7 0 0 1 0 3 0 f 0 1
3 35723 7107df8a7e357236b7e2 d 0 1 0 3 0 f 0 1
3 2f8d9 64ec0f0cdbec76bada25 e 0 1 0 3 0 f 0 1
3 e02d1 4b8988adf533c9fe02d1 6 0 1 0 3 0 f 0 1
3 3ec9b 3ec9b6c2093ec9bbee92 6 1 1 1 3 2 f 0 1
3 1a945 1a9452772cc161a9c9ee a 1 1 3 3 8 f 0 1
3 941c5 002424f661941c52fc78 c 0 1 0 3 0 f 0 1
3 423bf dc0cdb0635423bff7ba2 d 0 1 0 3 0 f 0 1
3 168e4 dd27196f36168e43f227 8 0 1 0 3 0 f 0 1
3 fc94f 950b013ea384236fc94f 5 1 1 0 3 1 f 0 1
3 b4035 63e88b403596646a7b2b 7 1 1 2 3 4 f 0 1
3 747fc 55e9a7bf576e3cf747fc 2 0 1 0 3 0 f 0 1
3 d0e2f 8c0f3fa0ec3c20d5daa2 4 0 1 0 3 0 f 0 1
3 15365 cca0915365dbb51dc4f0 6 1 1 2 3 4 f 0 1
3 3ea89 0bdb27baa883e73a535a 0 0 1 0 3 0 f 0 1
3 15935 731e5159354e9bb8a1a3 9 0 1 0 3 0 f 0 1
3 10bc6 3464c10bc610bc658d10 4 1 1 2 3 4 f 0 1
3 45399 c764ac6621453996db3e 2 1 1 1 3 2 f 0 1
3 fbdb9 aecf961143af67ed1583 d 0 1 0 3 0 f 0 1
3 82c4c caaed27ddc94ce8fcad3 f 0 1 0 3 0 f 0 1
3 e44c1 87bfbe44c198ba3386f6 7 1 1 2 3 4 f 0 1
3 aa82d b6c9d045fbaa82de2b3a 8 0 1 0 3 0 f 0 1
3 8f144 c207fe449075d468f144 5 1 1 0 3 1 f 0 1
3 cb81d 24bddb936b76b553d855 9 0 1 0 3 0 f 0 1
3 24f75 24f75f87f336033be05a 7 0 1 0 3 0 f 0 1
3 5730c 5730c59b51dbd02a2aec 4 0 1 0 3 0 f 0 1
3 e04d1 574e75f3c147ddde04d1 3 1 1 0 3 1 f 0 1
3 7b892 eba179d52e7b8928cba3 b 1 1 1 3 2 f 0 1
3 35edb 35edb1186a70a2a522de 1 0 1 0 3 0 f 0 1
3 e8c7c 1a328efbaff1947b0540 2 0 1 0 3 0 f 0 1
3 9c9a6 88aa1233c1024346518a 1 0 1 0 3 0 f 0 1
3 b69cb 02bb39301cb69cbb894b 0 0 1 0 3 0 f 0 1
3 e419b 9acd054c8ae419bcc519 4 0 1 0 3 0 f 0 1
3 902f2 751d7850041cd5e902f2 3 1 1 0 3 1 f 0 1
3 1cf4d 71534a405b6370a1cf4d 3 1 1 0 3 1 f 0 1
3 d4c78 d4c780fc7a557b8ab224 1 0 1 0 3 0 f 0 1
3 a017c 70db54ad2f91fafa017c c 0 1 0 3 0 f 0 1
3 c3e05 e44e0c3e058d930c3e05 6 1 1 2 3 4 f 0 1
3 a2dc3 fa2aba2dc39b96d09397 c 1 1 2 3 4 f 0 1
3 d7c4d 8eb4ad7c4df64e4467fa a 0 1 0 3 0 f 0 1
3 2c8ac ac86a342a8ed2bf2c8ac 7 1 1 0 3 1 f 0 1
3 5ed3b 682e104770535fa21789 1 0 1 0 3 0 f 0 1
3 39c40 bde6e16ad22953239c40 a 0 1 0 3 0 f 0 1
3 195a2 5a159f4868195a2195a2 2 1 1 1 3 2 f 0 1
3 3ffc4 3ffc4ec88ff94a6e7f4a d 1 1 3 3 8 f 0 1
3 76e6c 8d3025973d19c9f76e6c 7 1 1 0 3 1 f 0 1
3 e5b36 64e0ae5b360f2f8a8c2f 9 0 1 0 3 0 f 0 1
3 0309c 353f23dd2fa9abf0309c 1 1 1 0 3 1 f 0 1
3 fbbbe fbbbeeec08574602da18 e 1 1 3 3 8 f 0 1
3 b0011 af673b30a4b9dbdb0011 9 1 1 0 3 1 f 0 1
3 39617 8ad573723a39617d44a8 9 0 1 0 3 0 f 0 1
3 c3801 4cbb35f736c704fd6a05 1 0 1 0 3 0 f 0 1
3 c6995 c6995de962ba3a80b4b7 6 0 1 0 3 0 f 0 1
3 2c73c b0c0725a331e216472c9 a 0 1 0 3 0 f 0 1
3 932d9 3659c8664116914d247f f 0 1 0 3 0 f 0 1
3 76710 8c7d1a98dbc2eb3f6ac4 9 0 1 0 3 0 f 0 1
3 8914f c86308df9e2ee02a1401 5 0 1 0 3 0 f 0 1
3 c9e97 f2019c9e97c9e97a4099 6 1 1 1 3 6 f 1 1
3 49080 4773c4f7e7a1c43f400d 5 0 1 0 3 0 f 0 1
3 d1770 d0393d1770d17701ba52 4 1 1 2 3 4 f 0 1
3 86e01 02b449f7fa86e01cbe8e e 1 1 1 3 2 f 0 1
3 df6db 5bc2312ed90648adf6db 0 0 1 0 3 0 f 0 1
3 cc51d cc51dce75e8d29fe34bc d 1 1 3 3 8 f 0 1
3 8ee5e 3743ea55d98ee5e623f8 3 1 1 1 3 2 f 0 1
3 8f190 bb1938f19039ba2a42ef 2 0 1 0 3 0 f 0 1
3 530a3 530a37f60f8b4a60b8a4 8 1 1 3 3 8 f 0 1
3 8eed4 6b8f22e866ce3f4392c7 f 0 1 0 3 0 f 0 1
3 30415 30415b69ac923b42cac2 8 1 1 3 3 8 f 0 1
3 c8947 0352daf0523858ec8947 a 0 1 0 3 0 f 0 1
3 160fb 9bd8a80ff74de4c9b427 7 0 1 0 3 0 f 0 1
3 3e5e3 5d70419fbc3e5e393510 7 1 1 1 3 2 f 0 1
3 ec89a ec89a9e006f3e39e4ffd 9 1 1 3 3 8 f 0 1
3 c197d c197d5ea8c0d7f4c197d 0 0 1 0 3 0 f 0 1
3 a0669 c2ee84561fa0669eda4f d 0 1 0 3 0 f 0 1
3 522dc 7b5c8dfed279f42522dc 9 1 1 0 3 1 f 0 1
3 33417 d138567286f327915a05 b 0 1 0 3 0 f 0 1
3 6dcbc 6dcbccee6a1479d6037b 2 0 1 0 3 0 f 0 1
3 1c6bc bf2d01c6bc9f54cdd078 a 0 1 0 3 0 f 0 1
3 56cbf 5d87e56cbf70e96db33c 2 0 1 0 3 0 f 0 1
3 6655a 951e52bbf0ee1ba6655a c 0 1 0 3 0 f 0 1
3 daf4e daf4e42399425811f175 b 1 1 3 3 8 f 0 1
3 f27cd c76c797056f27cd10b36 4 0 1 0 3 0 f 0 1
3 0aecb 565bf0aecb5851fff43f 3 0 1 0 3 0 f 0 1
3 e2fbd 0f2ce3d81718846b1a10 3 0 1 0 3 0 f 0 1
3 db020 93fafc64462ee01db020 5 1 1 0 3 1 f 0 1
3 8b2ab 189098b2abb0e553c35b a 0 1 0 3 0 f 0 1
3 cf53a ec8ad60c2bfa116cf53a 7 1 1 0 3 1 f 0 1
3 33f1f 33f1f07de4e2803ac617 d 1 1 3 3 8 f 0 1
3 e65cc e14cd22ba0e65ccd1f98 0 0 1 0 3 0 f 0 1
3 5a937 f60305a9379098afc273 f 1 1 2 3 4 f 0 1
3 f5ffd a7ccdf5ffdbc85685c23 6 1 1 2 3 4 f 0 1
3 7ed77 7ed778f160e7a6f04e14 b 1 1 3 3 8 f 0 1
3 8cf8a 8cf8a62ed35699425fbd e 1 1 3 3 8 f 0 1
3 40886 9f6fadddd64088664ffa 1 0 1 0 3 0 f 0 1
3 d7c1a e2ef110b5fd7c1a9d1bb 3 1 1 1 3 2 f 0 1
3 c5801 cca37e09237a885c5801 a 0 1 0 3 0 f 0 1
3 34747 860099f82434747fc864 c 0 1 0 3 0 f 0 1
3 cc36b 7b8f5cc36bb2478aab88 f 1 1 2 3 4 f 0 1
3 613bc 510f434949613bce45c9 4 0 1 0 3 0 f 0 1
3 7ed11 7ed11cfb1a8e7673e5f0 7 0 1 0 3 0 f 0 1
3 4ed6b afccc18fdb4ed6bfc319 8 0 1 0 3 0 f 0 1
3 3717e c4a6565ab13717e26db4 d 0 1 0 3 0 f 0 1
3 f1d8c 8f5b5f1d8c39b5d0284b 7 1 1 2 3 4 f 0 1
3 e71ae 1c836e1cf6e17a452a4f 2 0 1 0 3 0 f 0 1
3 222fa d823f67123222fafe9b2 6 1 1 1 3 2 f 0 1
3 b69ea 77c8f8fafd2a91fb69ea f 1 1 0 3 1 f 0 1
3 ed154 ac41c3fe7bed1547d2ea 8 0 1 0 3 0 f 0 1
3 0ae26 b138bd8e121e74acc753 7 0 1 0 3 0 f 0 1
3 864ce c3b6cf5234864ce58067 4 0 1 0 3 0 f 0 1
3 0ea8b d063cc130486cd1ca616 a 0 1 0 3 0 f 0 1
3 a9501 dea6da9501ace976d51d 0 0 1 0 3 0 f 0 1
3 5b8e7 5b8e7826ca12878f7214 4 0 1 0 3 0 f 0 1
3 1fd38 429f70c072eba441fd38 f 1 1 0 3 1 f 0 1
3 9d7aa 9d7aaf3e82dd27b7e782 e 1 1 3 3 8 f 0 1
3 8413f 8413ff497735e0ece1e2 8 1 1 3 3 8 f 0 1
3 3aa23 95913edf73c6d1f3aa23 c 0 1 0 3 0 f 0 1
3 43c31 43c310395a71d83a2991 2 0 1 0 3 0 f 0 1
3 4e587 4e587d63196419962c5f 3 0 1 0 3 0 f 0 1
3 19dc5 fd3ff99e25d84fc4ab9c 9 0 1 0 3 0 f 0 1
3 b2113 95ac06f7b6fdd63b2113 5 1 1 0 3 1 f 0 1
3 f2cd2 f2cd20620702f38f2cd2 3 1 1 0 3 1 f 0 1
3 17b8d 17b8d0fbf65e60238656 f 1 1 3 3 8 f 0 1
3 76873 76873e4314126e85ba7d 8 1 1 3 3 8 f 0 1
3 ca8ae ca8ae036ecfa3427a988 e 1 1 3 3 8 f 0 1
3 9a82d 74baae5c71364d89a82d f 1 1 0 3 1 f 0 1
3 4e03c f24814e03cda3997c0c5 d 1 1 2 3 4 f 0 1
3 a45fa 4a7f4a45fa4c328b85d3 1 0 1 0 3 0 f 0 1
3 2b961 a8ffd2b961a7a8009447 0 0 1 0 3 0 f 0 1
3 f2f7e 5da1cf2f7ef2f7ea9f8f b 1 1 1 3 2 f 0 1
3 f16fb 8990bf16fb445b9536ef 8 0 1 0 3 0 f 0 1
3 f446e c6e21036a948cc212221 0 0 1 0 3 0 f 0 1
3 d29d1 d29d1717f53c42741e9d b 1 1 3 3 8 f 0 1
3 9dbd3 ba8959dbd3c565ac1fdd f 1 1 2 3 4 f 0 1
3 cc354 7f6ef84a61d7ac1c1668 c 0 1 0 3 0 f 0 1
3 a6f94 8a2a6729d94e55990e01 9 0 1 0 3 0 f 0 1
3 db9bf 908e985100db9bffab79 1 0 1 0 3 0 f 0 1
3 90c12 4f06090c125d3e65d5b9 2 0 1 0 3 0 f 0 1
3 afec0 9fb28e8928afec0afec0 4 0 1 0 3 0 f 0 1
3 ac1a3 ac1a32b792376f2fd94a 7 0 1 0 3 0 f 0 1
3 dffea f9f75dffeaf000ad3a2f 2 0 1 0 3 0 f 0 1
3 6994f 0b9cc943d56994fb41c7 5 0 1 0 3 0 f 0 1
3 ca836 ed847ca83660a1619e64 2 0 1 0 3 0 f 0 1
3 5b2b2 d18e55b2b24eac167183 2 0 1 0 3 0 f 0 1
3 90459 904592ca7c8a8c14ec2e 5 0 1 0 3 0 f 0 1
3 0c7fe d4e130c7fec53ef89717 9 0 1 0 3 0 f 0 1
3 c65ae 6c28fa4481c65aead502 6 1 1 1 3 2 f 0 1
3 08172 e9d3c3ecb10679108172 a 0 1 0 3 0 f 0 1
3 5538b f8ed8c6dce148787cf28 5 0 1 0 3 0 f 0 1
3 4f328 4f3289cf0b75845727df f 1 1 3 3 8 f 0 1
3 aefa7 8d2ce1f7eeaefa7aa025 a 1 1 1 3 2 f 0 1
3 d2744 2fbf43df3ed274429005 4 0 1 0 3 0 f 0 1
3 727f3 c9a76d697695912d7f03 b 0 1 0 3 0 f 0 1
3 9ad92 7b200605719ad921795b 8 0 1 0 3 0 f 0 1
3 4ccaa d47c84ccaaec3c5c9a51 a 0 1 0 3 0 f 0 1
3 e4347 ef19b22c380e9cd268b7 3 0 1 0 3 0 f 0 1
3 4b89f 1886a5e6c1c89e04b89f 4 0 1 0 3 0 f 0 1
3 e9751 aed7c88f4d50628e9751 7 1 1 0 3 1 f 0 1
3 93a92 6588b9d7f993a92f56ad b 1 1 1 3 2 f 0 1
3 f5392 5475445998f5392d104c 7 1 1 1 3 2 f 0 1
3 f0a99 b9939470b5783f37f213 1 0 1 0 3 0 f 0 1
3 39125 73215b122e39125ebca0 2 1 1 1 3 2 f 0 1
3 baa5d 18eed5d303dcf8dbaa5d a 0 1 0 3 0 f 0 1
3 b76f2 b76f29da04bea489ec98 6 0 1 0 3 0 f 0 1
3 8971e dff8e8c3d38971e8971e f 1 1 0 3 3 f 1 1
3 b48d7 6e539ea3e4ca236b48d7 3 1 1 0 3 1 f 0 1
3 5d0c0 5d0c05d0c027993e0838 7 1 1 2 3 4 f 0 1
3 2f9ea 818b0863be2f9ea2f9ea 6 1 1 1 3 2 f 0 1
3 7b5f0 3b7137b5f024c15f11c8 5 1 1 2 3 4 f 0 1
3 bf9d1 bf9d14a5edf70f47dd24 3 0 1 0 3 0 f 0 1
3 b41f8 06c68b41f8ad357b8841 9 0 1 0 3 0 f 0 1
3 472a5 472a518168b49ad579c8 e 1 1 3 3 8 f 0 1
3 29157 967412842f29157b09a7 f 1 1 1 3 2 f 0 1
3 4601e a98cdd34c1564284601e f 1 1 0 3 1 f 0 1
3 f4ff7 30a57130c7f4ff781945 7 1 1 1 3 2 f 0 1
3 e5ba8 b29efe5ba8413e4e5ba8 7 1 1 0 3 5 f 1 1
3 4bee7 4bee70efb58b2a5ac40b 9 1 1 3 3 8 f 0 1
3 5f892 5f89203030835f95d96f 8 1 1 3 3 8 f 0 1
3 c0690 aaa86c069040de93b3c2 9 0 1 0 3 0 f 0 1
3 c9ce0 c9ce0cfc414df91c97e7 1 0 1 0 3 0 f 0 1
3 51085 8761203542f038f83ea5 c 0 1 0 3 0 f 0 1
3 ea2aa e4aa9c77da81bfeea2aa b 1 1 0 3 1 f 0 1
3 94ef6 0e316eef036cf99bcf53 1 0 1 0 3 0 f 0 1
3 db3be c0a411ed36adfcbdb3be 3 1 1 0 3 1 f 0 1
3 0d5c3 74a301032d0d5c3f9972 0 0 1 0 3 0 f 0 1
3 77d40 83b8313b7526c3677d40 5 1 1 0 3 1 f 0 1
3 f52fc 2978dd5a34c5242f52fc f 1 1 0 3 1 f 0 1
3 c3164 474f50a2a7c31642cf51 8 0 1 0 3 0 f 0 1
3 b323b b323b22aac5bc290a554 0 0 1 0 3 0 f 0 1
3 3d1bc 9d64f407f2c19de3d1bc 3 1 1 0 3 1 f 0 1
3 2eb8d b8cd1f4fa6515793f9b8 5 0 1 0 3 0 f 0 1
3 9a94d a31de9a94dfd6fd0a005 b 0 1 0 3 0 f 0 1
3 ad198 09c5ce947e04948ceef4 f 0 1 0 3 0 f 0 1
3 01d9b a27cca09c001d9b29061 4 0 1 0 3 0 f 0 1
3 1cac8 427401cac8206ed8095e 5 1 1 2 3 4 f 0 1
3 7fb3d ea0d87fb3d24848d2a61 c 1 1 2 3 4 f 0 1
3 9b92b bedbc9b92b492551f04c 0 0 1 0 3 0 f 0 1
3 82ac0 72e57d3512ec63482ac0 c 0 1 0 3 0 f 0 1
3 a64f1 e18d66851f0503ba64f1 2 0 1 0 3 0 f 0 1
3 61c90 30f541d4fa61c905b9d6 e 1 1 1 3 2 f 0 1
3 0424a 21e13116036d51d73b54 5 0 1 0 3 0 f 0 1
3 f2e20 f2e20a81399d8ea1b745 8 1 1 3 3 8 f 0 1
3 3f617 f522060042bb48869407 6 0 1 0 3 0 f 0 1
3 11cbc 11cbc1361157c5832591 7 0 1 0 3 0 f 0 1
3 842cb 842cb13c85842cb05e26 c 1 1 3 3 8 f 0 1
3 f4447 e19b7531a69af642e94c 5 0 1 0 3 0 f 0 1
3 d91fe d6defbdf87a4cc7d91fe 4 0 1 0 3 0 f 0 1
3 0bb36 05f8d1b986ff332c53a4 b 0 1 0 3 0 f 0 1
3 a82f8 f523344c8aa82f8d3636 8 0 1 0 3 0 f 0 1
3 4b670 16e2b4b670b9c34c9434 f 1 1 2 3 4 f 0 1
3 7263f 7263ff072fdce985a8e8 b 1 1 3 3 8 f 0 1
3 bdf08 87b6de3719bdf082c3db d 0 1 0 3 0 f 0 1
3 bdbd6 7a8debdbd6ef68354c26 d 1 1 2 3 4 f 0 1
3 3f145 60a9d3f145816ecc1415 0 0 1 0 3 0 f 0 1
3 04a58 04a58b18203bb0857431 8 1 1 3 3 8 f 0 1
3 e3d47 e3d47fca98c8e5a8075f 5 0 1 0 3 0 f 0 1
3 dccc2 dccc2aa8c16816680d2f 0 0 1 0 3 0 f 0 1
3 c9371 cd6e7c8673c93716ece7 e 1 1 1 3 2 f 0 1
3 81c37 a4493d74f8f8dd98f002 9 0 1 0 3 0 f 0 1
3 eef3a 4f443eef3a2e31179862 2 0 1 0 3 0 f 0 1
3 ef0c6 b166166f169f63fef0c6 8 0 1 0 3 0 f 0 1
3 24760 3b36b48ecb2476039220 0 0 1 0 3 0 f 0 1
3 cdb03 48490a0c23cdb03407fb f 1 1 1 3 2 f 0 1
3 23814 3fc62238143718d23814 5 1 1 0 3 5 f 1 1
3 327b7 11ced3303470591327b7 e 0 1 0 3 0 f 0 1
3 dde2a 55d4fd3d10dde2aac617 e 1 1 1 3 2 f 0 1
3 add08 d1c02add085df26f3e73 7 1 1 2 3 4 f 0 1
3 1a1a7 5cce31a1a71a1a7cedfa e 1 1 1 3 6 f 1 1
3 95cbb 95cbb707b4e5baebc098 d 1 1 3 3 8 f 0 1
3 19086 a7ce98c23367246b3b36 7 0 1 0 3 0 f 0 1
3 2d3ed d3ff328ef22d3ed716f8 1 0 1 0 3 0 f 0 1
3 83722 8372230ef0e1d9f00767 f 1 1 3 3 8 f 0 1
3 745ee ead8cf83e7745eec811b a 1 1 1 3 2 f 0 1
3 d53ae c2c66c72ac46b484c2f2 5 0 1 0 3 0 f 0 1
3 cb30c 8dc2de66c265ae9cb30c a 0 1 0 3 0 f 0 1
3 e19b5 e19b5315c696e4b91981 8 1 1 3 3 8 f 0 1
3 1e6e3 4095e79e841e6e3a7ca0 1 0 1 0 3 0 f 0 1
3 29ca8 8505da286e90ad029ca8 e 0 1 0 3 0 f 0 1
3 7409f 7409f2bf0c87394cf587 3 0 1 0 3 0 f 0 1
3 8ded8 5de1f8ded84eb0d9f9db 4 1 1 2 3 4 f 0 1
3 b1ab5 4f715b1ab56d672a0735 a 0 1 0 3 0 f 0 1
3 88e36 3d24488e3602bafddbe5 e 1 1 2 3 4 f 0 1
3 ab033 b29d0ab033d21ba3b9cf 5 1 1 2 3 4 f 0 1
3 b6912 b6912857378ed992eb5e 0 0 1 0 3 0 f 0 1
3 79f3c b027d49b6e79f3ccdd55 9 0 1 0 3 0 f 0 1
3 e1a93 8fc3a5407fa3575e1a93 6 0 1 0 3 0 f 0 1
3 50be6 4573af9ebbbb22550be6 6 0 1 0 3 0 f 0 1
3 5ac0a e63053ed2fdbcdb352dc 8 0 1 0 3 0 f 0 1
3 1e63c a22c11e63c7c8aa117f8 8 0 1 0 3 0 f 0 1
3 87196 87196a41d1b1b46da3e1 a 1 1 3 3 8 f 0 1
3 1f894 d2f131f89416515b5ce7 0 0 1 0 3 0 f 0 1
3 31943 cb1633194358d1912be5 e 1 1 2 3 4 f 0 1
3 17ef9 f7c3db2a4e17ef92a6cb 5 0 1 0 3 0 f 0 1
3 545ef 2b27a0c8d74016a545ef 8 0 1 0 3 0 f 0 1
3 e25a9 674b06a9a755c86f6cc5 f 0 1 0 3 0 f 0 1
3 ef4ed 9f87c902baa41ecef4ed d 1 1 0 3 1 f 0 1
3 a9c4c bbcaae1d0ae6d0378b4e c 0 1 0 3 0 f 0 1
3 728a5 4c2165046632f4d29448 a 0 1 0 3 0 f 0 1
3 c509d 383e54cbb53652f08ba6 9 0 1 0 3 0 f 0 1
3 01689 7be1945576aaad701689 6 0 1 0 3 0 f 0 1
3 a50ce 72ed8ca41275707a50ce 3 1 1 0 3 1 f 0 1
3 868c9 588f8bf1ca868c9fde80 6 1 1 1 3 2 f 0 1
3 cc7c0 da9c47c57bcc7c0fe114 5 0 1 0 3 0 f 0 1
3 55b9f 927d8e7b3787a820cb90 c 0 1 0 3 0 f 0 1
3 872e3 872e32642bb0c64307fb 4 0 1 0 3 0 f 0 1
3 c96d0 033c7fc01bc96d015b92 6 1 1 1 3 2 f 0 1
3 16660 8c73b317d51666016660 9 1 1 0 3 1 f 0 1
3 e9d2d 4a45d13880ab6cc2649d 7 0 1 0 3 0 f 0 1
3 6546d c61070198f287726546d 0 0 1 0 3 0 f 0 1
3 d0024 095f3d0024e943d8b621 2 0 1 0 3 0 f 0 1
3 0d62e f1ca2cd7140d62e71914 b 1 1 1 3 2 f 0 1
3 cff4a 6b262f8c94cff4a5db53 e 1 1 1 3 2 f 0 1
3 c6a17 ebfa1df1c9c6a17255be f 1 1 1 3 2 f 0 1
3 e3bdc e3bdcac50131a7266b2a c 1 1 3 3 8 f 0 1
3 ea5e1 ea5e1486a3869e8572ce d 1 1 3 3 8 f 0 1
3 48919 8324ce66abce2a9334bd e 0 1 0 3 0 f 0 1
3 6f1e9 d587e6f1e9ab2fd1a7bd 2 0 1 0 3 0 f 0 1
3 7eee6 9fc8f557b37eee6bed13 6 1 1 1 3 2 f 0 1
3 6a363 94d9c6a363c541e90b28 e 1 1 2 3 4 f 0 1
3 f8ddf f8ddf95758169b4954fd 1 0 1 0 3 0 f 0 1
3 1baae 92d557ad131baae6da65 0 0 1 0 3 0 f 0 1
3 22058 a6253eb83c6f17322058 a 0 1 0 3 0 f 0 1
3 e9a58 a7f6c6b5388e0a4e9a58 7 1 1 0 3 1 f 0 1
3 c109c 83239944eec109cc109c 0 0 1 0 3 0 f 0 1
3 9746a c1f059b9549746a8ed56 7 1 1 1 3 2 f 0 1
3 4201f 99b7100bcf4201f6eb3c 8 0 1 0 3 0 f 0 1
3 79aff ea581194ca79aff3cfde b 1 1 1 3 2 f 0 1
3 60232 602321cccb696b185b6a c 1 1 3 3 8 f 0 1
3 e2758 fe7f2e27584c3431135e 2 0 1 0 3 0 f 0 1
3 acd49 7eb6aca9fcacd4916cc5 c 0 1 0 3 0 f 0 1
3 fc6c9 4a5d8f926efc6c93c670 e 1 1 1 3 2 f 0 1
3 40ef0 ce42540ef080fde9e431 2 0 1 0 3 0 f 0 1
3 e511e a311d1115039726e511e 4 0 1 0 3 0 f 0 1
3 a7619 32dfaa7619b46399bc18 8 0 1 0 3 0 f 0 1
3 46a8d f8bcb46a8d521a143e6b b 0 1 0 3 0 f 0 1
3 cbe9d cbe9d7382486a5e764c8 5 0 1 0 3 0 f 0 1
3 d0a8b d0a8b8ef0ae67e4082dc f 1 1 3 3 8 f 0 1
3 88f1e 3eccb88f1e512bb0ce4f e 1 1 2 3 4 f 0 1
3 1cca5 0febaf55b4025431cca5 d 1 1 0 3 1 f 0 1
3 2ce69 da60bda477e00862ce69 1 1 1 0 3 1 f 0 1
3 9b4dc 804337f7969b4dccafe9 b 1 1 1 3 2 f 0 1
3 ef88a f8e221dd250f8e0ef88a b 1 1 0 3 1 f 0 1
3 830f7 4572e830f72e8aff0345 7 1 1 2 3 4 f 0 1
3 40df9 c197e8d79740df99a6a7 7 1 1 1 3 2 f 0 1
3 81cfe 1a6888ae6581cfed14eb 6 1 1 1 3 2 f 0 1
3 7d1cc 468857d1ccc3a141bfd7 8 0 1 0 3 0 f 0 1
3 77710 333d876fa977710a62bb 5 0 1 0 3 0 f 0 1
3 95dc9 adff309aa195dc97d100 5 0 1 0 3 0 f 0 1
3 59430 4713c2ad1559430e1975 b 1 1 1 3 2 f 0 1
3 5cb71 bbaf65cb714f940f59b6 1 0 1 0 3 0 f 0 1
3 ab4e8 80938795a4ab4e89fe06 4 0 1 0 3 0 f 0 1
3 42691 df87d42691fb5e9de1d8 2 0 1 0 3 0 f 0 1
3 df59c 43f96df59c51ff715060 f 1 1 2 3 4 f 0 1
3 44232 2678bd937c43a6f8d151 3 0 1 0 3 0 f 0 1
3 1231d eed4b8e1bb1231d23848 1 0 1 0 3 0 f 0 1
3 4561e 4561eea38264621303a7 1 0 1 0 3 0 f 0 1
3 26c73 e7dd5e633426c73e1702 3 1 1 1 3 2 f 0 1
3 20758 a60c1acf23ba2a220758 a 0 1 0 3 0 f 0 1
3 56ad8 56ad85e949934aaa2480 2 0 1 0 3 0 f 0 1
3 ae73c ae73cae73c8836cffa02 e 1 1 2 3 c f 1 1
3 7d448 b742669b98ba7aa7d448 f 1 1 0 3 1 f 0 1
3 bbc19 bbc191d3b6588ec00d15 2 0 1 0 3 0 f 0 1
3 ef065 32cb5f1f21ef135ef065 1 1 1 0 3 1 f 0 1
3 46029 22da7460299e85d8d690 5 1 1 2 3 4 f 0 1
3 45b70 7d1f21a1a945b7007505 a 1 1 1 3 2 f 0 1
3 79219 d0ec7dd4296945867ca1 f 0 1 0 3 0 f 0 1
3 99a9c e35620e1985611d8d30a 4 0 1 0 3 0 f 0 1
3 9562b 9562bf4f9b06e1adf77e f 1 1 3 3 8 f 0 1
3 b08ce b08ce5d52fb08ce16683 4 0 1 0 3 0 f 0 1
3 8bdfc 15aef25870e61f18bdfc 4 0 1 0 3 0 f 0 1
3 fa684 837fccaf6b7c34d5d7d9 2 0 1 0 3 0 f 0 1
3 46e89 9aabc46e899a84cd0d15 6 1 1 2 3 4 f 0 1
3 10f28 8064510f28b884710f28 a 0 1 0 3 0 f 0 1
3 4eb65 c25984eb6534e24dbf49 6 1 1 2 3 4 f 0 1
3 3b839 559983b83944633eabd0 a 0 1 0 3 0 f 0 1
3 575d9 d941916011685f42df26 b 0 1 0 3 0 f 0 1
3 df9b6 6850b48fa92e47b65b78 6 0 1 0 3 0 f 0 1
3 b3d58 80905970cab3d58e9fd3 7 1 1 1 3 2 f 0 1
3 5c42d 5c42df1f0046db2f15ca 7 0 1 0 3 0 f 0 1
3 1f1f9 d03a59f2e588ddff00f4 a 0 1 0 3 0 f 0 1
3 b8e26 80361b8e26b8e2676d36 2 1 1 1 3 2 f 0 1
3 25d3c 25d3c792de913573b45a f 1 1 3 3 8 f 0 1
3 b86fe 0e793895a108940b86fe 0 0 1 0 3 0 f 0 1
3 82453 50a37273effe8b582453 3 1 1 0 3 1 f 0 1
3 efe28 8d43949628228dadf45f 0 0 1 0 3 0 f 0 1
3 b1dd6 23f11e7e9e6d6c85d45b 9 0 1 0 3 0 f 0 1
3 30f66 077fd8331444d5285620 1 0 1 0 3 0 f 0 1
3 f7cb8 caf8289f336b0eef7cb8 a 0 1 0 3 0 f 0 1
3 ab006 ab00633e734da149f437 0 0 1 0 3 0 f 0 1
3 70dec 8f2fd70dec72c3c668e1 c 1 1 2 3 4 f 0 1
3 cefc1 89e13b54c4cefc138365 a 1 1 1 3 2 f 0 1
3 0114f cb4326123944ab0cdabb b 0 1 0 3 0 f 0 1
3 f122a f122a2e400cebd3e991e 2 0 1 0 3 0 f 0 1
3 97c29 97c29cccc9dccd690745 5 0 1 0 3 0 f 0 1
3 6d758 a986d17ab215a50570ab 5 0 1 0 3 0 f 0 1
3 d75e2 47f46d75e25c6e5a073e f 1 1 2 3 4 f 0 1
3 ddd9d ddd9dbee21caf09e3426 c 1 1 3 3 8 f 0 1
3 8a54b 8a54b412248a34302794 e 1 1 3 3 8 f 0 1
3 92884 9288433f259288497a10 5 0 1 0 3 0 f 0 1
3 250cc 250cc07d318ff1fe6787 e 1 1 3 3 8 f 0 1
3 242ab a9ba3f2e67fdc8616763 c 0 1 0 3 0 f 0 1
3 deddd deddddeddd5e042391af b 1 1 3 3 8 f 0 1
3 f2c96 bc5d9f2c960575d360da e 1 1 2 3 4 f 0 1
3 2658a 034002658a89660d062b f 1 1 2 3 4 f 0 1
3 dfad5 dfad5dfad534484c92bc 3 0 1 0 3 0 f 0 1
3 0ee20 ea7f33dec20ee2067558 5 0 1 0 3 0 f 0 1
3 6c373 05f566c3735b7be861d3 a 0 1 0 3 0 f 0 1
3 d98fa c4ced542a41c5c58e5fe b 0 1 0 3 0 f 0 1
3 6bcbc 3587c6bcbc62dcdd60d7 9 0 1 0 3 0 f 0 1
3 e499b 3c17bcf783e499b0fdee f 1 1 1 3 2 f 0 1
3 9c53a 9c53ac0800fadce912fa 0 0 1 0 3 0 f 0 1
3 c3dd1 957fd5d36cc3dd10c7cc f 1 1 1 3 2 f 0 1
3 5b413 5234f5b413da3e478518 9 0 1 0 3 0 f 0 1
3 1899e 6295d992201899e8e201 1 0 1 0 3 0 f 0 1
3 05a74 05a74a81193c57e9c431 0 0 1 0 3 0 f 0 1
3 0be2a 50b23254cbff5a115d2e 4 0 1 0 3 0 f 0 1
3 af099 5d812af09979edf7b11b 4 1 1 2 3 4 f 0 1
3 f5f86 adac9174ea7c098f5f86 f 1 1 0 3 1 f 0 1
3 39899 3989939899296b0f12bb 0 0 1 0 3 0 f 0 1
3 9a1c9 9a1c90333689cbc278bb f 1 1 3 3 8 f 0 1
3 038c5 cc8a343f9b21d02038c5 1 1 1 0 3 1 f 0 1
3 95997 aa0a557ab995997b5027 1 0 1 0 3 0 f 0 1
3 46baf 39fe6f411fcd27a60ff1 7 0 1 0 3 0 f 0 1
3 f8d93 1a681c0ab05bae1f8d93 f 1 1 0 3 1 f 0 1
3 17a1a 9209117a1a50f7117a1a 7 1 1 0 3 5 f 1 1
3 d2020 34cfad20205ffdab1689 b 0 1 0 3 0 f 0 1
3 4c600 643b6369194c6001e4d5 9 0 1 0 3 0 f 0 1
3 26929 7aadec5117739eb26929 9 1 1 0 3 1 f 0 1
3 7afd1 4f6a87afd19d05ded9d3 1 0 1 0 3 0 f 0 1
3 a2116 d0fe8a211673c163f67f b 0 1 0 3 0 f 0 1
3 ea8c1 ea8c1b8764c8f209d7c6 e 1 1 3 3 8 f 0 1
3 ea26c 3464bc9b50efa42efa87 f 0 1 0 3 0 f 0 1
3 3d6c4 960ec046e3342703d6c4 4 0 1 0 3 0 f 0 1
3 45b23 67c1305ddf5e9292ec68 2 0 1 0 3 0 f 0 1
3 02bba 02bba6d69707dc572b89 6 0 1 0 3 0 f 0 1
3 29c63 b973298a5929c638f802 2 1 1 1 3 2 f 0 1
3 e00e6 e00e675cd56820664ef1 8 1 1 3 3 8 f 0 1
3 a9c07 a2c2ee34e3e855996965 b 0 1 0 3 0 f 0 1
3 b9ce3 4ff591d6814c9993d87f 0 0 1 0 3 0 f 0 1
3 aca5f 92e559f781aca5f83799 b 1 1 1 3 2 f 0 1
3 79351 79351e11b0f083d499a0 9 1 1 3 3 8 f 0 1
3 d60df cc6f8bcb1d4a6c370f33 6 0 1 0 3 0 f 0 1
3 4b646 7c0d96dacb4b646e2947 4 0 1 0 3 0 f 0 1
3 9b352 9b3526d90463d658509a d 1 1 3 3 8 f 0 1
3 fda69 867c0fda69fda690a743 e 1 1 1 3 6 f 1 1
3 ba0c8 62491560befe84dc074d 9 0 1 0 3 0 f 0 1
3 cdf39 03e750e5e2d635d81804 5 0 1 0 3 0 f 0 1
3 04524 0dbffaf1440452474d52 1 0 1 0 3 0 f 0 1
3 0e790 907207ad6b0e79055294 f 1 1 1 3 2 f 0 1
3 b0496 5ae4fe4fdbb049639194 8 0 1 0 3 0 f 0 1
3 7d603 ec9c97d6035e91b355c2 5 1 1 2 3 4 f 0 1
3 412b1 a903c26f08412b15a32d 7 1 1 1 3 2 f 0 1
3 8d9e9 65ebe422b8440ec4b532 e 0 1 0 3 0 f 0 1
3 2a193 ddfbb2a1936068989c78 0 0 1 0 3 0 f 0 1
3 eb12a 9838de9169eb12a3ebca 4 0 1 0 3 0 f 0 1
3 2d659 4243f72c0d1f8b4dcc4a d 0 1 0 3 0 f 0 1
3 e3861 2fcf309b3327930e3861 3 1 1 0 3 1 f 0 1
3 bfdb8 4dc938762b22bdebfdb8 0 0 1 0 3 0 f 0 1
3 60bfe 60bfed87706f08aa0eda e 1 1 3 3 8 f 0 1
3 a3488 6c15dd72e81fbe476f0a 0 0 1 0 3 0 f 0 1
3 5817d 2e35c9a6c95817dbf176 e 1 1 1 3 2 f 0 1
3 3c35e 3c35e38a4d45816bf4d9 5 0 1 0 3 0 f 0 1
3 caae3 caae35ad7494a7c5cc3d 4 0 1 0 3 0 f 0 1
3 a3b9f 76b2aa508b960c3a3b9f c 0 1 0 3 0 f 0 1
3 63735 1106ae0496f16053537e 7 0 1 0 3 0 f 0 1
3 7192c 5e3779e298dc7a5e4b82 6 0 1 0 3 0 f 0 1
3 78b24 5e8d30bd8b78b24341c2 9 0 1 0 3 0 f 0 1
3 d35de 48aafb419491c3e53e8e 7 0 1 0 3 0 f 0 1
3 70f80 70f800d3a408dcbc8720 1 0 1 0 3 0 f 0 1
3 6f5c9 ccd84cf406a5da349001 8 0 1 0 3 0 f 0 1
3 c8ad8 ee0cec8ad81ebbdf46ea c 1 1 2 3 4 f 0 1
3 79aba 79aba8ad53ca02079aba c 1 1 3 3 8 f 0 1
3 b574e b574e670df8e0c7cbee2 0 0 1 0 3 0 f 0 1
3 c9a41 c9a411e71fef200c9a41 7 1 1 0 3 1 f 0 1
3 69f73 69f731e14f23ce0e94b0 b 1 1 3 3 8 f 0 1
3 77692 8e3bd28528cc5e677692 3 1 1 0 3 1 f 0 1
3 c1e1d 75a5789d62c1e1d0040c 9 0 1 0 3 0 f 0 1
3 c4de4 4d57add21193f2bc4de4 9 1 1 0 3 1 f 0 1
3 a3e22 67e90b0bc809098a3e22 3 1 1 0 3 1 f 0 1
3 e1606 839acb84d3e16062d202 8 0 1 0 3 0 f 0 1
3 f74c7 6ac84d5bf1e20a2b5c4f 4 0 1 0 3 0 f 0 1
3 d9772 d9772bda260d6975f6fe b 1 1 3 3 8 f 0 1
3 34d60 5249915c713880a84352 b 0 1 0 3 0 f 0 1
3 527dc 4e23969afaf32a6527dc 2 0 1 0 3 0 f 0 1
3 581f5 ac6bf581f50e214eee1e e 1 1 2 3 4 f 0 1
3 29699 33182296992969917602 0 0 1 0 3 0 f 0 1
3 023db 1e90c54ff2023db3ed3f f 1 1 1 3 2 f 0 1
3 d4e68 7a5acd4e68da481df837 8 0 1 0 3 0 f 0 1
3 39c1b ecd3139c1bcd86193fb8 9 0 1 0 3 0 f 0 1
3 9fe7e 22e0b9fe7e3f7d9d6996 5 1 1 2 3 4 f 0 1
3 cbb7e 04f21cbb7eefc411e4c2 9 0 1 0 3 0 f 0 1
3 4c04c 4339a4c04c2b07b5d8ad 8 0 1 0 3 0 f 0 1
3 3e425 3e425ca25f193b20c8db 2 0 1 0 3 0 f 0 1
3 e8be7 dd203b2db0e8be788de4 3 1 1 1 3 2 f 0 1
3 cf777 5b28a23946f0bc020eed e 0 1 0 3 0 f 0 1
3 a57c3 19275305d6ad8f8d8219 2 0 1 0 3 0 f 0 1
3 53a06 54f157d54853a063d0e3 9 0 1 0 3 0 f 0 1
3 4680a f6739ff6199d80d4680a 8 0 1 0 3 0 f 0 1
3 df1f9 d1ae87e3de10c00df1f9 4 0 1 0 3 0 f 0 1
3 c642a ae750b59ecbb8dd68127 3 0 1 0 3 0 f 0 1
3 e714d 991f2e714d51e2b6db54 5 1 1 2 3 4 f 0 1
3 4ac2f 2334b8c3944ac2ff197b 3 1 1 1 3 2 f 0 1
3 77254 1c1627725494ce797608 f 1 1 2 3 4 f 0 1
3 0448c e76bd0c084a58f375d26 4 0 1 0 3 0 f 0 1
3 9da3e ee0231db839da3e9da3e 1 1 1 0 3 1 f 0 1
3 60ee0 7d238d6ca40425760ee0 0 0 1 0 3 0 f 0 1
3 7c52b 7c52badbcf080bf9a4ce 6 0 1 0 3 0 f 0 1
3 f32eb aaf731b113a11203be51 3 0 1 0 3 0 f 0 1
3 f0c81 f0c81a55aac791321065 6 0 1 0 3 0 f 0 1
3 1a160 0b8d1ed78e6d2f185271 d 0 1 0 3 0 f 0 1
3 01408 aeefd6838a0140858cb9 9 0 1 0 3 0 f 0 1
3 be91a 30459e8b57c8541be91a b 1 1 0 3 1 f 0 1
3 5bce4 c2050eed6cd7b266249a 5 0 1 0 3 0 f 0 1
3 e36e9 6fe20585a8f2a5ee36e9 6 0 1 0 3 0 f 0 1
3 86e3c 86e3c43a8da3f7faf560 8 1 1 3 3 8 f 0 1
3 bff6d bff6d7b6cbeccd7f99f4 9 1 1 3 3 8 f 0 1
3 5d8a0 5d8a0cd5f6d0a88c4808 c 1 1 3 3 8 f 0 1
3 8df68 8813e8df68652293ce8d b 0 1 0 3 0 f 0 1
3 1e02c 8254ff714f1e02cd968d f 1 1 1 3 2 f 0 1
3 397d3 106be3932f3aa5b397d3 5 1 1 0 3 1 f 0 1
3 9586d 9586dbb4343ad91703d4 f 1 1 3 3 8 f 0 1
3 fbf5a efa5ffbf5aec2f61f06a 6 1 1 2 3 4 f 0 1
3 04b6c 96ad3b326e04b6cfbcf6 e 1 1 1 3 2 f 0 1
3 ab5dc ac8b8ab5dc706a2e1959 1 0 1 0 3 0 f 0 1
3 24c97 03f4624c97ed470a9865 2 0 1 0 3 0 f 0 1
3 76c05 97a45c59dd0f7ec358a0 1 0 1 0 3 0 f 0 1
3 b9a9d b9a9db9a9d1c9f479cff 8 1 1 3 3 8 f 0 1
3 c733d 76127c733d3c952409d8 d 1 1 2 3 4 f 0 1
3 025bb ad7f2025bb287d177626 6 1 1 2 3 4 f 0 1
3 e8a5e 4aeb2996b22b8f180a4f 9 0 1 0 3 0 f 0 1
3 a6cf2 9a083a6cf2c3e54116cb 0 0 1 0 3 0 f 0 1
3 037b6 955a261fc12584a55842 4 0 1 0 3 0 f 0 1
3 3f5dd bd9a5aed0a390f03f5dd e 0 1 0 3 0 f 0 1
3 dad60 dad60dad60f2fca1efae 3 0 1 0 3 0 f 0 1
3 f0afb 8ea59d54cec95a948549 2 0 1 0 3 0 f 0 1
3 6e264 6e264553384fd2980893 4 0 1 0 3 0 f 0 1
3 0500a 0500a163bb6201115d4e 1 0 1 0 3 0 f 0 1
3 d75e4 d75e44d5daa9facb8cf0 2 0 1 0 3 0 f 0 1
3 71ad8 494c8a8f2071ad848c86 e 1 1 1 3 2 f 0 1
3 ae120 06c4ce01beae1206e547 c 0 1 0 3 0 f 0 1
3 3e1b6 7c1003e1b62a67452cc8 c 1 1 2 3 4 f 0 1
3 312f3 e0fc8f4f21312f38c774 5 0 1 0 3 0 f 0 1
3 d2a67 3d06204d5b5682d70fbd b 0 1 0 3 0 f 0 1
3 dd263 abed73546edd263c048b 0 0 1 0 3 0 f 0 1
3 40c83 40c83ce71f475d61e69d 2 0 1 0 3 0 f 0 1
3 a4fed 11e9ea70b012ec0ff8b8 f 0 1 0 3 0 f 0 1
3 ce153 359da5c9f552dbb73bc5 9 0 1 0 3 0 f 0 1
3 29026 9a00429026700334f556 6 1 1 2 3 4 f 0 1
3 37f2c 37f2caffc8b88f17742d 6 0 1 0 3 0 f 0 1
3 6f0bc 6f0bcdabfdfb2c5445ea c 1 1 3 3 8 f 0 1
3 e6d3d 4e29a1cac169859e6d3d 1 1 1 0 3 1 f 0 1
3 c6680 c668088ecaea19d63b88 a 1 1 3 3 8 f 0 1
3 118e1 a3fe3118e12195733148 8 0 1 0 3 0 f 0 1
3 af34a 798cf13465af34aedb70 b 1 1 1 3 2 f 0 1
3 bce52 fea39252d31a65ce6ba6 1 0 1 0 3 0 f 0 1
3 50b38 c3b215eb71c425750b38 0 0 1 0 3 0 f 0 1
3 f22ac 32d1df22ac24f976674a 6 1 1 2 3 4 f 0 1
3 cd404 f7c7cabb5c8fec2cd404 5 1 1 0 3 1 f 0 1
3 c417b 0972f0dca64f9aa79549 2 0 1 0 3 0 f 0 1
3 d389a 82bef9b1def29c3a19c7 2 0 1 0 3 0 f 0 1
3 ca093 5b29523656d263eca093 8 0 1 0 3 0 f 0 1
3 a2f43 a2f43e9916f26bd612f8 c 1 1 3 3 8 f 0 1
3 7a987 e14bd7a9877a9877931a 3 1 1 1 3 2 f 0 1
3 6931b 2cf1914aec6931b92b8d 7 1 1 1 3 2 f 0 1
3 620c4 620c4c42e7620c486ddb c 1 1 3 3 8 f 0 1
3 e6ecb a6b95ad01e5e1ce856db 6 0 1 0 3 0 f 0 1
3 ae749 c3222cf15f0e0bb55786 0 0 1 0 3 0 f 0 1
3 eeaf2 f59b5eeaf207207eeaf2 b 1 1 0 3 1 f 0 1
3 cf7c5 47e048feb7fb332cf7c5 e 0 1 0 3 0 f 0 1
3 3ee00 98a48210d84e4a03ee00 4 0 1 0 3 0 f 0 1
3 1de97 7a789fa8d71de978222d f 1 1 1 3 2 f 0 1
3 adcab e8e6ba298fe15f27f279 e 0 1 0 3 0 f 0 1
3 8c1f1 67d8448e63566988c1f1 a 0 1 0 3 0 f 0 1
3 51e72 7ec4b51e727b37f21f6e d 1 1 2 3 4 f 0 1
3 53200 5320099f7bc862c179f0 d 1 1 3 3 8 f 0 1
3 5452a ad547f9a520865c5452a f 1 1 0 3 1 f 0 1
3 17786 16247af242177864447d b 1 1 1 3 2 f 0 1
3 f24b5 d1dec474ee16a4fc5707 8 0 1 0 3 0 f 0 1
3 a3ece a3ecefb2893ddf5a58cf d 1 1 3 3 8 f 0 1
3 379a6 379a6ba4eebdc7560457 3 0 1 0 3 0 f 0 1
3 0b921 55cf80b921101251c550 1 0 1 0 3 0 f 0 1
3 de973 de973de973043f45df8e 1 0 1 0 3 0 f 0 1
3 b8d60 b8d60c5c5fe2b60596b1 8 1 1 3 3 8 f 0 1
3 fc2b6 fc2b6fc2b62b87c5e44c d 1 1 2 3 c f 1 1
3 100fa 7542a6892d49ff8fd2fa 8 0 1 0 3 0 f 0 1
3 d28d2 10019b767e0fe6e851d5 6 0 1 0 3 0 f 0 1
3 24d6e 24d6e27110f3effe5739 3 0 1 0 3 0 f 0 1
3 75b0c 6fb581ef7775b0c6e581 a 1 1 1 3 2 f 0 1
3 3f034 8177812c303f03436e3c 1 0 1 0 3 0 f 0 1
3 46d7e ff41d46d7ea6a0a4a5dd c 1 1 2 3 4 f 0 1
3 cd134 7df060255cb0c96cd134 e 0 1 0 3 0 f 0 1
3 88f0f a2d1bfa8950baa688f0f 0 0 1 0 3 0 f 0 1
3 2ea66 930a92ea661dc81b3e88 0 0 1 0 3 0 f 0 1
3 bf2ca bf2ca1a6cea6dbfb5dc8 a 1 1 3 3 8 f 0 1
3 1cbc0 3769a1cbc0bd7c809530 e 1 1 2 3 4 f 0 1
3 bf9d4 c0dee9e5bee2c4f4c83b 1 0 1 0 3 0 f 0 1
3 a6585 a6585256c6ffb5b9b89e f 1 1 3 3 8 f 0 1
3 71fa2 183866949d71fa2f4f9b c 0 1 0 3 0 f 0 1
3 45351 729fcf12b4453519c31d 2 1 1 1 3 2 f 0 1
3 03c22 5cae7d520703c22f3764 c 0 1 0 3 0 f 0 1
3 6ae09 0ceae50f1c31051afd89 b 0 1 0 3 0 f 0 1
3 72a44 72a44b416aff46a25cea 8 1 1 3 3 8 f 0 1
3 a5d81 30a2ab78a2488c18ea0e f 0 1 0 3 0 f 0 1
3 0f496 4c16207a14dbf0d0f496 c 0 1 0 3 0 f 0 1
3 646f9 50bd4646f9f48acf797e e 1 1 2 3 4 f 0 1
3 bac97 14af739f947bb52bac97 6 0 1 0 3 0 f 0 1
3 969e3 221c8c775e03a19969e3 4 0 1 0 3 0 f 0 1
3 14bc3 049c6826f014bc3d35b6 4 0 1 0 3 0 f 0 1
3 b906d b906da092583588a4b52 5 0 1 0 3 0 f 0 1
3 561ef 6b1e9b5159561efb8582 b 1 1 1 3 2 f 0 1
3 55468 fcd6855468f2484b7010 0 0 1 0 3 0 f 0 1
3 57b1f 57b1fd3e2a6f0dee18d8 b 1 1 3 3 8 f 0 1
3 437b2 437b23903e437b220d1b 4 0 1 0 3 0 f 0 1
3 16c56 71cb7d046d192d9e9f9b c 0 1 0 3 0 f 0 1
3 b0de6 3704e58bfcc470eb0de6 c 0 1 0 3 0 f 0 1
3 6fab1 c8229cdc886fab12c3a9 4 0 1 0 3 0 f 0 1
3 cf1db f5c65529c8d77c8a4e9f 8 0 1 0 3 0 f 0 1
3 d339a 5275efbbdb031d76e0a3 e 0 1 0 3 0 f 0 1
3 437d5 cc676b955500690437d5 c 0 1 0 3 0 f 0 1
3 ad7f0 c4223ad7f0153dbcfcb8 0 0 1 0 3 0 f 0 1
3 7a811 67d4cf8565eec8e7a811 9 1 1 0 3 1 f 0 1
3 cf12e 1bbfa1e910e9e8bcf12e 8 0 1 0 3 0 f 0 1
3 85e2c f8de436117ff93cc5498 2 0 1 0 3 0 f 0 1
3 097e9 097e9d24f7ee7330f91d c 1 1 3 3 8 f 0 1
3 f5e97 87b470417910f7928b6b 1 0 1 0 3 0 f 0 1
3 010e4 010e4ba2fc46f73ccf91 2 0 1 0 3 0 f 0 1
3 98f55 0ad777db5c98f5567046 c 0 1 0 3 0 f 0 1
3 ccfe8 736a8ccfe81d6043a771 4 1 1 2 3 4 f 0 1
3 604f9 604f9092f4a0a881c545 5 0 1 0 3 0 f 0 1
3 8977a 8977adf0a28f69b7602c 1 0 1 0 3 0 f 0 1
3 d4dfc f5870103714a9f3d4dfc f 1 1 0 3 1 f 0 1
3 18792 aa717d1a9af62e8b7a17 7 0 1 0 3 0 f 0 1
3 2c007 46559fb146798c2f9d04 b 0 1 0 3 0 f 0 1
3 56b57 ad595787cf359be1aa60 7 0 1 0 3 0 f 0 1
3 4597b 94907dccda53217220ad 9 0 1 0 3 0 f 0 1
3 fd4df e71d2d3a44fb50d45ea8 3 0 1 0 3 0 f 0 1
3 1c08e 1c08e6cecf9008fe1b4e d 1 1 3 3 8 f 0 1
3 bec9c 93ba9598eb61640f81e0 9 0 1 0 3 0 f 0 1
3 6b411 6b4116b4116dbc60183d e 1 1 2 3 c f 1 1
3 fc93b 41380fc93b2c7c38edeb 3 0 1 0 3 0 f 0 1
3 4c22e 961f82558bceef64c22e f 1 1 0 3 1 f 0 1
3 0973d 5722b0973df56e27f4de 0 0 1 0 3 0 f 0 1
3 151b8 512d3400ec151b853a22 0 0 1 0 3 0 f 0 1
3 de0ca 007f7b880fde0caef950 8 0 1 0 3 0 f 0 1
3 6b5d2 d48776b5d2c222799922 d 1 1 2 3 4 f 0 1
3 913b7 6fe20f5a9cdc358913b7 e 0 1 0 3 0 f 0 1
3 cd335 580151b4840c00b2475f 5 0 1 0 3 0 f 0 1
3 35ebc b1e0987bbb6397e35ebc 2 0 1 0 3 0 f 0 1
3 8e7fb f9dad29623b90e7f7192 c 0 1 0 3 0 f 0 1
3 980f2 40b83980f281d0297342 d 1 1 2 3 4 f 0 1
3 30777 30777db2aad18fa86df5 2 0 1 0 3 0 f 0 1
3 0cd41 b0a5d119c40cd41164ee 7 1 1 1 3 2 f 0 1
3 b8011 9eb28b8011976503bc3a 3 0 1 0 3 0 f 0 1
3 f4e7c 05977fe6a5f4e7c13c07 d 0 1 0 3 0 f 0 1
3 65ced 65cedb318058beac018f 4 0 1 0 3 0 f 0 1
3 771fa 771fa6cb5ed01dd9ee6e 6 0 1 0 3 0 f 0 1
3 eadce 97826eadce2842180b36 a 0 1 0 3 0 f 0 1
3 298f7 2966e71506298f724cca 2 1 1 1 3 2 f 0 1
3 97ae9 b2a228c65d531884997d 7 0 1 0 3 0 f 0 1
3 f086a f086ad90e4ab41eec51c 9 1 1 3 3 8 f 0 1
3 7ad21 7ad21c750468a46c0a37 2 0 1 0 3 0 f 0 1
3 ed8b2 812d459812dc0cf5148d 1 0 1 0 3 0 f 0 1
3 d9cee d9ceedb51b6abd88142c f 1 1 3 3 8 f 0 1
3 7c1ad 038b2c4591ed5d72ddd3 5 0 1 0 3 0 f 0 1
3 4ebcf 40b6e274c23ea144ebcf a 0 1 0 3 0 f 0 1
3 a89de ff379a89deea2eb71ce9 6 1 1 2 3 4 f 0 1
3 dfb18 ffd5dc90522d8d164aa9 3 0 1 0 3 0 f 0 1
3 f255a f255a377bfb2aade8dce d 1 1 3 3 8 f 0 1
3 ef092 bd42fef092950f131a77 1 0 1 0 3 0 f 0 1
3 997bb ff5fbed5c2876f3997bb 3 1 1 0 3 1 f 0 1
3 5fdc4 04bf4aba805fdc4ba135 1 0 1 0 3 0 f 0 1
3 24e5e 24e5ea2503b37f7a3e99 8 1 1 3 3 8 f 0 1
3 31877 c84cf027cac74444b698 c 0 1 0 3 0 f 0 1
3 726a4 0f8d35fee5ab665726a4 c 0 1 0 3 0 f 0 1
3 73bf9 f766a14fffb041c73bf9 a 0 1 0 3 0 f 0 1
3 8a60f a9d6b26ecd8a60f0a6de 4 0 1 0 3 0 f 0 1
3 39caf 39caf350823ef3a759cf 1 0 1 0 3 0 f 0 1
3 24dba 24dba388b08c8860d40b d 1 1 3 3 8 f 0 1
3 4bfd1 b91e6b53a41647a4bfd1 6 0 1 0 3 0 f 0 1
3 bc661 c5e439c6125f04504a56 4 0 1 0 3 0 f 0 1
3 952e2 37faa7f8e7cf99e952e2 1 1 1 0 3 1 f 0 1
3 32f20 9993ff390832f200c139 5 0 1 0 3 0 f 0 1
3 1465c d47fd1465cf98c554b69 9 0 1 0 3 0 f 0 1
3 b18e1 b18e157077f514c028ac f 1 1 3 3 8 f 0 1
3 d3701 bba22d3701dd11ff094b 9 0 1 0 3 0 f 0 1
3 21898 21898df9be29a22c4645 a 1 1 3 3 8 f 0 1
3 23d72 9018fb3866732f223d72 e 0 1 0 3 0 f 0 1
3 8b4d8 e595fce2e9a42fa8b4d8 8 0 1 0 3 0 f 0 1
3 28f3e f642d3077128f3e06754 6 1 1 1 3 2 f 0 1
3 33f72 f46cfd30e66da6833f72 b 1 1 0 3 1 f 0 1
3 7efec bb5cce0e77ac4e37efec b 1 1 0 3 1 f 0 1
3 d0e0b fa060d0e0b28066d0e0b a 0 1 0 3 0 f 0 1
3 62299 22d4bb40ed6a430c48f6 4 0 1 0 3 0 f 0 1
3 9f86d dec71c980c9f86de96a2 7 1 1 1 3 2 f 0 1
3 a5444 31fb6e9eeba54441ef30 a 1 1 1 3 2 f 0 1
3 3b982 cd56b6e11b3b982f01b8 7 1 1 1 3 2 f 0 1
3 3dd64 3dd641ff3b309c269623 4 0 1 0 3 0 f 0 1
3 f8fde 5e0503ee71316cff39d0 c 0 1 0 3 0 f 0 1
3 adc0c 1bd0c2f3730d923f1196 4 0 1 0 3 0 f 0 1
3 e76f3 15f3b70bb0e76f30b151 4 0 1 0 3 0 f 0 1
3 093d7 a40e7093d7edef71f7ef 4 1 1 2 3 4 f 0 1
3 4dc6e cc45e4dc6eef54be059c 6 1 1 2 3 4 f 0 1
3 4a17b 489904a17bbb13296088 f 1 1 2 3 4 f 0 1
3 9a68c 9a68c877811d25caa92a 6 0 1 0 3 0 f 0 1
3 2e568 de43cfbe09b2e422e568 d 1 1 0 3 1 f 0 1
3 ffae6 59509305beffae691506 f 1 1 1 3 2 f 0 1
3 370bc 7faa7370bc753c321318 a 0 1 0 3 0 f 0 1
3 4bc75 9caf62005d4ad674bc75 7 1 1 0 3 1 f 0 1
3 1be96 3d1b2c86f8e56531be96 a 0 1 0 3 0 f 0 1
3 6d346 a103c460e998afe6d346 2 0 1 0 3 0 f 0 1
3 b6ce4 54e51bd13eac485c2d44 5 0 1 0 3 0 f 0 1
3 6aa9c a715f6aa9ce763120612 e 1 1 2 3 4 f 0 1
3 3132d b2d70c52613132d40cf9 3 1 1 1 3 2 f 0 1
3 0b470 6d4498b8218a441b16e9 b 0 1 0 3 0 f 0 1
3 08698 08698d4eef5140004216 e 1 1 3 3 8 f 0 1
3 d3411 fbd4bb1b6fd341139694 4 0 1 0 3 0 f 0 1
3 72e45 0e43372e45c1dd4c759d 7 1 1 2 3 4 f 0 1
3 c4238 fe77d23a1308d47c4238 e 0 1 0 3 0 f 0 1
3 75df4 f106c75df48ed811b6f5 c 1 1 2 3 4 f 0 1
3 6bcc8 6749767e1e0ade66bcc8 4 0 1 0 3 0 f 0 1
3 172ea 172ea55e38172eabb9a8 7 1 1 1 3 2 f 0 1
3 5d6ce 29fd9ac92a801785d6ce 7 1 1 0 3 1 f 0 1
3 906e0 83467906e0bcd32c0c97 c 1 1 2 3 4 f 0 1
3 9fbe1 70b884a112d6a619fbe1 4 0 1 0 3 0 f 0 1
3 0b2bc f3f120b2bc440611b7a0 7 1 1 2 3 4 f 0 1
3 d8b1d bbaf012aa0c084cd8b1d 2 0 1 0 3 0 f 0 1
3 860dd 860ddd6a3c93a6f0818e 9 1 1 3 3 8 f 0 1
3 79638 138633af0b79638d5fad d 0 1 0 3 0 f 0 1
3 8b676 8b676745da36b9e8fdd2 c 1 1 3 3 8 f 0 1
3 9affb b8bf9b92979affbcfc85 6 1 1 1 3 2 f 0 1
3 e586f 0612723a6e5f6b5e8352 d 0 1 0 3 0 f 0 1
3 8cc5e 8a5e81991226ed95a559 9 0 1 0 3 0 f 0 1
3 24869 248695b224b6ae44dbc5 9 1 1 3 3 8 f 0 1
3 8b20e d63f27ff36c15708b20e c 0 1 0 3 0 f 0 1
3 558ff 558ff9b600d3f4d9e054 d 1 1 3 3 8 f 0 1
3 ea4da ea4da2ed4316e42c23ce 4 0 1 0 3 0 f 0 1
3 d760f 08bc6cb59cd760fa65de 6 1 1 1 3 2 f 0 1
3 dffd6 c81b13394da548d132de 4 0 1 0 3 0 f 0 1
3 f2d93 d0f30d67dbfdf1c313b4 2 0 1 0 3 0 f 0 1
3 2f508 0cfc13a97713a2e75767 b 0 1 0 3 0 f 0 1
3 4aeb2 eaf331950ae32a1a62b2 2 0 1 0 3 0 f 0 1
3 bf049 370d6bf049dba080f744 2 0 1 0 3 0 f 0 1
3 1278a 1278ac8b701331b29c8a 7 0 1 0 3 0 f 0 1
3 c126e 8fa10c126e643f133fca 1 0 1 0 3 0 f 0 1
3 a275c a275c6ab04fccb9ad19c 2 0 1 0 3 0 f 0 1
3 dff17 31b8aef9f82ea45dff17 e 0 1 0 3 0 f 0 1
3 e55e0 01aa6cb5f466bc963635 a 0 1 0 3 0 f 0 1
3 8b02c 8eec05243d8b02c53fd0 4 0 1 0 3 0 f 0 1
3 58b70 69fcfbefe7548a404f28 6 0 1 0 3 0 f 0 1
3 936bb 87d262fe9abb080b2d19 7 0 1 0 3 0 f 0 1
3 92bde 0663b936a2217d692bde 9 1 1 0 3 1 f 0 1
3 af63d d75f1b10a47e08e6dd93 8 0 1 0 3 0 f 0 1
3 73d32 73d3259fb0dee6b3d58c 7 0 1 0 3 0 f 0 1
3 c93a2 83ec08d416a07d6c93a2 b 1 1 0 3 1 f 0 1
3 23575 23575cef4fba949cc8c7 b 1 1 3 3 8 f 0 1
3 621a1 2e7ae64a8c761c8c01f6 9 0 1 0 3 0 f 0 1
3 ffcb3 6d717ffcb305a3aed0a4 b 0 1 0 3 0 f 0 1
3 9f713 cfde89f7131af33ff91c 2 0 1 0 3 0 f 0 1
3 1244c d1cca1244c3c63363a56 e 1 1 2 3 4 f 0 1
3 0ba8c cd3c22c9ee377d4e7551 3 0 1 0 3 0 f 0 1
3 a5809 2aeab189814cef2cefa4 e 0 1 0 3 0 f 0 1
3 4ccb6 4ccb63d632497151e3a6 3 0 1 0 3 0 f 0 1
3 34f6a c4a2216cb334f6af9b4e a 1 1 1 3 2 f 0 1
3 ea473 2acbc474f9ea47366b2c 4 0 1 0 3 0 f 0 1
3 e7aab 71db84ccf2e7aabe7aab 4 0 1 0 3 0 f 0 1
3 5d448 3c7d3770c5a1c945d448 d 1 1 0 3 1 f 0 1
3 e94ec 4d86764da4e94ece94ec e 1 1 1 3 2 f 0 1
3 e82c8 8699e0b8e9a75b0e8c8b f 0 1 0 3 0 f 0 1
3 7fd61 4bf26a279521ae47fd61 e 0 1 0 3 0 f 0 1
3 b6c15 b6c15d8c2aa3643b6c15 1 1 1 0 3 1 f 0 1
3 fd698 d6bd07ee82e9b58fd698 b 1 1 0 3 1 f 0 1
3 a9c1b 320c0a9c1be5c69a9c1b 2 0 1 0 3 0 f 0 1
3 d328d d328d401ec95aebb2854 0 0 1 0 3 0 f 0 1
3 6f7fb b17e91e5026f7fbea0d9 d 0 1 0 3 0 f 0 1
3 9f758 3d98269590e2b3c1af9f f 0 1 0 3 0 f 0 1
3 c3a31 7e3b9c3a31dfe949e35d 8 0 1 0 3 0 f 0 1
3 402f8 402f8fa55c2240646f1f d 1 1 3 3 8 f 0 1
3 b1ea9 59c4ffe24af2633b1ea9 e 0 1 0 3 0 f 0 1
3 fdb4c dcc68101ebf0366fdb4c 4 0 1 0 3 0 f 0 1
3 354b8 114633c9bbdd17e354b8 1 1 1 0 3 1 f 0 1
3 99f86 c5c1f99f86448c719267 b 0 1 0 3 0 f 0 1
3 296de efd1d8ecfa18aa76f977 0 0 1 0 3 0 f 0 1
3 bd509 bd509ec5a48362817979 8 1 1 3 3 8 f 0 1
3 4c08e 0378d009664c08e63d4a 8 0 1 0 3 0 f 0 1
3 dd3aa 9d742dd3aafd51760f0e 6 1 1 2 3 4 f 0 1
3 d4a80 d4a8012cd45413a9a3c7 6 0 1 0 3 0 f 0 1
3 9b5ca ea443a4c42a867c52ebf 9 0 1 0 3 0 f 0 1
3 d6f49 a7cd60da89c297869738 3 0 1 0 3 0 f 0 1
3 93a98 93a9816e169c89d90421 4 0 1 0 3 0 f 0 1
3 be67f 1c3c32c06fb4c38be67f 3 1 1 0 3 1 f 0 1
3 79178 c3e96c4bc579178ae104 b 1 1 1 3 2 f 0 1
3 d256b 1d0671927dd256be65fb 1 0 1 0 3 0 f 0 1
3 9a106 fa1d44cfe49a10675a42 f 1 1 1 3 2 f 0 1
3 63d3d 5cf9c7981463d3da9b36 e 1 1 1 3 2 f 0 1
3 a508c a508cd0d23bcd9cb990f f 1 1 3 3 8 f 0 1
3 18bfc b55495007018bfc4d957 2 1 1 1 3 2 f 0 1
3 77e38 2a4ea6a17c91f8c77e38 0 0 1 0 3 0 f 0 1
3 d9331 e3ef12cbbe6dee6a1a87 3 0 1 0 3 0 f 0 1
3 63b77 1beade0f4863b772ff5a e 1 1 1 3 2 f 0 1
3 4821e 67d4d5f4ba34beb03f71 9 0 1 0 3 0 f 0 1
3 dbfbe 0d00cd5932aa3fe8c063 4 0 1 0 3 0 f 0 1
3 d892a 775cc0aa9a08e7d82226 3 0 1 0 3 0 f 0 1
3 8b4bc 8c5ba8b4bc3a44aaaea7 a 0 1 0 3 0 f 0 1
3 54156 541561b7ded5e5bef700 9 1 1 3 3 8 f 0 1
3 d2326 f93a043c9b62948d2326 7 1 1 0 3 1 f 0 1
3 818b7 5dee90f76f818b7c28ae 7 1 1 1 3 2 f 0 1
3 888b4 8c002ca037d4a19888b4 4 0 1 0 3 0 f 0 1
3 f5175 f6800f5175a4fb41d24b c 1 1 2 3 4 f 0 1
3 09203 cb59ee0acc092034ad85 9 0 1 0 3 0 f 0 1
3 1ac12 1ac125012f300261ac12 e 1 1 3 3 8 f 0 1
3 8f011 8f011c0fc3721d232c86 9 1 1 3 3 8 f 0 1
3 1037a 81dc4ad7fa55c1afa4bd 4 0 1 0 3 0 f 0 1
3 e3786 1684576452e550fc6479 5 0 1 0 3 0 f 0 1
3 aeff0 5aeb9141516d867aeff0 e 0 1 0 3 0 f 0 1
3 ff058 ff058ff058512aac3756 f 1 1 2 3 c f 1 1
3 d0b42 477f5a5cefd0b42df8df b 1 1 1 3 2 f 0 1
3 acc4b f81adacc4b74ab676310 8 0 1 0 3 0 f 0 1
3 c2f70 cbf38c2f70352beedca8 1 0 1 0 3 0 f 0 1
3 b5b28 b5b2842bea1ccb26d359 5 0 1 0 3 0 f 0 1
3 5c5d9 55e01f5bf3b8b3c9779d b 0 1 0 3 0 f 0 1
3 df79a b59e0df79ac8b0f62245 5 1 1 2 3 4 f 0 1
3 75647 95927eff4275647da37b 7 1 1 1 3 2 f 0 1
3 93756 40ce2bab039375623596 b 1 1 1 3 2 f 0 1
3 bac5d 3ca88bac5d82f209c676 2 0 1 0 3 0 f 0 1
3 94f47 19e14c474994f47eb4e8 6 1 1 1 3 2 f 0 1
3 0d791 f71e96846c1c25b0d791 9 1 1 0 3 1 f 0 1
3 089be 089be1333278790f43b7 6 0 1 0 3 0 f 0 1
3 fff52 fff52e9c3bb0a3ab2ee1 e 1 1 3 3 8 f 0 1
3 b193a 2c837b193a9d019b97b3 d 1 1 2 3 4 f 0 1
3 32b1a 32b1ab6cbd275849ddc7 d 1 1 3 3 8 f 0 1
3 63d05 c04ce0c4ee63d0522f06 e 1 1 1 3 2 f 0 1
3 55d9a bc1744584d2e22555d9a a 0 1 0 3 0 f 0 1
3 c604f c604f2ddc652604f996c 6 0 1 0 3 0 f 0 1
3 c079a 072a181cb4b34d6c079a 3 1 1 0 3 1 f 0 1
3 170bb 5b0a6170bb41d94801ba 3 0 1 0 3 0 f 0 1
3 7b8d8 c19347b8d8fbf26d4b73 c 1 1 2 3 4 f 0 1
3 d498c 772cad498cdc48fc4332 6 1 1 2 3 4 f 0 1
3 d9a7d 11d0e0aa9e4a4d3d9a7d b 1 1 0 3 1 f 0 1
3 736d5 dd3b6736d51696945392 e 1 1 2 3 4 f 0 1
3 b4753 43a7345877b4753f4394 9 0 1 0 3 0 f 0 1
3 ab725 9d14fab725ab725c31d4 b 1 1 1 3 2 f 0 1
3 26ce4 3c69ff8da64df8f83f24 5 0 1 0 3 0 f 0 1
3 12faa d338012faa5d31e8d800 1 0 1 0 3 0 f 0 1
3 0155c 611684efcb0155c1cc5a b 1 1 1 3 2 f 0 1
3 798d0 c065dfa2a3b270c798d0 4 0 1 0 3 0 f 0 1
3 021c1 bb8ff021c16d3faffe5a 5 1 1 2 3 4 f 0 1
3 9f2d6 9f2d6918e517a01715e8 d 1 1 3 3 8 f 0 1
3 ed6d2 ed6d297a642cb5b63ccf 4 0 1 0 3 0 f 0 1
3 a59b0 a59b0a59b0149bad7b1b 1 0 1 0 3 0 f 0 1
3 7b4ac 0e7e7133591e3ff8773d a 0 1 0 3 0 f 0 1
3 4f5ec b1a927e8604f5ec58893 3 1 1 1 3 2 f 0 1
3 d9695 d9695a0b2bd920373598 3 0 1 0 3 0 f 0 1
3 23291 6505f98b8eda8af23291 9 1 1 0 3 1 f 0 1
3 2e697 65c154d4bd6d6522e697 a 0 1 0 3 0 f 0 1
3 47d23 47d23fe2a16c24bb1abc c 1 1 3 3 8 f 0 1
3 a085f a085f703542884f73bfa 7 0 1 0 3 0 f 0 1
3 4338f 693f74338f2008efe71b 0 0 1 0 3 0 f 0 1
3 ef662 fb788e9083d7cf9ef662 1 1 1 0 3 1 f 0 1
3 f6072 45504b5acaf607208bdd 8 0 1 0 3 0 f 0 1
3 25783 257836738a1d37537d7c 0 0 1 0 3 0 f 0 1
3 d1639 d1639cede572f2b5b8e3 4 0 1 0 3 0 f 0 1
3 e5271 03cf0f1bc1fd085e5271 8 0 1 0 3 0 f 0 1
3 c8808 568fb09b62c4357c8808 3 1 1 0 3 1 f 0 1
3 764f8 d8b271e89b5abbc297f5 1 0 1 0 3 0 f 0 1
3 b0844 25f8b29ea0cd7723bede f 0 1 0 3 0 f 0 1
3 fa8cb fbb7337a1dfa8cb3e55d a 1 1 1 3 2 f 0 1
3 634b1 634b10c0ab634b1741c9 8 1 1 3 3 8 f 0 1
3 f7296 5573c3d89e1dc14f7296 3 1 1 0 3 1 f 0 1
3 3cecf 6da303cecf27678f28c9 f 1 1 2 3 4 f 0 1
3 78c03 0aa629ebc598bd378c03 6 0 1 0 3 0 f 0 1
3 4bfa3 b2666e04e34bfa37a7d1 0 0 1 0 3 0 f 0 1
3 082a9 082a967935cd809d7966 7 0 1 0 3 0 f 0 1
3 56ba7 56ba71ae217c8a663973 e 1 1 3 3 8 f 0 1
3 c8a37 f52dcb6f97cdbacc8a37 d 1 1 0 3 1 f 0 1
3 81fa1 981cd2aef62880381fa1 2 0 1 0 3 0 f 0 1
3 f4533 b6ed3f45339e15f55532 6 1 1 2 3 4 f 0 1
3 7f464 e156d05232baa527f464 3 1 1 0 3 1 f 0 1
3 80774 85b3580774652937457c 9 0 1 0 3 0 f 0 1
3 8bfa4 1eb7bcd6b86059ace30b 3 0 1 0 3 0 f 0 1
3 95241 952413e9a6aab833fe02 a 1 1 3 3 8 f 0 1
3 bb00d 0daf3d6dadf3463bb00d e 0 1 0 3 0 f 0 1
3 d3f64 3a8378fb5660fa8d3f64 e 0 1 0 3 0 f 0 1
3 3913a 3913ade77aa70b2b53db 0 0 1 0 3 0 f 0 1
3 83a19 4edec83a19b9ba20abb8 6 1 1 2 3 4 f 0 1
3 ed582 dc97967234ed582d28f2 0 0 1 0 3 0 f 0 1
3 eea1e e151e3fb05256cbeea1e 1 1 1 0 3 1 f 0 1
3 f805f e00d9f805f99ecaa5ab2 6 1 1 2 3 4 f 0 1
3 c1513 c15132616dd3fd5f56ac a 1 1 3 3 8 f 0 1
3 4fc5a 4fc5a49cb3b244a2ad59 d 1 1 3 3 8 f 0 1
3 4f396 576359ac9ca7cf4dcabd d 0 1 0 3 0 f 0 1
3 b6649 77bd24fbac459c7b6649 d 1 1 0 3 1 f 0 1
3 71691 71691181eb32579cdd01 a 1 1 3 3 8 f 0 1
3 4dfe8 d11b45f27e31bec16f77 f 0 1 0 3 0 f 0 1
3 735d5 80397735d5f1e2821718 9 0 1 0 3 0 f 0 1
3 9b993 264de3c4aac392e9b993 9 1 1 0 3 1 f 0 1
3 3c246 598483c2469d26f4d7fa 0 0 1 0 3 0 f 0 1
3 fdfac b96463f34efdfac9d337 6 1 1 1 3 2 f 0 1
3 34524 1e46e3452486f7c1b566 f 1 1 2 3 4 f 0 1
3 22a11 e09516791c22a11ea2a7 5 0 1 0 3 0 f 0 1
3 d36b0 d36b081021e630283756 6 0 1 0 3 0 f 0 1
3 fc3be 6987bfc3beb775356e12 b 0 1 0 3 0 f 0 1
3 8405c 7cb9954243930915ac2d 9 0 1 0 3 0 f 0 1
3 ec5f5 af3d317774a42fdec5f5 1 1 1 0 3 1 f 0 1
3 f5b79 275022d77f3987dbdb3b c 0 1 0 3 0 f 0 1
3 2ee31 f1feb699f8b21c9c4b42 e 0 1 0 3 0 f 0 1
3 279ed 12644c064d279edc1ece b 1 1 1 3 2 f 0 1
3 f0606 ae5d96ae2e374d00afd0 5 0 1 0 3 0 f 0 1
3 a2376 fa636a2376063c3c02df d 1 1 2 3 4 f 0 1
3 c25ea 3347ef12eb9ca508bbb2 a 0 1 0 3 0 f 0 1
3 fcfc8 0c5f2fcfc86abcfbcfc6 1 0 1 0 3 0 f 0 1
3 56a81 56a811305fe8078efb9a a 1 1 3 3 8 f 0 1
3 666b1 666b18525a3b80f6bb65 3 0 1 0 3 0 f 0 1
3 f21aa 4743b9999cf21aac6626 a 1 1 1 3 2 f 0 1
3 9d646 9d646a1c599d6461203a 7 1 1 1 3 2 f 0 1
3 185ab 185ab2d494a45f384d0f 4 0 1 0 3 0 f 0 1
3 bcd79 b1ba997f3409785bcd79 9 1 1 0 3 1 f 0 1
3 5a72f 9ccc6bde526e20b5a72f f 1 1 0 3 1 f 0 1
3 794fd 3296eaf9a832dd505591 e 0 1 0 3 0 f 0 1
3 9de3e f76d03c68260817e97a9 2 0 1 0 3 0 f 0 1
3 b4c95 b4c9583536cea82978ff 0 0 1 0 3 0 f 0 1
3 3afd1 4f9be3afd1a8e5801b2c 6 1 1 2 3 4 f 0 1
3 ab28f 1f5ec7c393ab28fa1153 d 0 1 0 3 0 f 0 1
3 f17d8 7bc3ab2c9a8ba61f17d8 b 1 1 0 3 1 f 0 1
3 69fa1 8181d69fa177d51ac47d 3 0 1 0 3 0 f 0 1
3 4ce43 2a44899ae3d25594ce43 9 1 1 0 3 1 f 0 1
3 d5189 b0033d51898187d17a62 1 0 1 0 3 0 f 0 1
3 7bde6 45dc47bde6faf09ea23f 3 0 1 0 3 0 f 0 1
3 7aa11 15437ce1a971fa953ee2 d 0 1 0 3 0 f 0 1
3 2d5ac 02ec72d5acb0c14161a1 4 1 1 2 3 4 f 0 1
3 d7ba3 d7ba3ed3e1f3da0b9d18 f 1 1 3 3 8 f 0 1
3 461ef d64dccb73f45f6edf111 3 0 1 0 3 0 f 0 1
3 978b8 978b8adabb3c77c6686e 8 1 1 3 3 8 f 0 1
3 2d510 9f55a08308a375c2d510 0 0 1 0 3 0 f 0 1
3 48263 112b04826364a21eaf9e 5 1 1 2 3 4 f 0 1
3 40f54 40f5475cdd214af40f54 3 1 1 0 3 1 f 0 1
3 ef437 0754def4374dc0ebf67a c 1 1 2 3 4 f 0 1
3 9a701 9a7017433bc14bf286ce 6 0 1 0 3 0 f 0 1
3 b16ff 1bb61165fab16ffa0cd6 7 1 1 1 3 2 f 0 1
3 0813f 269680fef90813fc14c2 0 0 1 0 3 0 f 0 1
3 d3da4 d3da48c7ce3d3eda5a70 e 1 1 3 3 8 f 0 1
3 ff3ca e7b11ff3caff3ca88448 5 1 1 2 3 4 f 0 1
3 296dd 648fa65e82296dd316dc 2 1 1 1 3 2 f 0 1
3 33a61 153be7d52b537c533a61 d 1 1 0 3 1 f 0 1
3 af87b af87bbe40281aab35887 7 0 1 0 3 0 f 0 1
3 818a3 071b2b386a2839f818a3 d 1 1 0 3 1 f 0 1
3 afa53 afa535422dbe5b5afa53 3 1 1 0 3 1 f 0 1
3 7d1af 47f4b6e057af57c7d1af 5 1 1 0 3 1 f 0 1
3 3a365 bedf8622cc4bfad3a365 d 1 1 0 3 1 f 0 1
3 eff2b f738774ea2eff2b65be3 e 1 1 1 3 2 f 0 1
3 5c610 ce33a7d5a35c6102e20f 4 0 1 0 3 0 f 0 1
3 a9b1a a9b1a870dc1ce1863c7a 1 0 1 0 3 0 f 0 1
3 5e55b 2b1de5e55be6d21defce c 1 1 2 3 4 f 0 1
3 ffca8 2947dd8a01890aa8f77b 3 0 1 0 3 0 f 0 1
3 bf796 bf796fc2532673b39bf1 6 0 1 0 3 0 f 0 1
3 bce89 95312bce8910b9448452 4 1 1 2 3 4 f 0 1
3 f9d42 e193bf9d429212d147c7 2 0 1 0 3 0 f 0 1
3 692e4 9a045cf9a7ee4c15514a 5 0 1 0 3 0 f 0 1
3 bd267 6be59b0df0d1313f555e 8 0 1 0 3 0 f 0 1
3 319e4 218eb319e4150f2ab87b 3 0 1 0 3 0 f 0 1
3 dd363 b9103dd363c9cb50200b 3 0 1 0 3 0 f 0 1
3 36e9c 36e9c534198f7d80e17c c 1 1 3 3 8 f 0 1
3 44a32 22524bd0d244a3291d86 7 1 1 1 3 2 f 0 1
3 6d5c9 b86faaeb8f6d5c96d5c9 b 1 1 0 3 3 f 1 1
3 ae55e 61ac4b89fc11e46ae55e e 0 1 0 3 0 f 0 1
3 013c2 013c20bf7068eba34f4c 1 0 1 0 3 0 f 0 1
3 65cfb 1e1620701d22cb6528e6 7 0 1 0 3 0 f 0 1
3 8d829 5dfdc30e858d8292d9a2 7 1 1 1 3 2 f 0 1
3 c6ec3 c6ec35fe22132483bbfe 3 0 1 0 3 0 f 0 1
3 57956 d152e12ddaa8bc397fa9 6 0 1 0 3 0 f 0 1
3 56777 95d158a4c82ee4256777 f 1 1 0 3 1 f 0 1
3 89084 89ca89ea01547c689084 4 0 1 0 3 0 f 0 1
3 e35f0 d4a7b3d8d1de2ed8418d 5 0 1 0 3 0 f 0 1
3 2a3f7 2e80d2a3f75dad2648fe b 0 1 0 3 0 f 0 1
3 5fe92 5b68a5fe921b75b4a1bd e 1 1 2 3 4 f 0 1
3 653ef fd846c53da577000d456 e 0 1 0 3 0 f 0 1
3 f5808 104453f8e4ef515630fc b 0 1 0 3 0 f 0 1
3 f0d22 597939ad15ac5944a027 6 0 1 0 3 0 f 0 1
3 fa9fd fa9fdce66143d78bcc32 d 1 1 3 3 8 f 0 1
3 5cfb8 ab69ca4a11c64ff99cb4 8 0 1 0 3 0 f 0 1
3 6ab4d 304a49c56b11d7f1955f 6 0 1 0 3 0 f 0 1
3 1c71a f6ef2163f807dfa1c71a d 1 1 0 3 1 f 0 1
3 d5170 d5170da5e91fa3332c0a b 1 1 3 3 8 f 0 1
3 b2b8e 6210357be3de79de5ce4 1 0 1 0 3 0 f 0 1
3 c2b8c b66e0a939e7bfc5c2b8c 1 1 1 0 3 1 f 0 1
3 8d237 9845556509eccad28595 0 0 1 0 3 0 f 0 1
3 29797 e869e29797be4ea8e829 f 1 1 2 3 4 f 0 1
3 2fb0b 2674c1184b79fd92fb0b 3 1 1 0 3 1 f 0 1
3 37b56 37b564d9ee37b56632a4 4 0 1 0 3 0 f 0 1
3 3b727 66964813be70ffb8df24 6 0 1 0 3 0 f 0 1
3 4c17b 00018183994c17b6cc24 9 0 1 0 3 0 f 0 1
3 3ee25 5b3e4162f03ee251848b 3 1 1 1 3 2 f 0 1
3 0aeca 9550c0aeca08b23b4877 1 0 1 0 3 0 f 0 1
3 d6728 670c08f16390d4ad6728 6 0 1 0 3 0 f 0 1
3 cf847 cf84777958622551bf8d f 1 1 3 3 8 f 0 1
3 a6bab a6bab246ee537d1a6bab 2 0 1 0 3 0 f 0 1
3 22a22 ee780f062f3bdde420eb 8 0 1 0 3 0 f 0 1
3 d91d0 d2a63e297470422d91d0 1 1 1 0 3 1 f 0 1
3 5b235 dd6b81bbd9417ee53091 4 0 1 0 3 0 f 0 1
3 5bd27 d555689bea472d15bd27 e 0 1 0 3 0 f 0 1
3 37e1a fe40337e1a2a71abcc4c 3 0 1 0 3 0 f 0 1
3 28bf8 f7da51529ace4764a097 e 0 1 0 3 0 f 0 1
3 b88e0 b88e02c657183e29d2eb b 1 1 3 3 8 f 0 1
3 72408 c37eb7240839b92406a5 7 1 1 2 3 4 f 0 1
3 54d5d ab2ce54d5d993fee6171 2 0 1 0 3 0 f 0 1
3 43f82 a5a2043f82bc2fbda79f 1 0 1 0 3 0 f 0 1
3 cefb2 8f1facefb278b1a79a07 7 1 1 2 3 4 f 0 1
3 fcc56 11474d933852631a92a5 7 0 1 0 3 0 f 0 1
3 f45b0 74e6ef45b0a7c63f45b0 0 0 1 0 3 0 f 0 1
3 0b403 79d880b40306cde0d34a e 1 1 2 3 4 f 0 1
3 3bcde 3bcde5b7cc3c346551da 8 1 1 3 3 8 f 0 1
3 35d9d 3a9d9b722561042fc575 a 0 1 0 3 0 f 0 1
3 ae3bf 27cffae3bf3a3310d42e 7 1 1 2 3 4 f 0 1
3 dffdb 2e923dffdbaa67135749 1 0 1 0 3 0 f 0 1
3 73386 30e0f3636ae3b1ea35cd f 0 1 0 3 0 f 0 1
3 93124 e85df9312421d3d81843 a 0 1 0 3 0 f 0 1
3 a2903 a2903bba2b80e08abdf2 8 1 1 3 3 8 f 0 1
3 818dd 9fe46818ddfaaa6130f5 9 0 1 0 3 0 f 0 1
3 c750e 9869056f3f5f463c750e d 1 1 0 3 1 f 0 1
3 51018 e1941f699a5101861797 7 1 1 1 3 2 f 0 1
3 7e006 2829317a3c034975a7c0 b 0 1 0 3 0 f 0 1
3 28f1e 827bca72f02f96228f1e 7 1 1 0 3 1 f 0 1
3 206ac 9feca71a5045605d7b23 1 0 1 0 3 0 f 0 1
3 6fe99 74ab63f9ad6fe99a5dbd 3 1 1 1 3 2 f 0 1
3 6549e d39f06549e841d7d43b6 0 0 1 0 3 0 f 0 1
3 13628 1362813628d04a2bec89 1 0 1 0 3 0 f 0 1
3 e5607 ec2e1fb8dbb6917e5607 0 0 1 0 3 0 f 0 1
3 3e0d5 3e0d5431c8af495dba5e 9 1 1 3 3 8 f 0 1
3 5f335 2eaa25f33548bff71ad7 3 0 1 0 3 0 f 0 1
3 8cbe5 5587c4c192809e78cbe5 b 1 1 0 3 1 f 0 1
3 ef3df 26f217cceeef3df80426 a 1 1 1 3 2 f 0 1
3 c4733 9fe1f2c04ec4733710c3 a 1 1 1 3 2 f 0 1
3 2fa5b 05c995ab9c21b908afeb c 0 1 0 3 0 f 0 1
3 bd96b b0a277a77f200f4bd96b 6 0 1 0 3 0 f 0 1
3 06aaf ec470f6dcdec47206aaf e 0 1 0 3 0 f 0 1
3 573ee 803b1ef10d07286bf99f 3 0 1 0 3 0 f 0 1
3 04eb0 04eb05bf2bfc03f5eef6 a 1 1 3 3 8 f 0 1
3 d012c d012c4bb7c84f436fede 3 0 1 0 3 0 f 0 1
3 f16a2 f16a2526e2cf4bd23cdc 9 1 1 3 3 8 f 0 1
3 86e23 44b76420a1587d186e23 8 0 1 0 3 0 f 0 1
3 c5863 c5863c985b16db0b9a0a 9 1 1 3 3 8 f 0 1
3 ae5ac dada0d3e25ae5aceb3c9 2 1 1 1 3 2 f 0 1
3 47c89 c442e81fcfbf28c47c89 0 0 1 0 3 0 f 0 1
3 de3d3 de3d30e4327a4eca14b0 1 0 1 0 3 0 f 0 1
3 9985d 9985d267c19727264d32 0 0 1 0 3 0 f 0 1
3 815fb 66165b7c574a38b815fb 7 1 1 0 3 1 f 0 1
3 3d10f 3d10f9a3f3d914d6a071 2 0 1 0 3 0 f 0 1
3 b6731 b673173acab5b5806e9e 2 0 1 0 3 0 f 0 1
3 b1547 8c38a0f2f136c038f161 6 0 1 0 3 0 f 0 1
3 ce79e 4ae87c9178ea93f143f7 0 0 1 0 3 0 f 0 1
3 c0f3e c0f3e79d75c0f3e59a0e 3 1 1 1 3 2 f 0 1
3 b7900 b79006bbab3d5d3b7900 1 1 1 0 3 1 f 0 1
3 22c58 bcd8fa7c1b5e01a22c58 f 1 1 0 3 1 f 0 1
3 74760 53e48448f92af6c74760 a 0 1 0 3 0 f 0 1
3 35226 b376ec63ed35226f1877 8 0 1 0 3 0 f 0 1
3 8f9ad 50b168f9ad9f55a8f9ad 4 1 1 2 3 4 f 0 1
3 9b432 b9be89b4325d73edc95a d 1 1 2 3 4 f 0 1
3 5cc3e 933d726ea75cc3e586f0 1 0 1 0 3 0 f 0 1
3 94e4b 94e4b86dd9aee6be2052 c 1 1 3 3 8 f 0 1
3 21c21 f0f8e3fa5e21c212ccb8 d 0 1 0 3 0 f 0 1
3 c3b4c 6b6ad3eb87c3b4cb75d2 9 0 1 0 3 0 f 0 1
3 abfeb abfeb3e04d0919cac118 d 1 1 3 3 8 f 0 1
3 ff2c1 ff2c1a84f5240edb84b5 4 0 1 0 3 0 f 0 1
3 6f09e 01b916f09e90f116f09e 2 0 1 0 3 0 f 0 1
3 0d904 f36cb0d904b2c97949e5 9 0 1 0 3 0 f 0 1
3 a6381 fde1aecf3143c21a6381 1 1 1 0 3 1 f 0 1
3 d7cae 2fbbb30d13cf2709f81c 5 0 1 0 3 0 f 0 1
3 69d68 3c325ca06069d68f5468 a 1 1 1 3 2 f 0 1
3 29667 2de7642281c927229667 7 1 1 0 3 1 f 0 1
3 d49ce bc76cd49ce66aea21c8b e 1 1 2 3 4 f 0 1
3 d0cde 0ec2cd0cdeb4ae920263 1 0 1 0 3 0 f 0 1
3 c7650 9e9fdc765087f16a36e2 7 1 1 2 3 4 f 0 1
3 ac65a f1fb474598ac65a651d7 5 0 1 0 3 0 f 0 1
3 1c339 a20ebefc581c3393ae9c 2 1 1 1 3 2 f 0 1
3 c1a25 583f086c54c1a25c1a25 d 1 1 0 3 1 f 0 1
3 39ad9 421a939ad90d548bc152 7 1 1 2 3 4 f 0 1
3 8521a f0ba28521ab44eb1dfd3 d 1 1 2 3 4 f 0 1
3 448fa 85d9a909e1d4e35448fa 7 1 1 0 3 1 f 0 1
3 0c6a8 852040c6a87c5d9f5c06 1 0 1 0 3 0 f 0 1
3 74561 745613582e62b56b47bf f 1 1 3 3 8 f 0 1
3 09ac0 8fff409ac0790dcb36c2 9 0 1 0 3 0 f 0 1
3 1e778 c3b18c379cc2ccbceea3 5 0 1 0 3 0 f 0 1
3 8c212 b5fe675b0b98af58c212 b 1 1 0 3 1 f 0 1
3 f6d50 b7275f6d5003bc18422b 3 0 1 0 3 0 f 0 1
3 d7fbb 409cdbbfbdbf94cfc26a 1 0 1 0 3 0 f 0 1
3 8fff0 f59775956cf99598fff0 6 0 1 0 3 0 f 0 1
3 cb391 57173ea6c33dd6dcb391 8 0 1 0 3 0 f 0 1
3 c55f2 2975437bf04fdbbc55f2 7 1 1 0 3 1 f 0 1
3 053c0 b384dda02194cef053c0 9 1 1 0 3 1 f 0 1
3 e9bf7 af4b9e976884c2736d7b 2 0 1 0 3 0 f 0 1
3 32104 3cc55d80114d3d832104 9 1 1 0 3 1 f 0 1
3 29a0d 0349329a0d5823195c60 5 1 1 2 3 4 f 0 1
3 f9660 f14ce2fd4d7d188f9660 9 1 1 0 3 1 f 0 1
3 a90d0 6bd3a2727da90d0a56b6 a 1 1 1 3 2 f 0 1
3 587e0 587e001d030add872266 5 0 1 0 3 0 f 0 1
3 1fca9 962771fca939e79e636b 5 1 1 2 3 4 f 0 1
3 18f71 03576c795318f713c65e b 1 1 1 3 2 f 0 1
3 e9114 e9114813d9e91141293b c 1 1 3 3 8 f 0 1
3 5bf20 2d96059a065bf2027af4 e 1 1 1 3 2 f 0 1
3 eb141 22afda64cb8b606881ec 7 0 1 0 3 0 f 0 1
3 1a072 c4e8c1448efa50019ab4 9 0 1 0 3 0 f 0 1
3 4c99b 4c99bb4aa542f68dd5f5 b 1 1 3 3 8 f 0 1
3 fba98 fb359fba98c687a49aa4 5 1 1 2 3 4 f 0 1
3 08e20 cb769bf3779881208e20 b 1 1 0 3 1 f 0 1
3 03456 0307f03456c7cce69635 8 0 1 0 3 0 f 0 1
3 436db 436dbd20f2d0dd2073a2 a 1 1 3 3 8 f 0 1
3 20432 20432d345e16e51fdd86 e 1 1 3 3 8 f 0 1
3 d0bee 05176d0bee82f63338a1 2 0 1 0 3 0 f 0 1
3 e0669 1b8355cf52d31911ae90 a 0 1 0 3 0 f 0 1
3 ba038 ba038dbf149d08ad4a8f 5 0 1 0 3 0 f 0 1
3 2c725 a88d5213db892092c725 0 0 1 0 3 0 f 0 1
3 b6cad d9a4f9f002af071e7c49 c 0 1 0 3 0 f 0 1
3 71378 65e35bcdbf7137871378 1 1 1 0 3 1 f 0 1
3 48cba 1e96f48cba49a82e9efb 8 0 1 0 3 0 f 0 1
3 d3aa2 97550d3aa20c078e0b77 7 1 1 2 3 4 f 0 1
3 79a9f 363d707dfe2b6b2fb415 6 0 1 0 3 0 f 0 1
3 ba6ca 7b99856c73a9092dc826 a 0 1 0 3 0 f 0 1
3 ce5ea b789803962ce5ea73520 a 1 1 1 3 2 f 0 1
3 7557a b2d995676c8fe68fce51 3 0 1 0 3 0 f 0 1
3 337ca 337ca108e6d8a451f0be 0 0 1 0 3 0 f 0 1
3 94cb2 53d0294cb2a7d1834f88 8 0 1 0 3 0 f 0 1
3 2ad5d 5126b879c41b9ee2ad5d 8 0 1 0 3 0 f 0 1
3 4b29d b29f04b29de90fe604a4 9 0 1 0 3 0 f 0 1
3 39586 b84eed952f39586d4dcd 7 1 1 1 3 2 f 0 1
3 c40db 6418ada5460ed9cc40db 4 0 1 0 3 0 f 0 1
3 bb0ca 0e062bb0ca0ce6047891 2 0 1 0 3 0 f 0 1
3 f7f3e 86b0e7e051f7f3e4f149 0 0 1 0 3 0 f 0 1
3 0a895 0a89563a0994982528c9 b 1 1 3 3 8 f 0 1
3 d35a4 46b07ee632947106ae93 3 0 1 0 3 0 f 0 1
3 6056b 6056be93520b4b3c9d7b 7 0 1 0 3 0 f 0 1
3 a211d a211dc5aabf803f45ae2 8 1 1 3 3 8 f 0 1
3 90a03 2e53e2e9e090a03ad31b 1 0 1 0 3 0 f 0 1
3 3fde0 cea9ba40a8565083fde0 c 0 1 0 3 0 f 0 1
3 78f29 78f295ee567e8b62c888 b 1 1 3 3 8 f 0 1
3 7f7b4 8d5718edb47f7b41154a 1 0 1 0 3 0 f 0 1
3 e48b0 0ccef24eb43ff7ae48b0 8 0 1 0 3 0 f 0 1
3 620df 355ce1df785c1bf620df 0 0 1 0 3 0 f 0 1
3 04e7e ef9f9b32211f0ad04e7e 3 1 1 0 3 1 f 0 1
3 88e1c 748153c4730950388e1c b 1 1 0 3 1 f 0 1
3 b6cb7 0d16ef3dbd9460b13e16 4 0 1 0 3 0 f 0 1
3 edf21 50c2f0010eedf2121a27 b 1 1 1 3 2 f 0 1
3 9baaa 9baaab34c8cbf85913d2 d 1 1 3 3 8 f 0 1
3 75f17 6adf442e952948609c48 a 0 1 0 3 0 f 0 1
3 160f6 160f640307c9dfa2982a 1 0 1 0 3 0 f 0 1
3 15a69 a6267c46a21f9ae8b342 a 0 1 0 3 0 f 0 1
3 119f6 f508efb144d09dcbe279 c 0 1 0 3 0 f 0 1
3 bc2e7 4d2a9a3a23bc2e7aa0ed d 0 1 0 3 0 f 0 1
3 04a56 8b241056c6a778804a56 4 0 1 0 3 0 f 0 1
3 79daa aa911bdc5504a1479daa 0 0 1 0 3 0 f 0 1
3 103ef 24063774f03691b103ef 6 0 1 0 3 0 f 0 1
3 41588 93257415886f86f13743 a 0 1 0 3 0 f 0 1
3 59b55 59b55b847b6b7090b9b2 7 0 1 0 3 0 f 0 1
3 603e5 b24f2603e5327311b222 f 1 1 2 3 4 f 0 1
3 1e16e 7a54c5bcdb1e16e130d9 8 0 1 0 3 0 f 0 1
3 08d59 65f693afc0d743008d59 2 0 1 0 3 0 f 0 1
3 d7b3c ce71ad7b3c06a0a66ba2 e 1 1 2 3 4 f 0 1
3 3431f d943e5afdd3431f53c67 0 0 1 0 3 0 f 0 1
3 7747b 7747b07d0932aadf66b9 c 1 1 3 3 8 f 0 1
3 e7745 eb388e7745ce54bf2125 e 1 1 2 3 4 f 0 1
3 ff798 763e078fdadb5a71686d f 0 1 0 3 0 f 0 1
3 88052 f3ecc880526fb03824b8 4 1 1 2 3 4 f 0 1
3 60dbc b441baba5a60dbcc824e 1 0 1 0 3 0 f 0 1
3 55f16 55f165713b84416d3989 0 0 1 0 3 0 f 0 1
3 a6c8c 9bdd9bcdd1e610ea6c8c 0 0 1 0 3 0 f 0 1
3 53789 53789458f5d91d262da9 9 1 1 3 3 8 f 0 1
3 44ef7 c4f4d5072577dfa1aa52 7 0 1 0 3 0 f 0 1
3 8a906 98d028a906038f5d2dca 9 0 1 0 3 0 f 0 1
3 144f1 4e1e276bab144f1bf1c8 b 1 1 1 3 2 f 0 1
3 41069 127a3410695cf2d41069 f 1 1 0 3 5 f 1 1
3 fef66 cb59dfef66295344fe18 2 0 1 0 3 0 f 0 1
3 474a2 474a218d55bc2299eb0d 0 0 1 0 3 0 f 0 1
3 36e5f 11506381613d7a17ed91 c 0 1 0 3 0 f 0 1
3 73a53 977886760c55b5f73a53 8 0 1 0 3 0 f 0 1
3 ac988 05eaeac98801c5e5c642 0 0 1 0 3 0 f 0 1
3 4a6e9 93e764a6e9b75e5a359f 8 0 1 0 3 0 f 0 1
3 2a425 c62e902e6d713a92a425 0 0 1 0 3 0 f 0 1
3 aed77 d3096aed77347801b230 4 1 1 2 3 4 f 0 1
3 cde73 7cb6f4cc6e7875631669 0 0 1 0 3 0 f 0 1
3 b2213 6e5e3ef92bc9df6b2213 0 0 1 0 3 0 f 0 1
3 2629c e5b008288a2629c2629c 7 1 1 0 3 3 f 1 1
3 23cd3 c1d0e23cd3588f310f41 b 0 1 0 3 0 f 0 1
3 ffdc5 58263ffdc5237177e1cd 7 1 1 2 3 4 f 0 1
3 9b126 19d3df99805a7b49b126 4 0 1 0 3 0 f 0 1
3 5b912 c4cd6d52a462c745b912 9 1 1 0 3 1 f 0 1
3 ffc79 887dd9531cffc79ce06d 3 1 1 1 3 2 f 0 1
3 79419 79419e04b382ae4233e9 9 1 1 3 3 8 f 0 1
3 aabbf 2c86893a4faabbf67dad b 1 1 1 3 2 f 0 1
3 cc31b 67b6195019c221acc31b 9 1 1 0 3 1 f 0 1
3 a0ea2 74cc6829c86b2d6b717f 2 0 1 0 3 0 f 0 1
3 aaade aaade0370828175b9419 8 1 1 3 3 8 f 0 1
3 7566a 7566a1c13449e886a087 9 1 1 3 3 8 f 0 1
3 4d801 652208d4c8c0f38bee30 c 0 1 0 3 0 f 0 1
3 cf649 55ffcc8952944c258164 7 0 1 0 3 0 f 0 1
3 b418c 6e93bb418c936c1cfea1 1 0 1 0 3 0 f 0 1
3 acac5 5a59fedf4b223bfacac5 d 1 1 0 3 1 f 0 1
3 2b479 2b4790e2b76143fc7def 0 0 1 0 3 0 f 0 1
3 73038 f848d730384468fb8af6 a 0 1 0 3 0 f 0 1
3 0420e 0420e221e0351a5fa9fd c 1 1 3 3 8 f 0 1
3 51093 a7c3ce652f10caf51093 6 0 1 0 3 0 f 0 1
3 f239d 059f8e5257b2fb8f239d 9 1 1 0 3 1 f 0 1
3 29c90 820cb0ac5d6258a29c90 f 1 1 0 3 1 f 0 1
3 5dda2 1190c5dda2c9673252e7 0 0 1 0 3 0 f 0 1
3 be20a 3247970596be20ac9a54 1 0 1 0 3 0 f 0 1
3 e546d e546dc0edba13d1e8191 5 0 1 0 3 0 f 0 1
3 05023 42131a5e460502384e8d b 1 1 1 3 2 f 0 1
3 db4af 51c0c13ce1e3b000f7f1 4 0 1 0 3 0 f 0 1
3 68cc4 4dd4a85f3a68cc4c429d 2 1 1 1 3 2 f 0 1
3 08536 eeca308536b9620a40cb 0 0 1 0 3 0 f 0 1
3 ea7ce 2bb4748d7bce0d8ea7ce 0 0 1 0 3 0 f 0 1
3 a7704 a77048b4410e620d2297 3 0 1 0 3 0 f 0 1
3 9a758 3663c81f399a75839910 d 0 1 0 3 0 f 0 1
3 4815a 4815a694ca5e688527b1 5 0 1 0 3 0 f 0 1
3 e6cde 3064f7dd3942c5fe6cde b 1 1 0 3 1 f 0 1
3 af05f af05f9f419ce6c8e2173 4 0 1 0 3 0 f 0 1
3 fd465 e605a99476fd4653532a 8 0 1 0 3 0 f 0 1
3 d915e 0582e07848e38a78f4d0 3 0 1 0 3 0 f 0 1
3 eae27 1261faafffeae2720042 1 0 1 0 3 0 f 0 1
3 12186 ce6101218638df3748a8 9 0 1 0 3 0 f 0 1
3 c1de2 a015cf064cc1de216299 c 0 1 0 3 0 f 0 1
3 b6160 b61604c68944248feefe 7 0 1 0 3 0 f 0 1
3 af64a 72aaf986d5a7964af64a 2 0 1 0 3 0 f 0 1
3 6ffc5 13e5f6ffc5d913a6b46c 3 0 1 0 3 0 f 0 1
3 42db6 67041690172f4ce42db6 1 1 1 0 3 1 f 0 1
3 1a918 a2e5c9036f261a41a918 7 1 1 0 3 1 f 0 1
3 442e2 d581c18550442e2e4250 0 0 1 0 3 0 f 0 1
3 7d8be c3b66123e0f8d5bd98fa d 0 1 0 3 0 f 0 1
3 0b44d 0b44d71220c8c45a4311 c 1 1 3 3 8 f 0 1
3 ad534 ad534d7c87ce54d0f978 4 0 1 0 3 0 f 0 1
3 07af5 83f6bb8ded95a92763a7 f 0 1 0 3 0 f 0 1
3 c69eb c69eb4a52d77d6331f61 9 1 1 3 3 8 f 0 1
3 12a47 9a56784fc012a476a4f9 0 0 1 0 3 0 f 0 1
3 3d6f7 e874bbdbd9aaeb17623f 4 0 1 0 3 0 f 0 1
3 c477c 728502c554fd0dcfdc25 d 0 1 0 3 0 f 0 1
3 ff8e4 70c6ffd8ff24675ff8e4 e 0 1 0 3 0 f 0 1
3 5424b 5424b5424b62f9c1f00c 3 0 1 0 3 0 f 0 1
3 213fc 097a5213fc52e8f49775 4 1 1 2 3 4 f 0 1
3 b1360 b1360c65a654e411895b 3 0 1 0 3 0 f 0 1
3 4cc8f a764b583b8f8eabc7c18 0 0 1 0 3 0 f 0 1
3 685e6 685e6685e62d54840689 3 0 1 0 3 0 f 0 1
3 93d9d f90fe93d9d73ee46d82e 3 0 1 0 3 0 f 0 1
3 2e638 402e99e24066908af606 9 0 1 0 3 0 f 0 1
3 8792e 092d48792e84023ccd41 c 1 1 2 3 4 f 0 1
3 4b5ae 5b22ca00b7b6fc14b5ae 5 1 1 0 3 1 f 0 1
3 40296 cea004029635893f384e b 0 1 0 3 0 f 0 1
3 f748f f748f4060a69af8e0961 2 0 1 0 3 0 f 0 1
3 583ca 2ddfce9c11423467c7eb a 0 1 0 3 0 f 0 1
3 43ec7 4906f0963b43ec7b8c47 5 0 1 0 3 0 f 0 1
3 b09b5 5e5ea9206c3cee32f2c7 1 0 1 0 3 0 f 0 1
3 49825 8e6eaca775a3a6649825 0 0 1 0 3 0 f 0 1
3 5b3e7 509fe99b05cc236f2b02 8 0 1 0 3 0 f 0 1
3 2a963 78182b5b552a9632a963 d 1 1 0 3 1 f 0 1
3 1475a a7a0f55e29344b81475a 3 1 1 0 3 1 f 0 1
3 22b12 42d588ced586feffc807 1 0 1 0 3 0 f 0 1
3 a6966 a6966d4df20f6c426f44 6 0 1 0 3 0 f 0 1
3 3ade5 c1808bdc71d3c3bbdfed c 0 1 0 3 0 f 0 1
3 efaa7 7f12cfd9d3ac63d9430e 0 0 1 0 3 0 f 0 1
3 a0e42 663a85b165a0e42c1bc2 d 0 1 0 3 0 f 0 1
3 f16f3 8b2713e510e480ff16f3 3 1 1 0 3 1 f 0 1
3 7c6bb b98c87c6bb5108cc2680 f 1 1 2 3 4 f 0 1
3 e3640 7d945bded854104e3640 b 1 1 0 3 1 f 0 1
3 23755 8cba17d9bd23755c7255 6 1 1 1 3 2 f 0 1
3 b8a3a bc30a6e8b4ed3eb862fa 5 0 1 0 3 0 f 0 1
3 39837 36dce01367e0332a998d 5 0 1 0 3 0 f 0 1
3 78f50 78f506b3de7d340df564 c 1 1 3 3 8 f 0 1
3 5cc30 62834a06f35cc3020a9e f 1 1 1 3 2 f 0 1
3 4cf35 d5b2e4cf3569c4137ef7 7 1 1 2 3 4 f 0 1
3 79bab c04f479bab64a5951cee 1 0 1 0 3 0 f 0 1
3 f535c c676ac5f17bea1482e14 c 0 1 0 3 0 f 0 1
3 97304 e4d6617b56a151ff0c05 6 0 1 0 3 0 f 0 1
3 45980 45980e87a8dd79a7735f 1 0 1 0 3 0 f 0 1
3 86645 7926fd7380b4f2686645 4 0 1 0 3 0 f 0 1
3 f9d9f 9c00356dbfd2b9a58b89 f 0 1 0 3 0 f 0 1
3 4f081 6bcb4d2c434f081a1566 7 1 1 1 3 2 f 0 1
3 d10ac 8517be86eec8037d10ac 8 0 1 0 3 0 f 0 1
3 55423 ff85bd8f8955423b3cc5 9 0 1 0 3 0 f 0 1
3 90b32 d794516d6290b32ae824 6 1 1 1 3 2 f 0 1
3 ef0a0 ef0a0609b4ec0a37c738 d 1 1 3 3 8 f 0 1
3 1fccc d7de32a6ada6a246b579 7 0 1 0 3 0 f 0 1
3 3d8aa 71e709feed3d2c33d8aa a 0 1 0 3 0 f 0 1
3 7a6d9 c92eb753557a0887a6d9 7 1 1 0 3 1 f 0 1
3 81636 3d3658163685008dd371 7 1 1 2 3 4 f 0 1
3 b5a1d 15308b8840ebf78b5a1d d 1 1 0 3 1 f 0 1
3 9abb1 83768526a81bf529abb1 9 1 1 0 3 1 f 0 1
3 9d7ec 80d1b9d7eca22c53753c 0 0 1 0 3 0 f 0 1
3 860b6 5505345e6a860b61b462 5 0 1 0 3 0 f 0 1
3 05cb6 173af05cb68d8b913d0c d 1 1 2 3 4 f 0 1
3 aa91b 4e2cce5d04fdd48aa91b c 0 1 0 3 0 f 0 1
3 1ae64 a50be1ae6492889c7d83 b 0 1 0 3 0 f 0 1
3 e9d8c e9d8ce9d8c9f81ade2da 5 1 1 2 3 4 f 0 1
3 b4572 b457221461b4572be569 1 0 1 0 3 0 f 0 1
3 7d9cb 8be902ac5096ced7d9cb 5 1 1 0 3 1 f 0 1
3 31e3e f1c5d84989ed0fa31e3e 2 0 1 0 3 0 f 0 1
3 5382b ef053d71662c68b5382b 2 0 1 0 3 0 f 0 1
3 2edb8 840712edb814d237c65b 9 0 1 0 3 0 f 0 1
3 cc9d8 8e7ffcc9d80f16e4a1a8 a 0 1 0 3 0 f 0 1
3 be663 87fd51e615be663af434 e 1 1 1 3 2 f 0 1
3 90b0d 89fea180b890b0df4bfe 0 0 1 0 3 0 f 0 1
3 6466f b9bcea28f98446b6466f a 0 1 0 3 0 f 0 1
3 b4b3c 3fe819c4e3670beb4b3c 2 0 1 0 3 0 f 0 1
3 41f77 53f7a65b02f3c3641f77 7 1 1 0 3 1 f 0 1
3 1e020 824cd056040075f1e020 c 0 1 0 3 0 f 0 1
3 de598 de598be082375b9ce1bb 0 0 1 0 3 0 f 0 1
3 10e94 4b48774ad8fa12510e94 2 0 1 0 3 0 f 0 1
3 22e30 a50d15e95ec667622e30 d 1 1 0 3 1 f 0 1
3 c8171 1b3b07c06cd3a26c8171 6 0 1 0 3 0 f 0 1
3 a618e 3856f0fc20010a7a618e 3 1 1 0 3 1 f 0 1
3 81063 017408106322b443224e 3 0 1 0 3 0 f 0 1
3 0ece8 9f79312c8c56f2e0ece8 f 1 1 0 3 1 f 0 1
3 7c05e e35f07c05ef0a5feb805 f 1 1 2 3 4 f 0 1
3 e14f8 9704ce14f812a1d64a24 f 1 1 2 3 4 f 0 1
3 a032d 4175975125f8ae4ec317 4 0 1 0 3 0 f 0 1
3 116e6 116e6204fc5e2539d0f1 5 0 1 0 3 0 f 0 1
3 844b3 844b37b917590fe1c61b f 1 1 3 3 8 f 0 1
3 36136 c46e5651c93613671340 d 0 1 0 3 0 f 0 1
3 3bceb 3bceb3bceb4027104932 4 1 1 2 3 4 f 0 1
3 a0bcb 3d7d9781842dcacb8cb8 4 0 1 0 3 0 f 0 1
3 f4040 c777a5ff89f40406ae61 f 1 1 1 3 2 f 0 1
3 91ec8 034be879ae91ec85bc2c 3 1 1 1 3 2 f 0 1
3 d1b54 d1b544d45e6f2eef6579 0 0 1 0 3 0 f 0 1
3 ea107 ae9f037d2ad5187ea107 f 1 1 0 3 1 f 0 1
3 4516e 4516e56e474f0187fbde a 1 1 3 3 8 f 0 1
3 983f8 983f8bf0dc60418cd5e2 5 0 1 0 3 0 f 0 1
3 473d7 306fc473d78eca6473d7 2 0 1 0 3 0 f 0 1
3 6fac6 1c86ff84c64fa3e6e29c 6 0 1 0 3 0 f 0 1
3 554c9 5dc251d9e0d815f554c9 3 1 1 0 3 1 f 0 1
3 e63ff e63ffe63ff02ded07615 b 1 1 3 3 8 f 0 1
3 b48b4 b48b420110242011004b e 1 1 3 3 8 f 0 1
3 17d0b 17d0be890bdf6b85d27c e 1 1 3 3 8 f 0 1
3 60b9a 60b9a9c1e979dd05c0b9 9 1 1 3 3 8 f 0 1
3 38ac9 4670a38ac9d46cc6a565 6 1 1 2 3 4 f 0 1
3 9da9b 9da9b6d0ef6ca0602aad 6 0 1 0 3 0 f 0 1
3 07ab7 2c95b47b47156e0a7ad5 5 0 1 0 3 0 f 0 1
3 10637 71e6d106371db319530a 6 1 1 2 3 4 f 0 1
3 3ed2c 3ed2c029c33db4e3374c e 1 1 3 3 8 f 0 1
3 55f63 6bb2e5511c55f638afa1 a 1 1 1 3 2 f 0 1
3 7f40e 7f40e206ec377aa8fc7c 7 0 1 0 3 0 f 0 1
3 ff793 9e6b3bd26bff793ce4f5 a 1 1 1 3 2 f 0 1
3 271a8 da6eb19fde271a8f1699 d 0 1 0 3 0 f 0 1
3 a9edf a9edfe52fe2aa56f8bb7 2 0 1 0 3 0 f 0 1
3 490e9 e7370ac8091181b490e9 a 0 1 0 3 0 f 0 1
3 2d888 31e9a2d888d811877af5 9 0 1 0 3 0 f 0 1
3 abb1d bbe4dd17dde389d0cc5b f 0 1 0 3 0 f 0 1
3 16192 8043916192764d18a4ad d 1 1 2 3 4 f 0 1
3 8440d 27dd4066ff691a0a23e1 6 0 1 0 3 0 f 0 1
3 684bd da76a684bd27b8a9d48f f 1 1 2 3 4 f 0 1
3 c8f8a 8c0a7c8f8a162b6ed7c3 d 1 1 2 3 4 f 0 1
3 f697f f697fa2c76d40d768170 c 1 1 3 3 8 f 0 1
3 d3670 8d841d3670273ed3a11a 9 0 1 0 3 0 f 0 1
3 94c1c a0742f9ab23b9601d223 5 0 1 0 3 0 f 0 1
3 e92fb a04cf0cef5af379016d8 3 0 1 0 3 0 f 0 1
3 c3fde 812a08910cc3fde48ac5 8 0 1 0 3 0 f 0 1
3 ff42c 64321ff42c30c922ed5f c 1 1 2 3 4 f 0 1
3 ea0ea ea0ea401f607a268e769 7 0 1 0 3 0 f 0 1
3 aa44a 37a7faa44a6c6ef21a90 f 1 1 2 3 4 f 0 1
3 50816 3369450816508165ac86 5 1 1 2 3 4 f 0 1
3 e8563 eeea7e8563f7baeb54bd 3 0 1 0 3 0 f 0 1
3 4a742 4a7424a7424a665cdf87 1 0 1 0 3 0 f 0 1
3 de3d6 a01f2f5eeade3d6c03d8 a 1 1 1 3 2 f 0 1
3 bf77f 125888ad636a9e3bf77f a 0 1 0 3 0 f 0 1
3 b1f51 c743cc64624507cb1f51 0 0 1 0 3 0 f 0 1
3 0de1d 0de1d737e0d949989d3f 0 0 1 0 3 0 f 0 1
3 84bbb 9f6bac7a605de2b5db4e 7 0 1 0 3 0 f 0 1
3 86285 a06e98628592b7a0d105 1 0 1 0 3 0 f 0 1
3 d3a3b d3a3b3b0fddcf799a5fd b 1 1 3 3 8 f 0 1
3 2ae03 01617187cc2ae03ef3e6 4 0 1 0 3 0 f 0 1
3 be4d9 32e4509cc7ecfa7be4d9 9 1 1 0 3 1 f 0 1
3 b2f90 ccbc25bc5fb2f90c759a 1 0 1 0 3 0 f 0 1
3 3cd0b 8af683cd0b7d30cd02aa 4 1 1 2 3 4 f 0 1
3 0475c c6d840475cc34bbed796 e 1 1 2 3 4 f 0 1
3 acf61 3d63305a9d60b38acf61 e 0 1 0 3 0 f 0 1
3 b0a03 8fc77b0a032525eea7cb c 1 1 2 3 4 f 0 1
3 f25aa f25aad506d2e6f188cc4 b 1 1 3 3 8 f 0 1
3 154e9 12d9248cb830432154e9 0 0 1 0 3 0 f 0 1
3 39acb e0505f78161728039acb 2 0 1 0 3 0 f 0 1
3 a5d0f 1584bc5da1a5d0f1067b 3 1 1 1 3 2 f 0 1
3 3133c 3e8008599309079b29d5 e 0 1 0 3 0 f 0 1
3 3323f 3323f5ea0956a9a3323f 0 0 1 0 3 0 f 0 1
3 fcd29 ee33de288afcd298a4c2 2 1 1 1 3 2 f 0 1
3 a9c74 e8ec7c4eed754ada9c74 4 0 1 0 3 0 f 0 1
3 fd46c 172d80c1928f4fda7e0a 1 0 1 0 3 0 f 0 1
3 a9918 55ff1488216db48a9918 0 0 1 0 3 0 f 0 1
3 dbaef 3a0e897bd3dbaef8e82f c 0 1 0 3 0 f 0 1
3 d07b4 1fba2d07b4c7e343022c 1 0 1 0 3 0 f 0 1
3 47faf 47faf0d5c6e8a505f210 d 1 1 3 3 8 f 0 1
3 07091 07deaa93db070912ca01 2 1 1 1 3 2 f 0 1
3 44063 fe3537baffc0d4444063 2 0 1 0 3 0 f 0 1
3 31f14 3445f31f14a66580a6ba 6 1 1 2 3 4 f 0 1
3 18648 cf67c7dfb4f4e2318648 2 0 1 0 3 0 f 0 1
3 5e5d3 9a620da216496735e5d3 9 1 1 0 3 1 f 0 1
3 c309e c04c9f56aca019dc309e b 1 1 0 3 1 f 0 1
3 3cbab 6ffce175c976ab13cbab 0 0 1 0 3 0 f 0 1
3 8719b ccd5c1115b8719bcdfe7 7 1 1 1 3 2 f 0 1
3 accc9 8f878accc98ec3caccc9 c 1 1 2 3 4 f 0 1
3 2c2b2 0b8d93d0f735afc2c2b2 b 1 1 0 3 1 f 0 1
3 fca40 404c6fca406bacbe82c3 c 1 1 2 3 4 f 0 1
3 6265b 6265bbd9cf6177af52a3 2 0 1 0 3 0 f 0 1
3 70ff1 67a5fa039070ff17c1cb 8 0 1 0 3 0 f 0 1
3 3f82b 3f82b92181690f6d609a 6 0 1 0 3 0 f 0 1
3 7edcd b21af9e5777edcd0dbcf 8 0 1 0 3 0 f 0 1
3 fc6ea 80e397138f028fd9ac0d 0 0 1 0 3 0 f 0 1
3 344b0 11df1ce183344b092553 a 1 1 1 3 2 f 0 1
3 52e57 52e5778d5221e99bdd42 f 1 1 3 3 8 f 0 1
3 89dcb 9c70e477d637e3889dcb 5 1 1 0 3 1 f 0 1
3 75bfe c0f8b95382b91b175bfe 4 0 1 0 3 0 f 0 1
3 de32b de32b979c281f0fde32b 4 0 1 0 3 0 f 0 1
3 8c524 622595b4cc749118c524 2 0 1 0 3 0 f 0 1
3 c778c 64a7bf1128c778cfed90 d 0 1 0 3 0 f 0 1
3 40ef2 00ca040ef23b7074044a 9 0 1 0 3 0 f 0 1
3 aa7da 5372daa7da3e3a3a9656 8 0 1 0 3 0 f 0 1
3 11633 4123230ad91163369799 9 0 1 0 3 0 f 0 1
3 35ab8 27b4143b778b08b35ab8 a 0 1 0 3 0 f 0 1
3 e3d44 6bbabfc5ae914d6e3d44 f 1 1 0 3 1 f 0 1
3 25031 c63e4bfaa99ece055084 d 0 1 0 3 0 f 0 1
3 b7265 8e106b94dfb7265d9d72 3 1 1 1 3 2 f 0 1
3 49af5 8e3c4385024d18049af5 9 1 1 0 3 1 f 0 1
3 e43d0 afb8d31d0dffb30a6742 7 0 1 0 3 0 f 0 1
3 fa9d1 6d557b73dc340d812d4a f 0 1 0 3 0 f 0 1
3 6e987 ff2b36e98734d1c3a77c f 1 1 2 3 4 f 0 1
3 7eb4a e5d8ee2e0c7690c7eb4a 6 0 1 0 3 0 f 0 1
3 05995 6efeff00cae50a305995 c 0 1 0 3 0 f 0 1
3 3ccea 3ccea684cfead5affef0 8 1 1 3 3 8 f 0 1
3 96e67 01f86cdedf7c1bf96e67 8 0 1 0 3 0 f 0 1
3 9384c d974a5caad9384cfb89d 0 0 1 0 3 0 f 0 1
3 384b5 c841c384b5a33b80bb60 a 0 1 0 3 0 f 0 1
3 6cddd fe3941e008653346cddd a 0 1 0 3 0 f 0 1
3 c61f0 b0384e01093efe113873 5 0 1 0 3 0 f 0 1
3 84a71 84a71502b065b7f23821 d 1 1 3 3 8 f 0 1
3 cb32c 45511cb32cceab4518cc 5 1 1 2 3 4 f 0 1
3 41bbc cd36ce2d9c41bbcbe416 e 1 1 1 3 2 f 0 1
3 75ff9 75ff97b86ea926f75ff9 2 0 1 0 3 0 f 0 1
3 4d958 56c0a630b672e5b49bd4 9 0 1 0 3 0 f 0 1
3 152f3 152f31f36bba89f160a5 e 1 1 3 3 8 f 0 1
3 f0a5a f0a5aadb81d861d85527 d 1 1 3 3 8 f 0 1
3 b888e b888e0327c0057ae2d68 2 0 1 0 3 0 f 0 1
3 34761 59ea3272453476101b8d 9 0 1 0 3 0 f 0 1
3 74c88 fb57078ab8c385f858ef 5 0 1 0 3 0 f 0 1
3 8b1b5 88fc78b1b5c612118eee 3 0 1 0 3 0 f 0 1
3 f49d9 86e7df49d917c5e3f618 1 0 1 0 3 0 f 0 1
3 89c0a 16822d83286651c89c0a 9 1 1 0 3 1 f 0 1
3 c8781 5200a5c86dc87811784e c 0 1 0 3 0 f 0 1
3 d6801 29ab68998737a5dd6801 a 0 1 0 3 0 f 0 1
3 218f1 c845ce05291e569ae2fc e 0 1 0 3 0 f 0 1
3 09484 04dee7e01f98e7a710ff 8 0 1 0 3 0 f 0 1
3 9ea8b 58eeb9ea8b9ea8bdf115 5 1 1 2 3 4 f 0 1
3 5f653 5f6533aaed9e7ecbd660 0 0 1 0 3 0 f 0 1
3 6ba58 5a9035cbff6ba586c8de 1 0 1 0 3 0 f 0 1
3 fe279 fe279474491f186b016f 9 1 1 3 3 8 f 0 1
3 b1a0c 2905550d124f532b1a0c 3 1 1 0 3 1 f 0 1
3 d2049 d2049e14375f43727d72 9 1 1 3 3 8 f 0 1
3 e46b2 4f349e854793f07e46b2 0 0 1 0 3 0 f 0 1
3 04392 043927bd960ac3c8f26d d 1 1 3 3 8 f 0 1
3 df2f6 c01083edd61ed8fdf2f6 3 1 1 0 3 1 f 0 1
3 2c307 d92ea18d10780e42c307 4 0 1 0 3 0 f 0 1
3 def42 2b2ec98b50def429acaa f 1 1 1 3 2 f 0 1
3 c0782 d2d27b1096bf963c0782 4 0 1 0 3 0 f 0 1
3 7fa99 a3dc17769c7fa992e2bb 7 1 1 1 3 2 f 0 1
3 f8c2d c4851f8c2dc025c733fe 3 0 1 0 3 0 f 0 1
3 07b08 652c261168b980707b08 d 1 1 0 3 1 f 0 1
3 04c5c 04c5cc0b978595504c5c 1 1 1 0 3 1 f 0 1
3 86ecb f4182ff76d86ecb450b3 a 1 1 1 3 2 f 0 1
3 d1a09 d1a0988eededfa3ff9da f 1 1 3 3 8 f 0 1
3 1dfc1 fe60252d071dfc131f8d 4 0 1 0 3 0 f 0 1
3 2cd17 9a8a772c42ca3731721f f 0 1 0 3 0 f 0 1
3 15674 46868ebfa315674dce1f c 0 1 0 3 0 f 0 1
3 9cc0f ae690560b5868a39cc0f 5 1 1 0 3 1 f 0 1
3 5a8e7 64a422ae815a8e7a1318 6 1 1 1 3 2 f 0 1
3 a82c6 a82c6d3ab76bfb8c044f 7 0 1 0 3 0 f 0 1
3 4f889 83a5a4f8894f889fbaca e 1 1 1 3 6 f 1 1
3 6dc81 6dc815d108b41cbafec1 a 1 1 3 3 8 f 0 1
3 751fe 751fea83af7ff1d6949e 9 1 1 3 3 8 f 0 1
3 ec9fa 518936bc755d3f0ec9fa 5 1 1 0 3 1 f 0 1
3 b4d9d a3831b4d9d5b36757a3e 9 0 1 0 3 0 f 0 1
3 2e3fb 2e3fb4cb181adcdca66a 4 0 1 0 3 0 f 0 1
3 fc771 042107c1e783cd9fc771 a 0 1 0 3 0 f 0 1
3 12fb2 5180f0c384459eb12fb2 8 0 1 0 3 0 f 0 1
3 e9f4c d23125000a0f483e9f4c e 0 1 0 3 0 f 0 1
3 fa5ce fa5ce4f574784b8ed782 5 0 1 0 3 0 f 0 1
3 34659 45fb0346595d23d1b1d2 0 0 1 0 3 0 f 0 1
3 13ca3 13ca31510dff01e4549e 4 0 1 0 3 0 f 0 1
3 5ddbe 31bb29cfd6b89065ddbe c 0 1 0 3 0 f 0 1
3 cd1f2 9e505311ca687adcd1f2 8 0 1 0 3 0 f 0 1
3 3f026 fbc3afee4e3f0263f1e4 b 1 1 1 3 2 f 0 1
3 d2ee0 889865dab30830b026c3 4 0 1 0 3 0 f 0 1
3 a420a e6d134fa97a420a77374 d 0 1 0 3 0 f 0 1
3 01830 f67da8f656018302f5ca c 0 1 0 3 0 f 0 1
3 3b104 bc625ad58edadd63b104 e 0 1 0 3 0 f 0 1
3 bd403 9021ebd403dc80e09909 a 0 1 0 3 0 f 0 1
3 14ff7 50f580d52214ff7a2321 2 1 1 1 3 2 f 0 1
3 51842 96ee289d940f82e51842 e 0 1 0 3 0 f 0 1
3 bb580 bb580c2d349e9ef2ad02 4 0 1 0 3 0 f 0 1
3 8fb5d 8fb5d8cb088fb5d45d7a 1 0 1 0 3 0 f 0 1
3 79287 4dd437928746722bb468 0 0 1 0 3 0 f 0 1
3 a19fa a19fa027adbeb6ea76de 5 0 1 0 3 0 f 0 1
3 a26b8 fec0260ceec9106a26b8 e 0 1 0 3 0 f 0 1
3 a88fe 9524735d5e22464e72c3 7 0 1 0 3 0 f 0 1
3 b588d b540ed5439b588db588d 4 0 1 0 3 0 f 0 1
3 2b87e 2b87ef90d7931a920362 2 0 1 0 3 0 f 0 1
3 44656 118db446560de6ef3b55 d 1 1 2 3 4 f 0 1
3 fae11 51854bfa8e52549a2709 c 0 1 0 3 0 f 0 1
3 d4ba1 d4ba1d4ba19c231fc895 9 1 1 3 3 8 f 0 1
3 49370 79c24493709c868b8742 2 0 1 0 3 0 f 0 1
3 d3330 3e845542fd998d79fe54 c 0 1 0 3 0 f 0 1
3 31db9 b1159e9d93b552136f1a 5 0 1 0 3 0 f 0 1
3 1851d 9bd2accd501851d7f80e 3 1 1 1 3 2 f 0 1
3 db0fc b626630308db0fce517d 4 0 1 0 3 0 f 0 1
3 ac96b fc66eac96b4a61889c98 b 0 1 0 3 0 f 0 1
3 be2e3 be2e3bbdc2564e9d3950 1 0 1 0 3 0 f 0 1
3 e7140 beb7ae32ea1f6c053ad4 e 0 1 0 3 0 f 0 1
3 f8e34 341f8f8e343ca7faa51a 3 0 1 0 3 0 f 0 1
3 00bf3 16533217bb2014a00bf3 6 0 1 0 3 0 f 0 1
3 3f76f 02f1e5fea53f76fc8f11 7 1 1 1 3 2 f 0 1
3 ba57e 12119ba57ead397e25be 4 1 1 2 3 4 f 0 1
3 d104b d104b1633265cf9cdabb 8 1 1 3 3 8 f 0 1
3 24d23 bbb9076e278743f7dca7 4 0 1 0 3 0 f 0 1
3 35bc4 35bc4e235f686e760a68 c 1 1 3 3 8 f 0 1
3 94dd9 94dd9262aee2ee20f678 7 0 1 0 3 0 f 0 1
3 5db32 12c40f5bcb7372fa7974 7 0 1 0 3 0 f 0 1
3 c61f9 21136fead6c61f92921a 2 1 1 1 3 2 f 0 1
3 68169 681697f97fe444a68169 e 1 1 3 3 8 f 0 1
3 7c772 3b8387c772f150ce2c5c 9 0 1 0 3 0 f 0 1
3 1bc36 19bcd685be1bc3643b40 7 1 1 1 3 2 f 0 1
3 ebbdb 4046644bb1ebbdbebbdb 6 1 1 1 3 2 f 0 1
3 e2b23 e2b23acbc296bc9fbfb8 1 0 1 0 3 0 f 0 1
3 b51b6 7524842411c6bc7b51b6 f 1 1 0 3 1 f 0 1
3 4f8d2 4f8d27c6482af00b6c14 5 0 1 0 3 0 f 0 1
3 9e8bf dc952211c19e8bf6e1a1 1 0 1 0 3 0 f 0 1
3 00886 e6f286a441b65a400886 e 0 1 0 3 0 f 0 1
3 8a8dd 75ca8f7b34913518a8dd 7 1 1 0 3 1 f 0 1
3 0a94b 0a94b9d071dd15d94425 2 0 1 0 3 0 f 0 1
3 0f218 df5c50f218e4ac9cfb31 0 0 1 0 3 0 f 0 1
3 9cc9a 1b1c16cd0b9cc9a2ac3d e 1 1 1 3 2 f 0 1
3 6bb6f 97634ce4c398e37e95bc b 0 1 0 3 0 f 0 1
3 81c26 81c2603a0381c2645d8f 6 1 1 1 3 2 f 0 1
3 6e54f 7c38928e5808d8a6e54f c 0 1 0 3 0 f 0 1
3 87369 8736987369e2445fc46d 9 1 1 3 3 8 f 0 1
3 3df41 3df41f2c22d560ed9fe4 4 0 1 0 3 0 f 0 1
3 eac49 18e2ceac49eac4955915 a 1 1 1 3 2 f 0 1
3 3ed9e 7692d3ed9e95c1d3ed9e d 1 1 0 3 5 f 1 1
3 8740f 95908d40b88740f7b987 4 0 1 0 3 0 f 0 1
3 6740b 5e9fd53d692be676740b f 1 1 0 3 1 f 0 1
3 7daf9 7daf91464f7daf986eed 8 1 1 3 3 8 f 0 1
3 fcfb4 4c0ef7aff0fcfb427905 3 1 1 1 3 2 f 0 1
3 0e28b 4cc85937280e28b78c3f 7 1 1 1 3 2 f 0 1
3 74481 e0032744811ee1571c3c 4 1 1 2 3 4 f 0 1
3 07e6e fdd5607e6eeb4e04da77 3 0 1 0 3 0 f 0 1
3 636aa 16980636aa9714bda976 1 0 1 0 3 0 f 0 1
3 59b3a 1cdaaa8ac2d785e59b3a 5 1 1 0 3 1 f 0 1
3 88420 5c52788420145b778486 6 1 1 2 3 4 f 0 1
3 c2a19 1d9c0cbf46c2a19b9374 8 0 1 0 3 0 f 0 1
3 7cc89 a59937cc89d8b90c7ffd a 0 1 0 3 0 f 0 1
3 14000 44a161400053a73b4595 3 0 1 0 3 0 f 0 1
3 fcb4f 70f0cfcb4f2066ca91a3 f 1 1 2 3 4 f 0 1
3 e9799 7cc9272cfbe20bee9799 0 0 1 0 3 0 f 0 1
3 914ec 00f8b5125c914ecef6bd 0 0 1 0 3 0 f 0 1
3 64482 ab47b297d66448235cba 3 1 1 1 3 2 f 0 1
3 a40bc ed896a40bce7b39de943 1 0 1 0 3 0 f 0 1
3 10f74 6437510f7411bf44cc0b 3 0 1 0 3 0 f 0 1
3 7110b 7110b1ecdf26bba35945 2 0 1 0 3 0 f 0 1
3 bc3e0 c5992c6125bc3e00e363 0 0 1 0 3 0 f 0 1
3 545af 6283cd540bcaf8a545af 7 1 1 0 3 1 f 0 1
3 a3ae5 a3ae585fcee5aea7fd57 a 1 1 3 3 8 f 0 1
3 52214 bd9495221445a1dd38f0 2 0 1 0 3 0 f 0 1
3 d3e85 d3e85c7c3a88c3fa7fa7 2 0 1 0 3 0 f 0 1
3 81611 ceec34c161080a541375 b 0 1 0 3 0 f 0 1
3 9c55e 8f1bf13898a5bc89c55e 2 0 1 0 3 0 f 0 1
3 ce399 6962344c31ce399e0068 c 0 1 0 3 0 f 0 1
3 7bfb3 9ee863fcbf309407bfb3 c 0 1 0 3 0 f 0 1
3 90729 438dd8da05e5f9025593 6 0 1 0 3 0 f 0 1
3 86229 b780526e14862296b51b 4 0 1 0 3 0 f 0 1
3 b49d5 ac876b49d5d001d63f5f 6 1 1 2 3 4 f 0 1
3 3253b 371f93253b9c1e094cce 3 0 1 0 3 0 f 0 1
3 9bf1a f34790ed96cc32ca4a0a 8 0 1 0 3 0 f 0 1
3 b511b b511bd9584268203994c b 1 1 3 3 8 f 0 1
3 f4037 e2cf9f4037880a7d95a6 8 0 1 0 3 0 f 0 1
3 a9620 44b6f2a20258b97a9620 1 1 1 0 3 1 f 0 1
3 b7bef 49edf4f12330324e16ce 9 0 1 0 3 0 f 0 1
3 f4baa f27177c71aadd36bd3c7 9 0 1 0 3 0 f 0 1
3 d0625 d0625d0625f310767968 4 1 1 2 3 4 f 0 1
3 e86bb 34d3eafe15e86bb2b2bd 6 1 1 1 3 2 f 0 1
3 6ffa8 6ffa8019cc6ffa891bf1 9 1 1 3 3 8 f 0 1
3 80f3c 96a8b77ceb80f3c1aee8 a 1 1 1 3 2 f 0 1
3 6dc56 ef6ac6c9e06fab531702 c 0 1 0 3 0 f 0 1
3 e3de3 e3de3b4f404420d8b99b 8 1 1 3 3 8 f 0 1
3 68802 922cd1f9fc688022e7be 5 0 1 0 3 0 f 0 1
3 77d1b 1cc8e8a2886ada9ea36f 7 0 1 0 3 0 f 0 1
3 6ed14 d35719826e6ed146ed14 e 1 1 1 3 2 f 0 1
3 80730 9dfbc989408e22c7c1a0 a 0 1 0 3 0 f 0 1
3 d32aa d32aabe8c1d5866e7b97 6 0 1 0 3 0 f 0 1
3 f5eaa cf26cf5eaa29dcd510fa 3 0 1 0 3 0 f 0 1
3 cc336 cc336351b6e32b54b625 a 1 1 3 3 8 f 0 1
3 dcadd a841ac66cb1ee62dcadd 2 0 1 0 3 0 f 0 1
3 3bfef cffc8987d03ae233bfef 0 0 1 0 3 0 f 0 1
3 a0125 e71e1a01252e5584e1d7 3 0 1 0 3 0 f 0 1
3 15a6e 014db15a6e417dff8342 8 0 1 0 3 0 f 0 1
3 3ff9d dfc24f01fe3ff9d46d1e 5 0 1 0 3 0 f 0 1
3 4f457 eaf24ab549e037d0305d a 0 1 0 3 0 f 0 1
3 760fb f403f760fb8ca952370c 1 0 1 0 3 0 f 0 1
3 f4c88 c35321892d5eb1af4c88 4 0 1 0 3 0 f 0 1
3 07d7d d87393bdd7d91321c319 a 0 1 0 3 0 f 0 1
3 3ee57 8d28a15c983ee572ab07 4 0 1 0 3 0 f 0 1
3 2b6bf 2b6bfed65fd439a32b47 1 0 1 0 3 0 f 0 1
3 a0ce0 eabfb639c27ea5ea0ce0 1 1 1 0 3 1 f 0 1
3 8dd70 8dd70805f6163abe91ad e 1 1 3 3 8 f 0 1
3 b26b2 2d573def7eb26b2b461d b 1 1 1 3 2 f 0 1
3 b1e0b b66e5b1e0b52b4d22b16 f 1 1 2 3 4 f 0 1
3 6e2c9 efc08fe03c7cf3f3d9e0 0 0 1 0 3 0 f 0 1
3 3169b 3169be9fb20cfb907d68 7 0 1 0 3 0 f 0 1
3 73105 7a84473105b8e8373105 1 1 1 0 3 1 f 0 1
3 5512e 1ead7e7f3f3f7645512e 3 1 1 0 3 1 f 0 1
3 c7520 c7520ba2f26f2fb964c8 3 0 1 0 3 0 f 0 1
3 82910 88ccfc3476a9fb682910 9 1 1 0 3 1 f 0 1
3 ea82e 26ae0ea82eb7c5b8a851 b 0 1 0 3 0 f 0 1
3 36f02 7368f770ee88e7341c18 2 0 1 0 3 0 f 0 1
3 3cdc1 d15f83cdc14aafe5bdb3 b 0 1 0 3 0 f 0 1
3 6979e 6eb9a6979eadd6e7a4e2 e 1 1 2 3 4 f 0 1
3 309a7 99a7e2e7aee27babb68e c 0 1 0 3 0 f 0 1
3 e29b0 b3a86cd6077345de29b0 0 0 1 0 3 0 f 0 1
3 01429 014293dae37d112525eb 7 0 1 0 3 0 f 0 1
3 a91ef d36cc65a5aa91efa91ef b 1 1 0 3 3 f 1 1
3 8cedf 105844c669e1dc98cedf 3 1 1 0 3 1 f 0 1
3 b2f42 60411b63320e699b2f42 d 1 1 0 3 1 f 0 1
3 77fbf ca4f5e0bef604f477fbf f 1 1 0 3 1 f 0 1
3 ab46b bf0cf2792588f9c1a0f6 0 0 1 0 3 0 f 0 1
3 c05e1 7d50e60bf2c05e17e074 9 0 1 0 3 0 f 0 1
3 395af e222a616a791482395af 8 0 1 0 3 0 f 0 1
3 804b5 4429f1a5f5939ac804b5 7 1 1 0 3 1 f 0 1
3 c7bd3 5d395c7bd3e9f2839b15 9 0 1 0 3 0 f 0 1
3 3f8a6 217c6f38943f8a6a6262 2 1 1 1 3 2 f 0 1
3 88931 8f2024dbba88931f38a5 d 0 1 0 3 0 f 0 1
3 c6820 8e6b8a048cc6820a0200 a 1 1 1 3 2 f 0 1
3 a4cf1 13594232c2ab3121e6d2 4 0 1 0 3 0 f 0 1
3 45050 8e9d60b685f53a145050 6 0 1 0 3 0 f 0 1
3 71fd6 4a6e171fd6bc368cd635 7 1 1 2 3 4 f 0 1
3 fddc9 b21e3b48dcd21c2fddc9 2 0 1 0 3 0 f 0 1
3 9f133 730e489697833c6e516e 8 0 1 0 3 0 f 0 1
3 c312b 2224272fafc312b0afe2 b 1 1 1 3 2 f 0 1
3 85415 8541535b907b75e4c8d0 b 1 1 3 3 8 f 0 1
3 f404c 1beadf404cf2f00337a7 e 1 1 2 3 4 f 0 1
3 c3b18 b43d0c3b18c532f71805 f 1 1 2 3 4 f 0 1
3 59a50 3974559a509ecde2c8a3 7 1 1 2 3 4 f 0 1
3 af2c7 bc61ced896af2c77aecc d 0 1 0 3 0 f 0 1
3 5a4d0 cc49c5a4d0eac65df754 7 1 1 2 3 4 f 0 1
3 b5ead b5ead6448d7cf637059c d 1 1 3 3 8 f 0 1
3 1af6b cf2b6d9070c4c391af6b 2 0 1 0 3 0 f 0 1
3 4d8f0 4d8f03b10ce409e4b9cd 2 0 1 0 3 0 f 0 1
3 9fcf3 3c74e43b673d8b79fcf3 0 0 1 0 3 0 f 0 1
3 f40ef b667d4dcd199898264f1 9 0 1 0 3 0 f 0 1
3 4bb9c e25b94bb9c02d334bb9c 3 1 1 0 3 1 f 0 1
3 9b582 771e2c4c725f4d89b582 f 1 1 0 3 1 f 0 1
3 4ac05 4ac05719f5e499ec46f5 3 0 1 0 3 0 f 0 1
3 82b26 41acd9be050df2082b26 7 1 1 0 3 1 f 0 1
3 824f1 03dc55c67039e96824f1 6 0 1 0 3 0 f 0 1
3 396a9 be2c181fd7a142e7dfe4 c 0 1 0 3 0 f 0 1
3 1dc2a 1dc2a4d55666af4312d9 8 1 1 3 3 8 f 0 1
3 55f84 57c8c077925887e55f84 b 1 1 0 3 1 f 0 1
3 28b48 814728f3840d779b0204 8 0 1 0 3 0 f 0 1
3 13e13 13e133ac9d0abf03a842 3 0 1 0 3 0 f 0 1
3 60252 63144602529fde1fcc5e d 1 1 2 3 4 f 0 1
3 6a23d 5ae52853a9180866a23d b 1 1 0 3 1 f 0 1
3 344e7 e70959c3d94bc188d855 3 0 1 0 3 0 f 0 1
3 6245f e0fd46245f4491dca1f6 3 0 1 0 3 0 f 0 1
3 51112 ec4f0b4f3d5111251112 e 1 1 1 3 2 f 0 1
3 6126e ba9fd6126e91ba3307b7 e 1 1 2 3 4 f 0 1
3 1993f 136101993f77af22645f 7 1 1 2 3 4 f 0 1
3 6edf2 f6d35a98326edf2ab5ce e 1 1 1 3 2 f 0 1
3 dda84 7b21edda8412c9fca8ec 6 1 1 2 3 4 f 0 1
3 3bf67 5c4000054cfd7263bf67 0 0 1 0 3 0 f 0 1
3 b0a22 b0a221d3c0b0a2220bea f 1 1 1 3 a f 1 1
3 a5247 a5247d45fbb170c112be e 1 1 3 3 8 f 0 1
3 57ff3 57ff39f79181a07c51ac 0 0 1 0 3 0 f 0 1
3 919ba 98df268526919baf8bc9 4 0 1 0 3 0 f 0 1
3 918be ded11918be0d3adc18ef 6 1 1 2 3 4 f 0 1
3 fc13a e0737be9967d667fc13a 5 1 1 0 3 1 f 0 1
3 4e1d5 c56625248a4e1d5f06a8 8 0 1 0 3 0 f 0 1
3 6a6f0 6a6f099dbac126f42ddb 3 0 1 0 3 0 f 0 1
3 3ff1d 0c3ec3ff1d46b37378c8 0 0 1 0 3 0 f 0 1
3 56138 561389c65c172ba56138 5 1 1 0 3 1 f 0 1
3 8a033 8a0331bc5245fb897480 5 0 1 0 3 0 f 0 1
3 11c6b 11c6b4789eb400f67974 f 1 1 3 3 8 f 0 1
3 84daf 710d7dd9ee23fa1bbecd 3 0 1 0 3 0 f 0 1
3 9276f f2a7b40ec12c19b9276f c 0 1 0 3 0 f 0 1
3 8bb72 f59f17e4f4f74ad58d27 c 0 1 0 3 0 f 0 1
3 4b57b 4ee07917ba4b57b45bbb 9 0 1 0 3 0 f 0 1
3 94900 8b418949004d380495bd f 1 1 2 3 4 f 0 1
3 602ae 602ae1e8303e07617327 7 0 1 0 3 0 f 0 1
3 d2419 0f8c328a21eae23dd744 0 0 1 0 3 0 f 0 1
3 2c5df 2c5df657beba04051d79 2 0 1 0 3 0 f 0 1
3 ce707 cb22ece7071c8f7c3192 6 1 1 2 3 4 f 0 1
3 daa97 daa97c8f961b9ffdf223 8 1 1 3 3 8 f 0 1
3 18bb2 8691e010b8d03942c9b3 c 0 1 0 3 0 f 0 1
3 d34f8 56cede360ec53ee97b98 d 0 1 0 3 0 f 0 1
3 adc9e f0cacadc9e57377e2075 d 1 1 2 3 4 f 0 1
3 32397 bacaa3239746379d8db6 3 0 1 0 3 0 f 0 1
3 67373 d9eacb015467373fc240 4 0 1 0 3 0 f 0 1
3 ed907 ed90775ac0511879cbe7 e 1 1 3 3 8 f 0 1
3 0d162 34a19151548818c76790 3 0 1 0 3 0 f 0 1
3 e7a60 0d8b863dd53cbb775a10 a 0 1 0 3 0 f 0 1
3 3fd60 da76ff5e15a13733fd60 0 0 1 0 3 0 f 0 1
3 c1039 a1a01f58a1c1039996d9 5 0 1 0 3 0 f 0 1
3 8c0b0 8c0b0d590538ed7d700a 0 0 1 0 3 0 f 0 1
3 31cf8 3b446d908fbb5d731cf8 2 0 1 0 3 0 f 0 1
3 971d3 9892184f6079fad971d3 1 1 1 0 3 1 f 0 1
3 21047 b6a71e74f29f9f921047 c 0 1 0 3 0 f 0 1
3 bfaaa bfaaaffc9bbfaaaf68b8 b 1 1 1 3 a f 1 1
3 ac7fd 9831d49227001d5fc2fa 6 0 1 0 3 0 f 0 1
3 97083 fdb6e970833b2c420003 b 0 1 0 3 0 f 0 1
3 5c8b3 09a068ed5d5b32a5c8b3 d 1 1 0 3 1 f 0 1
3 f6409 7f775093a2f640990ed0 9 0 1 0 3 0 f 0 1
3 6cc83 3d5006cc83e28da789d0 2 0 1 0 3 0 f 0 1
3 37f7d 3f92eb795737f7db9da8 0 0 1 0 3 0 f 0 1
3 bc804 588ef77c9e5f295bc804 9 1 1 0 3 1 f 0 1
3 6a3aa cb031e3adb4c4e3fe41c 4 0 1 0 3 0 f 0 1
3 cd1f6 7582bcd1f68c465d3a29 1 0 1 0 3 0 f 0 1
