0 1 0 00 0 1 0 1 0 1 0 1 0000 ffff
0 0 1 05 0 1 0 1 0 1 1 1 0002 ffff
0 0 1 05 0 1 1 1 0 1 0 1 0003 ffff
0 0 1 05 0 1 1 1 0 1 0 1 0004 ffff
1 0 1 09 0 1 0 1 0 1 1 1 0006 ffff
1 0 1 05 1 1 0 1 1 1 0 1 0008 ffff
1 0 1 09 0 1 0 1 1 1 0 1 000a ffff
1 0 1 05 1 1 0 1 1 1 0 1 000c ffff
2 0 1 0d 0 1 0 1 0 1 1 1 000e ffff
2 0 1 0d 1 1 1 1 0 1 0 1 000f ffff
2 0 1 09 1 1 0 1 0 1 1 1 0011 ffff
3 0 1 22 0 1 0 1 0 1 1 1 0013 ffff
3 0 1 25 0 1 0 1 0 1 1 1 0015 ffff
3 0 0 05 0 1 0 1 0 1 0 1 0015 ffff
3 0 1 05 1 1 0 1 0 1 1 1 0017 ffff
3 0 1 02 0 1 0 1 0 1 1 1 0019 ffff
3 0 0 05 0 1 0 1 0 1 0 1 0019 ffff
3 0 1 09 0 1 0 1 0 1 1 1 001b ffff
3 0 1 3e 1 1 0 1 0 1 1 1 001d ffff
3 0 1 09 1 1 1 1 0 1 0 1 001e ffff
3 0 0 06 1 1 0 1 0 1 0 1 001e ffff
3 0 1 09 1 1 1 1 0 1 0 1 001f ffff
3 0 1 37 0 1 0 1 0 1 1 1 0021 ffff
3 0 1 06 0 1 0 1 0 1 1 1 0023 ffff
3 0 1 05 1 1 0 1 1 1 0 1 0025 ffff
3 0 1 06 1 1 1 1 0 1 0 1 0026 ffff
3 0 1 06 1 1 1 1 0 1 0 1 0027 ffff
3 0 0 05 1 1 0 1 0 1 0 1 0027 ffff
3 0 1 37 0 1 1 1 0 1 0 1 0028 ffff
3 0 1 0f 0 1 0 1 0 1 1 1 002a ffff
3 1 1 07 0 1 0 1 0 1 0 1 0000 ffff
3 0 1 30 0 1 0 1 0 1 1 1 0002 ffff
3 0 0 0e 0 1 0 1 0 1 0 1 0002 ffff
3 0 1 11 0 1 0 1 0 1 1 1 0004 ffff
3 0 1 06 0 1 0 1 0 1 1 1 0006 ffff
3 0 1 12 0 1 0 1 0 1 1 1 0008 ffff
3 0 1 06 1 1 0 1 1 1 0 1 000a ffff
3 0 1 01 0 1 0 1 0 1 1 1 000c ffff
3 0 1 05 1 1 0 1 0 1 1 1 000e ffff
3 0 1 13 0 1 0 1 0 1 1 1 0010 ffff
3 0 1 08 0 1 0 1 0 1 1 1 0012 ffff
3 0 1 12 0 1 0 1 1 1 0 1 0014 ffff
3 0 1 05 0 1 1 1 0 1 0 1 0015 ffff
3 0 1 14 1 1 0 1 0 1 1 1 0017 ffff
3 0 1 33 0 1 0 1 0 1 1 1 0019 ffff
3 0 1 09 0 1 0 1 0 1 1 1 001b ffff
3 0 1 01 1 1 0 1 0 1 1 1 001d ffff
3 0 1 38 0 1 0 1 0 1 1 1 001f ffff
3 0 1 0d 0 1 0 1 0 1 1 1 0021 ffff
3 0 1 22 1 1 0 1 0 1 1 1 0023 ffff
3 0 1 05 1 1 0 1 0 1 1 1 0025 ffff
3 0 1 0d 0 1 0 1 1 1 0 1 0027 ffff
3 0 1 06 0 1 0 1 0 1 1 1 0029 ffff
3 0 1 0c 1 1 0 1 0 1 1 1 002b ffff
3 0 1 32 1 1 0 1 0 1 1 1 002d ffff
3 0 1 05 1 1 0 1 1 1 0 1 002f ffff
3 0 1 02 0 1 0 1 0 1 1 1 0031 ffff
3 0 1 0d 0 1 0 1 1 1 0 1 0033 ffff
3 0 0 09 0 1 0 1 0 1 0 1 0033 ffff
3 0 1 06 1 1 0 1 0 1 1 1 0035 ffff
3 0 0 15 1 1 0 1 0 1 0 1 0035 ffff
3 0 1 02 0 1 0 1 1 1 0 1 0037 ffff
3 0 1 06 1 1 0 1 1 1 0 1 0039 ffff
3 0 1 10 0 1 0 1 0 1 1 1 003b ffff
3 0 1 02 0 1 0 1 1 1 0 1 003d ffff
3 0 0 0d 0 1 0 1 0 1 0 1 003d ffff
3 0 1 06 1 1 0 1 1 1 0 1 003f ffff
3 0 1 27 1 1 0 1 0 1 1 1 0041 ffff
3 0 1 30 1 1 0 1 0 1 1 1 0043 ffff
3 0 1 3c 0 1 0 1 0 1 1 1 0045 ffff
3 0 0 09 0 1 0 1 0 1 0 1 0045 ffff
3 0 1 06 0 1 1 1 0 1 0 1 0046 ffff
3 0 0 02 0 1 0 1 0 1 0 1 0046 ffff
3 0 1 12 0 1 0 1 0 1 1 1 0048 ffff
3 0 1 13 0 1 0 1 0 1 1 1 004a ffff
3 0 1 02 1 1 0 1 0 1 1 1 004c ffff
3 0 1 09 1 1 0 1 0 1 1 1 004e ffff
3 0 1 05 0 1 0 1 0 1 1 1 0050 ffff
3 0 1 37 1 1 0 1 0 1 1 1 0052 ffff
3 0 1 09 1 1 0 1 1 1 0 1 0054 ffff
3 0 0 11 1 1 0 1 0 1 0 1 0054 ffff
3 0 1 27 0 1 0 1 0 1 1 1 0056 ffff
3 0 1 0c 1 1 0 1 0 1 1 1 0058 ffff
3 0 1 06 0 1 0 1 0 1 1 1 005a ffff
3 0 1 35 0 1 0 1 0 1 1 1 005c ffff
3 0 1 17 1 1 0 1 0 1 1 1 005e ffff
3 0 1 01 1 1 0 1 0 1 1 1 0060 ffff
3 0 1 07 0 1 0 1 0 1 1 1 0062 ffff
3 0 1 05 0 1 0 1 0 1 1 1 0064 ffff
3 0 1 05 1 1 1 1 0 1 0 1 0065 ffff
3 0 1 3d 1 1 0 1 0 1 1 1 0067 ffff
3 0 0 37 1 1 0 1 0 1 0 1 0067 ffff
3 0 1 07 1 1 1 1 0 1 0 1 0068 ffff
3 0 1 09 0 1 0 1 0 1 1 1 006a ffff
3 0 1 09 1 1 1 1 0 1 0 1 006b ffff
3 0 0 1c 1 1 0 1 0 1 0 1 006b ffff
3 0 1 32 1 1 0 1 0 1 1 1 006d ffff
3 0 1 01 1 1 0 1 0 1 1 1 006f ffff
3 0 1 13 1 1 0 1 0 1 1 1 0071 ffff
3 0 1 09 0 1 0 1 1 1 0 1 0073 ffff
3 0 1 09 1 1 1 1 0 1 0 1 0074 ffff
3 0 1 02 0 1 0 1 0 1 1 1 0076 ffff
3 0 1 01 1 1 0 1 1 1 0 1 0078 ffff
3 0 1 01 0 1 1 1 0 1 0 1 0079 ffff
3 0 0 20 0 1 0 1 0 1 0 1 0079 ffff
3 0 1 1d 0 1 0 1 0 1 1 1 007b ffff
3 0 0 1f 0 1 0 1 0 1 0 1 007b ffff
3 0 1 0d 1 1 0 1 0 1 1 1 007d ffff
3 0 1 05 0 1 0 1 0 1 1 1 007f ffff
3 0 1 01 1 1 0 1 0 1 1 1 0081 ffff
3 0 1 01 0 1 1 1 0 1 0 1 0082 ffff
3 0 0 05 0 1 0 1 0 1 0 1 0082 ffff
3 0 0 3c 0 1 0 1 0 1 0 1 0082 ffff
3 0 1 09 0 1 0 1 0 1 1 1 0084 ffff
3 0 1 06 1 1 0 1 0 1 1 1 0086 ffff
3 0 1 06 0 1 1 1 0 1 0 1 0087 ffff
3 0 1 09 1 1 1 1 0 1 0 1 0088 ffff
3 0 0 06 1 1 0 1 0 1 0 1 0088 ffff
3 0 1 05 1 1 0 1 0 1 1 1 008a ffff
3 0 1 0d 0 1 0 1 0 1 1 1 008c ffff
3 0 1 36 0 1 0 1 0 1 1 1 008e ffff
3 0 0 06 0 1 0 1 0 1 0 1 008e ffff
3 0 0 06 0 1 0 1 0 1 0 1 008e ffff
3 0 1 05 1 1 0 1 1 1 0 1 0090 ffff
3 0 1 3c 0 1 0 1 1 1 0 1 0092 ffff
3 0 1 06 1 1 0 1 1 1 0 1 0094 ffff
3 0 1 11 0 1 0 1 0 1 1 1 0096 ffff
3 0 1 0d 1 1 0 1 0 1 1 1 0098 ffff
3 0 0 3f 1 1 0 1 0 1 0 1 0098 ffff
3 0 0 38 1 1 0 1 0 1 0 1 0098 ffff
3 0 1 01 0 1 0 1 0 1 1 1 009a ffff
3 0 1 09 1 1 0 1 0 1 1 1 009c ffff
3 0 0 07 1 1 0 1 0 1 0 1 009c ffff
3 0 1 0d 0 1 0 1 0 1 1 1 009e ffff
3 0 0 1a 0 1 0 1 0 1 0 1 009e ffff
3 0 1 34 1 1 0 1 0 1 1 1 00a0 ffff
3 0 1 20 0 1 0 1 0 1 1 1 00a2 ffff
3 0 1 05 1 1 0 1 0 1 1 1 00a4 ffff
3 0 1 08 1 1 0 1 0 1 1 1 00a6 ffff
3 0 1 05 0 1 1 1 0 1 0 1 00a7 ffff
3 0 1 23 0 1 0 1 0 1 1 1 00a9 ffff
3 0 1 15 0 1 0 1 0 1 1 1 00ab ffff
3 0 1 02 0 1 0 1 0 1 1 1 00ad ffff
3 0 1 01 1 1 0 1 0 1 1 1 00af ffff
3 0 0 0d 1 1 0 1 0 1 0 1 00af ffff
3 0 1 06 1 1 0 1 1 1 0 1 00b1 ffff
3 0 1 2d 0 1 0 1 0 1 1 1 00b3 ffff
3 0 1 24 0 1 0 1 0 1 1 1 00b5 ffff
3 0 1 16 0 1 0 1 0 1 1 1 00b7 ffff
3 0 0 16 0 1 0 1 0 1 0 1 00b7 ffff
3 0 0 02 0 1 0 1 0 1 0 1 00b7 ffff
3 0 1 36 1 1 0 1 0 1 1 1 00b9 ffff
3 0 1 01 1 1 0 1 1 1 0 1 00bb ffff
3 0 1 01 0 1 1 1 0 1 0 1 00bc ffff
3 0 1 21 0 1 0 1 0 1 1 1 00be ffff
3 0 0 05 0 1 0 1 0 1 0 1 00be ffff
3 0 1 06 0 1 0 1 0 1 1 1 00c0 ffff
3 0 1 3e 1 1 0 1 0 1 1 1 00c2 ffff
3 0 0 05 1 1 0 1 0 1 0 1 00c2 ffff
3 0 0 0d 1 1 0 1 0 1 0 1 00c2 ffff
3 0 0 06 1 1 0 1 0 1 0 1 00c2 ffff
3 0 1 22 0 1 0 1 0 1 1 1 00c4 ffff
3 0 0 25 0 1 0 1 0 1 0 1 00c4 ffff
3 0 1 03 1 1 0 1 0 1 1 1 00c6 ffff
3 0 1 10 1 1 0 1 0 1 1 1 00c8 ffff
3 0 1 10 0 1 1 1 0 1 0 1 00c9 ffff
3 0 1 1e 1 1 0 1 0 1 1 1 00cb ffff
3 0 1 01 1 1 0 1 1 1 0 1 00cd ffff
3 0 1 01 0 1 1 1 0 1 0 1 00ce ffff
3 0 0 06 0 1 0 1 0 1 0 1 00ce ffff
3 0 1 01 0 1 1 1 0 1 0 1 00cf ffff
3 0 0 0d 0 1 0 1 0 1 0 1 00cf ffff
3 0 1 1a 0 1 0 1 0 1 1 1 00d1 ffff
3 0 1 19 0 1 0 1 0 1 1 1 00d3 ffff
3 0 0 02 0 1 0 1 0 1 0 1 00d3 ffff
3 0 1 22 1 1 0 1 0 1 1 1 00d5 ffff
3 0 1 06 0 1 0 1 0 1 1 1 00d7 ffff
3 0 1 2b 0 1 0 1 0 1 1 1 00d9 ffff
3 0 1 0d 1 1 0 1 0 1 1 1 00db ffff
3 0 1 09 0 1 0 1 0 1 1 1 00dd ffff
3 0 1 35 1 1 0 1 0 1 1 1 00df ffff
3 0 1 01 0 1 0 1 0 1 1 1 00e1 ffff
3 0 1 09 1 1 0 1 0 1 1 1 00e3 ffff
3 0 1 29 0 1 0 1 0 1 1 1 00e5 ffff
3 0 0 06 0 1 0 1 0 1 0 1 00e5 ffff
3 0 1 05 1 1 0 1 0 1 1 1 00e7 ffff
3 0 1 02 1 1 0 1 0 1 1 1 00e9 ffff
3 0 1 0d 0 1 0 1 0 1 1 1 00eb ffff
3 0 1 18 0 1 0 1 0 1 1 1 00ed ffff
3 0 1 1d 1 1 0 1 0 1 1 1 00ef ffff
3 0 1 3a 0 1 0 1 0 1 1 1 00f1 ffff
3 0 0 2a 0 1 0 1 0 1 0 1 00f1 ffff
3 0 0 01 0 1 0 1 0 1 0 1 00f1 ffff
3 0 1 0b 1 1 0 1 0 1 1 1 00f3 ffff
3 0 0 0a 1 1 0 1 0 1 0 1 00f3 ffff
3 0 1 3b 0 1 0 1 0 1 1 1 00f5 ffff
3 0 1 39 0 1 0 1 0 1 1 1 00f7 ffff
3 0 1 1e 1 1 0 1 0 1 1 1 00f9 ffff
3 0 1 29 1 1 0 1 0 1 1 1 00fb ffff
3 0 1 05 0 1 0 1 0 1 1 1 00fd ffff
3 0 1 06 0 1 0 1 0 1 1 1 00ff ffff
3 0 0 0d 0 1 0 1 0 1 0 1 00ff ffff
3 0 1 2d 1 1 0 1 0 1 1 1 0101 ffff
3 0 1 06 1 1 1 1 0 1 0 1 0102 ffff
3 0 1 0c 1 1 0 1 0 1 1 1 0104 ffff
3 0 1 04 0 1 0 1 0 1 1 1 0106 ffff
3 0 1 05 0 1 0 1 1 1 0 1 0108 ffff
3 0 1 06 1 1 1 1 0 1 0 1 0109 ffff
3 0 1 01 1 1 0 1 0 1 1 1 010b ffff
3 0 0 01 1 1 0 1 0 1 0 1 010b ffff
3 0 1 01 0 1 1 1 0 1 0 1 010c ffff
3 0 0 0d 0 1 0 1 0 1 0 1 010c ffff
3 0 1 02 1 1 0 1 0 1 1 1 010e ffff
3 0 1 05 0 1 0 1 1 1 0 1 0110 ffff
3 0 1 01 1 1 0 1 1 1 0 1 0112 ffff
3 0 1 0d 0 1 0 1 0 1 1 1 0114 ffff
3 0 1 0d 1 1 1 1 0 1 0 1 0115 ffff
3 0 1 02 0 1 1 1 0 1 0 1 0116 ffff
3 0 0 25 0 1 0 1 0 1 0 1 0116 ffff
3 0 1 3a 0 1 0 1 0 1 1 1 0118 ffff
3 0 0 3e 0 1 0 1 0 1 0 1 0118 ffff
3 0 1 02 1 1 0 1 1 1 0 1 011a ffff
3 0 1 01 1 1 0 1 1 1 0 1 011c ffff
3 0 1 08 1 1 0 1 0 1 1 1 011e ffff
3 0 1 0d 0 1 0 1 1 1 0 1 0120 ffff
3 0 0 09 0 1 0 1 0 1 0 1 0120 ffff
3 0 1 02 0 1 1 1 0 1 0 1 0121 ffff
3 0 1 09 1 1 0 1 0 1 1 1 0123 ffff
3 0 1 09 0 1 1 1 0 1 0 1 0124 ffff
3 0 1 05 0 1 0 1 0 1 1 1 0126 ffff
3 0 1 36 0 1 0 1 0 1 1 1 0128 ffff
3 0 1 09 1 1 0 1 1 1 0 1 012a ffff
3 0 1 3a 1 1 0 1 0 1 1 1 012c ffff
3 0 1 29 0 1 0 1 0 1 1 1 012e ffff
3 0 1 22 0 1 0 1 0 1 1 1 0130 ffff
3 0 0 31 0 1 0 1 0 1 0 1 0130 ffff
3 0 0 2b 0 1 0 1 0 1 0 1 0130 ffff
3 0 1 0b 1 1 0 1 1 1 0 1 0132 ffff
3 0 0 09 1 1 0 1 0 1 0 1 0132 ffff
3 0 1 05 1 1 0 1 0 1 1 1 0134 ffff
3 0 1 37 0 1 0 1 0 1 1 1 0136 ffff
3 0 1 19 0 1 0 1 0 1 1 1 0138 ffff
3 0 1 10 0 1 0 1 0 1 1 1 013a ffff
3 0 1 06 1 1 0 1 0 1 1 1 013c ffff
3 0 1 07 1 1 0 1 0 1 1 1 013e ffff
3 0 1 01 1 1 0 1 0 1 1 1 0140 ffff
3 0 1 06 0 1 1 1 0 1 0 1 0141 ffff
3 0 0 05 0 1 0 1 0 1 0 1 0141 ffff
3 0 1 27 0 1 0 1 0 1 1 1 0143 ffff
3 0 0 20 0 1 0 1 0 1 0 1 0143 ffff
3 0 1 09 0 1 0 1 0 1 1 1 0145 ffff
3 0 1 02 0 1 0 1 0 1 1 1 0147 ffff
3 0 1 3b 1 1 0 1 0 1 1 1 0149 ffff
3 0 1 0d 1 1 0 1 0 1 1 1 014b ffff
3 0 1 0d 0 1 1 1 0 1 0 1 014c ffff
3 0 0 04 0 1 0 1 0 1 0 1 014c ffff
3 0 1 27 0 1 0 1 1 1 0 1 014e ffff
3 0 1 13 1 1 0 1 0 1 1 1 0150 ffff
3 0 0 09 1 1 0 1 0 1 0 1 0150 ffff
3 0 1 0e 1 1 0 1 0 1 1 1 0152 ffff
3 0 1 0f 0 1 0 1 0 1 1 1 0154 ffff
3 0 1 38 1 1 0 1 0 1 1 1 0156 ffff
3 0 0 05 1 1 0 1 0 1 0 1 0156 ffff
3 0 1 02 0 1 0 1 1 1 0 1 0158 ffff
3 0 1 01 0 1 0 1 0 1 1 1 015a ffff
3 0 1 01 1 1 1 1 0 1 0 1 015b ffff
3 0 1 0d 1 1 0 1 1 1 0 1 015d ffff
3 0 1 32 1 1 0 1 0 1 1 1 015f ffff
3 0 1 01 0 1 0 1 1 1 0 1 0161 ffff
3 0 1 08 0 1 0 1 0 1 1 1 0163 ffff
3 0 1 05 1 1 0 1 0 1 1 1 0165 ffff
3 0 1 02 0 1 0 1 1 1 0 1 0167 ffff
3 0 1 28 1 1 0 1 0 1 1 1 0169 ffff
3 0 0 15 1 1 0 1 0 1 0 1 0169 ffff
3 0 1 0d 0 1 0 1 0 1 1 1 016b ffff
3 0 1 05 1 1 0 1 1 1 0 1 016d ffff
3 0 0 24 1 1 0 1 0 1 0 1 016d ffff
3 0 1 09 0 1 0 1 0 1 1 1 016f ffff
3 0 1 1c 0 1 0 1 0 1 1 1 0171 ffff
3 0 1 01 1 1 0 1 0 1 1 1 0173 ffff
3 0 1 0f 1 1 1 1 0 1 0 1 0174 ffff
3 0 1 1c 1 1 1 1 0 1 0 1 0175 ffff
3 0 1 11 0 1 0 1 0 1 1 1 0177 ffff
3 0 1 0d 1 1 0 1 0 1 1 1 0179 ffff
3 0 0 05 1 1 0 1 0 1 0 1 0179 ffff
3 0 1 25 0 1 0 1 0 1 1 1 017b ffff
3 0 0 0d 0 1 0 1 0 1 0 1 017b ffff
3 0 1 05 1 1 0 1 0 1 1 1 017d ffff
3 0 1 02 1 1 1 1 0 1 0 1 017e ffff
3 0 1 00 1 1 0 1 0 1 1 1 0180 ffff
3 0 1 36 1 1 0 1 0 1 1 1 0182 ffff
3 0 1 2a 0 1 0 1 0 1 1 1 0184 ffff
3 0 1 13 1 1 0 1 1 1 0 1 0186 ffff
3 0 1 0d 0 1 0 1 0 1 1 1 0188 ffff
3 0 1 3b 0 1 0 1 0 1 1 1 018a ffff
3 0 1 16 1 1 0 1 0 1 1 1 018c ffff
3 0 1 01 1 1 0 1 0 1 1 1 018e ffff
3 0 1 09 0 1 0 1 0 1 1 1 0190 ffff
3 0 0 19 0 1 0 1 0 1 0 1 0190 ffff
3 0 1 09 1 1 1 1 0 1 0 1 0191 ffff
3 0 1 0e 0 1 0 1 0 1 1 1 0193 ffff
3 0 0 33 0 1 0 1 0 1 0 1 0193 ffff
3 0 1 2f 1 1 0 1 0 1 1 1 0195 ffff
3 0 1 0c 0 1 0 1 0 1 1 1 0197 ffff
3 0 0 09 0 1 0 1 0 1 0 1 0197 ffff
3 0 1 01 1 1 0 1 1 1 0 1 0199 ffff
3 0 1 01 0 1 1 1 0 1 0 1 019a ffff
3 0 1 2a 1 1 0 1 0 1 1 1 019c ffff
3 0 1 09 0 1 0 1 1 1 0 1 019e ffff
3 0 1 35 1 1 0 1 0 1 1 1 01a0 ffff
3 0 1 06 0 1 0 1 0 1 1 1 01a2 ffff
3 0 1 2a 1 1 0 1 1 1 0 1 01a4 ffff
3 0 1 01 0 1 0 1 0 1 1 1 01a6 ffff
3 0 0 1f 0 1 0 1 0 1 0 1 01a6 ffff
3 0 1 17 0 1 0 1 0 1 1 1 01a8 ffff
3 0 1 06 0 1 0 1 1 1 0 1 01aa ffff
3 0 1 24 1 1 0 1 0 1 1 1 01ac ffff
3 0 1 02 1 1 0 1 0 1 1 1 01ae ffff
3 0 0 01 1 1 0 1 0 1 0 1 01ae ffff
3 0 1 12 0 1 0 1 0 1 1 1 01b0 ffff
3 0 1 32 1 1 0 1 0 1 1 1 01b2 ffff
3 0 1 0d 1 1 0 1 0 1 1 1 01b4 ffff
3 0 1 0e 0 1 0 1 0 1 1 1 01b6 ffff
3 0 1 01 0 1 0 1 1 1 0 1 01b8 ffff
3 0 0 09 0 1 0 1 0 1 0 1 01b8 ffff
3 0 1 09 1 1 0 1 0 1 1 1 01ba ffff
3 0 0 08 1 1 0 1 0 1 0 1 01ba ffff
3 0 1 2a 1 1 0 1 0 1 1 1 01bc ffff
3 0 1 3a 0 1 0 1 0 1 1 1 01be ffff
3 0 1 01 0 1 0 1 1 1 0 1 01c0 ffff
3 0 1 3a 1 1 1 1 0 1 0 1 01c1 ffff
3 0 1 05 1 1 0 1 0 1 1 1 01c3 ffff
3 0 0 37 1 1 0 1 0 1 0 1 01c3 ffff
3 0 0 28 1 1 0 1 0 1 0 1 01c3 ffff
3 0 1 33 1 1 0 1 0 1 1 1 01c5 ffff
3 0 0 02 1 1 0 1 0 1 0 1 01c5 ffff
3 0 0 38 1 1 0 1 0 1 0 1 01c5 ffff
3 0 1 06 1 1 0 1 0 1 1 1 01c7 ffff
3 0 1 0d 0 1 0 1 0 1 1 1 01c9 ffff
3 0 1 1f 0 1 0 1 0 1 1 1 01cb ffff
3 0 1 02 0 1 0 1 0 1 1 1 01cd ffff
3 0 1 06 1 1 0 1 1 1 0 1 01cf ffff
3 0 1 12 0 1 0 1 0 1 1 1 01d1 ffff
3 0 1 09 1 1 0 1 0 1 1 1 01d3 ffff
3 0 1 2b 1 1 0 1 0 1 1 1 01d5 ffff
3 0 0 02 1 1 0 1 0 1 0 1 01d5 ffff
3 0 0 2b 1 1 0 1 0 1 0 1 01d5 ffff
3 0 1 1e 1 1 0 1 0 1 1 1 01d7 ffff
3 0 0 12 1 1 0 1 0 1 0 1 01d7 ffff
3 0 1 21 0 1 0 1 0 1 1 1 01d9 ffff
3 0 1 19 1 1 0 1 0 1 1 1 01db ffff
3 0 0 2c 1 1 0 1 0 1 0 1 01db ffff
3 0 1 05 0 1 0 1 0 1 1 1 01dd ffff
3 0 1 07 0 1 0 1 0 1 1 1 01df ffff
3 0 0 01 0 1 0 1 0 1 0 1 01df ffff
3 0 1 0d 1 1 0 1 0 1 1 1 01e1 ffff
3 0 0 0c 1 1 0 1 0 1 0 1 01e1 ffff
3 0 1 1e 0 1 1 1 0 1 0 1 01e2 ffff
3 0 1 09 0 1 0 1 0 1 1 1 01e4 ffff
3 0 0 1d 0 1 0 1 0 1 0 1 01e4 ffff
3 0 0 26 0 1 0 1 0 1 0 1 01e4 ffff
3 0 1 06 0 1 0 1 0 1 1 1 01e6 ffff
3 0 1 05 1 1 0 1 0 1 1 1 01e8 ffff
3 0 1 09 0 1 0 1 1 1 0 1 01ea ffff
3 0 0 05 0 1 0 1 0 1 0 1 01ea ffff
3 0 1 09 1 1 1 1 0 1 0 1 01eb ffff
3 0 1 02 1 1 0 1 0 1 1 1 01ed ffff
3 0 1 28 0 1 0 1 0 1 1 1 01ef ffff
3 0 1 20 1 1 0 1 0 1 1 1 01f1 ffff
3 0 1 05 1 1 0 1 1 1 0 1 01f3 ffff
3 0 1 06 0 1 0 1 1 1 0 1 01f5 ffff
3 0 1 0e 1 1 0 1 0 1 1 1 01f7 ffff
3 0 1 09 0 1 0 1 1 1 0 1 01f9 ffff
3 0 1 09 1 1 1 1 0 1 0 1 01fa ffff
3 0 1 3f 1 1 0 1 0 1 1 1 01fc ffff
3 0 1 09 1 1 1 1 0 1 0 1 01fd ffff
3 0 1 02 0 1 0 1 0 1 1 1 01ff ffff
3 0 1 16 1 1 0 1 0 1 1 1 0201 ffff
3 0 1 0d 1 1 0 1 0 1 1 1 0203 ffff
3 0 1 34 0 1 0 1 0 1 1 1 0205 ffff
3 0 0 11 0 1 0 1 0 1 0 1 0205 ffff
3 0 1 01 0 1 0 1 0 1 1 1 0207 ffff
3 0 1 17 0 1 0 1 0 1 1 1 0209 ffff
3 0 1 07 1 1 0 1 0 1 1 1 020b ffff
3 0 1 38 1 1 0 1 0 1 1 1 020d ffff
3 0 1 01 1 1 1 1 0 1 0 1 020e ffff
3 0 1 01 1 1 1 1 0 1 0 1 020f ffff
3 0 1 3f 0 1 0 1 0 1 1 1 0211 ffff
3 0 1 05 1 1 0 1 0 1 1 1 0213 ffff
3 0 0 05 1 1 0 1 0 1 0 1 0213 ffff
3 0 1 0d 0 1 0 1 0 1 1 1 0215 ffff
3 0 1 1e 0 1 0 1 0 1 1 1 0217 ffff
3 0 0 16 0 1 0 1 0 1 0 1 0217 ffff
3 0 0 2f 0 1 0 1 0 1 0 1 0217 ffff
3 0 1 01 1 1 0 1 0 1 1 1 0219 ffff
3 0 1 39 0 1 0 1 0 1 1 1 021b ffff
3 0 1 02 1 1 0 1 0 1 1 1 021d ffff
3 0 1 09 1 1 0 1 0 1 1 1 021f ffff
3 0 1 12 0 1 0 1 0 1 1 1 0221 ffff
3 0 1 02 1 1 0 1 1 1 0 1 0223 ffff
3 0 1 05 0 1 0 1 0 1 1 1 0225 ffff
3 0 1 3a 0 1 0 1 0 1 1 1 0227 ffff
3 0 1 0b 1 1 0 1 0 1 1 1 0229 ffff
3 0 1 06 1 1 0 1 0 1 1 1 022b ffff
3 0 1 06 0 1 1 1 0 1 0 1 022c ffff
3 0 1 01 1 1 0 1 0 1 1 1 022e ffff
3 0 1 02 0 1 0 1 0 1 1 1 0230 ffff
3 0 1 21 0 1 0 1 0 1 1 1 0232 ffff
3 0 1 14 0 1 0 1 0 1 1 1 0234 ffff
3 0 1 01 1 1 0 1 1 1 0 1 0236 ffff
3 0 1 06 1 1 0 1 1 1 0 1 0238 ffff
3 0 1 02 0 1 0 1 1 1 0 1 023a ffff
3 0 1 10 1 1 0 1 0 1 1 1 023c ffff
3 0 1 06 1 1 0 1 1 1 0 1 023e ffff
3 0 1 01 0 1 1 1 0 1 0 1 023f ffff
3 0 1 0d 0 1 0 1 0 1 1 1 0241 ffff
3 0 0 02 0 1 0 1 0 1 0 1 0241 ffff
3 0 1 01 1 1 0 1 1 1 0 1 0243 ffff
3 0 1 13 0 1 0 1 0 1 1 1 0245 ffff
3 0 1 04 0 1 0 1 0 1 1 1 0247 ffff
3 0 0 09 0 1 0 1 0 1 0 1 0247 ffff
3 0 1 02 0 1 0 1 1 1 0 1 0249 ffff
3 0 1 0d 0 1 0 1 1 1 0 1 024b ffff
3 0 1 0d 1 1 1 1 0 1 0 1 024c ffff
3 0 1 1b 1 1 0 1 0 1 1 1 024e ffff
3 0 1 0b 0 1 0 1 0 1 1 1 0250 ffff
3 0 1 09 1 1 0 1 0 1 1 1 0252 ffff
3 0 1 01 0 1 0 1 0 1 1 1 0254 ffff
3 0 1 09 1 1 0 1 1 1 0 1 0256 ffff
3 0 0 0d 1 1 0 1 0 1 0 1 0256 ffff
3 0 1 0d 0 1 0 1 0 1 1 1 0258 ffff
3 0 0 25 0 1 0 1 0 1 0 1 0258 ffff
3 0 1 21 1 1 0 1 0 1 1 1 025a ffff
3 0 1 06 1 1 0 1 1 1 0 1 025c ffff
3 0 1 04 1 1 1 1 0 1 0 1 025d ffff
3 0 0 06 1 1 0 1 0 1 0 1 025d ffff
3 0 1 05 0 1 0 1 0 1 1 1 025f ffff
3 0 1 09 1 1 0 1 0 1 1 1 0261 ffff
3 0 1 01 0 1 0 1 0 1 1 1 0263 ffff
3 0 1 06 0 1 1 1 0 1 0 1 0264 ffff
3 0 1 2f 1 1 0 1 0 1 1 1 0266 ffff
3 0 1 06 0 1 1 1 0 1 0 1 0267 ffff
3 0 0 05 0 1 0 1 0 1 0 1 0267 ffff
3 0 1 09 1 1 0 1 1 1 0 1 0269 ffff
3 0 1 3e 0 1 0 1 0 1 1 1 026b ffff
3 0 1 15 0 1 0 1 0 1 1 1 026d ffff
3 0 1 02 1 1 0 1 0 1 1 1 026f ffff
3 0 1 0d 1 1 0 1 0 1 1 1 0271 ffff
3 0 0 0d 1 1 0 1 0 1 0 1 0271 ffff
3 0 1 01 0 1 0 1 0 1 1 1 0273 ffff
3 0 1 3d 1 1 0 1 0 1 1 1 0275 ffff
3 0 1 15 0 1 0 1 0 1 1 1 0277 ffff
3 0 1 09 1 1 0 1 0 1 1 1 0279 ffff
3 0 1 06 0 1 0 1 0 1 1 1 027b ffff
3 0 1 09 0 1 1 1 0 1 0 1 027c ffff
3 0 1 0d 0 1 0 1 0 1 1 1 027e ffff
3 0 1 07 0 1 0 1 0 1 1 1 0280 ffff
3 0 1 1c 1 1 0 1 0 1 1 1 0282 ffff
3 0 1 02 1 1 0 1 1 1 0 1 0284 ffff
3 0 1 13 1 1 0 1 0 1 1 1 0286 ffff
3 0 1 01 1 1 0 1 0 1 1 1 0288 ffff
3 0 1 23 0 1 0 1 0 1 1 1 028a ffff
3 0 1 11 0 1 0 1 0 1 1 1 028c ffff
3 0 1 1e 0 1 0 1 0 1 1 1 028e ffff
3 0 1 01 1 1 0 1 1 1 0 1 0290 ffff
3 0 1 01 0 1 1 1 0 1 0 1 0291 ffff
3 0 1 0e 1 1 0 1 0 1 1 1 0293 ffff
3 0 1 09 0 1 0 1 0 1 1 1 0295 ffff
3 0 1 18 0 1 0 1 0 1 1 1 0297 ffff
3 0 1 02 0 1 0 1 0 1 1 1 0299 ffff
3 0 1 27 1 1 0 1 0 1 1 1 029b ffff
3 0 1 01 1 1 0 1 1 1 0 1 029d ffff
3 0 1 17 0 1 0 1 0 1 1 1 029f ffff
3 0 1 01 0 1 1 1 0 1 0 1 02a0 ffff
3 0 1 02 1 1 1 1 0 1 0 1 02a1 ffff
3 0 1 04 1 1 0 1 0 1 1 1 02a3 ffff
3 0 1 01 0 1 1 1 0 1 0 1 02a4 ffff
3 0 1 02 1 1 1 1 0 1 0 1 02a5 ffff
3 0 0 0d 1 1 0 1 0 1 0 1 02a5 ffff
3 0 1 05 0 1 0 1 0 1 1 1 02a7 ffff
3 0 0 04 0 1 0 1 0 1 0 1 02a7 ffff
3 0 1 06 1 1 0 1 0 1 1 1 02a9 ffff
3 0 1 18 0 1 0 1 1 1 0 1 02ab ffff
3 0 1 09 1 1 0 1 0 1 1 1 02ad ffff
3 0 0 18 1 1 0 1 0 1 0 1 02ad ffff
3 0 1 2f 1 1 0 1 0 1 1 1 02af ffff
3 0 1 05 0 1 0 1 1 1 0 1 02b1 ffff
3 0 1 05 1 1 1 1 0 1 0 1 02b2 ffff
3 0 1 3c 1 1 0 1 0 1 1 1 02b4 ffff
3 0 0 08 1 1 0 1 0 1 0 1 02b4 ffff
3 0 1 09 1 1 0 1 1 1 0 1 02b6 ffff
3 0 1 06 0 1 1 1 0 1 0 1 02b7 ffff
3 0 1 01 0 1 0 1 0 1 1 1 02b9 ffff
3 0 1 05 1 1 0 1 0 1 1 1 02bb ffff
3 0 1 16 0 1 0 1 0 1 1 1 02bd ffff
3 0 0 0d 0 1 0 1 0 1 0 1 02bd ffff
3 0 1 0d 0 1 0 1 0 1 1 1 02bf ffff
3 0 1 01 1 1 0 1 0 1 1 1 02c1 ffff
3 0 1 06 1 1 0 1 1 1 0 1 02c3 ffff
3 0 1 1a 0 1 0 1 0 1 1 1 02c5 ffff
3 0 1 02 1 1 0 1 0 1 1 1 02c7 ffff
3 0 0 28 1 1 0 1 0 1 0 1 02c7 ffff
3 0 0 1f 1 1 0 1 0 1 0 1 02c7 ffff
3 0 0 0c 1 1 0 1 0 1 0 1 02c7 ffff
3 0 1 0d 0 1 0 1 1 1 0 1 02c9 ffff
3 0 1 0a 0 1 0 1 0 1 1 1 02cb ffff
3 0 1 1c 0 1 0 1 0 1 1 1 02cd ffff
3 0 1 0d 1 1 1 1 0 1 0 1 02ce ffff
3 0 0 30 1 1 0 1 0 1 0 1 02ce ffff
3 0 0 09 1 1 0 1 0 1 0 1 02ce ffff
3 0 1 01 1 1 0 1 1 1 0 1 02d0 ffff
3 0 1 08 1 1 0 1 0 1 1 1 02d2 ffff
3 0 1 2a 1 1 0 1 0 1 1 1 02d4 ffff
3 0 1 09 0 1 0 1 0 1 1 1 02d6 ffff
3 0 1 01 1 1 0 1 1 1 0 1 02d8 ffff
3 0 1 05 0 1 0 1 0 1 1 1 02da ffff
3 0 1 0c 0 1 0 1 0 1 1 1 02dc ffff
3 0 0 0d 0 1 0 1 0 1 0 1 02dc ffff
3 0 1 01 1 1 0 1 1 1 0 1 02de ffff
3 0 1 01 0 1 1 1 0 1 0 1 02df ffff
3 0 1 29 0 1 0 1 0 1 1 1 02e1 ffff
3 0 1 02 0 1 0 1 0 1 1 1 02e3 ffff
3 0 1 05 1 1 0 1 0 1 1 1 02e5 ffff
3 0 1 06 1 1 0 1 0 1 1 1 02e7 ffff
3 0 0 0d 1 1 0 1 0 1 0 1 02e7 ffff
3 0 1 0d 0 1 0 1 0 1 1 1 02e9 ffff
3 0 0 14 0 1 0 1 0 1 0 1 02e9 ffff
3 0 1 08 1 1 0 1 1 1 0 1 02eb ffff
3 0 1 02 0 1 0 1 1 1 0 1 02ed ffff
3 0 1 0f 0 1 0 1 0 1 1 1 02ef ffff
3 0 0 0e 0 1 0 1 0 1 0 1 02ef ffff
3 0 1 06 1 1 0 1 1 1 0 1 02f1 ffff
3 0 0 3f 1 1 0 1 0 1 0 1 02f1 ffff
3 0 1 05 1 1 0 1 1 1 0 1 02f3 ffff
3 0 1 1b 1 1 0 1 0 1 1 1 02f5 ffff
3 0 1 00 0 1 0 1 0 1 1 1 02f7 ffff
3 0 1 35 0 1 0 1 0 1 1 1 02f9 ffff
3 0 1 04 1 1 0 1 0 1 1 1 02fb ffff
3 0 1 09 1 1 0 1 0 1 1 1 02fd ffff
3 0 1 11 0 1 0 1 0 1 1 1 02ff ffff
3 0 1 0d 1 1 0 1 0 1 1 1 0301 ffff
3 0 0 34 1 1 0 1 0 1 0 1 0301 ffff
3 0 1 1f 0 1 0 1 0 1 1 1 0303 ffff
3 0 1 2d 0 1 0 1 0 1 1 1 0305 ffff
3 0 1 02 0 1 0 1 1 1 0 1 0307 ffff
3 0 1 01 1 1 0 1 0 1 1 1 0309 ffff
3 0 0 01 1 1 0 1 0 1 0 1 0309 ffff
3 0 1 0d 0 1 0 1 0 1 1 1 030b ffff
3 0 1 09 1 1 0 1 0 1 1 1 030d ffff
3 0 1 05 0 1 0 1 0 1 1 1 030f ffff
3 0 1 26 1 1 0 1 0 1 1 1 0311 ffff
3 0 0 00 1 1 0 1 0 1 0 1 0311 ffff
3 0 0 1a 1 1 0 1 0 1 0 1 0311 ffff
3 0 1 34 0 1 0 1 0 1 1 1 0313 ffff
3 0 1 16 0 1 0 1 0 1 1 1 0315 ffff
3 0 1 3c 1 1 0 1 0 1 1 1 0317 ffff
3 0 1 06 1 1 0 1 0 1 1 1 0319 ffff
3 0 1 05 1 1 1 1 0 1 0 1 031a ffff
3 0 1 01 1 1 0 1 0 1 1 1 031c ffff
3 0 1 02 0 1 0 1 0 1 1 1 031e ffff
3 0 1 02 1 1 1 1 0 1 0 1 031f ffff
3 0 1 01 0 1 1 1 0 1 0 1 0320 ffff
3 0 1 01 0 1 1 1 0 1 0 1 0321 ffff
3 0 1 0d 0 1 0 1 0 1 1 1 0323 ffff
3 0 1 01 1 1 0 1 1 1 0 1 0325 ffff
3 0 1 04 0 1 0 1 0 1 1 1 0327 ffff
3 0 1 16 1 1 0 1 0 1 1 1 0329 ffff
3 0 0 02 1 1 0 1 0 1 0 1 0329 ffff
3 0 1 01 0 1 1 1 0 1 0 1 032a ffff
3 0 1 1a 0 1 0 1 0 1 1 1 032c ffff
3 0 1 2c 1 1 0 1 0 1 1 1 032e ffff
3 0 1 3b 1 1 0 1 0 1 1 1 0330 ffff
3 0 1 0e 1 1 0 1 0 1 1 1 0332 ffff
3 0 1 06 0 1 0 1 0 1 1 1 0334 ffff
3 0 1 0d 0 1 0 1 1 1 0 1 0336 ffff
3 0 0 36 0 1 0 1 0 1 0 1 0336 ffff
3 0 1 36 1 1 0 1 0 1 1 1 0338 ffff
3 0 1 01 1 1 0 1 1 1 0 1 033a ffff
3 0 1 0d 0 1 0 1 1 1 0 1 033c ffff
3 0 1 04 0 1 0 1 1 1 0 1 033e ffff
3 0 1 00 1 1 0 1 0 1 1 1 0340 ffff
3 0 1 0d 1 1 1 1 0 1 0 1 0341 ffff
3 0 1 13 0 1 0 1 0 1 1 1 0343 ffff
3 0 1 0d 1 1 1 1 0 1 0 1 0344 ffff
3 0 1 02 0 1 0 1 0 1 1 1 0346 ffff
3 0 0 01 0 1 0 1 0 1 0 1 0346 ffff
3 0 1 09 1 1 0 1 0 1 1 1 0348 ffff
3 0 1 05 0 1 0 1 0 1 1 1 034a ffff
3 0 1 20 0 1 0 1 0 1 1 1 034c ffff
3 0 1 05 1 1 1 1 0 1 0 1 034d ffff
3 0 1 3e 1 1 0 1 0 1 1 1 034f ffff
3 0 1 39 1 1 0 1 0 1 1 1 0351 ffff
3 0 1 06 0 1 0 1 0 1 1 1 0353 ffff
3 0 1 05 0 1 0 1 1 1 0 1 0355 ffff
3 0 1 0d 1 1 0 1 0 1 1 1 0357 ffff
3 0 1 05 0 1 0 1 1 1 0 1 0359 ffff
3 0 0 05 0 1 0 1 0 1 0 1 0359 ffff
3 0 1 06 1 1 1 1 0 1 0 1 035a ffff
3 0 1 3e 1 1 0 1 1 1 0 1 035c ffff
3 0 1 07 1 1 0 1 0 1 1 1 035e ffff
3 0 1 3c 1 1 0 1 0 1 1 1 0360 ffff
3 0 1 1d 1 1 0 1 0 1 1 1 0362 ffff
3 0 0 33 1 1 0 1 0 1 0 1 0362 ffff
3 0 1 01 0 1 0 1 0 1 1 1 0364 ffff
3 0 1 06 0 1 0 1 1 1 0 1 0366 ffff
3 0 1 09 1 1 0 1 0 1 1 1 0368 ffff
3 0 1 36 1 1 0 1 0 1 1 1 036a ffff
3 0 1 06 0 1 0 1 1 1 0 1 036c ffff
3 0 1 09 0 1 1 1 0 1 0 1 036d ffff
3 0 1 19 0 1 0 1 0 1 1 1 036f ffff
3 0 1 0d 1 1 0 1 0 1 1 1 0371 ffff
3 0 1 24 0 1 0 1 0 1 1 1 0373 ffff
3 0 1 1e 1 1 0 1 0 1 1 1 0375 ffff
3 0 1 0d 0 1 1 1 0 1 0 1 0376 ffff
3 0 1 23 0 1 0 1 0 1 1 1 0378 ffff
3 0 0 0d 0 1 0 1 0 1 0 1 0378 ffff
3 0 1 10 1 1 0 1 0 1 1 1 037a ffff
3 0 1 09 0 1 0 1 0 1 1 1 037c ffff
3 0 1 01 1 1 0 1 0 1 1 1 037e ffff
3 0 0 3e 1 1 0 1 0 1 0 1 037e ffff
3 0 1 09 0 1 0 1 1 1 0 1 0380 ffff
3 0 0 06 0 1 0 1 0 1 0 1 0380 ffff
3 0 1 09 1 1 1 1 0 1 0 1 0381 ffff
3 0 1 09 1 1 1 1 0 1 0 1 0382 ffff
3 0 1 3a 0 1 0 1 0 1 1 1 0384 ffff
3 0 1 01 1 1 0 1 1 1 0 1 0386 ffff
3 0 1 06 1 1 0 1 0 1 1 1 0388 ffff
3 0 1 2b 1 1 0 1 0 1 1 1 038a ffff
3 0 1 24 0 1 0 1 1 1 0 1 038c ffff
3 0 1 05 0 1 0 1 0 1 1 1 038e ffff
3 0 0 30 0 1 0 1 0 1 0 1 038e ffff
3 0 1 17 0 1 0 1 0 1 1 1 0390 ffff
3 0 1 09 1 1 0 1 0 1 1 1 0392 ffff
3 0 0 02 1 1 0 1 0 1 0 1 0392 ffff
3 0 1 01 0 1 0 1 0 1 1 1 0394 ffff
3 0 1 09 1 1 0 1 1 1 0 1 0396 ffff
3 0 1 05 0 1 0 1 0 1 1 1 0398 ffff
3 0 0 0e 0 1 0 1 0 1 0 1 0398 ffff
3 0 1 19 1 1 0 1 0 1 1 1 039a ffff
3 0 1 01 0 1 0 1 0 1 1 1 039c ffff
3 0 1 0d 1 1 0 1 0 1 1 1 039e ffff
3 0 1 01 0 1 0 1 1 1 0 1 03a0 ffff
3 0 1 3f 1 1 0 1 0 1 1 1 03a2 ffff
3 0 1 1d 1 1 0 1 0 1 1 1 03a4 ffff
3 0 1 2b 0 1 0 1 0 1 1 1 03a6 ffff
3 0 1 0e 0 1 0 1 0 1 1 1 03a8 ffff
3 0 1 05 0 1 0 1 0 1 1 1 03aa ffff
3 0 1 3f 1 1 0 1 1 1 0 1 03ac ffff
3 0 1 0d 1 1 0 1 0 1 1 1 03ae ffff
3 0 1 2a 1 1 0 1 0 1 1 1 03b0 ffff
3 0 1 1b 0 1 0 1 0 1 1 1 03b2 ffff
3 0 0 0d 0 1 0 1 0 1 0 1 03b2 ffff
3 0 0 02 0 1 0 1 0 1 0 1 03b2 ffff
3 0 1 09 0 1 0 1 0 1 1 1 03b4 ffff
3 0 1 11 1 1 0 1 0 1 1 1 03b6 ffff
3 0 1 0d 0 1 0 1 0 1 1 1 03b8 ffff
3 0 1 00 1 1 0 1 0 1 1 1 03ba ffff
3 0 1 06 0 1 0 1 0 1 1 1 03bc ffff
3 0 1 05 1 1 0 1 0 1 1 1 03be ffff
3 0 1 15 0 1 0 1 0 1 1 1 03c0 ffff
3 0 0 09 0 1 0 1 0 1 0 1 03c0 ffff
3 0 1 05 1 1 0 1 1 1 0 1 03c2 ffff
3 0 1 04 0 1 0 1 0 1 1 1 03c4 ffff
3 0 0 06 0 1 0 1 0 1 0 1 03c4 ffff
3 0 1 04 1 1 1 1 0 1 0 1 03c5 ffff
3 0 1 0d 0 1 0 1 0 1 1 1 03c7 ffff
3 0 0 01 0 1 0 1 0 1 0 1 03c7 ffff
3 0 1 05 1 1 0 1 1 1 0 1 03c9 ffff
3 0 1 09 0 1 0 1 0 1 1 1 03cb ffff
3 0 1 04 1 1 1 1 0 1 0 1 03cc ffff
3 0 1 22 1 1 0 1 0 1 1 1 03ce ffff
3 0 1 0b 1 1 0 1 0 1 1 1 03d0 ffff
3 0 1 02 0 1 0 1 0 1 1 1 03d2 ffff
3 0 1 26 1 1 0 1 0 1 1 1 03d4 ffff
3 0 1 39 1 1 0 1 0 1 1 1 03d6 ffff
3 0 1 06 0 1 0 1 0 1 1 1 03d8 ffff
3 0 1 06 1 1 1 1 0 1 0 1 03d9 ffff
3 0 1 1f 0 1 0 1 0 1 1 1 03db ffff
3 0 1 09 0 1 0 1 1 1 0 1 03dd ffff
3 0 1 02 1 1 0 1 0 1 1 1 03df ffff
3 0 1 09 1 1 1 1 0 1 0 1 03e0 ffff
3 0 0 0d 1 1 0 1 0 1 0 1 03e0 ffff
3 0 0 09 1 1 0 1 0 1 0 1 03e0 ffff
3 0 1 21 1 1 0 1 0 1 1 1 03e2 ffff
3 0 1 01 0 1 0 1 0 1 1 1 03e4 ffff
3 0 0 0d 0 1 0 1 0 1 0 1 03e4 ffff
3 0 0 12 0 1 0 1 0 1 0 1 03e4 ffff
3 0 1 31 1 1 0 1 0 1 1 1 03e6 ffff
3 0 1 09 0 1 0 1 0 1 1 1 03e8 ffff
3 0 1 09 1 1 1 1 0 1 0 1 03e9 ffff
3 0 1 02 0 1 1 1 0 1 0 1 03ea ffff
3 0 1 3d 1 1 0 1 0 1 1 1 03ec ffff
3 0 1 3e 0 1 0 1 0 1 1 1 03ee ffff
3 0 0 05 0 1 0 1 0 1 0 1 03ee ffff
3 0 0 0d 0 1 0 1 0 1 0 1 03ee ffff
3 0 1 3d 0 1 1 1 0 1 0 1 03ef ffff
3 0 1 0d 0 1 0 1 0 1 1 1 03f1 ffff
3 0 1 31 1 1 0 1 0 1 1 1 03f3 ffff
3 0 1 26 1 1 0 1 0 1 1 1 03f5 ffff
3 0 1 09 0 1 0 1 0 1 1 1 03f7 ffff
3 0 1 0d 1 1 0 1 0 1 1 1 03f9 ffff
3 0 1 05 0 1 0 1 0 1 1 1 03fb ffff
3 0 0 39 0 1 0 1 0 1 0 1 03fb ffff
3 0 1 34 1 1 0 1 0 1 1 1 03fd ffff
3 0 0 06 1 1 0 1 0 1 0 1 03fd ffff
3 0 1 34 0 1 1 1 0 1 0 1 03fe ffff
3 0 0 3e 0 1 0 1 0 1 0 1 03fe ffff
3 0 1 2f 1 1 0 1 0 1 1 1 0400 ffff
3 0 1 06 0 1 0 1 0 1 1 1 0402 ffff
3 0 0 1d 0 1 0 1 0 1 0 1 0402 ffff
3 0 1 06 1 1 1 1 0 1 0 1 0403 ffff
3 0 0 03 1 1 0 1 0 1 0 1 0403 ffff
3 0 0 09 1 1 0 1 0 1 0 1 0403 ffff
3 0 1 0e 1 1 0 1 0 1 1 1 0405 ffff
3 0 1 09 1 1 0 1 0 1 1 1 0407 ffff
3 0 1 36 0 1 0 1 0 1 1 1 0409 ffff
3 0 0 02 0 1 0 1 0 1 0 1 0409 ffff
3 0 1 3a 1 1 0 1 0 1 1 1 040b ffff
3 0 1 02 0 1 0 1 0 1 1 1 040d ffff
3 0 1 04 0 1 0 1 1 1 0 1 040f ffff
3 0 1 1c 1 1 0 1 0 1 1 1 0411 ffff
3 0 1 01 0 1 0 1 0 1 1 1 0413 ffff
3 0 1 3a 1 1 0 1 1 1 0 1 0415 ffff
3 0 1 02 0 1 0 1 1 1 0 1 0417 ffff
3 0 1 23 0 1 0 1 0 1 1 1 0419 ffff
3 0 1 0d 1 1 0 1 0 1 1 1 041b ffff
3 0 0 01 1 1 0 1 0 1 0 1 041b ffff
3 0 1 02 1 1 1 1 0 1 0 1 041c ffff
3 0 1 3d 0 1 0 1 0 1 1 1 041e ffff
3 0 1 3e 1 1 0 1 0 1 1 1 0420 ffff
3 0 1 1a 0 1 0 1 0 1 1 1 0422 ffff
3 0 1 1e 1 1 0 1 0 1 1 1 0424 ffff
3 0 0 14 1 1 0 1 0 1 0 1 0424 ffff
3 0 1 02 0 1 0 1 0 1 1 1 0426 ffff
3 0 1 00 0 1 0 1 0 1 1 1 0428 ffff
3 0 1 06 1 1 0 1 0 1 1 1 042a ffff
3 0 1 09 1 1 0 1 0 1 1 1 042c ffff
3 0 1 09 0 1 1 1 0 1 0 1 042d ffff
3 0 0 02 0 1 0 1 0 1 0 1 042d ffff
3 0 1 02 0 1 0 1 1 1 0 1 042f ffff
3 0 1 01 0 1 0 1 0 1 1 1 0431 ffff
3 0 1 09 1 1 0 1 1 1 0 1 0433 ffff
3 0 1 06 1 1 0 1 1 1 0 1 0435 ffff
3 0 1 39 0 1 0 1 0 1 1 1 0437 ffff
3 0 0 0d 0 1 0 1 0 1 0 1 0437 ffff
3 0 1 17 1 1 0 1 0 1 1 1 0439 ffff
3 0 1 01 1 1 0 1 0 1 1 1 043b ffff
3 0 1 20 1 1 0 1 0 1 1 1 043d ffff
3 0 0 05 1 1 0 1 0 1 0 1 043d ffff
3 0 0 0b 1 1 0 1 0 1 0 1 043d ffff
3 0 0 05 1 1 0 1 0 1 0 1 043d ffff
3 0 1 06 0 1 1 1 0 1 0 1 043e ffff
3 0 1 09 0 1 0 1 0 1 1 1 0440 ffff
3 0 1 05 1 1 0 1 0 1 1 1 0442 ffff
3 0 1 2d 0 1 0 1 0 1 1 1 0444 ffff
3 0 1 1d 1 1 0 1 0 1 1 1 0446 ffff
3 0 1 28 0 1 0 1 0 1 1 1 0448 ffff
3 0 0 0d 0 1 0 1 0 1 0 1 0448 ffff
3 0 0 02 0 1 0 1 0 1 0 1 0448 ffff
3 0 1 01 0 1 0 1 0 1 1 1 044a ffff
3 0 1 09 1 1 0 1 0 1 1 1 044c ffff
3 0 0 01 1 1 0 1 0 1 0 1 044c ffff
3 0 1 09 0 1 1 1 0 1 0 1 044d ffff
3 0 1 23 0 1 0 1 1 1 0 1 044f ffff
3 0 1 3a 0 1 0 1 0 1 1 1 0451 ffff
3 0 1 02 1 1 0 1 0 1 1 1 0453 ffff
3 0 1 01 0 1 0 1 1 1 0 1 0455 ffff
3 0 0 1d 0 1 0 1 0 1 0 1 0455 ffff
3 0 1 1d 1 1 0 1 0 1 1 1 0457 ffff
3 0 0 3b 1 1 0 1 0 1 0 1 0457 ffff
3 0 1 07 1 1 0 1 0 1 1 1 0459 ffff
3 0 1 09 0 1 0 1 0 1 1 1 045b ffff
3 0 1 05 1 1 0 1 0 1 1 1 045d ffff
3 0 1 02 0 1 1 1 0 1 0 1 045e ffff
3 0 1 30 1 1 0 1 0 1 1 1 0460 ffff
3 0 0 02 1 1 0 1 0 1 0 1 0460 ffff
3 0 1 28 0 1 0 1 1 1 0 1 0462 ffff
3 0 1 2e 0 1 0 1 0 1 1 1 0464 ffff
3 0 1 02 1 1 0 1 1 1 0 1 0466 ffff
3 0 1 2e 0 1 0 1 1 1 0 1 0468 ffff
3 0 1 05 0 1 1 1 0 1 0 1 0469 ffff
3 0 1 01 0 1 0 1 0 1 1 1 046b ffff
3 0 1 09 1 1 0 1 0 1 1 1 046d ffff
3 0 0 38 1 1 0 1 0 1 0 1 046d ffff
3 0 1 06 1 1 0 1 0 1 1 1 046f ffff
3 0 0 09 1 1 0 1 0 1 0 1 046f ffff
3 0 1 05 0 1 0 1 0 1 1 1 0471 ffff
3 0 1 06 0 1 1 1 0 1 0 1 0472 ffff
3 0 1 34 1 1 0 1 0 1 1 1 0474 ffff
3 0 1 37 0 1 0 1 0 1 1 1 0476 ffff
3 0 1 0d 1 1 0 1 0 1 1 1 0478 ffff
3 0 1 08 0 1 0 1 0 1 1 1 047a ffff
3 0 1 09 0 1 0 1 0 1 1 1 047c ffff
3 0 1 0e 0 1 0 1 0 1 1 1 047e ffff
3 0 1 2f 1 1 0 1 0 1 1 1 0480 ffff
3 0 1 16 1 1 0 1 0 1 1 1 0482 ffff
3 0 1 09 1 1 1 1 0 1 0 1 0483 ffff
3 0 1 05 1 1 0 1 0 1 1 1 0485 ffff
3 0 0 02 1 1 0 1 0 1 0 1 0485 ffff
3 0 1 10 1 1 0 1 0 1 1 1 0487 ffff
3 0 1 3c 0 1 0 1 0 1 1 1 0489 ffff
3 0 0 1e 0 1 0 1 0 1 0 1 0489 ffff
3 0 1 02 0 1 0 1 0 1 1 1 048b ffff
3 0 1 09 0 1 0 1 1 1 0 1 048d ffff
3 0 1 0f 0 1 0 1 0 1 1 1 048f ffff
3 0 1 0d 1 1 0 1 0 1 1 1 0491 ffff
3 0 1 0d 0 1 1 1 0 1 0 1 0492 ffff
3 0 1 20 1 1 0 1 0 1 1 1 0494 ffff
3 0 1 02 1 1 1 1 0 1 0 1 0495 ffff
3 0 1 2a 1 1 0 1 0 1 1 1 0497 ffff
3 0 1 10 0 1 0 1 0 1 1 1 0499 ffff
3 0 1 00 1 1 0 1 0 1 1 1 049b ffff
3 0 1 01 0 1 0 1 0 1 1 1 049d ffff
3 0 1 0d 1 1 0 1 1 1 0 1 049f ffff
3 0 1 24 0 1 0 1 0 1 1 1 04a1 ffff
3 0 0 0d 0 1 0 1 0 1 0 1 04a1 ffff
3 0 1 26 0 1 0 1 0 1 1 1 04a3 ffff
3 0 1 05 0 1 0 1 0 1 1 1 04a5 ffff
3 0 1 0d 1 1 0 1 1 1 0 1 04a7 ffff
3 0 0 06 1 1 0 1 0 1 0 1 04a7 ffff
3 0 1 06 1 1 0 1 0 1 1 1 04a9 ffff
3 0 0 08 1 1 0 1 0 1 0 1 04a9 ffff
3 0 1 0f 1 1 1 1 0 1 0 1 04aa ffff
3 0 0 01 1 1 0 1 0 1 0 1 04aa ffff
3 0 1 09 0 1 0 1 0 1 1 1 04ac ffff
3 0 1 09 1 1 1 1 0 1 0 1 04ad ffff
3 0 0 03 1 1 0 1 0 1 0 1 04ad ffff
3 0 0 18 1 1 0 1 0 1 0 1 04ad ffff
3 0 1 0d 1 1 0 1 1 1 0 1 04af ffff
3 0 1 06 0 1 1 1 0 1 0 1 04b0 ffff
3 0 1 02 0 1 0 1 0 1 1 1 04b2 ffff
3 0 1 06 1 1 0 1 1 1 0 1 04b4 ffff
3 0 1 02 0 1 0 1 1 1 0 1 04b6 ffff
3 0 0 02 0 1 0 1 0 1 0 1 04b6 ffff
3 0 0 0d 0 1 0 1 0 1 0 1 04b6 ffff
3 0 1 3f 1 1 0 1 0 1 1 1 04b8 ffff
3 0 1 06 1 1 0 1 1 1 0 1 04ba ffff
3 0 1 01 0 1 0 1 0 1 1 1 04bc ffff
3 0 1 01 1 1 1 1 0 1 0 1 04bd ffff
3 0 1 21 1 1 0 1 0 1 1 1 04bf ffff
3 0 1 07 0 1 0 1 0 1 1 1 04c1 ffff
3 0 1 06 0 1 1 1 0 1 0 1 04c2 ffff
3 0 0 3f 0 1 0 1 0 1 0 1 04c2 ffff
3 0 1 01 0 1 0 1 1 1 0 1 04c4 ffff
3 0 1 09 1 1 0 1 0 1 1 1 04c6 ffff
3 0 0 06 1 1 0 1 0 1 0 1 04c6 ffff
3 0 0 0d 1 1 0 1 0 1 0 1 04c6 ffff
3 0 0 22 1 1 0 1 0 1 0 1 04c6 ffff
3 0 1 06 0 1 1 1 0 1 0 1 04c7 ffff
3 0 1 06 0 1 1 1 0 1 0 1 04c8 ffff
3 0 1 3a 0 1 0 1 0 1 1 1 04ca ffff
3 0 1 09 0 1 1 1 0 1 0 1 04cb ffff
3 0 1 09 0 1 1 1 0 1 0 1 04cc ffff
3 0 1 02 1 1 0 1 0 1 1 1 04ce ffff
3 0 1 00 1 1 0 1 1 1 0 1 04d0 ffff
3 0 1 21 0 1 0 1 0 1 1 1 04d2 ffff
3 0 1 20 0 1 0 1 0 1 1 1 04d4 ffff
3 0 0 06 0 1 0 1 0 1 0 1 04d4 ffff
3 0 1 0a 0 1 0 1 0 1 1 1 04d6 ffff
3 0 1 19 1 1 0 1 0 1 1 1 04d8 ffff
3 0 1 02 1 1 0 1 1 1 0 1 04da ffff
3 0 1 02 0 1 1 1 0 1 0 1 04db ffff
3 0 1 09 0 1 0 1 0 1 1 1 04dd ffff
3 0 1 0d 1 1 0 1 0 1 1 1 04df ffff
3 0 0 3f 1 1 0 1 0 1 0 1 04df ffff
3 0 0 3a 1 1 0 1 0 1 0 1 04df ffff
3 0 1 15 0 1 0 1 0 1 1 1 04e1 ffff
3 0 0 09 0 1 0 1 0 1 0 1 04e1 ffff
3 0 1 38 1 1 0 1 0 1 1 1 04e3 ffff
3 0 1 27 1 1 0 1 0 1 1 1 04e5 ffff
3 0 0 02 1 1 0 1 0 1 0 1 04e5 ffff
3 0 1 1d 1 1 0 1 0 1 1 1 04e7 ffff
3 0 1 0d 0 1 0 1 0 1 1 1 04e9 ffff
3 0 1 09 1 1 0 1 0 1 1 1 04eb ffff
3 0 1 02 0 1 1 1 0 1 0 1 04ec ffff
3 0 1 0d 0 1 0 1 1 1 0 1 04ee ffff
3 0 1 0d 1 1 1 1 0 1 0 1 04ef ffff
3 0 1 13 0 1 0 1 0 1 1 1 04f1 ffff
3 0 0 09 0 1 0 1 0 1 0 1 04f1 ffff
3 0 1 3b 1 1 0 1 0 1 1 1 04f3 ffff
3 0 0 01 1 1 0 1 0 1 0 1 04f3 ffff
3 0 1 17 0 1 0 1 0 1 1 1 04f5 ffff
3 0 1 01 1 1 0 1 0 1 1 1 04f7 ffff
3 0 1 01 0 1 1 1 0 1 0 1 04f8 ffff
3 0 1 05 0 1 0 1 0 1 1 1 04fa ffff
3 0 1 01 1 1 0 1 1 1 0 1 04fc ffff
3 0 1 16 0 1 0 1 0 1 1 1 04fe ffff
3 0 0 0d 0 1 0 1 0 1 0 1 04fe ffff
3 0 1 28 0 1 0 1 0 1 1 1 0500 ffff
3 0 0 0d 0 1 0 1 0 1 0 1 0500 ffff
3 0 1 02 1 1 0 1 1 1 0 1 0502 ffff
3 0 1 2f 1 1 0 1 0 1 1 1 0504 ffff
3 0 1 05 0 1 0 1 1 1 0 1 0506 ffff
3 0 1 2c 1 1 0 1 0 1 1 1 0508 ffff
3 0 1 0c 0 1 0 1 0 1 1 1 050a ffff
3 0 1 02 0 1 1 1 0 1 0 1 050b ffff
3 0 1 3f 0 1 0 1 0 1 1 1 050d ffff
3 0 1 2f 1 1 0 1 1 1 0 1 050f ffff
3 0 1 0d 1 1 0 1 0 1 1 1 0511 ffff
3 0 1 10 1 1 0 1 0 1 1 1 0513 ffff
3 0 1 01 0 1 0 1 0 1 1 1 0515 ffff
3 0 1 10 0 1 1 1 0 1 0 1 0516 ffff
3 0 1 05 1 1 0 1 0 1 1 1 0518 ffff
3 0 1 05 0 1 1 1 0 1 0 1 0519 ffff
3 0 1 1b 0 1 0 1 0 1 1 1 051b ffff
3 0 1 2a 0 1 0 1 0 1 1 1 051d ffff
3 0 1 01 0 1 0 1 1 1 0 1 051f ffff
3 0 0 1a 0 1 0 1 0 1 0 1 051f ffff
3 0 1 02 1 1 0 1 1 1 0 1 0521 ffff
3 0 0 09 1 1 0 1 0 1 0 1 0521 ffff
3 0 1 1d 1 1 0 1 0 1 1 1 0523 ffff
3 0 1 2e 0 1 0 1 0 1 1 1 0525 ffff
3 0 1 21 0 1 0 1 0 1 1 1 0527 ffff
3 0 0 26 0 1 0 1 0 1 0 1 0527 ffff
3 0 1 1a 1 1 0 1 0 1 1 1 0529 ffff
3 0 1 06 0 1 0 1 0 1 1 1 052b ffff
3 0 1 06 1 1 1 1 0 1 0 1 052c ffff
3 0 1 2b 1 1 0 1 0 1 1 1 052e ffff
3 0 1 24 0 1 0 1 0 1 1 1 0530 ffff
3 0 1 25 1 1 0 1 0 1 1 1 0532 ffff
3 0 1 01 0 1 0 1 0 1 1 1 0534 ffff
3 0 0 02 0 1 0 1 0 1 0 1 0534 ffff
3 0 1 05 1 1 0 1 0 1 1 1 0536 ffff
3 0 1 02 1 1 0 1 0 1 1 1 0538 ffff
3 0 1 0d 0 1 0 1 0 1 1 1 053a ffff
3 0 1 17 0 1 0 1 0 1 1 1 053c ffff
3 0 1 3f 1 1 0 1 0 1 1 1 053e ffff
3 0 1 09 1 1 0 1 0 1 1 1 0540 ffff
3 0 1 06 0 1 0 1 1 1 0 1 0542 ffff
3 0 0 02 0 1 0 1 0 1 0 1 0542 ffff
3 0 1 3c 1 1 0 1 0 1 1 1 0544 ffff
3 0 1 2d 0 1 0 1 0 1 1 1 0546 ffff
3 0 1 0d 1 1 0 1 0 1 1 1 0548 ffff
3 0 1 06 1 1 1 1 0 1 0 1 0549 ffff
3 0 1 00 0 1 0 1 0 1 1 1 054b ffff
3 0 1 0d 0 1 1 1 0 1 0 1 054c ffff
3 0 1 05 0 1 0 1 0 1 1 1 054e ffff
3 0 1 09 1 1 0 1 0 1 1 1 0550 ffff
3 0 1 01 0 1 0 1 0 1 1 1 0552 ffff
3 0 1 05 1 1 0 1 0 1 1 1 0554 ffff
3 0 0 1e 1 1 0 1 0 1 0 1 0554 ffff
3 0 1 2a 1 1 0 1 0 1 1 1 0556 ffff
3 0 1 06 0 1 0 1 1 1 0 1 0558 ffff
3 0 1 05 0 1 1 1 0 1 0 1 0559 ffff
3 0 1 0d 0 1 0 1 0 1 1 1 055b ffff
3 0 1 06 1 1 1 1 0 1 0 1 055c ffff
3 0 1 2b 0 1 0 1 0 1 1 1 055e ffff
3 0 1 04 1 1 0 1 0 1 1 1 0560 ffff
3 0 1 06 1 1 1 1 0 1 0 1 0561 ffff
3 0 1 38 0 1 0 1 0 1 1 1 0563 ffff
3 0 1 0b 1 1 0 1 0 1 1 1 0565 ffff
3 0 1 02 1 1 0 1 0 1 1 1 0567 ffff
3 0 1 19 1 1 0 1 0 1 1 1 0569 ffff
3 0 0 05 1 1 0 1 0 1 0 1 0569 ffff
3 0 1 20 1 1 0 1 0 1 1 1 056b ffff
3 0 1 02 0 1 1 1 0 1 0 1 056c ffff
3 0 0 22 0 1 0 1 0 1 0 1 056c ffff
3 0 1 02 0 1 1 1 0 1 0 1 056d ffff
3 0 1 0b 0 1 1 1 0 1 0 1 056e ffff
3 0 1 21 0 1 0 1 0 1 1 1 0570 ffff
3 0 1 10 0 1 0 1 0 1 1 1 0572 ffff
3 0 1 01 1 1 0 1 0 1 1 1 0574 ffff
3 0 1 3e 0 1 0 1 0 1 1 1 0576 ffff
3 0 1 11 0 1 0 1 0 1 1 1 0578 ffff
3 0 1 30 1 1 0 1 0 1 1 1 057a ffff
3 0 0 09 1 1 0 1 0 1 0 1 057a ffff
3 0 1 3c 0 1 0 1 0 1 1 1 057c ffff
3 0 1 01 1 1 0 1 1 1 0 1 057e ffff
3 0 1 22 1 1 0 1 0 1 1 1 0580 ffff
3 0 1 21 0 1 0 1 0 1 1 1 0582 ffff
3 0 1 0f 0 1 0 1 0 1 1 1 0584 ffff
3 0 1 25 1 1 0 1 0 1 1 1 0586 ffff
3 0 0 36 1 1 0 1 0 1 0 1 0586 ffff
3 0 1 05 0 1 0 1 0 1 1 1 0588 ffff
3 0 0 15 0 1 0 1 0 1 0 1 0588 ffff
3 0 1 02 0 1 0 1 0 1 1 1 058a ffff
3 0 0 01 0 1 0 1 0 1 0 1 058a ffff
3 0 1 0d 1 1 0 1 0 1 1 1 058c ffff
3 0 1 02 1 1 1 1 0 1 0 1 058d ffff
3 0 1 03 1 1 0 1 0 1 1 1 058f ffff
3 0 1 1f 0 1 0 1 0 1 1 1 0591 ffff
3 0 1 35 0 1 0 1 0 1 1 1 0593 ffff
3 0 1 30 1 1 0 1 1 1 0 1 0595 ffff
3 0 1 23 1 1 0 1 0 1 1 1 0597 ffff
3 0 1 07 0 1 0 1 0 1 1 1 0599 ffff
3 0 1 3d 1 1 0 1 0 1 1 1 059b ffff
3 0 1 06 1 1 0 1 0 1 1 1 059d ffff
3 0 0 01 1 1 0 1 0 1 0 1 059d ffff
3 0 1 01 0 1 0 1 0 1 1 1 059f ffff
3 0 1 02 0 1 0 1 1 1 0 1 05a1 ffff
3 0 1 06 1 1 0 1 1 1 0 1 05a3 ffff
3 0 1 02 0 1 0 1 1 1 0 1 05a5 ffff
3 0 1 0c 0 1 0 1 0 1 1 1 05a7 ffff
3 0 1 06 1 1 0 1 1 1 0 1 05a9 ffff
3 0 0 2b 1 1 0 1 0 1 0 1 05a9 ffff
3 0 1 0f 1 1 0 1 0 1 1 1 05ab ffff
3 0 1 0d 1 1 0 1 0 1 1 1 05ad ffff
3 0 1 05 0 1 0 1 0 1 1 1 05af ffff
3 0 0 2c 0 1 0 1 0 1 0 1 05af ffff
3 0 1 15 1 1 0 1 0 1 1 1 05b1 ffff
3 0 1 02 0 1 0 1 1 1 0 1 05b3 ffff
3 0 0 0d 0 1 0 1 0 1 0 1 05b3 ffff
3 0 1 39 0 1 0 1 0 1 1 1 05b5 ffff
3 0 1 06 1 1 0 1 1 1 0 1 05b7 ffff
3 0 1 0d 1 1 0 1 0 1 1 1 05b9 ffff
3 0 1 3a 0 1 0 1 0 1 1 1 05bb ffff
3 0 1 12 1 1 0 1 0 1 1 1 05bd ffff
3 0 1 0c 1 1 1 1 0 1 0 1 05be ffff
3 0 0 3e 1 1 0 1 0 1 0 1 05be ffff
3 0 1 13 0 1 0 1 0 1 1 1 05c0 ffff
3 0 1 1c 1 1 0 1 0 1 1 1 05c2 ffff
3 0 0 02 1 1 0 1 0 1 0 1 05c2 ffff
3 0 0 1d 1 1 0 1 0 1 0 1 05c2 ffff
3 0 1 17 1 1 0 1 0 1 1 1 05c4 ffff
3 0 1 09 0 1 0 1 0 1 1 1 05c6 ffff
3 0 1 09 1 1 1 1 0 1 0 1 05c7 ffff
3 0 1 05 1 1 0 1 0 1 1 1 05c9 ffff
3 0 1 1d 0 1 0 1 0 1 1 1 05cb ffff
3 0 1 20 0 1 0 1 0 1 1 1 05cd ffff
3 0 1 05 1 1 0 1 1 1 0 1 05cf ffff
3 0 1 3d 0 1 0 1 0 1 1 1 05d1 ffff
3 0 1 01 1 1 0 1 0 1 1 1 05d3 ffff
3 0 1 0d 0 1 0 1 0 1 1 1 05d5 ffff
3 0 1 01 1 1 0 1 1 1 0 1 05d7 ffff
3 0 0 07 1 1 0 1 0 1 0 1 05d7 ffff
3 0 1 36 0 1 0 1 0 1 1 1 05d9 ffff
3 0 0 02 0 1 0 1 0 1 0 1 05d9 ffff
3 0 1 03 0 1 0 1 0 1 1 1 05db ffff
3 0 1 31 0 1 0 1 0 1 1 1 05dd ffff
3 0 1 02 1 1 0 1 0 1 1 1 05df ffff
3 0 1 0e 0 1 0 1 0 1 1 1 05e1 ffff
3 0 1 29 1 1 0 1 0 1 1 1 05e3 ffff
3 0 1 09 0 1 0 1 0 1 1 1 05e5 ffff
3 0 1 21 1 1 0 1 0 1 1 1 05e7 ffff
3 0 1 09 0 1 0 1 1 1 0 1 05e9 ffff
3 0 0 02 0 1 0 1 0 1 0 1 05e9 ffff
3 0 1 01 1 1 0 1 0 1 1 1 05eb ffff
3 0 1 39 0 1 0 1 0 1 1 1 05ed ffff
3 0 1 26 1 1 0 1 0 1 1 1 05ef ffff
3 0 1 11 1 1 0 1 0 1 1 1 05f1 ffff
3 0 0 3b 1 1 0 1 0 1 0 1 05f1 ffff
3 0 0 0c 1 1 0 1 0 1 0 1 05f1 ffff
3 0 1 02 0 1 0 1 0 1 1 1 05f3 ffff
3 0 1 05 0 1 0 1 0 1 1 1 05f5 ffff
3 0 1 06 1 1 0 1 0 1 1 1 05f7 ffff
3 0 1 3b 1 1 0 1 0 1 1 1 05f9 ffff
3 0 1 05 1 1 1 1 0 1 0 1 05fa ffff
3 0 1 3b 0 1 1 1 0 1 0 1 05fb ffff
3 0 1 05 1 1 1 1 0 1 0 1 05fc ffff
3 0 1 09 1 1 0 1 0 1 1 1 05fe ffff
3 0 1 05 0 1 0 1 1 1 0 1 0600 ffff
3 0 1 05 1 1 1 1 0 1 0 1 0601 ffff
3 0 1 29 1 1 0 1 0 1 1 1 0603 ffff
3 0 1 37 0 1 0 1 0 1 1 1 0605 ffff
3 0 0 02 0 1 0 1 0 1 0 1 0605 ffff
3 0 1 05 0 1 0 1 1 1 0 1 0607 ffff
3 0 1 01 1 1 0 1 0 1 1 1 0609 ffff
3 0 1 1d 0 1 0 1 0 1 1 1 060b ffff
3 0 1 24 1 1 0 1 0 1 1 1 060d ffff
3 0 1 02 0 1 0 1 1 1 0 1 060f ffff
3 0 0 2d 0 1 0 1 0 1 0 1 060f ffff
3 0 1 02 1 1 1 1 0 1 0 1 0610 ffff
3 0 1 0d 1 1 0 1 0 1 1 1 0612 ffff
3 0 0 02 1 1 0 1 0 1 0 1 0612 ffff
3 0 1 05 0 1 0 1 0 1 1 1 0614 ffff
3 0 1 01 1 1 0 1 0 1 1 1 0616 ffff
3 0 1 33 1 1 0 1 0 1 1 1 0618 ffff
3 0 1 0d 0 1 0 1 0 1 1 1 061a ffff
3 0 0 0d 0 1 0 1 0 1 0 1 061a ffff
3 0 1 06 1 1 0 1 1 1 0 1 061c ffff
3 0 1 09 1 1 0 1 0 1 1 1 061e ffff
3 0 1 0e 0 1 0 1 0 1 1 1 0620 ffff
3 0 1 02 1 1 0 1 0 1 1 1 0622 ffff
3 0 1 06 0 1 0 1 0 1 1 1 0624 ffff
3 0 1 0c 0 1 0 1 0 1 1 1 0626 ffff
3 0 1 01 0 1 0 1 0 1 1 1 0628 ffff
3 0 1 05 1 1 0 1 0 1 1 1 062a ffff
3 0 1 18 1 1 0 1 0 1 1 1 062c ffff
3 0 1 21 0 1 0 1 0 1 1 1 062e ffff
3 0 1 07 0 1 0 1 0 1 1 1 0630 ffff
3 0 0 27 0 1 0 1 0 1 0 1 0630 ffff
3 0 0 20 0 1 0 1 0 1 0 1 0630 ffff
3 0 1 01 1 1 0 1 0 1 1 1 0632 ffff
3 0 1 0d 0 1 0 1 0 1 1 1 0634 ffff
3 0 0 10 0 1 0 1 0 1 0 1 0634 ffff
3 0 1 08 0 1 0 1 0 1 1 1 0636 ffff
3 0 1 09 1 1 0 1 0 1 1 1 0638 ffff
3 0 1 02 1 1 0 1 1 1 0 1 063a ffff
3 0 1 02 0 1 1 1 0 1 0 1 063b ffff
3 0 1 00 1 1 0 1 0 1 1 1 063d ffff
3 0 1 06 0 1 0 1 1 1 0 1 063f ffff
3 0 0 02 0 1 0 1 0 1 0 1 063f ffff
3 0 1 05 0 1 0 1 0 1 1 1 0641 ffff
3 0 1 01 1 1 0 1 0 1 1 1 0643 ffff
3 0 1 29 0 1 0 1 0 1 1 1 0645 ffff
3 0 1 0d 1 1 0 1 0 1 1 1 0647 ffff
3 0 1 2a 1 1 0 1 0 1 1 1 0649 ffff
3 0 1 09 0 1 0 1 0 1 1 1 064b ffff
3 0 1 0a 0 1 0 1 0 1 1 1 064d ffff
3 0 1 05 1 1 0 1 0 1 1 1 064f ffff
3 0 0 0d 1 1 0 1 0 1 0 1 064f ffff
3 0 1 01 0 1 0 1 0 1 1 1 0651 ffff
3 0 1 05 1 1 0 1 1 1 0 1 0653 ffff
3 0 1 13 1 1 0 1 0 1 1 1 0655 ffff
3 0 0 05 1 1 0 1 0 1 0 1 0655 ffff
3 0 1 06 1 1 0 1 0 1 1 1 0657 ffff
3 0 0 05 1 1 0 1 0 1 0 1 0657 ffff
3 0 1 05 0 1 1 1 0 1 0 1 0658 ffff
3 0 0 0d 0 1 0 1 0 1 0 1 0658 ffff
3 0 1 2a 0 1 0 1 0 1 1 1 065a ffff
3 0 1 0c 0 1 0 1 0 1 1 1 065c ffff
3 0 1 01 0 1 0 1 1 1 0 1 065e ffff
3 0 0 36 0 1 0 1 0 1 0 1 065e ffff
3 0 1 2c 1 1 0 1 0 1 1 1 0660 ffff
3 0 1 1e 1 1 0 1 0 1 1 1 0662 ffff
3 0 1 06 0 1 0 1 0 1 1 1 0664 ffff
3 0 0 09 0 1 0 1 0 1 0 1 0664 ffff
3 0 1 27 0 1 0 1 0 1 1 1 0666 ffff
3 0 1 2e 1 1 0 1 0 1 1 1 0668 ffff
3 0 1 04 0 1 0 1 0 1 1 1 066a ffff
3 0 1 22 0 1 0 1 0 1 1 1 066c ffff
3 0 1 06 1 1 0 1 0 1 1 1 066e ffff
3 0 1 3d 1 1 0 1 0 1 1 1 0670 ffff
3 0 0 33 1 1 0 1 0 1 0 1 0670 ffff
3 0 1 02 0 1 0 1 0 1 1 1 0672 ffff
3 0 1 22 1 1 0 1 0 1 1 1 0674 ffff
3 0 0 09 1 1 0 1 0 1 0 1 0674 ffff
3 0 1 27 1 1 1 1 0 1 0 1 0675 ffff
3 0 1 39 0 1 0 1 0 1 1 1 0677 ffff
3 0 1 06 0 1 0 1 0 1 1 1 0679 ffff
3 0 1 10 1 1 0 1 0 1 1 1 067b ffff
3 0 1 06 1 1 1 1 0 1 0 1 067c ffff
3 0 1 05 1 1 0 1 0 1 1 1 067e ffff
3 0 1 02 1 1 0 1 0 1 1 1 0680 ffff
3 0 1 23 1 1 0 1 0 1 1 1 0682 ffff
3 0 1 31 0 1 0 1 0 1 1 1 0684 ffff
3 0 1 32 0 1 0 1 0 1 1 1 0686 ffff
3 0 1 02 1 1 0 1 1 1 0 1 0688 ffff
3 0 1 2b 0 1 0 1 0 1 1 1 068a ffff
3 0 1 31 1 1 1 1 0 1 0 1 068b ffff
3 0 1 01 1 1 0 1 0 1 1 1 068d ffff
3 0 1 3d 0 1 0 1 0 1 1 1 068f ffff
3 0 1 01 1 1 0 1 1 1 0 1 0691 ffff
3 0 0 1d 1 1 0 1 0 1 0 1 0691 ffff
3 0 1 09 0 1 0 1 0 1 1 1 0693 ffff
3 0 1 2a 0 1 0 1 0 1 1 1 0695 ffff
3 0 1 06 1 1 0 1 0 1 1 1 0697 ffff
3 0 1 29 1 1 0 1 0 1 1 1 0699 ffff
3 0 1 05 0 1 0 1 0 1 1 1 069b ffff
3 0 1 06 0 1 1 1 0 1 0 1 069c ffff
3 0 0 2c 0 1 0 1 0 1 0 1 069c ffff
3 0 0 06 0 1 0 1 0 1 0 1 069c ffff
3 0 1 1b 1 1 0 1 0 1 1 1 069e ffff
3 0 1 05 1 1 1 1 0 1 0 1 069f ffff
3 0 1 30 0 1 0 1 0 1 1 1 06a1 ffff
3 0 1 1d 1 1 0 1 0 1 1 1 06a3 ffff
3 0 1 08 1 1 0 1 0 1 1 1 06a5 ffff
3 0 1 1d 0 1 1 1 0 1 0 1 06a6 ffff
3 0 1 01 0 1 0 1 0 1 1 1 06a8 ffff
3 0 1 05 1 1 0 1 0 1 1 1 06aa ffff
3 0 1 09 0 1 0 1 0 1 1 1 06ac ffff
3 0 0 09 0 1 0 1 0 1 0 1 06ac ffff
3 0 1 09 1 1 1 1 0 1 0 1 06ad ffff
3 0 1 09 1 1 1 1 0 1 0 1 06ae ffff
3 0 0 0d 1 1 0 1 0 1 0 1 06ae ffff
3 0 1 06 0 1 1 1 0 1 0 1 06af ffff
3 0 1 2e 0 1 0 1 0 1 1 1 06b1 ffff
3 0 0 29 0 1 0 1 0 1 0 1 06b1 ffff
3 0 1 06 1 1 0 1 1 1 0 1 06b3 ffff
3 0 0 30 1 1 0 1 0 1 0 1 06b3 ffff
3 0 1 06 0 1 1 1 0 1 0 1 06b4 ffff
3 0 1 20 0 1 0 1 0 1 1 1 06b6 ffff
3 0 1 06 0 1 1 1 0 1 0 1 06b7 ffff
3 0 1 2d 1 1 0 1 0 1 1 1 06b9 ffff
3 0 1 02 0 1 0 1 0 1 1 1 06bb ffff
3 0 1 06 1 1 0 1 1 1 0 1 06bd ffff
3 0 1 05 0 1 0 1 0 1 1 1 06bf ffff
3 0 0 0d 0 1 0 1 0 1 0 1 06bf ffff
3 0 0 05 0 1 0 1 0 1 0 1 06bf ffff
3 0 0 02 0 1 0 1 0 1 0 1 06bf ffff
3 0 1 01 1 1 0 1 0 1 1 1 06c1 ffff
3 0 1 05 0 1 0 1 1 1 0 1 06c3 ffff
3 0 1 02 0 1 0 1 1 1 0 1 06c5 ffff
3 0 0 09 0 1 0 1 0 1 0 1 06c5 ffff
3 0 0 06 0 1 0 1 0 1 0 1 06c5 ffff
3 0 1 19 1 1 0 1 0 1 1 1 06c7 ffff
3 0 1 06 1 1 0 1 1 1 0 1 06c9 ffff
3 0 1 3e 0 1 0 1 0 1 1 1 06cb ffff
3 0 1 05 0 1 0 1 1 1 0 1 06cd ffff
3 0 1 01 1 1 0 1 0 1 1 1 06cf ffff
3 0 1 03 0 1 0 1 0 1 1 1 06d1 ffff
3 0 1 35 0 1 0 1 0 1 1 1 06d3 ffff
3 0 1 02 1 1 0 1 0 1 1 1 06d5 ffff
3 0 1 15 1 1 0 1 0 1 1 1 06d7 ffff
3 0 1 2c 1 1 0 1 0 1 1 1 06d9 ffff
3 0 1 05 0 1 0 1 0 1 1 1 06db ffff
3 0 1 01 1 1 0 1 0 1 1 1 06dd ffff
3 0 1 02 0 1 1 1 0 1 0 1 06de ffff
3 0 1 01 0 1 1 1 0 1 0 1 06df ffff
3 0 0 06 0 1 0 1 0 1 0 1 06df ffff
3 0 1 3f 1 1 0 1 0 1 1 1 06e1 ffff
3 0 0 08 1 1 0 1 0 1 0 1 06e1 ffff
3 0 1 05 0 1 0 1 1 1 0 1 06e3 ffff
3 0 1 02 0 1 1 1 0 1 0 1 06e4 ffff
3 0 1 23 0 1 0 1 0 1 1 1 06e6 ffff
3 0 1 02 0 1 1 1 0 1 0 1 06e7 ffff
3 0 1 17 1 1 0 1 0 1 1 1 06e9 ffff
3 0 1 1c 0 1 0 1 0 1 1 1 06eb ffff
3 0 1 37 0 1 0 1 0 1 1 1 06ed ffff
3 0 0 02 0 1 0 1 0 1 0 1 06ed ffff
3 0 0 05 0 1 0 1 0 1 0 1 06ed ffff
3 0 1 02 0 1 1 1 0 1 0 1 06ee ffff
3 0 0 30 0 1 0 1 0 1 0 1 06ee ffff
3 0 1 01 1 1 0 1 1 1 0 1 06f0 ffff
3 0 0 25 1 1 0 1 0 1 0 1 06f0 ffff
3 0 0 09 1 1 0 1 0 1 0 1 06f0 ffff
3 0 1 05 0 1 0 1 1 1 0 1 06f2 ffff
3 0 1 05 1 1 1 1 0 1 0 1 06f3 ffff
3 0 1 3f 1 1 0 1 0 1 1 1 06f5 ffff
3 0 1 01 1 1 0 1 1 1 0 1 06f7 ffff
3 0 1 09 0 1 0 1 0 1 1 1 06f9 ffff
3 0 1 1d 1 1 0 1 0 1 1 1 06fb ffff
3 0 1 06 0 1 0 1 0 1 1 1 06fd ffff
3 0 1 27 0 1 0 1 0 1 1 1 06ff ffff
3 0 1 11 0 1 0 1 0 1 1 1 0701 ffff
3 0 1 0b 1 1 0 1 0 1 1 1 0703 ffff
3 0 1 16 1 1 0 1 0 1 1 1 0705 ffff
3 0 1 02 0 1 0 1 0 1 1 1 0707 ffff
3 0 1 06 1 1 0 1 0 1 1 1 0709 ffff
3 0 0 0d 1 1 0 1 0 1 0 1 0709 ffff
3 0 1 05 1 1 0 1 0 1 1 1 070b ffff
3 0 1 06 0 1 1 1 0 1 0 1 070c ffff
3 0 0 0e 0 1 0 1 0 1 0 1 070c ffff
3 0 1 3a 0 1 0 1 0 1 1 1 070e ffff
3 0 0 0d 0 1 0 1 0 1 0 1 070e ffff
3 0 1 38 1 1 0 1 0 1 1 1 0710 ffff
3 0 1 05 0 1 1 1 0 1 0 1 0711 ffff
3 0 1 01 0 1 0 1 0 1 1 1 0713 ffff
3 0 1 25 1 1 0 1 0 1 1 1 0715 ffff
3 0 1 10 0 1 0 1 0 1 1 1 0717 ffff
3 0 1 12 1 1 0 1 0 1 1 1 0719 ffff
3 0 1 1b 0 1 0 1 0 1 1 1 071b ffff
3 0 1 02 0 1 0 1 0 1 1 1 071d ffff
3 0 1 09 0 1 0 1 0 1 1 1 071f ffff
3 0 0 21 0 1 0 1 0 1 0 1 071f ffff
3 0 1 0d 1 1 0 1 0 1 1 1 0721 ffff
3 0 0 2e 1 1 0 1 0 1 0 1 0721 ffff
3 0 1 0c 1 1 0 1 0 1 1 1 0723 ffff
3 0 1 27 1 1 0 1 0 1 1 1 0725 ffff
3 0 1 06 1 1 0 1 0 1 1 1 0727 ffff
3 0 1 02 0 1 0 1 1 1 0 1 0729 ffff
3 0 1 05 0 1 0 1 0 1 1 1 072b ffff
3 0 1 0d 1 1 0 1 1 1 0 1 072d ffff
3 0 1 39 0 1 0 1 0 1 1 1 072f ffff
3 0 1 29 1 1 0 1 0 1 1 1 0731 ffff
3 0 1 09 0 1 0 1 0 1 1 1 0733 ffff
3 0 1 02 1 1 1 1 0 1 0 1 0734 ffff
3 0 1 17 0 1 0 1 0 1 1 1 0736 ffff
3 0 1 02 1 1 1 1 0 1 0 1 0737 ffff
3 0 1 30 0 1 0 1 0 1 1 1 0739 ffff
3 0 1 09 1 1 1 1 0 1 0 1 073a ffff
3 0 1 0b 1 1 0 1 0 1 1 1 073c ffff
3 0 0 04 1 1 0 1 0 1 0 1 073c ffff
3 0 1 01 1 1 0 1 0 1 1 1 073e ffff
3 0 1 06 1 1 0 1 1 1 0 1 0740 ffff
3 0 1 0c 1 1 0 1 1 1 0 1 0742 ffff
3 0 0 26 1 1 0 1 0 1 0 1 0742 ffff
3 0 0 23 1 1 0 1 0 1 0 1 0742 ffff
3 0 1 2e 0 1 0 1 0 1 1 1 0744 ffff
3 0 1 27 0 1 0 1 0 1 1 1 0746 ffff
3 0 1 01 0 1 1 1 0 1 0 1 0747 ffff
3 0 1 35 0 1 0 1 0 1 1 1 0749 ffff
3 0 1 10 0 1 0 1 0 1 1 1 074b ffff
3 0 1 0d 1 1 0 1 0 1 1 1 074d ffff
3 0 0 21 1 1 0 1 0 1 0 1 074d ffff
3 0 1 34 1 1 0 1 0 1 1 1 074f ffff
3 0 1 12 1 1 0 1 0 1 1 1 0751 ffff
3 0 1 3f 1 1 0 1 0 1 1 1 0753 ffff
3 0 1 05 0 1 0 1 0 1 1 1 0755 ffff
3 0 1 0d 1 1 0 1 1 1 0 1 0757 ffff
3 0 1 13 0 1 0 1 0 1 1 1 0759 ffff
3 0 1 06 0 1 0 1 0 1 1 1 075b ffff
3 0 0 34 0 1 0 1 0 1 0 1 075b ffff
3 0 1 01 0 1 0 1 0 1 1 1 075d ffff
3 0 1 01 1 1 1 1 0 1 0 1 075e ffff
3 0 0 01 1 1 0 1 0 1 0 1 075e ffff
3 0 1 0d 1 1 0 1 1 1 0 1 0760 ffff
3 0 0 05 1 1 0 1 0 1 0 1 0760 ffff
3 0 1 06 1 1 1 1 0 1 0 1 0761 ffff
3 0 1 3a 1 1 0 1 0 1 1 1 0763 ffff
3 0 1 06 0 1 0 1 1 1 0 1 0765 ffff
3 0 1 34 0 1 1 1 0 1 0 1 0766 ffff
3 0 1 01 0 1 0 1 1 1 0 1 0768 ffff
3 0 1 02 1 1 0 1 0 1 1 1 076a ffff
3 0 1 1f 1 1 0 1 0 1 1 1 076c ffff
3 0 1 06 0 1 0 1 1 1 0 1 076e ffff
3 0 1 01 1 1 1 1 0 1 0 1 076f ffff
3 0 0 06 1 1 0 1 0 1 0 1 076f ffff
3 0 1 05 1 1 0 1 0 1 1 1 0771 ffff
3 0 1 0d 0 1 0 1 0 1 1 1 0773 ffff
3 0 1 0d 1 1 1 1 0 1 0 1 0774 ffff
3 0 1 02 1 1 0 1 1 1 0 1 0776 ffff
3 0 1 0f 0 1 0 1 0 1 1 1 0778 ffff
3 0 1 07 1 1 0 1 0 1 1 1 077a ffff
3 0 1 09 1 1 0 1 0 1 1 1 077c ffff
3 0 1 01 0 1 0 1 0 1 1 1 077e ffff
3 0 1 05 1 1 0 1 0 1 1 1 0780 ffff
3 0 1 09 0 1 0 1 0 1 1 1 0782 ffff
3 0 1 0d 1 1 0 1 0 1 1 1 0784 ffff
3 0 1 01 0 1 0 1 0 1 1 1 0786 ffff
3 0 1 3f 0 1 0 1 0 1 1 1 0788 ffff
3 0 0 33 0 1 0 1 0 1 0 1 0788 ffff
3 0 1 36 0 1 0 1 0 1 1 1 078a ffff
3 0 1 30 0 1 0 1 0 1 1 1 078c ffff
3 0 1 3a 1 1 0 1 0 1 1 1 078e ffff
3 0 1 01 1 1 1 1 0 1 0 1 078f ffff
3 0 1 1e 0 1 0 1 0 1 1 1 0791 ffff
3 0 1 05 1 1 0 1 0 1 1 1 0793 ffff
3 0 0 06 1 1 0 1 0 1 0 1 0793 ffff
3 0 1 09 0 1 0 1 0 1 1 1 0795 ffff
3 0 1 0f 1 1 0 1 0 1 1 1 0797 ffff
3 0 1 3e 1 1 0 1 0 1 1 1 0799 ffff
3 0 0 10 1 1 0 1 0 1 0 1 0799 ffff
3 0 0 3f 1 1 0 1 0 1 0 1 0799 ffff
3 0 0 3a 1 1 0 1 0 1 0 1 0799 ffff
3 0 1 0a 0 1 0 1 0 1 1 1 079b ffff
3 0 1 09 1 1 1 1 0 1 0 1 079c ffff
3 0 1 33 0 1 0 1 0 1 1 1 079e ffff
3 0 1 0c 1 1 0 1 0 1 1 1 07a0 ffff
3 0 1 01 1 1 0 1 0 1 1 1 07a2 ffff
3 0 1 02 1 1 0 1 0 1 1 1 07a4 ffff
3 0 0 09 1 1 0 1 0 1 0 1 07a4 ffff
3 0 1 2e 0 1 0 1 0 1 1 1 07a6 ffff
3 0 1 2a 1 1 0 1 0 1 1 1 07a8 ffff
3 0 1 05 0 1 0 1 0 1 1 1 07aa ffff
3 0 1 0a 0 1 0 1 0 1 1 1 07ac ffff
3 0 1 3f 1 1 0 1 0 1 1 1 07ae ffff
3 0 0 02 1 1 0 1 0 1 0 1 07ae ffff
3 0 1 05 1 1 1 1 0 1 0 1 07af ffff
3 0 1 02 1 1 0 1 0 1 1 1 07b1 ffff
3 0 1 12 0 1 0 1 0 1 1 1 07b3 ffff
3 0 1 16 1 1 0 1 0 1 1 1 07b5 ffff
3 0 1 03 0 1 0 1 0 1 1 1 07b7 ffff
3 0 1 37 1 1 0 1 0 1 1 1 07b9 ffff
3 0 1 13 0 1 0 1 0 1 1 1 07bb ffff
3 0 1 34 0 1 0 1 0 1 1 1 07bd ffff
3 0 1 19 1 1 0 1 0 1 1 1 07bf ffff
3 0 1 20 1 1 0 1 0 1 1 1 07c1 ffff
3 0 1 02 0 1 0 1 0 1 1 1 07c3 ffff
3 0 0 01 0 1 0 1 0 1 0 1 07c3 ffff
3 0 1 01 0 1 0 1 0 1 1 1 07c5 ffff
3 0 1 2e 1 1 0 1 0 1 1 1 07c7 ffff
3 0 1 06 0 1 0 1 0 1 1 1 07c9 ffff
3 0 1 21 1 1 0 1 0 1 1 1 07cb ffff
3 0 0 20 1 1 0 1 0 1 0 1 07cb ffff
3 0 1 3c 0 1 0 1 0 1 1 1 07cd ffff
3 0 0 17 0 1 0 1 0 1 0 1 07cd ffff
3 0 1 18 1 1 0 1 0 1 1 1 07cf ffff
3 0 1 18 0 1 1 1 0 1 0 1 07d0 ffff
3 0 0 01 0 1 0 1 0 1 0 1 07d0 ffff
3 0 0 01 0 1 0 1 0 1 0 1 07d0 ffff
3 0 0 05 0 1 0 1 0 1 0 1 07d0 ffff
3 0 1 05 0 1 0 1 0 1 1 1 07d2 ffff
3 0 1 16 1 1 0 1 0 1 1 1 07d4 ffff
3 0 1 02 0 1 0 1 0 1 1 1 07d6 ffff
3 0 0 06 0 1 0 1 0 1 0 1 07d6 ffff
3 0 1 13 1 1 1 1 0 1 0 1 07d7 ffff
3 0 1 2d 1 1 0 1 0 1 1 1 07d9 ffff
3 0 1 05 0 1 0 1 1 1 0 1 07db ffff
3 0 1 05 1 1 1 1 0 1 0 1 07dc ffff
3 0 1 13 1 1 1 1 0 1 0 1 07dd ffff
3 0 1 09 1 1 0 1 0 1 1 1 07df ffff
3 0 1 07 1 1 0 1 0 1 1 1 07e1 ffff
3 0 0 24 1 1 0 1 0 1 0 1 07e1 ffff
3 0 1 02 1 1 1 1 0 1 0 1 07e2 ffff
3 0 1 02 1 1 1 1 0 1 0 1 07e3 ffff
3 0 0 38 1 1 0 1 0 1 0 1 07e3 ffff
3 0 1 02 1 1 1 1 0 1 0 1 07e4 ffff
3 0 1 02 1 1 1 1 0 1 0 1 07e5 ffff
3 0 1 05 0 1 0 1 1 1 0 1 07e7 ffff
3 0 1 0c 0 1 0 1 0 1 1 1 07e9 ffff
3 0 1 37 0 1 0 1 0 1 1 1 07eb ffff
3 0 1 02 1 1 1 1 0 1 0 1 07ec ffff
3 0 1 01 1 1 0 1 0 1 1 1 07ee ffff
3 0 1 0a 1 1 0 1 0 1 1 1 07f0 ffff
3 0 1 07 1 1 0 1 1 1 0 1 07f2 ffff
3 0 1 09 0 1 0 1 0 1 1 1 07f4 ffff
3 0 1 1e 0 1 0 1 0 1 1 1 07f6 ffff
3 0 1 01 1 1 0 1 1 1 0 1 07f8 ffff
3 0 1 33 0 1 0 1 0 1 1 1 07fa ffff
3 0 0 05 0 1 0 1 0 1 0 1 07fa ffff
3 0 1 1c 1 1 0 1 0 1 1 1 07fc ffff
3 0 1 1a 1 1 0 1 0 1 1 1 07fe ffff
3 0 1 35 0 1 0 1 0 1 1 1 0800 ffff
3 0 1 01 1 1 0 1 1 1 0 1 0802 ffff
3 0 1 06 0 1 0 1 0 1 1 1 0804 ffff
3 0 0 02 0 1 0 1 0 1 0 1 0804 ffff
3 0 1 05 0 1 0 1 0 1 1 1 0806 ffff
3 0 1 3a 1 1 0 1 0 1 1 1 0808 ffff
3 0 1 01 1 1 0 1 1 1 0 1 080a ffff
3 0 1 06 0 1 0 1 1 1 0 1 080c ffff
3 0 1 06 1 1 1 1 0 1 0 1 080d ffff
3 0 1 30 0 1 0 1 0 1 1 1 080f ffff
3 0 1 09 0 1 0 1 0 1 1 1 0811 ffff
3 0 0 36 0 1 0 1 0 1 0 1 0811 ffff
3 0 1 06 1 1 1 1 0 1 0 1 0812 ffff
3 0 1 15 1 1 0 1 0 1 1 1 0814 ffff
3 0 1 27 1 1 0 1 0 1 1 1 0816 ffff
3 0 1 01 0 1 0 1 0 1 1 1 0818 ffff
3 0 0 09 0 1 0 1 0 1 0 1 0818 ffff
3 0 1 36 1 1 0 1 0 1 1 1 081a ffff
3 0 1 05 1 1 0 1 0 1 1 1 081c ffff
3 0 1 01 0 1 0 1 1 1 0 1 081e ffff
3 0 1 01 1 1 1 1 0 1 0 1 081f ffff
3 0 1 21 1 1 0 1 0 1 1 1 0821 ffff
3 0 1 09 0 1 0 1 0 1 1 1 0823 ffff
3 0 1 06 0 1 0 1 1 1 0 1 0825 ffff
3 0 0 06 0 1 0 1 0 1 0 1 0825 ffff
3 0 0 01 0 1 0 1 0 1 0 1 0825 ffff
3 0 1 3e 1 1 0 1 0 1 1 1 0827 ffff
3 0 1 1c 1 1 0 1 1 1 0 1 0829 ffff
3 0 1 27 0 1 1 1 0 1 0 1 082a ffff
3 0 1 02 0 1 0 1 0 1 1 1 082c ffff
3 0 1 17 0 1 0 1 0 1 1 1 082e ffff
3 0 1 08 0 1 0 1 0 1 1 1 0830 ffff
3 0 0 25 0 1 0 1 0 1 0 1 0830 ffff
3 0 1 14 1 1 0 1 0 1 1 1 0832 ffff
3 0 1 36 1 1 0 1 0 1 1 1 0834 ffff
3 0 0 09 1 1 0 1 0 1 0 1 0834 ffff
3 0 1 05 1 1 0 1 0 1 1 1 0836 ffff
3 0 0 06 1 1 0 1 0 1 0 1 0836 ffff
3 0 1 0d 0 1 0 1 0 1 1 1 0838 ffff
3 0 0 12 0 1 0 1 0 1 0 1 0838 ffff
3 0 1 3e 0 1 0 1 0 1 1 1 083a ffff
3 0 0 09 0 1 0 1 0 1 0 1 083a ffff
3 0 0 38 0 1 0 1 0 1 0 1 083a ffff
3 0 0 28 0 1 0 1 0 1 0 1 083a ffff
3 0 1 2e 1 1 0 1 0 1 1 1 083c ffff
3 0 0 20 1 1 0 1 0 1 0 1 083c ffff
3 0 0 39 1 1 0 1 0 1 0 1 083c ffff
3 0 1 39 1 1 0 1 0 1 1 1 083e ffff
3 0 1 1e 0 1 0 1 0 1 1 1 0840 ffff
3 0 1 06 1 1 0 1 0 1 1 1 0842 ffff
3 0 1 01 0 1 0 1 0 1 1 1 0844 ffff
3 0 1 03 1 1 0 1 0 1 1 1 0846 ffff
3 0 1 06 0 1 1 1 0 1 0 1 0847 ffff
3 0 1 02 0 1 0 1 0 1 1 1 0849 ffff
3 0 1 02 1 1 1 1 0 1 0 1 084a ffff
3 0 0 01 1 1 0 1 0 1 0 1 084a ffff
3 0 1 1c 0 1 0 1 0 1 1 1 084c ffff
3 0 1 32 1 1 0 1 0 1 1 1 084e ffff
3 0 1 02 0 1 0 1 1 1 0 1 0850 ffff
3 0 1 2d 1 1 0 1 0 1 1 1 0852 ffff
3 0 1 09 0 1 0 1 0 1 1 1 0854 ffff
3 0 1 15 1 1 0 1 0 1 1 1 0856 ffff
3 0 1 02 1 1 1 1 0 1 0 1 0857 ffff
3 0 1 05 0 1 0 1 0 1 1 1 0859 ffff
3 0 1 06 1 1 0 1 0 1 1 1 085b ffff
3 0 0 19 1 1 0 1 0 1 0 1 085b ffff
3 0 1 05 1 1 1 1 0 1 0 1 085c ffff
3 0 1 06 0 1 1 1 0 1 0 1 085d ffff
3 0 1 0d 1 1 0 1 0 1 1 1 085f ffff
3 0 0 06 1 1 0 1 0 1 0 1 085f ffff
3 0 1 06 0 1 1 1 0 1 0 1 0860 ffff
3 0 0 2f 0 1 0 1 0 1 0 1 0860 ffff
3 0 1 20 1 1 0 1 0 1 1 1 0862 ffff
3 0 1 01 0 1 0 1 0 1 1 1 0864 ffff
3 0 1 0d 1 1 0 1 1 1 0 1 0866 ffff
3 0 0 09 1 1 0 1 0 1 0 1 0866 ffff
3 0 1 05 0 1 0 1 0 1 1 1 0868 ffff
3 0 1 0d 1 1 0 1 1 1 0 1 086a ffff
3 0 1 20 0 1 1 1 0 1 0 1 086b ffff
3 0 1 09 0 1 0 1 0 1 1 1 086d ffff
3 0 0 00 0 1 0 1 0 1 0 1 086d ffff
3 0 1 18 0 1 0 1 0 1 1 1 086f ffff
3 0 1 36 0 1 0 1 0 1 1 1 0871 ffff
3 0 1 30 1 1 0 1 0 1 1 1 0873 ffff
3 0 1 26 1 1 0 1 0 1 1 1 0875 ffff
3 0 1 05 1 1 0 1 0 1 1 1 0877 ffff
3 0 1 2a 0 1 0 1 0 1 1 1 0879 ffff
3 0 1 09 0 1 0 1 1 1 0 1 087b ffff
3 0 1 17 0 1 0 1 1 1 0 1 087d ffff
3 0 1 05 1 1 0 1 1 1 0 1 087f ffff
3 0 1 26 1 1 0 1 1 1 0 1 0881 ffff
3 0 1 01 0 1 0 1 0 1 1 1 0883 ffff
3 0 1 09 1 1 0 1 0 1 1 1 0885 ffff
3 0 1 05 0 1 0 1 0 1 1 1 0887 ffff
3 0 1 00 0 1 0 1 0 1 1 1 0889 ffff
3 0 1 0d 1 1 0 1 0 1 1 1 088b ffff
3 0 1 09 0 1 0 1 0 1 1 1 088d ffff
3 0 1 01 1 1 0 1 0 1 1 1 088f ffff
3 0 1 1c 1 1 0 1 0 1 1 1 0891 ffff
3 0 1 1c 0 1 1 1 0 1 0 1 0892 ffff
3 0 1 27 1 1 0 1 0 1 1 1 0894 ffff
3 0 1 1f 0 1 0 1 0 1 1 1 0896 ffff
3 0 1 38 0 1 0 1 0 1 1 1 0898 ffff
3 0 1 07 1 1 0 1 0 1 1 1 089a ffff
3 0 1 01 0 1 1 1 0 1 0 1 089b ffff
3 0 1 1c 1 1 0 1 1 1 0 1 089d ffff
3 0 0 1e 1 1 0 1 0 1 0 1 089d ffff
3 0 1 05 0 1 0 1 0 1 1 1 089f ffff
3 0 1 22 0 1 0 1 0 1 1 1 08a1 ffff
3 0 1 02 1 1 0 1 0 1 1 1 08a3 ffff
3 0 1 35 1 1 0 1 0 1 1 1 08a5 ffff
3 0 1 06 0 1 0 1 0 1 1 1 08a7 ffff
3 0 1 01 0 1 0 1 0 1 1 1 08a9 ffff
3 0 0 05 0 1 0 1 0 1 0 1 08a9 ffff
3 0 1 06 1 1 1 1 0 1 0 1 08aa ffff
3 0 1 01 1 1 1 1 0 1 0 1 08ab ffff
3 0 1 15 1 1 0 1 0 1 1 1 08ad ffff
3 0 1 01 0 1 0 1 1 1 0 1 08af ffff
3 0 1 3c 0 1 0 1 0 1 1 1 08b1 ffff
3 0 1 06 1 1 1 1 0 1 0 1 08b2 ffff
3 0 1 24 1 1 0 1 0 1 1 1 08b4 ffff
3 0 1 05 1 1 0 1 0 1 1 1 08b6 ffff
3 0 1 3c 0 1 0 1 1 1 0 1 08b8 ffff
3 0 1 3f 0 1 0 1 0 1 1 1 08ba ffff
3 0 1 31 0 1 0 1 0 1 1 1 08bc ffff
3 0 1 02 1 1 0 1 1 1 0 1 08be ffff
3 0 1 1a 0 1 0 1 0 1 1 1 08c0 ffff
3 0 1 0d 1 1 0 1 0 1 1 1 08c2 ffff
3 0 1 01 0 1 0 1 0 1 1 1 08c4 ffff
3 0 1 01 1 1 1 1 0 1 0 1 08c5 ffff
3 0 1 09 1 1 0 1 0 1 1 1 08c7 ffff
3 0 0 02 1 1 0 1 0 1 0 1 08c7 ffff
3 0 1 09 0 1 1 1 0 1 0 1 08c8 ffff
3 0 1 09 0 1 1 1 0 1 0 1 08c9 ffff
3 0 1 02 1 1 0 1 1 1 0 1 08cb ffff
3 0 0 0d 1 1 0 1 0 1 0 1 08cb ffff
3 0 0 02 1 1 0 1 0 1 0 1 08cb ffff
3 0 0 3a 1 1 0 1 0 1 0 1 08cb ffff
3 0 0 02 1 1 0 1 0 1 0 1 08cb ffff
3 0 1 06 0 1 0 1 0 1 1 1 08cd ffff
3 0 1 01 0 1 0 1 1 1 0 1 08cf ffff
3 0 1 1e 1 1 0 1 0 1 1 1 08d1 ffff
3 0 1 00 1 1 0 1 0 1 1 1 08d3 ffff
3 1 1 22 0 1 0 1 0 1 0 1 0000 ffff
3 0 1 16 0 1 0 1 0 1 1 1 0002 ffff
3 0 1 0a 0 1 0 1 0 1 1 1 0004 ffff
3 0 1 01 0 1 0 1 0 1 1 1 0006 ffff
3 0 0 0d 0 1 0 1 0 1 0 1 0006 ffff
3 0 1 17 0 1 0 1 0 1 1 1 0008 ffff
3 0 1 33 0 1 0 1 0 1 1 1 000a ffff
3 0 1 10 0 1 0 1 0 1 1 1 000c ffff
3 0 1 3e 1 1 0 1 0 1 1 1 000e ffff
3 0 1 03 1 1 0 1 0 1 1 1 0010 ffff
3 0 1 23 0 1 0 1 0 1 1 1 0012 ffff
3 0 0 33 0 1 0 1 0 1 0 1 0012 ffff
3 0 1 02 0 1 0 1 0 1 1 1 0014 ffff
3 0 1 16 1 1 0 1 0 1 1 1 0016 ffff
3 0 1 01 0 1 1 1 0 1 0 1 0017 ffff
3 0 1 1d 0 1 0 1 0 1 1 1 0019 ffff
3 0 1 06 0 1 0 1 0 1 1 1 001b ffff
3 0 1 2b 1 1 0 1 0 1 1 1 001d ffff
3 0 1 0d 1 1 0 1 0 1 1 1 001f ffff
3 0 1 3b 0 1 0 1 0 1 1 1 0021 ffff
3 0 1 06 1 1 1 1 0 1 0 1 0022 ffff
3 0 0 05 1 1 0 1 0 1 0 1 0022 ffff
3 0 1 02 1 1 0 1 0 1 1 1 0024 ffff
3 0 1 01 0 1 0 1 0 1 1 1 0026 ffff
3 0 0 0d 0 1 0 1 0 1 0 1 0026 ffff
3 0 1 0d 1 1 0 1 1 1 0 1 0028 ffff
3 0 1 05 0 1 0 1 0 1 1 1 002a ffff
3 0 0 02 0 1 0 1 0 1 0 1 002a ffff
3 0 1 02 0 1 1 1 0 1 0 1 002b ffff
3 0 0 06 0 1 0 1 0 1 0 1 002b ffff
3 0 1 0c 0 1 0 1 0 1 1 1 002d ffff
3 0 1 00 1 1 0 1 0 1 1 1 002f ffff
3 0 0 05 1 1 0 1 0 1 0 1 002f ffff
3 0 1 23 1 1 0 1 0 1 1 1 0031 ffff
3 0 1 38 0 1 0 1 0 1 1 1 0033 ffff
3 0 1 26 0 1 0 1 0 1 1 1 0035 ffff
3 0 1 0d 1 1 0 1 1 1 0 1 0037 ffff
3 0 0 3b 1 1 0 1 0 1 0 1 0037 ffff
3 0 1 2c 1 1 0 1 0 1 1 1 0039 ffff
3 0 1 02 1 1 0 1 1 1 0 1 003b ffff
3 0 1 0c 0 1 0 1 0 1 1 1 003d ffff
3 0 1 05 0 1 0 1 1 1 0 1 003f ffff
3 0 1 00 1 1 0 1 0 1 1 1 0041 ffff
3 0 1 0d 1 1 0 1 1 1 0 1 0043 ffff
3 0 1 05 0 1 0 1 1 1 0 1 0045 ffff
3 0 1 01 1 1 0 1 0 1 1 1 0047 ffff
3 0 0 09 1 1 0 1 0 1 0 1 0047 ffff
3 0 1 06 0 1 0 1 0 1 1 1 0049 ffff
3 0 1 07 0 1 0 1 0 1 1 1 004b ffff
3 0 1 06 1 1 1 1 0 1 0 1 004c ffff
3 0 1 09 0 1 0 1 0 1 1 1 004e ffff
3 0 1 01 1 1 0 1 1 1 0 1 0050 ffff
3 0 1 09 0 1 0 1 1 1 0 1 0052 ffff
3 0 1 06 1 1 1 1 0 1 0 1 0053 ffff
3 0 1 27 1 1 0 1 0 1 1 1 0055 ffff
3 0 0 3b 1 1 0 1 0 1 0 1 0055 ffff
3 0 1 01 1 1 0 1 1 1 0 1 0057 ffff
3 0 1 0b 0 1 0 1 0 1 1 1 0059 ffff
3 0 1 01 0 1 1 1 0 1 0 1 005a ffff
3 0 0 26 0 1 0 1 0 1 0 1 005a ffff
3 0 1 24 0 1 0 1 0 1 1 1 005c ffff
3 0 0 06 0 1 0 1 0 1 0 1 005c ffff
3 0 0 01 0 1 0 1 0 1 0 1 005c ffff
3 0 1 09 0 1 0 1 1 1 0 1 005e ffff
3 0 1 1b 1 1 0 1 0 1 1 1 0060 ffff
3 0 1 01 1 1 0 1 1 1 0 1 0062 ffff
3 0 1 06 1 1 1 1 0 1 0 1 0063 ffff
3 0 1 2f 0 1 0 1 0 1 1 1 0065 ffff
3 0 1 06 1 1 1 1 0 1 0 1 0066 ffff
3 0 1 01 0 1 1 1 0 1 0 1 0067 ffff
3 0 1 1e 1 1 0 1 0 1 1 1 0069 ffff
3 0 1 02 0 1 0 1 0 1 1 1 006b ffff
3 0 1 34 1 1 0 1 0 1 1 1 006d ffff
3 0 0 05 1 1 0 1 0 1 0 1 006d ffff
3 0 1 0d 0 1 0 1 0 1 1 1 006f ffff
3 0 1 0d 1 1 1 1 0 1 0 1 0070 ffff
3 0 1 17 1 1 0 1 0 1 1 1 0072 ffff
3 0 0 22 1 1 0 1 0 1 0 1 0072 ffff
3 0 1 09 1 1 0 1 0 1 1 1 0074 ffff
3 0 1 0d 0 1 0 1 1 1 0 1 0076 ffff
3 0 1 13 0 1 0 1 0 1 1 1 0078 ffff
3 0 0 06 0 1 0 1 0 1 0 1 0078 ffff
3 0 1 27 1 1 0 1 0 1 1 1 007a ffff
3 0 1 00 0 1 0 1 0 1 1 1 007c ffff
3 0 0 05 0 1 0 1 0 1 0 1 007c ffff
3 0 1 1c 1 1 0 1 0 1 1 1 007e ffff
3 0 0 06 1 1 0 1 0 1 0 1 007e ffff
3 0 1 09 1 1 0 1 1 1 0 1 0080 ffff
3 0 1 3b 0 1 0 1 0 1 1 1 0082 ffff
3 0 1 2a 1 1 0 1 0 1 1 1 0084 ffff
3 0 1 09 0 1 1 1 0 1 0 1 0085 ffff
3 0 1 18 0 1 0 1 0 1 1 1 0087 ffff
3 0 1 0d 0 1 0 1 1 1 0 1 0089 ffff
3 0 1 02 0 1 0 1 1 1 0 1 008b ffff
3 0 1 28 1 1 0 1 0 1 1 1 008d ffff
3 0 0 06 1 1 0 1 0 1 0 1 008d ffff
3 0 1 39 1 1 0 1 0 1 1 1 008f ffff
3 0 1 31 0 1 0 1 0 1 1 1 0091 ffff
3 0 1 06 1 1 0 1 0 1 1 1 0093 ffff
3 0 1 2a 0 1 0 1 0 1 1 1 0095 ffff
3 0 1 05 1 1 0 1 0 1 1 1 0097 ffff
3 0 1 02 1 1 0 1 0 1 1 1 0099 ffff
3 0 0 01 1 1 0 1 0 1 0 1 0099 ffff
3 0 0 2c 1 1 0 1 0 1 0 1 0099 ffff
3 0 1 0c 0 1 0 1 0 1 1 1 009b ffff
3 0 1 09 0 1 0 1 0 1 1 1 009d ffff
3 0 1 2c 1 1 0 1 0 1 1 1 009f ffff
3 0 1 06 0 1 0 1 0 1 1 1 00a1 ffff
3 0 1 0d 1 1 0 1 0 1 1 1 00a3 ffff
3 0 1 06 1 1 1 1 0 1 0 1 00a4 ffff
3 0 1 03 1 1 0 1 0 1 1 1 00a6 ffff
3 0 0 02 1 1 0 1 0 1 0 1 00a6 ffff
3 0 1 1f 0 1 0 1 0 1 1 1 00a8 ffff
3 0 1 09 0 1 0 1 1 1 0 1 00aa ffff
3 0 1 0c 0 1 0 1 1 1 0 1 00ac ffff
3 0 1 0d 1 1 0 1 1 1 0 1 00ae ffff
3 0 1 09 0 1 0 1 1 1 0 1 00b0 ffff
3 0 1 0d 1 1 0 1 1 1 0 1 00b2 ffff
3 0 1 08 1 1 0 1 0 1 1 1 00b4 ffff
3 0 1 0d 0 1 1 1 0 1 0 1 00b5 ffff
3 0 1 06 1 1 1 1 0 1 0 1 00b6 ffff
3 0 0 20 1 1 0 1 0 1 0 1 00b6 ffff
3 0 1 2c 0 1 0 1 0 1 1 1 00b8 ffff
3 0 0 26 0 1 0 1 0 1 0 1 00b8 ffff
3 0 0 0d 0 1 0 1 0 1 0 1 00b8 ffff
3 0 1 0d 0 1 1 1 0 1 0 1 00b9 ffff
3 0 1 0d 0 1 1 1 0 1 0 1 00ba ffff
3 0 1 35 0 1 0 1 0 1 1 1 00bc ffff
3 0 1 31 1 1 0 1 0 1 1 1 00be ffff
3 0 0 0d 1 1 0 1 0 1 0 1 00be ffff
3 0 1 05 0 1 0 1 0 1 1 1 00c0 ffff
3 0 1 08 1 1 0 1 1 1 0 1 00c2 ffff
3 0 1 02 1 1 0 1 1 1 0 1 00c4 ffff
3 0 0 0e 1 1 0 1 0 1 0 1 00c4 ffff
3 0 1 02 0 1 1 1 0 1 0 1 00c5 ffff
3 0 1 2c 0 1 0 1 1 1 0 1 00c7 ffff
3 0 0 27 0 1 0 1 0 1 0 1 00c7 ffff
3 0 0 21 0 1 0 1 0 1 0 1 00c7 ffff
3 0 1 02 0 1 1 1 0 1 0 1 00c8 ffff
3 0 1 1a 0 1 0 1 0 1 1 1 00ca ffff
3 0 0 05 0 1 0 1 0 1 0 1 00ca ffff
3 0 1 09 1 1 0 1 0 1 1 1 00cc ffff
3 0 1 05 0 1 0 1 1 1 0 1 00ce ffff
3 0 1 05 1 1 1 1 0 1 0 1 00cf ffff
3 0 0 05 1 1 0 1 0 1 0 1 00cf ffff
3 0 0 3e 1 1 0 1 0 1 0 1 00cf ffff
3 0 1 2e 1 1 0 1 0 1 1 1 00d1 ffff
3 0 0 2e 1 1 0 1 0 1 0 1 00d1 ffff
3 0 0 0b 1 1 0 1 0 1 0 1 00d1 ffff
3 0 1 13 1 1 0 1 0 1 1 1 00d3 ffff
3 0 0 01 1 1 0 1 0 1 0 1 00d3 ffff
3 0 1 01 1 1 0 1 0 1 1 1 00d5 ffff
3 0 1 0d 0 1 0 1 0 1 1 1 00d7 ffff
3 0 1 05 1 1 0 1 0 1 1 1 00d9 ffff
3 0 1 19 0 1 0 1 0 1 1 1 00db ffff
3 0 1 06 0 1 0 1 0 1 1 1 00dd ffff
3 0 1 02 1 1 0 1 0 1 1 1 00df ffff
3 0 1 05 1 1 0 1 1 1 0 1 00e1 ffff
3 0 1 0d 0 1 0 1 0 1 1 1 00e3 ffff
3 0 1 08 1 1 0 1 1 1 0 1 00e5 ffff
3 0 1 20 0 1 0 1 0 1 1 1 00e7 ffff
3 0 1 28 1 1 0 1 0 1 1 1 00e9 ffff
3 0 1 10 0 1 0 1 0 1 1 1 00eb ffff
3 0 0 2e 0 1 0 1 0 1 0 1 00eb ffff
3 0 0 09 0 1 0 1 0 1 0 1 00eb ffff
3 0 1 08 1 1 0 1 0 1 1 1 00ed ffff
3 0 1 09 1 1 0 1 0 1 1 1 00ef ffff
3 0 1 01 0 1 0 1 0 1 1 1 00f1 ffff
3 0 1 0d 1 1 0 1 0 1 1 1 00f3 ffff
3 0 1 09 0 1 0 1 0 1 1 1 00f5 ffff
3 0 1 09 1 1 1 1 0 1 0 1 00f6 ffff
3 0 1 02 0 1 1 1 0 1 0 1 00f7 ffff
3 0 1 1e 0 1 0 1 0 1 1 1 00f9 ffff
3 0 1 02 1 1 0 1 1 1 0 1 00fb ffff
3 0 0 0e 1 1 0 1 0 1 0 1 00fb ffff
3 0 1 06 0 1 0 1 0 1 1 1 00fd ffff
3 0 1 2e 1 1 0 1 0 1 1 1 00ff ffff
3 0 1 37 0 1 0 1 0 1 1 1 0101 ffff
3 0 1 25 1 1 0 1 0 1 1 1 0103 ffff
3 0 1 06 0 1 0 1 1 1 0 1 0105 ffff
3 0 0 09 0 1 0 1 0 1 0 1 0105 ffff
3 0 1 39 0 1 0 1 0 1 1 1 0107 ffff
3 0 1 22 1 1 0 1 0 1 1 1 0109 ffff
3 0 0 01 1 1 0 1 0 1 0 1 0109 ffff
3 0 1 24 0 1 0 1 0 1 1 1 010b ffff
3 0 1 02 0 1 0 1 0 1 1 1 010d ffff
3 0 1 0d 1 1 0 1 0 1 1 1 010f ffff
3 0 1 06 1 1 0 1 0 1 1 1 0111 ffff
3 0 1 22 0 1 0 1 0 1 1 1 0113 ffff
3 0 1 0d 0 1 1 1 0 1 0 1 0114 ffff
3 0 1 0d 0 1 1 1 0 1 0 1 0115 ffff
3 0 1 05 0 1 0 1 0 1 1 1 0117 ffff
3 0 0 09 0 1 0 1 0 1 0 1 0117 ffff
3 0 0 05 0 1 0 1 0 1 0 1 0117 ffff
3 0 0 06 0 1 0 1 0 1 0 1 0117 ffff
3 0 0 32 0 1 0 1 0 1 0 1 0117 ffff
3 0 1 0d 1 1 0 1 1 1 0 1 0119 ffff
3 0 0 12 1 1 0 1 0 1 0 1 0119 ffff
3 0 1 30 1 1 0 1 0 1 1 1 011b ffff
3 0 1 02 1 1 0 1 0 1 1 1 011d ffff
3 0 1 05 0 1 0 1 1 1 0 1 011f ffff
3 0 1 04 0 1 0 1 0 1 1 1 0121 ffff
3 0 1 09 1 1 0 1 0 1 1 1 0123 ffff
3 0 1 07 1 1 0 1 0 1 1 1 0125 ffff
3 0 1 1b 0 1 0 1 0 1 1 1 0127 ffff
3 0 1 2b 1 1 0 1 0 1 1 1 0129 ffff
3 0 1 29 0 1 0 1 0 1 1 1 012b ffff
3 0 0 3e 0 1 0 1 0 1 0 1 012b ffff
3 0 1 1b 0 1 0 1 1 1 0 1 012d ffff
3 0 1 32 0 1 0 1 0 1 1 1 012f ffff
3 0 1 36 1 1 0 1 0 1 1 1 0131 ffff
3 0 1 32 0 1 0 1 1 1 0 1 0133 ffff
3 0 1 02 1 1 0 1 0 1 1 1 0135 ffff
3 0 1 23 1 1 0 1 0 1 1 1 0137 ffff
3 0 0 10 1 1 0 1 0 1 0 1 0137 ffff
3 0 1 06 0 1 0 1 0 1 1 1 0139 ffff
3 0 1 12 1 1 0 1 0 1 1 1 013b ffff
3 0 1 0d 1 1 0 1 0 1 1 1 013d ffff
3 0 1 05 0 1 0 1 0 1 1 1 013f ffff
3 0 1 06 0 1 0 1 1 1 0 1 0141 ffff
3 0 1 02 1 1 0 1 0 1 1 1 0143 ffff
3 0 1 34 1 1 0 1 0 1 1 1 0145 ffff
3 0 1 32 0 1 0 1 0 1 1 1 0147 ffff
3 0 1 36 1 1 0 1 0 1 1 1 0149 ffff
3 0 1 3c 0 1 0 1 0 1 1 1 014b ffff
3 0 0 05 0 1 0 1 0 1 0 1 014b ffff
3 0 1 35 1 1 0 1 0 1 1 1 014d ffff
3 0 1 1d 0 1 0 1 0 1 1 1 014f ffff
3 0 1 09 1 1 0 1 0 1 1 1 0151 ffff
3 0 1 26 0 1 0 1 0 1 1 1 0153 ffff
3 0 1 00 1 1 0 1 0 1 1 1 0155 ffff
3 0 0 02 1 1 0 1 0 1 0 1 0155 ffff
3 0 1 28 0 1 0 1 0 1 1 1 0157 ffff
3 0 1 06 1 1 0 1 0 1 1 1 0159 ffff
3 0 1 37 0 1 0 1 0 1 1 1 015b ffff
3 0 0 21 0 1 0 1 0 1 0 1 015b ffff
3 0 1 02 0 1 0 1 0 1 1 1 015d ffff
3 0 1 25 0 1 0 1 0 1 1 1 015f ffff
3 0 0 27 0 1 0 1 0 1 0 1 015f ffff
3 0 1 05 1 1 0 1 0 1 1 1 0161 ffff
3 0 1 0f 1 1 0 1 0 1 1 1 0163 ffff
3 0 1 05 0 1 1 1 0 1 0 1 0164 ffff
3 0 1 11 0 1 0 1 0 1 1 1 0166 ffff
3 0 1 38 1 1 0 1 0 1 1 1 0168 ffff
3 0 1 08 0 1 0 1 0 1 1 1 016a ffff
3 0 1 07 0 1 0 1 0 1 1 1 016c ffff
3 0 1 17 1 1 0 1 0 1 1 1 016e ffff
3 0 1 01 1 1 0 1 0 1 1 1 0170 ffff
3 0 0 01 1 1 0 1 0 1 0 1 0170 ffff
3 0 1 09 0 1 0 1 0 1 1 1 0172 ffff
3 0 1 02 1 1 1 1 0 1 0 1 0173 ffff
3 0 1 01 1 1 0 1 1 1 0 1 0175 ffff
3 0 1 2c 1 1 0 1 0 1 1 1 0177 ffff
3 0 0 01 1 1 0 1 0 1 0 1 0177 ffff
3 0 1 09 0 1 0 1 1 1 0 1 0179 ffff
3 0 1 23 0 1 0 1 0 1 1 1 017b ffff
3 0 1 15 1 1 0 1 0 1 1 1 017d ffff
3 0 1 01 0 1 0 1 0 1 1 1 017f ffff
3 0 0 03 0 1 0 1 0 1 0 1 017f ffff
3 0 1 06 1 1 0 1 1 1 0 1 0181 ffff
3 0 0 02 1 1 0 1 0 1 0 1 0181 ffff
3 0 1 02 0 1 0 1 1 1 0 1 0183 ffff
3 0 0 05 0 1 0 1 0 1 0 1 0183 ffff
3 0 1 02 1 1 1 1 0 1 0 1 0184 ffff
3 0 1 01 1 1 1 1 0 1 0 1 0185 ffff
3 0 0 26 1 1 0 1 0 1 0 1 0185 ffff
3 0 1 24 0 1 0 1 0 1 1 1 0187 ffff
3 0 0 06 0 1 0 1 0 1 0 1 0187 ffff
3 0 1 01 1 1 1 1 0 1 0 1 0188 ffff
3 0 1 02 1 1 1 1 0 1 0 1 0189 ffff
3 0 1 37 1 1 0 1 0 1 1 1 018b ffff
3 0 1 08 1 1 0 1 0 1 1 1 018d ffff
3 0 1 3f 0 1 0 1 0 1 1 1 018f ffff
3 0 1 01 1 1 1 1 0 1 0 1 0190 ffff
3 0 1 17 1 1 0 1 0 1 1 1 0192 ffff
3 0 1 06 1 1 0 1 1 1 0 1 0194 ffff
3 0 1 06 0 1 1 1 0 1 0 1 0195 ffff
3 0 1 06 0 1 1 1 0 1 0 1 0196 ffff
3 0 0 10 0 1 0 1 0 1 0 1 0196 ffff
3 0 1 09 1 1 0 1 0 1 1 1 0198 ffff
3 0 1 05 0 1 0 1 0 1 1 1 019a ffff
3 0 1 06 0 1 1 1 0 1 0 1 019b ffff
3 0 1 05 1 1 1 1 0 1 0 1 019c ffff
3 0 1 17 0 1 1 1 0 1 0 1 019d ffff
3 0 1 0d 1 1 0 1 0 1 1 1 019f ffff
3 0 0 02 1 1 0 1 0 1 0 1 019f ffff
3 0 1 02 0 1 0 1 1 1 0 1 01a1 ffff
3 0 1 0d 0 1 1 1 0 1 0 1 01a2 ffff
3 0 1 09 0 1 0 1 0 1 1 1 01a4 ffff
3 0 0 26 0 1 0 1 0 1 0 1 01a4 ffff
3 0 1 10 0 1 0 1 0 1 1 1 01a6 ffff
3 0 1 02 1 1 1 1 0 1 0 1 01a7 ffff
3 0 1 0d 1 1 0 1 1 1 0 1 01a9 ffff
3 0 0 01 1 1 0 1 0 1 0 1 01a9 ffff
3 0 0 2f 1 1 0 1 0 1 0 1 01a9 ffff
3 0 1 0a 1 1 0 1 0 1 1 1 01ab ffff
3 0 0 0c 1 1 0 1 0 1 0 1 01ab ffff
3 0 1 05 0 1 0 1 0 1 1 1 01ad ffff
3 0 1 01 1 1 0 1 0 1 1 1 01af ffff
3 0 1 30 1 1 0 1 0 1 1 1 01b1 ffff
3 0 0 0d 1 1 0 1 0 1 0 1 01b1 ffff
3 0 1 06 0 1 0 1 0 1 1 1 01b3 ffff
3 0 1 1f 0 1 0 1 0 1 1 1 01b5 ffff
3 0 1 19 0 1 0 1 0 1 1 1 01b7 ffff
3 0 1 2d 1 1 0 1 0 1 1 1 01b9 ffff
3 0 1 3d 0 1 0 1 0 1 1 1 01bb ffff
3 0 1 2d 1 1 0 1 1 1 0 1 01bd ffff
3 0 1 03 1 1 0 1 0 1 1 1 01bf ffff
3 0 1 0e 1 1 0 1 0 1 1 1 01c1 ffff
3 0 1 09 0 1 0 1 0 1 1 1 01c3 ffff
3 0 0 01 0 1 0 1 0 1 0 1 01c3 ffff
3 0 1 0d 1 1 0 1 0 1 1 1 01c5 ffff
3 0 1 27 0 1 0 1 0 1 1 1 01c7 ffff
3 0 1 06 0 1 0 1 1 1 0 1 01c9 ffff
3 0 1 02 1 1 0 1 0 1 1 1 01cb ffff
3 0 1 3d 0 1 0 1 0 1 1 1 01cd ffff
3 0 1 0d 1 1 0 1 1 1 0 1 01cf ffff
3 0 1 09 0 1 0 1 0 1 1 1 01d1 ffff
3 0 1 06 0 1 0 1 1 1 0 1 01d3 ffff
3 0 1 3d 1 1 0 1 0 1 1 1 01d5 ffff
3 0 1 06 1 1 1 1 0 1 0 1 01d6 ffff
3 0 1 0d 0 1 0 1 0 1 1 1 01d8 ffff
3 0 1 20 0 1 0 1 0 1 1 1 01da ffff
3 0 1 24 1 1 0 1 0 1 1 1 01dc ffff
3 0 1 02 1 1 0 1 1 1 0 1 01de ffff
3 0 1 0a 0 1 0 1 0 1 1 1 01e0 ffff
3 0 1 0d 1 1 1 1 0 1 0 1 01e1 ffff
3 0 1 08 0 1 0 1 0 1 1 1 01e3 ffff
3 0 1 3a 1 1 0 1 0 1 1 1 01e5 ffff
3 0 1 06 0 1 0 1 0 1 1 1 01e7 ffff
3 0 1 13 1 1 0 1 0 1 1 1 01e9 ffff
3 0 0 34 1 1 0 1 0 1 0 1 01e9 ffff
3 0 0 02 1 1 0 1 0 1 0 1 01e9 ffff
3 0 1 05 1 1 0 1 0 1 1 1 01eb ffff
3 0 1 06 1 1 1 1 0 1 0 1 01ec ffff
3 0 1 06 1 1 1 1 0 1 0 1 01ed ffff
3 0 1 01 0 1 0 1 0 1 1 1 01ef ffff
3 0 1 0c 1 1 0 1 0 1 1 1 01f1 ffff
3 0 1 14 0 1 0 1 0 1 1 1 01f3 ffff
3 0 1 07 0 1 0 1 0 1 1 1 01f5 ffff
3 0 1 0d 1 1 0 1 0 1 1 1 01f7 ffff
3 0 1 3f 1 1 0 1 0 1 1 1 01f9 ffff
3 0 1 01 0 1 0 1 1 1 0 1 01fb ffff
3 0 1 38 1 1 0 1 0 1 1 1 01fd ffff
3 0 1 30 0 1 0 1 0 1 1 1 01ff ffff
3 0 1 09 1 1 0 1 0 1 1 1 0201 ffff
3 0 0 06 1 1 0 1 0 1 0 1 0201 ffff
3 0 1 0f 0 1 0 1 0 1 1 1 0203 ffff
3 0 1 02 1 1 0 1 0 1 1 1 0205 ffff
3 0 1 09 0 1 1 1 0 1 0 1 0206 ffff
3 0 1 0d 0 1 0 1 0 1 1 1 0208 ffff
3 0 0 02 0 1 0 1 0 1 0 1 0208 ffff
3 0 1 32 0 1 0 1 0 1 1 1 020a ffff
3 0 1 06 1 1 0 1 0 1 1 1 020c ffff
3 0 0 1a 1 1 0 1 0 1 0 1 020c ffff
3 0 0 2f 1 1 0 1 0 1 0 1 020c ffff
3 0 1 09 1 1 0 1 1 1 0 1 020e ffff
3 0 0 07 1 1 0 1 0 1 0 1 020e ffff
3 0 1 29 0 1 0 1 0 1 1 1 0210 ffff
3 0 1 09 1 1 0 1 1 1 0 1 0212 ffff
3 0 1 02 0 1 0 1 0 1 1 1 0214 ffff
3 0 1 01 0 1 0 1 0 1 1 1 0216 ffff
3 0 1 06 1 1 0 1 1 1 0 1 0218 ffff
3 0 1 06 0 1 1 1 0 1 0 1 0219 ffff
3 0 0 0d 0 1 0 1 0 1 0 1 0219 ffff
3 0 1 11 1 1 0 1 0 1 1 1 021b ffff
3 0 1 00 1 1 0 1 0 1 1 1 021d ffff
3 0 1 09 0 1 0 1 0 1 1 1 021f ffff
3 0 1 06 0 1 1 1 0 1 0 1 0220 ffff
3 0 1 0a 0 1 0 1 0 1 1 1 0222 ffff
3 0 1 3a 1 1 0 1 0 1 1 1 0224 ffff
3 0 1 0c 0 1 0 1 0 1 1 1 0226 ffff
3 0 1 02 0 1 0 1 0 1 1 1 0228 ffff
3 0 1 06 1 1 0 1 0 1 1 1 022a ffff
3 0 1 1b 1 1 0 1 0 1 1 1 022c ffff
3 0 1 02 0 1 0 1 1 1 0 1 022e ffff
3 0 1 0d 1 1 0 1 0 1 1 1 0230 ffff
3 0 0 37 1 1 0 1 0 1 0 1 0230 ffff
3 0 1 39 0 1 0 1 0 1 1 1 0232 ffff
3 0 0 10 0 1 0 1 0 1 0 1 0232 ffff
3 0 1 37 0 1 0 1 0 1 1 1 0234 ffff
3 0 0 0a 0 1 0 1 0 1 0 1 0234 ffff
3 0 0 1d 0 1 0 1 0 1 0 1 0234 ffff
3 0 1 0d 1 1 0 1 1 1 0 1 0236 ffff
3 0 1 02 1 1 1 1 0 1 0 1 0237 ffff
3 0 1 05 0 1 0 1 0 1 1 1 0239 ffff
3 0 1 06 1 1 0 1 1 1 0 1 023b ffff
3 0 1 01 1 1 0 1 0 1 1 1 023d ffff
3 0 0 24 1 1 0 1 0 1 0 1 023d ffff
3 0 1 06 0 1 1 1 0 1 0 1 023e ffff
3 0 1 1d 0 1 0 1 0 1 1 1 0240 ffff
3 0 1 3c 1 1 0 1 0 1 1 1 0242 ffff
3 0 1 1a 0 1 0 1 0 1 1 1 0244 ffff
3 0 1 01 1 1 0 1 1 1 0 1 0246 ffff
3 0 0 05 1 1 0 1 0 1 0 1 0246 ffff
3 0 1 0d 0 1 0 1 0 1 1 1 0248 ffff
3 0 1 25 1 1 0 1 0 1 1 1 024a ffff
3 0 1 2a 1 1 0 1 0 1 1 1 024c ffff
3 0 1 05 0 1 0 1 0 1 1 1 024e ffff
3 0 1 11 1 1 0 1 0 1 1 1 0250 ffff
3 0 1 15 0 1 0 1 0 1 1 1 0252 ffff
3 0 1 06 0 1 0 1 0 1 1 1 0254 ffff
3 0 1 02 1 1 0 1 0 1 1 1 0256 ffff
3 0 1 2f 1 1 0 1 0 1 1 1 0258 ffff
3 0 1 05 1 1 0 1 0 1 1 1 025a ffff
3 0 1 05 0 1 1 1 0 1 0 1 025b ffff
3 0 0 12 0 1 0 1 0 1 0 1 025b ffff
3 0 1 21 0 1 0 1 0 1 1 1 025d ffff
3 0 1 05 1 1 0 1 1 1 0 1 025f ffff
3 0 0 05 1 1 0 1 0 1 0 1 025f ffff
3 0 1 19 0 1 0 1 0 1 1 1 0261 ffff
3 0 0 0d 0 1 0 1 0 1 0 1 0261 ffff
3 0 1 09 1 1 0 1 0 1 1 1 0263 ffff
3 0 1 06 0 1 0 1 1 1 0 1 0265 ffff
3 0 1 06 1 1 1 1 0 1 0 1 0266 ffff
3 0 1 05 0 1 0 1 0 1 1 1 0268 ffff
3 0 1 09 1 1 0 1 1 1 0 1 026a ffff
3 0 1 09 0 1 1 1 0 1 0 1 026b ffff
3 0 1 3d 0 1 0 1 0 1 1 1 026d ffff
3 0 1 16 1 1 0 1 0 1 1 1 026f ffff
3 0 1 2a 0 1 0 1 0 1 1 1 0271 ffff
3 0 1 09 1 1 0 1 1 1 0 1 0273 ffff
3 0 1 03 0 1 0 1 0 1 1 1 0275 ffff
3 0 1 05 0 1 0 1 0 1 1 1 0277 ffff
3 0 1 01 1 1 0 1 0 1 1 1 0279 ffff
3 0 1 01 0 1 1 1 0 1 0 1 027a ffff
3 0 1 34 0 1 0 1 0 1 1 1 027c ffff
3 0 1 2e 1 1 0 1 0 1 1 1 027e ffff
3 0 0 31 1 1 0 1 0 1 0 1 027e ffff
3 0 1 05 0 1 0 1 1 1 0 1 0280 ffff
3 0 1 0e 0 1 0 1 0 1 1 1 0282 ffff
3 0 1 09 1 1 0 1 0 1 1 1 0284 ffff
3 0 1 1c 1 1 0 1 0 1 1 1 0286 ffff
3 0 1 33 1 1 0 1 0 1 1 1 0288 ffff
3 0 1 02 1 1 0 1 0 1 1 1 028a ffff
3 0 1 09 0 1 1 1 0 1 0 1 028b ffff
3 0 1 0d 0 1 0 1 0 1 1 1 028d ffff
3 0 1 06 0 1 0 1 0 1 1 1 028f ffff
3 0 1 2f 0 1 0 1 0 1 1 1 0291 ffff
3 0 1 01 1 1 0 1 0 1 1 1 0293 ffff
3 0 0 01 1 1 0 1 0 1 0 1 0293 ffff
3 0 1 05 0 1 0 1 0 1 1 1 0295 ffff
3 0 1 0a 1 1 0 1 0 1 1 1 0297 ffff
3 0 1 01 1 1 0 1 1 1 0 1 0299 ffff
3 0 1 3a 0 1 0 1 0 1 1 1 029b ffff
3 0 1 02 1 1 0 1 0 1 1 1 029d ffff
3 0 1 35 0 1 0 1 0 1 1 1 029f ffff
3 0 1 35 1 1 1 1 0 1 0 1 02a0 ffff
3 0 1 05 1 1 0 1 0 1 1 1 02a2 ffff
3 0 1 09 0 1 0 1 0 1 1 1 02a4 ffff
3 0 1 0d 1 1 0 1 0 1 1 1 02a6 ffff
3 0 1 13 1 1 0 1 0 1 1 1 02a8 ffff
3 0 1 04 0 1 0 1 0 1 1 1 02aa ffff
3 0 1 29 0 1 0 1 0 1 1 1 02ac ffff
3 0 1 0f 0 1 0 1 0 1 1 1 02ae ffff
3 0 1 0d 1 1 0 1 1 1 0 1 02b0 ffff
3 0 1 2c 1 1 0 1 0 1 1 1 02b2 ffff
3 0 1 01 0 1 0 1 0 1 1 1 02b4 ffff
3 0 1 1e 0 1 0 1 0 1 1 1 02b6 ffff
3 0 1 03 1 1 0 1 0 1 1 1 02b8 ffff
3 0 1 20 0 1 0 1 0 1 1 1 02ba ffff
3 0 1 09 1 1 0 1 0 1 1 1 02bc ffff
3 0 1 05 0 1 0 1 0 1 1 1 02be ffff
3 0 1 02 1 1 0 1 1 1 0 1 02c0 ffff
3 0 1 01 1 1 0 1 0 1 1 1 02c2 ffff
3 0 1 06 0 1 0 1 0 1 1 1 02c4 ffff
3 0 1 14 1 1 0 1 0 1 1 1 02c6 ffff
3 0 1 09 0 1 0 1 0 1 1 1 02c8 ffff
3 0 0 02 0 1 0 1 0 1 0 1 02c8 ffff
3 0 1 1c 0 1 0 1 0 1 1 1 02ca ffff
3 0 1 37 0 1 0 1 0 1 1 1 02cc ffff
3 0 1 05 1 1 0 1 0 1 1 1 02ce ffff
3 0 1 0d 0 1 0 1 0 1 1 1 02d0 ffff
3 0 0 24 0 1 0 1 0 1 0 1 02d0 ffff
3 0 1 0a 1 1 0 1 0 1 1 1 02d2 ffff
3 0 1 05 1 1 0 1 1 1 0 1 02d4 ffff
3 0 0 06 1 1 0 1 0 1 0 1 02d4 ffff
3 0 1 01 0 1 0 1 0 1 1 1 02d6 ffff
3 0 1 09 1 1 0 1 0 1 1 1 02d8 ffff
3 0 1 2c 1 1 0 1 0 1 1 1 02da ffff
3 0 1 02 0 1 0 1 0 1 1 1 02dc ffff
3 0 1 22 1 1 0 1 0 1 1 1 02de ffff
3 0 1 3c 0 1 0 1 0 1 1 1 02e0 ffff
3 0 1 27 1 1 0 1 0 1 1 1 02e2 ffff
3 0 1 1d 0 1 0 1 0 1 1 1 02e4 ffff
3 0 1 02 0 1 0 1 1 1 0 1 02e6 ffff
3 0 1 01 1 1 0 1 0 1 1 1 02e8 ffff
3 0 1 01 0 1 1 1 0 1 0 1 02e9 ffff
3 0 0 2c 0 1 0 1 0 1 0 1 02e9 ffff
3 0 1 06 1 1 0 1 0 1 1 1 02eb ffff
3 0 1 17 0 1 0 1 0 1 1 1 02ed ffff
3 0 1 02 0 1 0 1 1 1 0 1 02ef ffff
3 0 1 2c 1 1 0 1 1 1 0 1 02f1 ffff
3 0 1 2e 1 1 0 1 0 1 1 1 02f3 ffff
3 0 0 0d 1 1 0 1 0 1 0 1 02f3 ffff
3 0 1 2f 1 1 0 1 0 1 1 1 02f5 ffff
3 0 1 0d 0 1 0 1 0 1 1 1 02f7 ffff
3 0 1 14 0 1 0 1 0 1 1 1 02f9 ffff
3 0 1 25 1 1 0 1 0 1 1 1 02fb ffff
3 0 1 30 1 1 0 1 0 1 1 1 02fd ffff
3 0 1 02 0 1 0 1 1 1 0 1 02ff ffff
3 0 1 05 0 1 0 1 0 1 1 1 0301 ffff
3 0 1 05 1 1 1 1 0 1 0 1 0302 ffff
3 0 1 05 1 1 1 1 0 1 0 1 0303 ffff
3 0 1 18 0 1 0 1 0 1 1 1 0305 ffff
3 0 1 2c 1 1 0 1 0 1 1 1 0307 ffff
3 0 1 0d 1 1 0 1 0 1 1 1 0309 ffff
3 0 1 23 0 1 0 1 0 1 1 1 030b ffff
3 0 1 05 0 1 0 1 1 1 0 1 030d ffff
3 0 1 01 1 1 0 1 0 1 1 1 030f ffff
3 0 1 2f 1 1 0 1 1 1 0 1 0311 ffff
3 0 1 1a 1 1 0 1 0 1 1 1 0313 ffff
3 0 0 0b 1 1 0 1 0 1 0 1 0313 ffff
3 0 0 35 1 1 0 1 0 1 0 1 0313 ffff
3 0 1 06 0 1 0 1 0 1 1 1 0315 ffff
3 0 1 34 0 1 0 1 0 1 1 1 0317 ffff
3 0 1 27 0 1 0 1 0 1 1 1 0319 ffff
3 0 1 1b 1 1 0 1 0 1 1 1 031b ffff
3 0 1 06 1 1 1 1 0 1 0 1 031c ffff
3 0 1 05 0 1 0 1 1 1 0 1 031e ffff
3 0 1 31 1 1 0 1 0 1 1 1 0320 ffff
3 0 1 23 0 1 0 1 0 1 1 1 0322 ffff
3 0 0 02 0 1 0 1 0 1 0 1 0322 ffff
3 0 1 3f 1 1 0 1 0 1 1 1 0324 ffff
3 0 1 03 0 1 0 1 0 1 1 1 0326 ffff
3 0 1 05 0 1 0 1 1 1 0 1 0328 ffff
3 0 1 30 1 1 0 1 0 1 1 1 032a ffff
3 0 1 0c 0 1 0 1 0 1 1 1 032c ffff
3 0 1 05 1 1 1 1 0 1 0 1 032d ffff
3 0 1 08 1 1 0 1 0 1 1 1 032f ffff
3 0 1 1b 1 1 0 1 0 1 1 1 0331 ffff
3 0 0 01 1 1 0 1 0 1 0 1 0331 ffff
3 0 0 0d 1 1 0 1 0 1 0 1 0331 ffff
3 0 1 02 1 1 0 1 0 1 1 1 0333 ffff
3 0 1 2f 0 1 0 1 0 1 1 1 0335 ffff
3 0 1 1a 0 1 0 1 0 1 1 1 0337 ffff
3 0 0 0e 0 1 0 1 0 1 0 1 0337 ffff
3 0 0 06 0 1 0 1 0 1 0 1 0337 ffff
3 0 1 0d 1 1 0 1 0 1 1 1 0339 ffff
3 0 1 0d 0 1 1 1 0 1 0 1 033a ffff
3 0 1 02 1 1 0 1 1 1 0 1 033c ffff
3 0 1 00 0 1 0 1 0 1 1 1 033e ffff
3 0 1 08 1 1 0 1 1 1 0 1 0340 ffff
3 0 1 05 0 1 0 1 1 1 0 1 0342 ffff
3 0 1 0d 1 1 0 1 1 1 0 1 0344 ffff
3 0 1 26 0 1 0 1 0 1 1 1 0346 ffff
3 0 1 3d 0 1 0 1 0 1 1 1 0348 ffff
3 0 1 01 1 1 0 1 0 1 1 1 034a ffff
3 0 1 0a 1 1 0 1 0 1 1 1 034c ffff
3 0 1 39 0 1 0 1 0 1 1 1 034e ffff
3 0 1 25 1 1 0 1 0 1 1 1 0350 ffff
3 0 0 01 1 1 0 1 0 1 0 1 0350 ffff
3 0 0 09 1 1 0 1 0 1 0 1 0350 ffff
3 0 0 3a 1 1 0 1 0 1 0 1 0350 ffff
3 0 1 38 0 1 0 1 0 1 1 1 0352 ffff
3 0 0 02 0 1 0 1 0 1 0 1 0352 ffff
3 0 1 2d 0 1 0 1 0 1 1 1 0354 ffff
3 0 1 06 0 1 0 1 0 1 1 1 0356 ffff
3 0 1 2a 1 1 0 1 0 1 1 1 0358 ffff
3 0 1 05 1 1 0 1 0 1 1 1 035a ffff
3 0 1 21 0 1 0 1 0 1 1 1 035c ffff
3 0 0 05 0 1 0 1 0 1 0 1 035c ffff
3 0 0 0d 0 1 0 1 0 1 0 1 035c ffff
3 0 1 09 1 1 0 1 0 1 1 1 035e ffff
3 0 1 06 0 1 0 1 1 1 0 1 0360 ffff
3 0 1 23 1 1 0 1 0 1 1 1 0362 ffff
3 0 1 24 1 1 0 1 0 1 1 1 0364 ffff
3 0 1 09 0 1 1 1 0 1 0 1 0365 ffff
3 0 0 00 0 1 0 1 0 1 0 1 0365 ffff
3 0 1 05 0 1 0 1 0 1 1 1 0367 ffff
3 0 0 15 0 1 0 1 0 1 0 1 0367 ffff
3 0 1 02 1 1 0 1 0 1 1 1 0369 ffff
3 0 0 09 1 1 0 1 0 1 0 1 0369 ffff
3 0 1 0e 0 1 0 1 0 1 1 1 036b ffff
3 0 1 29 1 1 0 1 0 1 1 1 036d ffff
3 0 1 3f 0 1 0 1 0 1 1 1 036f ffff
3 0 1 01 0 1 0 1 0 1 1 1 0371 ffff
3 0 0 01 0 1 0 1 0 1 0 1 0371 ffff
3 0 1 0c 0 1 0 1 0 1 1 1 0373 ffff
3 0 1 09 1 1 0 1 0 1 1 1 0375 ffff
3 0 1 05 0 1 0 1 0 1 1 1 0377 ffff
3 0 0 09 0 1 0 1 0 1 0 1 0377 ffff
3 0 1 27 1 1 0 1 0 1 1 1 0379 ffff
3 0 1 06 1 1 0 1 0 1 1 1 037b ffff
3 0 0 0d 1 1 0 1 0 1 0 1 037b ffff
3 0 1 09 1 1 0 1 1 1 0 1 037d ffff
3 0 1 0d 0 1 0 1 0 1 1 1 037f ffff
3 0 1 2c 1 1 0 1 0 1 1 1 0381 ffff
3 0 1 10 0 1 0 1 0 1 1 1 0383 ffff
3 0 0 2c 0 1 0 1 0 1 0 1 0383 ffff
3 0 1 0d 1 1 1 1 0 1 0 1 0384 ffff
3 0 1 09 1 1 0 1 1 1 0 1 0386 ffff
3 0 1 02 0 1 0 1 0 1 1 1 0388 ffff
3 0 0 0d 0 1 0 1 0 1 0 1 0388 ffff
3 0 1 0d 0 1 0 1 1 1 0 1 038a ffff
3 0 1 07 0 1 0 1 0 1 1 1 038c ffff
3 0 0 35 0 1 0 1 0 1 0 1 038c ffff
3 0 0 05 0 1 0 1 0 1 0 1 038c ffff
3 0 1 01 1 1 0 1 0 1 1 1 038e ffff
3 0 1 20 1 1 0 1 0 1 1 1 0390 ffff
3 0 1 00 0 1 0 1 0 1 1 1 0392 ffff
3 0 1 1f 1 1 0 1 0 1 1 1 0394 ffff
3 0 0 35 1 1 0 1 0 1 0 1 0394 ffff
3 0 0 06 1 1 0 1 0 1 0 1 0394 ffff
3 0 1 37 0 1 0 1 0 1 1 1 0396 ffff
3 0 1 27 1 1 0 1 0 1 1 1 0398 ffff
3 0 1 05 0 1 0 1 0 1 1 1 039a ffff
3 0 1 1f 0 1 0 1 0 1 1 1 039c ffff
3 0 1 31 1 1 0 1 0 1 1 1 039e ffff
3 0 1 0d 0 1 0 1 0 1 1 1 03a0 ffff
3 0 1 01 1 1 0 1 0 1 1 1 03a2 ffff
3 0 1 18 1 1 0 1 0 1 1 1 03a4 ffff
3 0 0 3e 1 1 0 1 0 1 0 1 03a4 ffff
3 0 1 05 0 1 0 1 0 1 1 1 03a6 ffff
3 0 1 37 1 1 0 1 0 1 1 1 03a8 ffff
3 0 1 06 1 1 0 1 1 1 0 1 03aa ffff
3 0 1 01 1 1 0 1 1 1 0 1 03ac ffff
3 0 0 19 1 1 0 1 0 1 0 1 03ac ffff
3 0 1 2a 0 1 0 1 0 1 1 1 03ae ffff
3 0 1 03 0 1 0 1 0 1 1 1 03b0 ffff
3 0 1 3d 0 1 0 1 0 1 1 1 03b2 ffff
3 0 1 02 1 1 0 1 0 1 1 1 03b4 ffff
3 0 1 06 0 1 0 1 0 1 1 1 03b6 ffff
3 0 0 1f 0 1 0 1 0 1 0 1 03b6 ffff
3 0 1 05 1 1 0 1 0 1 1 1 03b8 ffff
3 0 1 05 0 1 1 1 0 1 0 1 03b9 ffff
3 0 1 09 0 1 0 1 0 1 1 1 03bb ffff
3 0 1 06 1 1 1 1 0 1 0 1 03bc ffff
3 0 1 02 1 1 0 1 1 1 0 1 03be ffff
3 0 1 10 0 1 0 1 0 1 1 1 03c0 ffff
3 0 1 02 0 1 1 1 0 1 0 1 03c1 ffff
3 0 0 1b 0 1 0 1 0 1 0 1 03c1 ffff
3 0 1 3d 1 1 0 1 0 1 1 1 03c3 ffff
3 0 1 02 0 1 1 1 0 1 0 1 03c4 ffff
3 0 0 02 0 1 0 1 0 1 0 1 03c4 ffff
3 0 0 02 0 1 0 1 0 1 0 1 03c4 ffff
3 0 1 05 0 1 0 1 0 1 1 1 03c6 ffff
3 0 1 05 1 1 1 1 0 1 0 1 03c7 ffff
3 0 1 1b 1 1 0 1 0 1 1 1 03c9 ffff
3 0 0 01 1 1 0 1 0 1 0 1 03c9 ffff
3 0 1 36 0 1 0 1 0 1 1 1 03cb ffff
3 0 1 01 1 1 0 1 0 1 1 1 03cd ffff
3 0 1 09 0 1 0 1 0 1 1 1 03cf ffff
3 0 1 02 1 1 0 1 1 1 0 1 03d1 ffff
3 0 1 23 0 1 0 1 0 1 1 1 03d3 ffff
3 0 1 24 1 1 0 1 0 1 1 1 03d5 ffff
3 0 1 06 0 1 0 1 0 1 1 1 03d7 ffff
3 0 0 06 0 1 0 1 0 1 0 1 03d7 ffff
3 0 1 0d 1 1 0 1 0 1 1 1 03d9 ffff
3 0 0 35 1 1 0 1 0 1 0 1 03d9 ffff
3 0 1 06 1 1 1 1 0 1 0 1 03da ffff
3 0 1 22 1 1 0 1 0 1 1 1 03dc ffff
3 0 1 02 0 1 0 1 0 1 1 1 03de ffff
3 0 1 09 0 1 0 1 1 1 0 1 03e0 ffff
3 0 0 01 0 1 0 1 0 1 0 1 03e0 ffff
3 0 1 24 0 1 1 1 0 1 0 1 03e1 ffff
3 0 1 3e 1 1 0 1 0 1 1 1 03e3 ffff
3 0 1 06 0 1 0 1 0 1 1 1 03e5 ffff
3 0 1 0d 1 1 0 1 1 1 0 1 03e7 ffff
3 0 1 06 1 1 1 1 0 1 0 1 03e8 ffff
3 0 0 02 1 1 0 1 0 1 0 1 03e8 ffff
3 0 1 02 1 1 0 1 0 1 1 1 03ea ffff
3 0 1 05 0 1 0 1 0 1 1 1 03ec ffff
3 0 1 06 0 1 0 1 1 1 0 1 03ee ffff
3 0 1 01 1 1 0 1 0 1 1 1 03f0 ffff
3 0 1 39 0 1 0 1 0 1 1 1 03f2 ffff
3 0 1 06 1 1 1 1 0 1 0 1 03f3 ffff
3 0 1 06 1 1 1 1 0 1 0 1 03f4 ffff
3 0 1 21 1 1 0 1 0 1 1 1 03f6 ffff
3 0 1 06 1 1 1 1 0 1 0 1 03f7 ffff
3 0 0 01 1 1 0 1 0 1 0 1 03f7 ffff
3 0 1 1f 1 1 0 1 0 1 1 1 03f9 ffff
3 0 1 05 0 1 0 1 0 1 1 1 03fb ffff
3 0 1 0e 1 1 0 1 0 1 1 1 03fd ffff
3 0 0 06 1 1 0 1 0 1 0 1 03fd ffff
3 0 1 09 1 1 0 1 0 1 1 1 03ff ffff
3 0 1 19 0 1 0 1 0 1 1 1 0401 ffff
3 0 1 05 1 1 0 1 0 1 1 1 0403 ffff
3 0 1 02 0 1 0 1 0 1 1 1 0405 ffff
3 0 1 10 0 1 0 1 1 1 0 1 0407 ffff
3 0 1 05 0 1 1 1 0 1 0 1 0408 ffff
3 0 1 0d 0 1 0 1 0 1 1 1 040a ffff
3 0 0 01 0 1 0 1 0 1 0 1 040a ffff
3 0 0 36 0 1 0 1 0 1 0 1 040a ffff
3 0 1 20 1 1 0 1 0 1 1 1 040c ffff
3 0 1 32 1 1 0 1 0 1 1 1 040e ffff
3 0 1 30 0 1 0 1 0 1 1 1 0410 ffff
3 0 1 05 1 1 0 1 1 1 0 1 0412 ffff
3 0 1 05 0 1 1 1 0 1 0 1 0413 ffff
3 0 1 0d 0 1 0 1 1 1 0 1 0415 ffff
3 0 1 09 1 1 0 1 0 1 1 1 0417 ffff
3 0 0 23 1 1 0 1 0 1 0 1 0417 ffff
3 0 1 09 0 1 1 1 0 1 0 1 0418 ffff
3 0 1 37 0 1 0 1 0 1 1 1 041a ffff
3 0 1 01 0 1 0 1 0 1 1 1 041c ffff
3 0 1 09 1 1 0 1 1 1 0 1 041e ffff
3 0 1 09 0 1 1 1 0 1 0 1 041f ffff
3 0 0 38 0 1 0 1 0 1 0 1 041f ffff
3 0 1 01 0 1 0 1 1 1 0 1 0421 ffff
3 0 1 00 1 1 0 1 0 1 1 1 0423 ffff
3 0 1 24 0 1 0 1 0 1 1 1 0425 ffff
3 0 1 05 1 1 0 1 0 1 1 1 0427 ffff
3 0 1 02 0 1 0 1 1 1 0 1 0429 ffff
3 0 0 02 0 1 0 1 0 1 0 1 0429 ffff
3 0 1 02 1 1 1 1 0 1 0 1 042a ffff
3 0 0 0f 1 1 0 1 0 1 0 1 042a ffff
3 0 1 01 0 1 0 1 1 1 0 1 042c ffff
3 0 1 2a 1 1 0 1 0 1 1 1 042e ffff
3 0 1 02 0 1 0 1 1 1 0 1 0430 ffff
3 0 1 06 1 1 0 1 0 1 1 1 0432 ffff
3 0 1 0d 1 1 0 1 0 1 1 1 0434 ffff
3 0 1 09 0 1 0 1 0 1 1 1 0436 ffff
3 0 0 16 0 1 0 1 0 1 0 1 0436 ffff
3 0 1 33 1 1 0 1 0 1 1 1 0438 ffff
3 0 0 0d 1 1 0 1 0 1 0 1 0438 ffff
3 0 1 02 0 1 0 1 1 1 0 1 043a ffff
3 0 1 2f 0 1 0 1 0 1 1 1 043c ffff
3 0 1 18 1 1 0 1 0 1 1 1 043e ffff
3 0 1 01 1 1 0 1 0 1 1 1 0440 ffff
3 0 1 09 0 1 0 1 1 1 0 1 0442 ffff
3 0 1 01 1 1 0 1 1 1 0 1 0444 ffff
3 0 1 1f 1 1 0 1 0 1 1 1 0446 ffff
3 0 1 13 0 1 0 1 0 1 1 1 0448 ffff
3 0 1 05 0 1 0 1 0 1 1 1 044a ffff
3 0 1 09 1 1 0 1 0 1 1 1 044c ffff
3 0 1 06 1 1 0 1 1 1 0 1 044e ffff
3 0 1 30 0 1 0 1 0 1 1 1 0450 ffff
3 0 0 01 0 1 0 1 0 1 0 1 0450 ffff
3 0 0 05 0 1 0 1 0 1 0 1 0450 ffff
3 0 1 38 1 1 0 1 0 1 1 1 0452 ffff
3 0 1 0d 0 1 0 1 0 1 1 1 0454 ffff
3 0 0 05 0 1 0 1 0 1 0 1 0454 ffff
3 0 1 2c 0 1 0 1 0 1 1 1 0456 ffff
3 0 0 0d 0 1 0 1 0 1 0 1 0456 ffff
3 0 1 18 1 1 0 1 0 1 1 1 0458 ffff
3 0 1 3a 0 1 0 1 0 1 1 1 045a ffff
3 0 1 1f 1 1 0 1 1 1 0 1 045c ffff
3 0 1 05 1 1 0 1 0 1 1 1 045e ffff
3 0 1 02 1 1 0 1 0 1 1 1 0460 ffff
3 0 1 01 0 1 0 1 0 1 1 1 0462 ffff
3 0 1 05 1 1 0 1 1 1 0 1 0464 ffff
3 0 0 06 1 1 0 1 0 1 0 1 0464 ffff
3 0 1 02 0 1 1 1 0 1 0 1 0465 ffff
3 0 1 06 0 1 0 1 0 1 1 1 0467 ffff
3 0 1 12 1 1 0 1 0 1 1 1 0469 ffff
3 0 1 05 0 1 1 1 0 1 0 1 046a ffff
3 0 1 33 0 1 0 1 0 1 1 1 046c ffff
3 0 1 0d 0 1 0 1 0 1 1 1 046e ffff
3 0 1 34 0 1 0 1 0 1 1 1 0470 ffff
3 0 1 02 0 1 0 1 0 1 1 1 0472 ffff
3 0 1 09 1 1 0 1 0 1 1 1 0474 ffff
3 0 0 01 1 1 0 1 0 1 0 1 0474 ffff
3 0 0 02 1 1 0 1 0 1 0 1 0474 ffff
3 0 0 0d 1 1 0 1 0 1 0 1 0474 ffff
3 0 1 26 1 1 0 1 0 1 1 1 0476 ffff
3 0 1 01 0 1 0 1 0 1 1 1 0478 ffff
3 0 1 37 1 1 0 1 0 1 1 1 047a ffff
3 0 1 02 0 1 0 1 1 1 0 1 047c ffff
3 0 1 05 1 1 0 1 0 1 1 1 047e ffff
3 0 1 35 0 1 0 1 0 1 1 1 0480 ffff
3 0 1 04 1 1 0 1 0 1 1 1 0482 ffff
3 0 1 0a 1 1 0 1 0 1 1 1 0484 ffff
3 0 1 32 0 1 0 1 0 1 1 1 0486 ffff
3 0 0 14 0 1 0 1 0 1 0 1 0486 ffff
3 0 1 05 1 1 0 1 1 1 0 1 0488 ffff
3 0 1 06 1 1 0 1 0 1 1 1 048a ffff
3 0 0 2c 1 1 0 1 0 1 0 1 048a ffff
3 0 1 0d 0 1 0 1 0 1 1 1 048c ffff
3 0 1 02 0 1 0 1 0 1 1 1 048e ffff
3 0 0 0d 0 1 0 1 0 1 0 1 048e ffff
3 0 0 01 0 1 0 1 0 1 0 1 048e ffff
3 0 1 17 0 1 0 1 0 1 1 1 0490 ffff
3 0 1 05 1 1 0 1 1 1 0 1 0492 ffff
3 0 0 0b 1 1 0 1 0 1 0 1 0492 ffff
3 0 1 27 1 1 0 1 0 1 1 1 0494 ffff
3 0 1 35 0 1 0 1 0 1 1 1 0496 ffff
3 0 1 06 1 1 0 1 1 1 0 1 0498 ffff
3 0 1 02 0 1 0 1 1 1 0 1 049a ffff
3 0 1 05 1 1 0 1 1 1 0 1 049c ffff
3 0 0 06 1 1 0 1 0 1 0 1 049c ffff
3 0 1 25 0 1 0 1 0 1 1 1 049e ffff
3 0 1 23 0 1 0 1 0 1 1 1 04a0 ffff
3 0 1 05 1 1 0 1 1 1 0 1 04a2 ffff
3 0 0 05 1 1 0 1 0 1 0 1 04a2 ffff
3 0 1 0a 1 1 0 1 0 1 1 1 04a4 ffff
3 0 0 3f 1 1 0 1 0 1 0 1 04a4 ffff
3 0 1 02 0 1 0 1 1 1 0 1 04a6 ffff
3 0 1 09 0 1 0 1 0 1 1 1 04a8 ffff
3 0 0 3b 0 1 0 1 0 1 0 1 04a8 ffff
3 0 0 17 0 1 0 1 0 1 0 1 04a8 ffff
3 0 1 05 1 1 0 1 1 1 0 1 04aa ffff
3 0 0 17 1 1 0 1 0 1 0 1 04aa ffff
3 0 1 0d 0 1 0 1 0 1 1 1 04ac ffff
3 0 0 02 0 1 0 1 0 1 0 1 04ac ffff
3 0 0 05 0 1 0 1 0 1 0 1 04ac ffff
3 0 1 09 1 1 0 1 0 1 1 1 04ae ffff
3 0 0 01 1 1 0 1 0 1 0 1 04ae ffff
3 0 1 0d 0 1 0 1 1 1 0 1 04b0 ffff
3 0 1 09 1 1 0 1 1 1 0 1 04b2 ffff
3 0 0 3d 1 1 0 1 0 1 0 1 04b2 ffff
3 0 1 2c 0 1 0 1 0 1 1 1 04b4 ffff
3 0 1 22 1 1 0 1 0 1 1 1 04b6 ffff
3 0 1 0a 0 1 0 1 0 1 1 1 04b8 ffff
3 0 1 09 0 1 1 1 0 1 0 1 04b9 ffff
3 0 1 06 1 1 0 1 0 1 1 1 04bb ffff
3 0 1 09 0 1 1 1 0 1 0 1 04bc ffff
3 0 1 24 1 1 0 1 0 1 1 1 04be ffff
3 1 1 3a 0 1 0 1 0 1 0 1 0000 ffff
3 0 1 1d 0 1 0 1 0 1 1 1 0002 ffff
3 0 1 2d 0 1 0 1 0 1 1 1 0004 ffff
3 0 1 19 1 1 0 1 0 1 1 1 0006 ffff
3 0 0 03 1 1 0 1 0 1 0 1 0006 ffff
3 0 1 02 0 1 0 1 0 1 1 1 0008 ffff
3 0 1 3c 0 1 0 1 0 1 1 1 000a ffff
3 0 1 32 0 1 0 1 0 1 1 1 000c ffff
3 0 1 24 0 1 0 1 0 1 1 1 000e ffff
3 0 1 1f 0 1 0 1 0 1 1 1 0010 ffff
3 0 1 06 1 1 0 1 0 1 1 1 0012 ffff
3 0 1 06 0 1 1 1 0 1 0 1 0013 ffff
3 0 1 12 0 1 0 1 0 1 1 1 0015 ffff
3 0 1 28 1 1 0 1 0 1 1 1 0017 ffff
3 0 1 19 0 1 1 1 0 1 0 1 0018 ffff
3 0 1 12 1 1 1 1 0 1 0 1 0019 ffff
3 0 1 18 0 1 0 1 0 1 1 1 001b ffff
3 0 1 06 1 1 0 1 1 1 0 1 001d ffff
3 0 1 0d 0 1 0 1 0 1 1 1 001f ffff
3 0 1 02 0 1 0 1 0 1 1 1 0021 ffff
3 0 1 19 1 1 0 1 1 1 0 1 0023 ffff
3 0 0 1d 1 1 0 1 0 1 0 1 0023 ffff
3 0 1 29 0 1 0 1 0 1 1 1 0025 ffff
3 0 1 04 1 1 0 1 0 1 1 1 0027 ffff
3 0 1 34 0 1 0 1 0 1 1 1 0029 ffff
3 0 1 0d 1 1 0 1 0 1 1 1 002b ffff
3 0 1 32 1 1 0 1 0 1 1 1 002d ffff
3 0 1 0d 0 1 1 1 0 1 0 1 002e ffff
3 0 1 02 0 1 0 1 1 1 0 1 0030 ffff
3 0 1 06 1 1 0 1 0 1 1 1 0032 ffff
3 0 1 0d 0 1 1 1 0 1 0 1 0033 ffff
3 0 1 04 1 1 0 1 1 1 0 1 0035 ffff
3 0 1 01 0 1 0 1 0 1 1 1 0037 ffff
3 0 1 01 1 1 1 1 0 1 0 1 0038 ffff
3 0 0 0d 1 1 0 1 0 1 0 1 0038 ffff
3 0 1 06 0 1 1 1 0 1 0 1 0039 ffff
3 0 1 02 0 1 0 1 1 1 0 1 003b ffff
3 0 1 20 0 1 0 1 0 1 1 1 003d ffff
3 0 1 06 1 1 0 1 1 1 0 1 003f ffff
3 0 1 05 1 1 0 1 0 1 1 1 0041 ffff
3 0 1 09 0 1 0 1 0 1 1 1 0043 ffff
3 0 0 24 0 1 0 1 0 1 0 1 0043 ffff
3 0 0 01 0 1 0 1 0 1 0 1 0043 ffff
3 0 1 05 1 1 0 1 1 1 0 1 0045 ffff
3 0 1 01 0 1 0 1 0 1 1 1 0047 ffff
3 0 0 05 0 1 0 1 0 1 0 1 0047 ffff
3 0 1 0d 1 1 0 1 0 1 1 1 0049 ffff
3 0 1 2a 0 1 0 1 0 1 1 1 004b ffff
3 0 1 30 1 1 0 1 0 1 1 1 004d ffff
3 0 1 29 0 1 0 1 0 1 1 1 004f ffff
3 0 1 34 0 1 0 1 0 1 1 1 0051 ffff
3 0 1 33 0 1 0 1 0 1 1 1 0053 ffff
3 0 1 0e 1 1 0 1 0 1 1 1 0055 ffff
3 0 1 06 0 1 0 1 0 1 1 1 0057 ffff
3 0 1 33 1 1 1 1 0 1 0 1 0058 ffff
3 0 1 06 1 1 1 1 0 1 0 1 0059 ffff
3 0 0 0b 1 1 0 1 0 1 0 1 0059 ffff
3 0 1 06 1 1 1 1 0 1 0 1 005a ffff
3 0 1 01 1 1 0 1 0 1 1 1 005c ffff
3 0 1 3b 1 1 0 1 0 1 1 1 005e ffff
3 0 1 05 0 1 0 1 0 1 1 1 0060 ffff
3 0 0 14 0 1 0 1 0 1 0 1 0060 ffff
3 0 1 02 1 1 0 1 0 1 1 1 0062 ffff
3 0 1 05 1 1 1 1 0 1 0 1 0063 ffff
3 0 1 2f 0 1 0 1 0 1 1 1 0065 ffff
3 0 1 3b 1 1 0 1 1 1 0 1 0067 ffff
3 0 1 3a 0 1 0 1 0 1 1 1 0069 ffff
3 0 1 06 1 1 0 1 0 1 1 1 006b ffff
3 0 0 06 1 1 0 1 0 1 0 1 006b ffff
3 0 1 19 1 1 0 1 0 1 1 1 006d ffff
3 0 1 05 0 1 0 1 1 1 0 1 006f ffff
3 0 1 28 1 1 0 1 0 1 1 1 0071 ffff
3 0 0 0c 1 1 0 1 0 1 0 1 0071 ffff
3 0 0 07 1 1 0 1 0 1 0 1 0071 ffff
3 0 1 05 1 1 1 1 0 1 0 1 0072 ffff
3 0 1 0d 1 1 0 1 0 1 1 1 0074 ffff
3 0 1 06 0 1 1 1 0 1 0 1 0075 ffff
3 0 1 05 0 1 0 1 1 1 0 1 0077 ffff
3 0 1 08 0 1 0 1 0 1 1 1 0079 ffff
3 0 1 06 0 1 1 1 0 1 0 1 007a ffff
3 0 1 2d 1 1 0 1 0 1 1 1 007c ffff
3 0 1 06 0 1 1 1 0 1 0 1 007d ffff
3 0 0 01 0 1 0 1 0 1 0 1 007d ffff
3 0 1 39 0 1 0 1 0 1 1 1 007f ffff
3 0 1 0d 1 1 0 1 0 1 1 1 0081 ffff
3 0 1 25 0 1 0 1 0 1 1 1 0083 ffff
3 0 0 0b 0 1 0 1 0 1 0 1 0083 ffff
3 0 1 06 0 1 1 1 0 1 0 1 0084 ffff
3 0 1 02 0 1 0 1 0 1 1 1 0086 ffff
3 0 1 22 1 1 0 1 0 1 1 1 0088 ffff
3 0 0 05 1 1 0 1 0 1 0 1 0088 ffff
3 0 0 01 1 1 0 1 0 1 0 1 0088 ffff
3 0 1 05 1 1 0 1 0 1 1 1 008a ffff
3 0 0 08 1 1 0 1 0 1 0 1 008a ffff
3 0 1 0d 0 1 0 1 0 1 1 1 008c ffff
3 0 1 39 1 1 0 1 0 1 1 1 008e ffff
3 0 0 02 1 1 0 1 0 1 0 1 008e ffff
3 0 1 0f 0 1 0 1 0 1 1 1 0090 ffff
3 0 0 09 0 1 0 1 0 1 0 1 0090 ffff
3 0 1 0d 0 1 0 1 1 1 0 1 0092 ffff
3 0 1 05 1 1 0 1 0 1 1 1 0094 ffff
3 0 1 10 1 1 0 1 0 1 1 1 0096 ffff
3 0 0 03 1 1 0 1 0 1 0 1 0096 ffff
3 0 1 3f 1 1 0 1 0 1 1 1 0098 ffff
3 0 1 09 0 1 0 1 0 1 1 1 009a ffff
3 0 0 25 0 1 0 1 0 1 0 1 009a ffff
3 0 1 05 1 1 0 1 1 1 0 1 009c ffff
3 1 1 16 0 1 0 1 0 1 0 1 0000 ffff
3 0 1 01 0 1 0 1 0 1 1 1 0002 ffff
3 0 1 13 0 1 0 1 0 1 1 1 0004 ffff
3 0 1 23 0 1 0 1 0 1 1 1 0006 ffff
3 0 0 0a 0 1 0 1 0 1 0 1 0006 ffff
3 0 1 06 0 1 0 1 0 1 1 1 0008 ffff
3 0 1 06 0 1 1 1 0 1 0 1 0009 ffff
3 0 1 06 0 1 1 1 0 1 0 1 000a ffff
3 0 1 3c 0 1 0 1 0 1 1 1 000c ffff
3 0 1 01 0 1 1 1 0 1 0 1 000d ffff
3 0 1 11 0 1 0 1 0 1 1 1 000f ffff
3 0 1 05 1 1 0 1 0 1 1 1 0011 ffff
3 0 1 0b 1 1 0 1 0 1 1 1 0013 ffff
3 0 1 2e 0 1 0 1 0 1 1 1 0015 ffff
3 0 1 05 0 1 1 1 0 1 0 1 0016 ffff
3 0 1 27 0 1 0 1 0 1 1 1 0018 ffff
3 0 1 05 0 1 1 1 0 1 0 1 0019 ffff
3 0 1 26 1 1 0 1 0 1 1 1 001b ffff
3 0 1 0d 0 1 0 1 0 1 1 1 001d ffff
3 0 1 06 0 1 0 1 0 1 1 1 001f ffff
3 0 0 0d 0 1 0 1 0 1 0 1 001f ffff
3 0 1 0d 1 1 1 1 0 1 0 1 0020 ffff
3 0 1 02 1 1 0 1 0 1 1 1 0022 ffff
3 0 1 24 0 1 0 1 0 1 1 1 0024 ffff
3 0 1 3f 1 1 0 1 0 1 1 1 0026 ffff
3 0 1 17 0 1 0 1 0 1 1 1 0028 ffff
3 0 1 18 1 1 0 1 0 1 1 1 002a ffff
3 0 1 02 0 1 1 1 0 1 0 1 002b ffff
3 0 1 0e 0 1 0 1 0 1 1 1 002d ffff
3 0 1 05 1 1 0 1 1 1 0 1 002f ffff
3 0 1 0d 0 1 0 1 1 1 0 1 0031 ffff
3 0 1 0c 0 1 0 1 0 1 1 1 0033 ffff
3 0 1 19 1 1 0 1 0 1 1 1 0035 ffff
3 0 1 01 0 1 0 1 0 1 1 1 0037 ffff
3 0 0 02 0 1 0 1 0 1 0 1 0037 ffff
3 0 1 3e 1 1 0 1 0 1 1 1 0039 ffff
3 0 1 06 0 1 0 1 0 1 1 1 003b ffff
3 0 1 06 1 1 1 1 0 1 0 1 003c ffff
3 0 0 02 1 1 0 1 0 1 0 1 003c ffff
3 0 1 05 1 1 0 1 0 1 1 1 003e ffff
3 0 1 28 1 1 0 1 0 1 1 1 0040 ffff
3 0 1 00 0 1 0 1 0 1 1 1 0042 ffff
3 0 1 3d 0 1 0 1 0 1 1 1 0044 ffff
3 0 1 06 1 1 1 1 0 1 0 1 0045 ffff
3 0 0 01 1 1 0 1 0 1 0 1 0045 ffff
3 0 1 33 1 1 0 1 0 1 1 1 0047 ffff
3 0 1 31 1 1 0 1 0 1 1 1 0049 ffff
3 0 1 02 1 1 0 1 0 1 1 1 004b ffff
3 0 1 2f 0 1 0 1 0 1 1 1 004d ffff
3 0 1 05 0 1 0 1 0 1 1 1 004f ffff
3 0 1 02 0 1 1 1 0 1 0 1 0050 ffff
3 0 0 02 0 1 0 1 0 1 0 1 0050 ffff
3 0 1 2c 1 1 0 1 0 1 1 1 0052 ffff
3 0 1 06 0 1 0 1 1 1 0 1 0054 ffff
3 0 1 02 1 1 0 1 1 1 0 1 0056 ffff
3 0 1 05 1 1 1 1 0 1 0 1 0057 ffff
3 0 1 05 1 1 1 1 0 1 0 1 0058 ffff
3 0 1 0d 1 1 0 1 0 1 1 1 005a ffff
3 0 1 01 0 1 0 1 0 1 1 1 005c ffff
3 0 1 0d 1 1 0 1 1 1 0 1 005e ffff
3 0 1 32 0 1 0 1 0 1 1 1 0060 ffff
3 0 1 2c 0 1 1 1 0 1 0 1 0061 ffff
3 0 1 05 0 1 0 1 0 1 1 1 0063 ffff
3 0 1 02 1 1 0 1 1 1 0 1 0065 ffff
3 0 1 0d 1 1 0 1 1 1 0 1 0067 ffff
3 0 1 0d 0 1 1 1 0 1 0 1 0068 ffff
3 0 1 39 0 1 0 1 0 1 1 1 006a ffff
3 0 1 0d 1 1 0 1 1 1 0 1 006c ffff
3 0 1 02 0 1 1 1 0 1 0 1 006d ffff
3 0 1 06 0 1 0 1 0 1 1 1 006f ffff
3 0 1 3a 1 1 0 1 0 1 1 1 0071 ffff
3 0 1 0d 0 1 1 1 0 1 0 1 0072 ffff
3 0 0 06 0 1 0 1 0 1 0 1 0072 ffff
3 0 1 06 0 1 0 1 1 1 0 1 0074 ffff
3 0 1 32 1 1 0 1 0 1 1 1 0076 ffff
3 0 1 02 0 1 0 1 0 1 1 1 0078 ffff
3 0 0 2d 0 1 0 1 0 1 0 1 0078 ffff
3 0 0 37 0 1 0 1 0 1 0 1 0078 ffff
3 0 1 15 0 1 0 1 0 1 1 1 007a ffff
3 0 1 05 1 1 0 1 0 1 1 1 007c ffff
3 0 1 06 1 1 0 1 0 1 1 1 007e ffff
3 0 1 3a 0 1 0 1 0 1 1 1 0080 ffff
3 0 1 02 1 1 0 1 0 1 1 1 0082 ffff
3 0 1 02 0 1 1 1 0 1 0 1 0083 ffff
3 0 1 05 0 1 1 1 0 1 0 1 0084 ffff
3 0 1 05 0 1 1 1 0 1 0 1 0085 ffff
3 0 1 01 0 1 0 1 0 1 1 1 0087 ffff
3 0 1 26 0 1 0 1 0 1 1 1 0089 ffff
3 0 1 0f 1 1 0 1 0 1 1 1 008b ffff
3 0 0 02 1 1 0 1 0 1 0 1 008b ffff
3 0 1 0d 1 1 0 1 0 1 1 1 008d ffff
3 0 1 0d 0 1 1 1 0 1 0 1 008e ffff
3 0 1 05 0 1 0 1 0 1 1 1 0090 ffff
3 0 1 2f 0 1 0 1 1 1 0 1 0092 ffff
3 0 1 0d 1 1 0 1 1 1 0 1 0094 ffff
3 0 1 06 1 1 0 1 0 1 1 1 0096 ffff
3 0 1 02 0 1 0 1 0 1 1 1 0098 ffff
3 0 1 08 0 1 0 1 0 1 1 1 009a ffff
3 0 0 1d 0 1 0 1 0 1 0 1 009a ffff
3 0 1 20 1 1 0 1 0 1 1 1 009c ffff
3 0 0 09 1 1 0 1 0 1 0 1 009c ffff
3 0 1 02 1 1 1 1 0 1 0 1 009d ffff
3 0 0 06 1 1 0 1 0 1 0 1 009d ffff
3 0 1 02 1 1 1 1 0 1 0 1 009e ffff
3 0 1 3f 1 1 0 1 0 1 1 1 00a0 ffff
3 0 1 0d 0 1 1 1 0 1 0 1 00a1 ffff
3 0 1 30 0 1 0 1 0 1 1 1 00a3 ffff
3 0 1 01 0 1 0 1 0 1 1 1 00a5 ffff
3 0 0 2d 0 1 0 1 0 1 0 1 00a5 ffff
3 0 0 0c 0 1 0 1 0 1 0 1 00a5 ffff
3 0 1 0b 0 1 0 1 0 1 1 1 00a7 ffff
3 0 1 0d 1 1 0 1 1 1 0 1 00a9 ffff
3 0 1 0d 0 1 1 1 0 1 0 1 00aa ffff
3 0 1 06 1 1 0 1 1 1 0 1 00ac ffff
3 0 1 1c 1 1 0 1 0 1 1 1 00ae ffff
3 0 0 30 1 1 0 1 0 1 0 1 00ae ffff
3 0 1 39 0 1 0 1 0 1 1 1 00b0 ffff
3 0 1 02 0 1 0 1 1 1 0 1 00b2 ffff
3 0 1 09 1 1 0 1 0 1 1 1 00b4 ffff
3 0 0 01 1 1 0 1 0 1 0 1 00b4 ffff
3 0 1 29 0 1 0 1 0 1 1 1 00b6 ffff
3 0 0 05 0 1 0 1 0 1 0 1 00b6 ffff
3 0 1 01 1 1 0 1 0 1 1 1 00b8 ffff
3 0 1 0d 0 1 0 1 0 1 1 1 00ba ffff
3 0 1 2d 1 1 0 1 0 1 1 1 00bc ffff
3 0 1 05 0 1 0 1 0 1 1 1 00be ffff
3 0 1 03 1 1 0 1 0 1 1 1 00c0 ffff
3 0 0 16 1 1 0 1 0 1 0 1 00c0 ffff
3 0 1 3a 1 1 0 1 0 1 1 1 00c2 ffff
3 0 1 01 1 1 0 1 0 1 1 1 00c4 ffff
3 0 1 2d 0 1 0 1 0 1 1 1 00c6 ffff
3 0 1 01 1 1 0 1 1 1 0 1 00c8 ffff
3 0 1 01 0 1 1 1 0 1 0 1 00c9 ffff
3 0 1 0d 0 1 0 1 0 1 1 1 00cb ffff
3 0 1 05 1 1 0 1 0 1 1 1 00cd ffff
3 0 1 09 0 1 0 1 0 1 1 1 00cf ffff
3 0 1 18 0 1 0 1 0 1 1 1 00d1 ffff
3 0 1 06 0 1 0 1 0 1 1 1 00d3 ffff
3 0 1 09 1 1 1 1 0 1 0 1 00d4 ffff
3 0 1 0d 1 1 0 1 0 1 1 1 00d6 ffff
3 0 1 32 1 1 0 1 0 1 1 1 00d8 ffff
3 0 1 14 1 1 0 1 0 1 1 1 00da ffff
3 0 1 0b 0 1 0 1 1 1 0 1 00dc ffff
3 0 1 06 0 1 0 1 1 1 0 1 00de ffff
3 0 1 02 1 1 0 1 0 1 1 1 00e0 ffff
3 0 1 35 0 1 0 1 0 1 1 1 00e2 ffff
3 0 1 36 0 1 0 1 0 1 1 1 00e4 ffff
3 0 1 05 1 1 0 1 0 1 1 1 00e6 ffff
3 0 1 26 1 1 0 1 0 1 1 1 00e8 ffff
3 0 0 06 1 1 0 1 0 1 0 1 00e8 ffff
3 0 1 22 0 1 0 1 0 1 1 1 00ea ffff
3 0 1 03 1 1 0 1 1 1 0 1 00ec ffff
3 0 0 0a 1 1 0 1 0 1 0 1 00ec ffff
3 0 0 0e 1 1 0 1 0 1 0 1 00ec ffff
3 0 1 02 1 1 0 1 0 1 1 1 00ee ffff
3 0 1 33 0 1 0 1 0 1 1 1 00f0 ffff
3 0 1 05 0 1 1 1 0 1 0 1 00f1 ffff
3 0 1 05 0 1 1 1 0 1 0 1 00f2 ffff
3 0 1 03 1 1 0 1 1 1 0 1 00f4 ffff
3 0 0 2b 1 1 0 1 0 1 0 1 00f4 ffff
3 0 0 09 1 1 0 1 0 1 0 1 00f4 ffff
3 0 1 20 0 1 0 1 0 1 1 1 00f6 ffff
3 0 1 0d 0 1 0 1 0 1 1 1 00f8 ffff
3 0 1 06 0 1 0 1 0 1 1 1 00fa ffff
3 0 0 09 0 1 0 1 0 1 0 1 00fa ffff
3 0 0 02 0 1 0 1 0 1 0 1 00fa ffff
3 0 1 0d 1 1 1 1 0 1 0 1 00fb ffff
3 0 1 0d 1 1 1 1 0 1 0 1 00fc ffff
3 0 1 02 1 1 0 1 1 1 0 1 00fe ffff
3 0 1 3e 0 1 0 1 0 1 1 1 0100 ffff
3 0 0 06 0 1 0 1 0 1 0 1 0100 ffff
3 0 1 09 1 1 0 1 0 1 1 1 0102 ffff
3 0 1 10 1 1 0 1 0 1 1 1 0104 ffff
3 0 1 05 0 1 0 1 0 1 1 1 0106 ffff
3 0 1 24 0 1 0 1 0 1 1 1 0108 ffff
3 0 1 38 1 1 0 1 0 1 1 1 010a ffff
3 0 1 3f 0 1 0 1 0 1 1 1 010c ffff
3 0 1 17 1 1 0 1 0 1 1 1 010e ffff
3 0 1 0d 1 1 0 1 0 1 1 1 0110 ffff
3 0 1 05 0 1 0 1 1 1 0 1 0112 ffff
3 0 1 0d 1 1 0 1 1 1 0 1 0114 ffff
3 0 1 22 1 1 0 1 0 1 1 1 0116 ffff
3 0 1 0d 0 1 1 1 0 1 0 1 0117 ffff
3 0 1 04 0 1 0 1 0 1 1 1 0119 ffff
3 0 1 0d 0 1 1 1 0 1 0 1 011a ffff
3 0 1 09 0 1 0 1 0 1 1 1 011c ffff
3 0 0 3f 0 1 0 1 0 1 0 1 011c ffff
3 0 1 18 1 1 0 1 0 1 1 1 011e ffff
3 0 0 17 1 1 0 1 0 1 0 1 011e ffff
3 0 1 06 0 1 0 1 0 1 1 1 0120 ffff
3 0 1 09 1 1 1 1 0 1 0 1 0121 ffff
3 0 0 05 1 1 0 1 0 1 0 1 0121 ffff
3 0 0 02 1 1 0 1 0 1 0 1 0121 ffff
3 0 1 1f 0 1 0 1 0 1 1 1 0123 ffff
3 0 1 02 1 1 0 1 0 1 1 1 0125 ffff
3 0 1 23 1 1 0 1 0 1 1 1 0127 ffff
3 0 1 02 0 1 1 1 0 1 0 1 0128 ffff
3 0 1 3f 0 1 0 1 0 1 1 1 012a ffff
3 0 1 02 0 1 1 1 0 1 0 1 012b ffff
3 0 1 02 0 1 1 1 0 1 0 1 012c ffff
3 0 0 09 0 1 0 1 0 1 0 1 012c ffff
3 0 1 01 1 1 0 1 0 1 1 1 012e ffff
3 0 1 09 0 1 0 1 1 1 0 1 0130 ffff
3 0 1 17 1 1 0 1 0 1 1 1 0132 ffff
3 0 1 1d 1 1 0 1 0 1 1 1 0134 ffff
3 0 1 0d 0 1 0 1 0 1 1 1 0136 ffff
3 0 1 3b 0 1 0 1 0 1 1 1 0138 ffff
3 0 1 0d 1 1 1 1 0 1 0 1 0139 ffff
3 0 1 24 0 1 0 1 0 1 1 1 013b ffff
3 0 1 05 1 1 0 1 0 1 1 1 013d ffff
3 0 1 2f 1 1 0 1 0 1 1 1 013f ffff
3 0 1 01 0 1 0 1 0 1 1 1 0141 ffff
3 0 0 09 0 1 0 1 0 1 0 1 0141 ffff
3 0 1 14 1 1 0 1 0 1 1 1 0143 ffff
3 0 1 11 1 1 0 1 0 1 1 1 0145 ffff
3 0 1 02 0 1 1 1 0 1 0 1 0146 ffff
3 0 1 02 0 1 1 1 0 1 0 1 0147 ffff
3 0 0 0d 0 1 0 1 0 1 0 1 0147 ffff
3 0 0 05 0 1 0 1 0 1 0 1 0147 ffff
3 0 1 18 0 1 0 1 0 1 1 1 0149 ffff
3 0 1 0d 0 1 0 1 0 1 1 1 014b ffff
3 0 1 01 1 1 0 1 0 1 1 1 014d ffff
3 0 0 06 1 1 0 1 0 1 0 1 014d ffff
3 0 0 18 1 1 0 1 0 1 0 1 014d ffff
3 0 1 01 0 1 1 1 0 1 0 1 014e ffff
3 0 0 01 0 1 0 1 0 1 0 1 014e ffff
3 0 1 02 0 1 1 1 0 1 0 1 014f ffff
3 0 1 05 0 1 0 1 0 1 1 1 0151 ffff
3 0 1 2b 0 1 0 1 0 1 1 1 0153 ffff
3 0 1 05 1 1 1 1 0 1 0 1 0154 ffff
3 0 0 02 1 1 0 1 0 1 0 1 0154 ffff
3 0 1 05 1 1 1 1 0 1 0 1 0155 ffff
3 0 1 09 1 1 0 1 0 1 1 1 0157 ffff
3 0 1 02 0 1 1 1 0 1 0 1 0158 ffff
3 0 1 06 0 1 0 1 1 1 0 1 015a ffff
3 0 1 13 1 1 0 1 0 1 1 1 015c ffff
3 0 1 1c 1 1 0 1 0 1 1 1 015e ffff
3 0 1 01 0 1 0 1 0 1 1 1 0160 ffff
3 0 1 0d 1 1 0 1 0 1 1 1 0162 ffff
3 0 1 06 1 1 1 1 0 1 0 1 0163 ffff
3 0 1 16 1 1 0 1 0 1 1 1 0165 ffff
3 0 1 06 0 1 0 1 1 1 0 1 0167 ffff
3 0 0 03 0 1 0 1 0 1 0 1 0167 ffff
3 0 1 01 0 1 0 1 1 1 0 1 0169 ffff
3 0 1 06 1 1 1 1 0 1 0 1 016a ffff
3 0 0 3e 1 1 0 1 0 1 0 1 016a ffff
3 0 0 03 1 1 0 1 0 1 0 1 016a ffff
3 0 1 0c 0 1 0 1 0 1 1 1 016c ffff
3 0 1 14 1 1 0 1 0 1 1 1 016e ffff
3 0 1 16 1 1 0 1 1 1 0 1 0170 ffff
3 0 0 24 1 1 0 1 0 1 0 1 0170 ffff
3 0 0 39 1 1 0 1 0 1 0 1 0170 ffff
3 0 1 05 1 1 0 1 0 1 1 1 0172 ffff
3 0 1 1f 0 1 0 1 0 1 1 1 0174 ffff
3 0 1 32 0 1 0 1 0 1 1 1 0176 ffff
3 0 1 3f 1 1 0 1 0 1 1 1 0178 ffff
3 0 0 01 1 1 0 1 0 1 0 1 0178 ffff
3 0 1 39 0 1 0 1 0 1 1 1 017a ffff
3 0 1 06 1 1 0 1 0 1 1 1 017c ffff
3 0 0 32 1 1 0 1 0 1 0 1 017c ffff
3 0 0 01 1 1 0 1 0 1 0 1 017c ffff
3 0 1 06 0 1 1 1 0 1 0 1 017d ffff
3 0 1 08 0 1 0 1 0 1 1 1 017f ffff
3 0 1 02 0 1 0 1 0 1 1 1 0181 ffff
3 0 1 11 1 1 0 1 0 1 1 1 0183 ffff
3 0 1 3f 0 1 1 1 0 1 0 1 0184 ffff
3 0 1 3d 0 1 0 1 0 1 1 1 0186 ffff
3 0 1 27 0 1 0 1 0 1 1 1 0188 ffff
3 0 1 02 1 1 1 1 0 1 0 1 0189 ffff
3 0 1 0d 1 1 0 1 0 1 1 1 018b ffff
3 0 1 10 1 1 0 1 0 1 1 1 018d ffff
3 0 1 3d 0 1 0 1 1 1 0 1 018f ffff
3 0 0 15 0 1 0 1 0 1 0 1 018f ffff
3 0 1 3a 1 1 0 1 0 1 1 1 0191 ffff
3 0 1 38 0 1 0 1 0 1 1 1 0193 ffff
3 0 1 10 1 1 0 1 1 1 0 1 0195 ffff
3 0 0 16 1 1 0 1 0 1 0 1 0195 ffff
3 0 1 32 0 1 0 1 0 1 1 1 0197 ffff
3 0 0 21 0 1 0 1 0 1 0 1 0197 ffff
3 0 1 01 1 1 0 1 0 1 1 1 0199 ffff
3 0 1 02 1 1 0 1 0 1 1 1 019b ffff
3 0 0 15 1 1 0 1 0 1 0 1 019b ffff
3 0 0 06 1 1 0 1 0 1 0 1 019b ffff
3 0 1 02 0 1 1 1 0 1 0 1 019c ffff
3 0 1 01 0 1 1 1 0 1 0 1 019d ffff
3 0 0 06 0 1 0 1 0 1 0 1 019d ffff
3 0 1 01 0 1 1 1 0 1 0 1 019e ffff
3 0 1 02 0 1 1 1 0 1 0 1 019f ffff
3 0 1 35 0 1 0 1 0 1 1 1 01a1 ffff
3 0 0 17 0 1 0 1 0 1 0 1 01a1 ffff
3 0 0 11 0 1 0 1 0 1 0 1 01a1 ffff
3 0 1 22 0 1 0 1 0 1 1 1 01a3 ffff
3 0 1 01 1 1 0 1 1 1 0 1 01a5 ffff
3 0 1 0d 0 1 0 1 0 1 1 1 01a7 ffff
3 0 1 09 1 1 0 1 0 1 1 1 01a9 ffff
3 0 0 09 1 1 0 1 0 1 0 1 01a9 ffff
3 0 1 01 0 1 0 1 0 1 1 1 01ab ffff
3 0 1 02 1 1 0 1 1 1 0 1 01ad ffff
3 0 1 1b 1 1 0 1 0 1 1 1 01af ffff
3 0 1 06 0 1 0 1 0 1 1 1 01b1 ffff
3 0 1 04 0 1 0 1 0 1 1 1 01b3 ffff
3 0 1 02 1 1 0 1 1 1 0 1 01b5 ffff
3 0 1 3c 1 1 0 1 0 1 1 1 01b7 ffff
3 0 1 05 1 1 0 1 0 1 1 1 01b9 ffff
3 0 1 0d 0 1 0 1 0 1 1 1 01bb ffff
3 0 1 17 0 1 0 1 0 1 1 1 01bd ffff
3 0 1 00 0 1 0 1 0 1 1 1 01bf ffff
3 0 1 05 1 1 0 1 1 1 0 1 01c1 ffff
3 0 1 1d 0 1 0 1 0 1 1 1 01c3 ffff
3 0 1 02 0 1 1 1 0 1 0 1 01c4 ffff
3 0 1 06 0 1 0 1 1 1 0 1 01c6 ffff
3 0 1 0d 1 1 0 1 0 1 1 1 01c8 ffff
3 0 1 09 0 1 0 1 0 1 1 1 01ca ffff
3 0 1 02 1 1 0 1 1 1 0 1 01cc ffff
3 0 1 09 1 1 1 1 0 1 0 1 01cd ffff
3 0 1 05 1 1 0 1 0 1 1 1 01cf ffff
3 0 0 38 1 1 0 1 0 1 0 1 01cf ffff
3 0 1 06 0 1 0 1 1 1 0 1 01d1 ffff
3 0 1 29 0 1 0 1 0 1 1 1 01d3 ffff
3 0 1 25 1 1 0 1 0 1 1 1 01d5 ffff
3 0 0 0f 1 1 0 1 0 1 0 1 01d5 ffff
3 0 0 17 1 1 0 1 0 1 0 1 01d5 ffff
3 0 0 09 1 1 0 1 0 1 0 1 01d5 ffff
3 0 1 06 1 1 1 1 0 1 0 1 01d6 ffff
3 0 1 0d 0 1 0 1 0 1 1 1 01d8 ffff
3 0 1 06 1 1 1 1 0 1 0 1 01d9 ffff
3 0 1 06 1 1 1 1 0 1 0 1 01da ffff
3 0 0 0e 1 1 0 1 0 1 0 1 01da ffff
3 0 1 0d 1 1 1 1 0 1 0 1 01db ffff
3 0 1 27 1 1 0 1 0 1 1 1 01dd ffff
3 0 1 26 1 1 0 1 0 1 1 1 01df ffff
3 0 1 01 1 1 0 1 0 1 1 1 01e1 ffff
3 0 1 01 0 1 1 1 0 1 0 1 01e2 ffff
3 0 1 02 0 1 0 1 0 1 1 1 01e4 ffff
3 0 1 25 0 1 0 1 0 1 1 1 01e6 ffff
3 0 1 0d 1 1 0 1 0 1 1 1 01e8 ffff
3 0 1 05 0 1 0 1 0 1 1 1 01ea ffff
3 0 1 01 1 1 0 1 0 1 1 1 01ec ffff
3 0 1 3e 1 1 0 1 0 1 1 1 01ee ffff
3 0 1 02 0 1 0 1 1 1 0 1 01f0 ffff
3 0 1 0d 0 1 0 1 0 1 1 1 01f2 ffff
3 0 0 05 0 1 0 1 0 1 0 1 01f2 ffff
3 0 1 24 1 1 0 1 0 1 1 1 01f4 ffff
3 0 1 1f 0 1 0 1 0 1 1 1 01f6 ffff
3 0 1 02 1 1 1 1 0 1 0 1 01f7 ffff
3 0 0 06 1 1 0 1 0 1 0 1 01f7 ffff
3 0 1 2b 1 1 0 1 0 1 1 1 01f9 ffff
3 0 1 05 1 1 0 1 0 1 1 1 01fb ffff
3 0 1 39 0 1 0 1 0 1 1 1 01fd ffff
3 0 0 02 0 1 0 1 0 1 0 1 01fd ffff
3 0 1 01 1 1 0 1 0 1 1 1 01ff ffff
3 0 0 27 1 1 0 1 0 1 0 1 01ff ffff
3 0 0 06 1 1 0 1 0 1 0 1 01ff ffff
3 0 1 05 0 1 0 1 0 1 1 1 0201 ffff
3 0 1 0c 0 1 0 1 0 1 1 1 0203 ffff
3 0 1 0d 1 1 0 1 0 1 1 1 0205 ffff
3 0 1 3a 1 1 0 1 0 1 1 1 0207 ffff
3 0 1 3a 0 1 1 1 0 1 0 1 0208 ffff
3 0 1 01 0 1 0 1 0 1 1 1 020a ffff
3 0 1 0d 1 1 0 1 1 1 0 1 020c ffff
3 0 1 05 0 1 0 1 0 1 1 1 020e ffff
3 0 1 37 0 1 0 1 0 1 1 1 0210 ffff
3 0 1 0d 1 1 0 1 1 1 0 1 0212 ffff
3 0 0 09 1 1 0 1 0 1 0 1 0212 ffff
3 0 1 02 0 1 0 1 1 1 0 1 0214 ffff
3 0 1 01 0 1 0 1 0 1 1 1 0216 ffff
3 0 1 19 1 1 0 1 0 1 1 1 0218 ffff
3 0 1 05 0 1 0 1 0 1 1 1 021a ffff
3 0 1 02 1 1 1 1 0 1 0 1 021b ffff
3 0 1 34 1 1 0 1 0 1 1 1 021d ffff
3 0 1 0d 1 1 0 1 0 1 1 1 021f ffff
3 0 1 02 1 1 1 1 0 1 0 1 0220 ffff
3 0 1 3b 1 1 0 1 0 1 1 1 0222 ffff
3 0 0 02 1 1 0 1 0 1 0 1 0222 ffff
3 0 1 2e 1 1 0 1 0 1 1 1 0224 ffff
3 0 0 01 1 1 0 1 0 1 0 1 0224 ffff
3 0 1 3d 0 1 0 1 0 1 1 1 0226 ffff
3 0 1 02 0 1 0 1 1 1 0 1 0228 ffff
3 0 1 31 1 1 0 1 0 1 1 1 022a ffff
3 0 1 37 0 1 0 1 1 1 0 1 022c ffff
3 0 0 09 0 1 0 1 0 1 0 1 022c ffff
3 0 1 02 1 1 1 1 0 1 0 1 022d ffff
3 0 1 1d 0 1 0 1 0 1 1 1 022f ffff
3 0 1 05 1 1 0 1 0 1 1 1 0231 ffff
3 0 1 19 0 1 0 1 0 1 1 1 0233 ffff
3 0 0 09 0 1 0 1 0 1 0 1 0233 ffff
3 0 0 3f 0 1 0 1 0 1 0 1 0233 ffff
3 0 1 02 1 1 1 1 0 1 0 1 0234 ffff
3 0 0 11 1 1 0 1 0 1 0 1 0234 ffff
3 0 1 0f 1 1 0 1 0 1 1 1 0236 ffff
3 0 1 01 1 1 0 1 0 1 1 1 0238 ffff
3 0 1 02 1 1 1 1 0 1 0 1 0239 ffff
3 0 1 06 1 1 0 1 0 1 1 1 023b ffff
3 0 1 01 0 1 1 1 0 1 0 1 023c ffff
3 0 1 04 0 1 0 1 0 1 1 1 023e ffff
3 0 1 0d 0 1 0 1 0 1 1 1 0240 ffff
3 0 1 0d 1 1 1 1 0 1 0 1 0241 ffff
3 0 0 00 1 1 0 1 0 1 0 1 0241 ffff
3 0 1 09 1 1 0 1 0 1 1 1 0243 ffff
3 0 0 05 1 1 0 1 0 1 0 1 0243 ffff
3 0 1 3b 0 1 0 1 0 1 1 1 0245 ffff
3 0 1 23 1 1 0 1 0 1 1 1 0247 ffff
3 0 1 39 0 1 0 1 0 1 1 1 0249 ffff
3 0 1 01 1 1 0 1 0 1 1 1 024b ffff
3 0 1 23 0 1 1 1 0 1 0 1 024c ffff
3 0 1 11 0 1 0 1 0 1 1 1 024e ffff
3 0 1 0d 1 1 0 1 0 1 1 1 0250 ffff
3 0 0 19 1 1 0 1 0 1 0 1 0250 ffff
3 0 0 01 1 1 0 1 0 1 0 1 0250 ffff
3 0 1 19 0 1 0 1 0 1 1 1 0252 ffff
3 0 1 09 1 1 0 1 0 1 1 1 0254 ffff
3 0 1 01 0 1 0 1 0 1 1 1 0256 ffff
3 0 0 11 0 1 0 1 0 1 0 1 0256 ffff
3 0 1 0d 1 1 0 1 0 1 1 1 0258 ffff
3 0 0 05 1 1 0 1 0 1 0 1 0258 ffff
3 0 1 02 0 1 0 1 1 1 0 1 025a ffff
3 0 1 02 1 1 1 1 0 1 0 1 025b ffff
3 0 1 01 0 1 0 1 1 1 0 1 025d ffff
3 0 1 05 1 1 0 1 0 1 1 1 025f ffff
3 0 1 2c 1 1 0 1 0 1 1 1 0261 ffff
3 0 1 20 0 1 0 1 0 1 1 1 0263 ffff
3 0 1 05 0 1 1 1 0 1 0 1 0264 ffff
3 0 1 0d 0 1 0 1 0 1 1 1 0266 ffff
3 0 1 06 1 1 0 1 1 1 0 1 0268 ffff
3 0 1 39 1 1 0 1 0 1 1 1 026a ffff
3 0 0 01 1 1 0 1 0 1 0 1 026a ffff
3 0 1 1a 0 1 0 1 0 1 1 1 026c ffff
3 0 1 09 0 1 0 1 0 1 1 1 026e ffff
3 0 1 0d 1 1 0 1 0 1 1 1 0270 ffff
3 0 0 02 1 1 0 1 0 1 0 1 0270 ffff
3 0 0 06 1 1 0 1 0 1 0 1 0270 ffff
3 0 0 02 1 1 0 1 0 1 0 1 0270 ffff
3 0 1 1b 0 1 0 1 0 1 1 1 0272 ffff
3 0 1 19 0 1 0 1 0 1 1 1 0274 ffff
3 0 1 09 1 1 0 1 0 1 1 1 0276 ffff
3 0 1 09 0 1 1 1 0 1 0 1 0277 ffff
3 0 1 05 0 1 0 1 0 1 1 1 0279 ffff
3 0 0 06 0 1 0 1 0 1 0 1 0279 ffff
3 0 1 01 1 1 0 1 0 1 1 1 027b ffff
3 0 1 06 1 1 0 1 1 1 0 1 027d ffff
3 0 1 01 0 1 1 1 0 1 0 1 027e ffff
3 0 1 06 0 1 1 1 0 1 0 1 027f ffff
3 0 1 06 0 1 1 1 0 1 0 1 0280 ffff
3 0 1 01 0 1 1 1 0 1 0 1 0281 ffff
3 0 1 2d 0 1 0 1 0 1 1 1 0283 ffff
3 0 1 06 0 1 1 1 0 1 0 1 0284 ffff
3 0 1 06 0 1 1 1 0 1 0 1 0285 ffff
3 0 0 0d 0 1 0 1 0 1 0 1 0285 ffff
3 0 1 09 1 1 0 1 0 1 1 1 0287 ffff
3 0 1 03 1 1 0 1 0 1 1 1 0289 ffff
3 0 1 07 0 1 0 1 0 1 1 1 028b ffff
3 0 1 02 0 1 0 1 0 1 1 1 028d ffff
3 0 1 2a 1 1 0 1 0 1 1 1 028f ffff
3 0 0 38 1 1 0 1 0 1 0 1 028f ffff
3 0 1 09 0 1 1 1 0 1 0 1 0290 ffff
3 0 1 09 0 1 1 1 0 1 0 1 0291 ffff
3 0 1 0e 0 1 0 1 0 1 1 1 0293 ffff
3 0 1 1a 1 1 0 1 0 1 1 1 0295 ffff
3 0 1 06 0 1 0 1 0 1 1 1 0297 ffff
3 0 1 09 0 1 1 1 0 1 0 1 0298 ffff
3 0 1 29 0 1 0 1 0 1 1 1 029a ffff
3 0 0 02 0 1 0 1 0 1 0 1 029a ffff
3 0 1 05 1 1 0 1 0 1 1 1 029c ffff
3 0 1 09 0 1 0 1 0 1 1 1 029e ffff
3 0 1 0b 1 1 0 1 0 1 1 1 02a0 ffff
3 0 1 35 1 1 0 1 0 1 1 1 02a2 ffff
3 0 1 09 0 1 0 1 1 1 0 1 02a4 ffff
3 0 1 06 1 1 1 1 0 1 0 1 02a5 ffff
3 0 1 1a 1 1 0 1 1 1 0 1 02a7 ffff
3 0 1 27 0 1 0 1 0 1 1 1 02a9 ffff
3 0 1 09 1 1 1 1 0 1 0 1 02aa ffff
3 0 1 06 0 1 0 1 1 1 0 1 02ac ffff
3 0 1 24 1 1 0 1 0 1 1 1 02ae ffff
3 0 0 18 1 1 0 1 0 1 0 1 02ae ffff
3 0 1 3d 1 1 0 1 0 1 1 1 02b0 ffff
3 0 0 1c 1 1 0 1 0 1 0 1 02b0 ffff
3 0 1 3f 1 1 0 1 0 1 1 1 02b2 ffff
3 0 0 06 1 1 0 1 0 1 0 1 02b2 ffff
3 0 1 0d 0 1 0 1 0 1 1 1 02b4 ffff
3 0 1 01 1 1 0 1 0 1 1 1 02b6 ffff
3 0 1 09 0 1 0 1 0 1 1 1 02b8 ffff
3 0 1 30 0 1 0 1 0 1 1 1 02ba ffff
3 0 1 02 1 1 0 1 0 1 1 1 02bc ffff
3 0 1 06 0 1 0 1 1 1 0 1 02be ffff
3 0 1 21 1 1 0 1 0 1 1 1 02c0 ffff
3 0 0 05 1 1 0 1 0 1 0 1 02c0 ffff
3 0 1 23 0 1 0 1 0 1 1 1 02c2 ffff
3 0 0 10 0 1 0 1 0 1 0 1 02c2 ffff
3 0 1 2c 1 1 0 1 0 1 1 1 02c4 ffff
3 0 1 04 0 1 0 1 0 1 1 1 02c6 ffff
3 0 0 38 0 1 0 1 0 1 0 1 02c6 ffff
3 0 1 05 0 1 0 1 0 1 1 1 02c8 ffff
3 0 1 3e 1 1 0 1 0 1 1 1 02ca ffff
3 0 1 06 0 1 0 1 1 1 0 1 02cc ffff
3 0 1 06 1 1 1 1 0 1 0 1 02cd ffff
3 0 1 2b 1 1 0 1 0 1 1 1 02cf ffff
3 0 1 01 1 1 0 1 0 1 1 1 02d1 ffff
3 0 0 06 1 1 0 1 0 1 0 1 02d1 ffff
3 0 1 01 0 1 1 1 0 1 0 1 02d2 ffff
3 0 1 06 1 1 1 1 0 1 0 1 02d3 ffff
3 0 1 05 0 1 0 1 1 1 0 1 02d5 ffff
3 0 1 04 1 1 1 1 0 1 0 1 02d6 ffff
3 0 1 06 1 1 1 1 0 1 0 1 02d7 ffff
3 0 1 05 1 1 1 1 0 1 0 1 02d8 ffff
3 0 1 1d 1 1 0 1 0 1 1 1 02da ffff
3 0 1 2a 1 1 0 1 0 1 1 1 02dc ffff
3 0 1 01 0 1 0 1 0 1 1 1 02de ffff
3 0 1 27 0 1 0 1 0 1 1 1 02e0 ffff
3 0 1 10 1 1 0 1 0 1 1 1 02e2 ffff
3 0 1 11 1 1 0 1 0 1 1 1 02e4 ffff
3 0 1 03 1 1 0 1 0 1 1 1 02e6 ffff
3 0 1 0d 0 1 0 1 0 1 1 1 02e8 ffff
3 0 1 0d 1 1 1 1 0 1 0 1 02e9 ffff
3 0 1 09 1 1 0 1 0 1 1 1 02eb ffff
3 0 1 09 0 1 1 1 0 1 0 1 02ec ffff
3 0 0 06 0 1 0 1 0 1 0 1 02ec ffff
3 0 1 2a 0 1 1 1 0 1 0 1 02ed ffff
3 0 1 06 0 1 0 1 1 1 0 1 02ef ffff
3 0 1 08 0 1 0 1 0 1 1 1 02f1 ffff
3 0 1 05 0 1 0 1 0 1 1 1 02f3 ffff
3 0 1 01 1 1 0 1 0 1 1 1 02f5 ffff
3 0 1 2c 1 1 0 1 0 1 1 1 02f7 ffff
3 0 0 30 1 1 0 1 0 1 0 1 02f7 ffff
3 0 1 09 0 1 0 1 0 1 1 1 02f9 ffff
3 0 0 01 0 1 0 1 0 1 0 1 02f9 ffff
3 0 1 0d 1 1 0 1 0 1 1 1 02fb ffff
3 0 1 02 1 1 0 1 0 1 1 1 02fd ffff
3 0 1 0d 0 1 1 1 0 1 0 1 02fe ffff
3 0 1 02 0 1 1 1 0 1 0 1 02ff ffff
3 0 1 01 0 1 0 1 0 1 1 1 0301 ffff
3 0 0 01 0 1 0 1 0 1 0 1 0301 ffff
3 0 1 06 0 1 0 1 1 1 0 1 0303 ffff
3 0 1 0b 0 1 0 1 0 1 1 1 0305 ffff
3 0 1 23 1 1 0 1 0 1 1 1 0307 ffff
3 0 1 0d 1 1 0 1 1 1 0 1 0309 ffff
3 0 1 02 1 1 0 1 1 1 0 1 030b ffff
3 0 0 01 1 1 0 1 0 1 0 1 030b ffff
3 0 1 02 0 1 1 1 0 1 0 1 030c ffff
3 0 1 0d 0 1 1 1 0 1 0 1 030d ffff
3 0 0 01 0 1 0 1 0 1 0 1 030d ffff
3 0 0 1f 0 1 0 1 0 1 0 1 030d ffff
3 0 1 0f 0 1 0 1 0 1 1 1 030f ffff
3 0 1 2d 0 1 0 1 0 1 1 1 0311 ffff
3 0 1 05 1 1 0 1 0 1 1 1 0313 ffff
3 0 1 06 0 1 0 1 1 1 0 1 0315 ffff
3 0 1 0f 1 1 1 1 0 1 0 1 0316 ffff
3 0 1 06 1 1 1 1 0 1 0 1 0317 ffff
3 0 1 35 0 1 0 1 0 1 1 1 0319 ffff
3 0 1 12 1 1 0 1 0 1 1 1 031b ffff
3 0 1 05 1 1 0 1 1 1 0 1 031d ffff
3 0 1 30 0 1 0 1 0 1 1 1 031f ffff
3 0 1 32 0 1 0 1 0 1 1 1 0321 ffff
3 0 0 30 0 1 0 1 0 1 0 1 0321 ffff
3 0 1 22 1 1 0 1 0 1 1 1 0323 ffff
3 0 1 1a 0 1 0 1 0 1 1 1 0325 ffff
3 0 1 01 0 1 0 1 0 1 1 1 0327 ffff
3 0 1 0a 1 1 0 1 0 1 1 1 0329 ffff
3 0 1 05 1 1 0 1 1 1 0 1 032b ffff
3 0 1 02 0 1 0 1 0 1 1 1 032d ffff
3 0 0 0d 0 1 0 1 0 1 0 1 032d ffff
3 0 0 09 0 1 0 1 0 1 0 1 032d ffff
