0 1 0 00 0 1 1 0 1 00000000 00000000
0 0 1 11 0 1 1 0 1 00000000 00000000
0 0 1 22 0 1 1 0 1 00000000 00000000
0 0 1 33 0 1 1 0 1 00000000 00000000
0 0 1 44 0 0 1 1 1 44332211 ffffffff
0 0 0 00 1 1 1 0 1 00000000 00000000
1 0 1 55 0 1 1 0 1 00000000 00000000
1 0 1 66 0 1 1 0 1 00000000 00000000
1 0 1 77 0 1 1 0 1 00000000 00000000
1 0 1 88 0 0 1 1 1 88776655 ffffffff
1 0 1 99 0 0 1 1 1 88776655 ffffffff
1 0 1 ee 0 0 1 1 1 88776655 ffffffff
1 0 1 ee 0 0 1 1 1 88776655 ffffffff
1 0 1 ee 0 0 1 1 1 88776655 ffffffff
1 0 0 00 1 1 1 0 1 00000000 00000000
2 0 1 00 1 1 1 0 1 00000000 00000000
2 0 1 01 1 1 1 0 1 00000000 00000000
2 0 1 02 1 1 1 0 1 00000000 00000000
2 0 1 03 1 1 1 1 1 03020100 ffffffff
2 0 1 04 1 1 1 0 1 00000000 00000000
2 0 1 05 1 1 1 0 1 00000000 00000000
2 0 1 06 1 1 1 0 1 00000000 00000000
2 0 1 07 1 1 1 1 1 07060504 ffffffff
2 0 1 08 1 1 1 0 1 00000000 00000000
2 0 1 09 1 1 1 0 1 00000000 00000000
2 0 1 0a 1 1 1 0 1 00000000 00000000
2 0 1 0b 1 1 1 1 1 0b0a0908 ffffffff
2 0 1 0c 1 1 1 0 1 00000000 00000000
2 0 1 0d 1 1 1 0 1 00000000 00000000
2 0 1 0e 1 1 1 0 1 00000000 00000000
2 0 1 0f 1 1 1 1 1 0f0e0d0c ffffffff
2 0 1 10 1 1 1 0 1 00000000 00000000
2 0 1 11 1 1 1 0 1 00000000 00000000
2 0 1 12 1 1 1 0 1 00000000 00000000
2 0 1 13 1 1 1 1 1 13121110 ffffffff
2 0 1 14 1 1 1 0 1 00000000 00000000
2 0 1 15 1 1 1 0 1 00000000 00000000
2 0 1 16 1 1 1 0 1 00000000 00000000
2 0 1 17 1 1 1 1 1 17161514 ffffffff
3 0 1 57 1 1 1 0 1 00000000 00000000
3 0 1 e3 1 1 1 0 1 00000000 00000000
3 0 0 bd 1 1 1 0 1 00000000 00000000
3 0 0 54 1 1 1 0 1 00000000 00000000
3 0 1 82 1 1 1 0 1 00000000 00000000
3 0 1 fa 0 0 1 1 1 fa82e357 ffffffff
3 0 1 05 0 0 1 1 1 fa82e357 ffffffff
3 0 1 74 0 0 1 1 1 fa82e357 ffffffff
3 0 1 26 1 1 1 0 1 00000000 00000000
3 0 1 f3 1 1 1 0 1 00000000 00000000
3 0 1 f4 0 1 1 0 1 00000000 00000000
3 0 1 c0 1 1 1 1 1 c0f4f326 ffffffff
3 0 1 9e 1 1 1 0 1 00000000 00000000
3 0 1 4a 1 1 1 0 1 00000000 00000000
3 0 1 1e 1 1 1 0 1 00000000 00000000
3 0 1 48 1 1 1 1 1 481e4a9e ffffffff
3 0 1 2c 0 0 1 1 1 481e4a9e ffffffff
3 0 0 79 1 1 1 0 1 00000000 00000000
3 0 0 1a 0 1 1 0 1 00000000 00000000
3 0 0 ea 1 1 1 0 1 00000000 00000000
3 0 0 75 0 1 1 0 1 00000000 00000000
3 0 1 b0 1 1 1 0 1 00000000 00000000
3 0 1 f4 0 1 1 0 1 00000000 00000000
3 0 1 53 0 1 1 0 1 00000000 00000000
3 0 0 bb 1 1 1 0 1 00000000 00000000
3 0 1 9f 1 1 1 1 1 9f53f4b0 ffffffff
3 0 0 5c 0 0 1 1 1 9f53f4b0 ffffffff
3 0 1 b4 0 0 1 1 1 9f53f4b0 ffffffff
3 0 1 2d 1 1 1 0 1 00000000 00000000
3 0 1 99 1 1 1 0 1 00000000 00000000
3 0 1 90 1 1 1 0 1 00000000 00000000
3 0 1 7c 1 1 1 1 1 7c90992d ffffffff
3 0 1 42 1 1 1 0 1 00000000 00000000
3 0 1 02 0 1 1 0 1 00000000 00000000
3 0 1 6f 0 1 1 0 1 00000000 00000000
3 0 1 e2 1 1 1 1 1 e26f0242 ffffffff
3 0 1 69 1 1 1 0 1 00000000 00000000
3 0 0 25 1 1 1 0 1 00000000 00000000
3 0 1 34 1 1 1 0 1 00000000 00000000
3 0 1 8b 1 1 1 0 1 00000000 00000000
3 0 1 03 0 0 1 1 1 038b3469 ffffffff
3 0 0 7f 0 0 1 1 1 038b3469 ffffffff
3 0 1 c9 1 1 1 0 1 00000000 00000000
3 0 1 3c 1 1 1 0 1 00000000 00000000
3 0 1 35 1 1 1 0 1 00000000 00000000
3 0 0 e9 1 1 1 0 1 00000000 00000000
3 0 0 17 1 1 1 0 1 00000000 00000000
3 0 0 9f 1 1 1 0 1 00000000 00000000
3 0 0 9e 1 1 1 0 1 00000000 00000000
3 0 1 28 0 0 1 1 1 28353cc9 ffffffff
3 0 1 9c 1 1 1 0 1 00000000 00000000
3 0 1 53 1 1 1 0 1 00000000 00000000
3 0 1 2a 1 1 1 0 1 00000000 00000000
3 0 1 a9 1 1 1 1 1 a92a539c ffffffff
3 0 1 d8 0 0 1 1 1 a92a539c ffffffff
3 0 1 9d 0 0 1 1 1 a92a539c ffffffff
3 0 1 c6 0 0 1 1 1 a92a539c ffffffff
3 0 1 92 0 0 1 1 1 a92a539c ffffffff
3 0 0 6d 1 1 1 0 1 00000000 00000000
3 0 1 44 1 1 1 0 1 00000000 00000000
3 0 1 6f 1 1 1 0 1 00000000 00000000
3 0 0 7a 0 1 1 0 1 00000000 00000000
3 0 1 2b 0 1 1 0 1 00000000 00000000
3 0 1 74 0 0 1 1 1 742b6f44 ffffffff
3 0 1 53 1 1 1 0 1 00000000 00000000
3 0 0 33 1 1 1 0 1 00000000 00000000
3 0 0 19 1 1 1 0 1 00000000 00000000
3 0 1 bd 1 1 1 0 1 00000000 00000000
3 0 1 b7 1 1 1 0 1 00000000 00000000
3 0 1 c5 0 0 1 1 1 c5b7bd53 ffffffff
3 0 0 73 0 0 1 1 1 c5b7bd53 ffffffff
3 0 1 41 1 1 1 0 1 00000000 00000000
3 0 0 1c 0 1 1 0 1 00000000 00000000
3 0 1 97 0 1 1 0 1 00000000 00000000
3 0 1 34 1 1 1 0 1 00000000 00000000
3 0 0 a8 1 1 1 0 1 00000000 00000000
3 0 1 47 1 1 1 1 1 47349741 ffffffff
3 0 0 4f 1 1 1 0 1 00000000 00000000
3 0 1 d6 1 1 1 0 1 00000000 00000000
3 0 0 05 0 1 1 0 1 00000000 00000000
3 0 0 70 0 1 1 0 1 00000000 00000000
3 0 1 23 1 1 1 0 1 00000000 00000000
3 0 0 9f 0 1 1 0 1 00000000 00000000
3 0 1 e3 0 1 1 0 1 00000000 00000000
3 0 1 f8 1 1 1 1 1 f8e323d6 ffffffff
3 0 0 04 1 1 1 0 1 00000000 00000000
3 0 1 cd 1 1 1 0 1 00000000 00000000
3 0 0 3b 0 1 1 0 1 00000000 00000000
3 0 1 1d 0 1 1 0 1 00000000 00000000
3 0 0 c6 0 1 1 0 1 00000000 00000000
3 0 1 8b 0 1 1 0 1 00000000 00000000
3 0 1 c5 1 1 1 1 1 c58b1dcd ffffffff
3 0 0 cf 0 0 1 1 1 c58b1dcd ffffffff
3 0 1 dc 0 0 1 1 1 c58b1dcd ffffffff
3 0 1 2f 1 1 1 0 1 00000000 00000000
3 0 1 42 0 1 1 0 1 00000000 00000000
3 0 1 e9 1 1 1 0 1 00000000 00000000
3 0 1 29 0 0 1 1 1 29e9422f ffffffff
3 0 1 2a 0 0 1 1 1 29e9422f ffffffff
3 0 1 a0 0 0 1 1 1 29e9422f ffffffff
3 0 0 bf 1 1 1 0 1 00000000 00000000
3 0 1 67 1 1 1 0 1 00000000 00000000
3 0 1 06 1 1 1 0 1 00000000 00000000
3 0 1 db 1 1 1 0 1 00000000 00000000
3 0 1 b2 0 0 1 1 1 b2db0667 ffffffff
3 0 0 d4 1 1 1 0 1 00000000 00000000
3 0 1 31 1 1 1 0 1 00000000 00000000
3 0 1 ba 1 1 1 0 1 00000000 00000000
3 0 1 87 1 1 1 0 1 00000000 00000000
3 0 1 81 1 1 1 1 1 8187ba31 ffffffff
3 0 1 b4 0 0 1 1 1 8187ba31 ffffffff
3 0 1 93 1 1 1 0 1 00000000 00000000
3 0 0 2a 1 1 1 0 1 00000000 00000000
3 0 0 f0 1 1 1 0 1 00000000 00000000
3 0 1 dc 0 1 1 0 1 00000000 00000000
3 0 1 13 0 1 1 0 1 00000000 00000000
3 0 1 b0 1 1 1 1 1 b013dc93 ffffffff
3 0 1 d6 1 1 1 0 1 00000000 00000000
3 0 1 b4 0 1 1 0 1 00000000 00000000
3 0 1 f5 1 1 1 0 1 00000000 00000000
3 0 1 41 1 1 1 1 1 41f5b4d6 ffffffff
3 0 1 66 1 1 1 0 1 00000000 00000000
3 0 0 52 1 1 1 0 1 00000000 00000000
3 0 1 46 0 1 1 0 1 00000000 00000000
3 0 1 19 1 1 1 0 1 00000000 00000000
3 0 1 4f 0 0 1 1 1 4f194666 ffffffff
3 0 1 08 0 0 1 1 1 4f194666 ffffffff
3 0 0 07 1 1 1 0 1 00000000 00000000
3 0 0 fb 1 1 1 0 1 00000000 00000000
3 0 1 52 1 1 1 0 1 00000000 00000000
3 0 0 1b 0 1 1 0 1 00000000 00000000
3 0 1 20 0 1 1 0 1 00000000 00000000
3 0 0 a6 1 1 1 0 1 00000000 00000000
3 0 0 c3 1 1 1 0 1 00000000 00000000
3 0 1 55 1 1 1 0 1 00000000 00000000
3 0 1 00 1 1 1 1 1 00552052 ffffffff
3 0 0 b0 1 1 1 0 1 00000000 00000000
3 0 0 71 0 1 1 0 1 00000000 00000000
3 0 1 eb 0 1 1 0 1 00000000 00000000
3 0 1 b5 0 1 1 0 1 00000000 00000000
3 0 1 0f 1 1 1 0 1 00000000 00000000
3 0 1 0e 0 0 1 1 1 0e0fb5eb ffffffff
3 0 1 29 0 0 1 1 1 0e0fb5eb ffffffff
3 0 1 c5 1 1 1 0 1 00000000 00000000
3 0 0 ee 1 1 1 0 1 00000000 00000000
3 0 1 5d 0 1 1 0 1 00000000 00000000
3 0 1 16 1 1 1 0 1 00000000 00000000
3 0 1 29 1 1 1 1 1 29165dc5 ffffffff
3 0 1 04 1 1 1 0 1 00000000 00000000
3 0 1 bf 1 1 1 0 1 00000000 00000000
3 0 1 28 1 1 1 0 1 00000000 00000000
3 0 1 f8 0 0 1 1 1 f828bf04 ffffffff
3 0 1 7b 1 1 1 0 1 00000000 00000000
3 0 1 fb 0 1 1 0 1 00000000 00000000
3 0 1 fc 1 1 1 0 1 00000000 00000000
3 0 0 22 1 1 1 0 1 00000000 00000000
3 0 1 65 0 0 1 1 1 65fcfb7b ffffffff
3 0 0 f6 1 1 1 0 1 00000000 00000000
3 0 1 f0 1 1 1 0 1 00000000 00000000
3 0 0 7a 1 1 1 0 1 00000000 00000000
3 0 1 0a 1 1 1 0 1 00000000 00000000
3 0 1 5e 1 1 1 0 1 00000000 00000000
3 0 1 fd 1 1 1 1 1 fd5e0af0 ffffffff
3 0 1 23 0 0 1 1 1 fd5e0af0 ffffffff
3 0 1 0c 0 0 1 1 1 fd5e0af0 ffffffff
3 0 1 fa 1 1 1 0 1 00000000 00000000
3 0 1 d7 1 1 1 0 1 00000000 00000000
3 0 1 d4 1 1 1 0 1 00000000 00000000
3 0 1 89 1 1 1 1 1 89d4d7fa ffffffff
3 0 1 77 1 1 1 0 1 00000000 00000000
3 0 1 6d 0 1 1 0 1 00000000 00000000
3 0 1 d9 0 1 1 0 1 00000000 00000000
3 0 1 ba 1 1 1 1 1 bad96d77 ffffffff
3 0 0 e2 0 0 1 1 1 bad96d77 ffffffff
3 0 1 e3 1 1 1 0 1 00000000 00000000
3 0 1 10 0 1 1 0 1 00000000 00000000
3 0 0 04 1 1 1 0 1 00000000 00000000
3 0 1 56 1 1 1 0 1 00000000 00000000
3 0 1 a8 0 0 1 1 1 a85610e3 ffffffff
3 0 0 11 1 1 1 0 1 00000000 00000000
3 0 1 19 0 1 1 0 1 00000000 00000000
3 0 1 5b 1 1 1 0 1 00000000 00000000
3 0 1 34 1 1 1 0 1 00000000 00000000
3 0 1 c1 1 1 1 1 1 c1345b19 ffffffff
3 0 1 08 0 0 1 1 1 c1345b19 ffffffff
3 0 1 f6 1 1 1 0 1 00000000 00000000
3 0 1 62 1 1 1 0 1 00000000 00000000
3 0 1 9c 1 1 1 0 1 00000000 00000000
3 0 0 43 0 1 1 0 1 00000000 00000000
3 0 1 e9 0 0 1 1 1 e99c62f6 ffffffff
3 0 1 f6 1 1 1 0 1 00000000 00000000
3 0 1 f3 1 1 1 0 1 00000000 00000000
3 0 1 15 1 1 1 0 1 00000000 00000000
3 0 0 78 1 1 1 0 1 00000000 00000000
3 0 1 1b 0 0 1 1 1 1b15f3f6 ffffffff
3 0 0 11 1 1 1 0 1 00000000 00000000
3 0 1 2b 0 1 1 0 1 00000000 00000000
3 0 1 81 1 1 1 0 1 00000000 00000000
3 0 0 2c 1 1 1 0 1 00000000 00000000
3 0 0 07 0 1 1 0 1 00000000 00000000
3 0 1 ee 1 1 1 0 1 00000000 00000000
3 0 0 08 0 1 1 0 1 00000000 00000000
3 0 1 a7 0 0 1 1 1 a7ee812b ffffffff
3 0 0 5f 1 1 1 0 1 00000000 00000000
3 0 0 44 0 1 1 0 1 00000000 00000000
3 0 1 93 1 1 1 0 1 00000000 00000000
3 0 1 01 1 1 1 0 1 00000000 00000000
3 0 1 75 1 1 1 0 1 00000000 00000000
3 0 0 13 0 1 1 0 1 00000000 00000000
3 0 1 c3 0 0 1 1 1 c3750193 ffffffff
3 0 0 5b 1 1 1 0 1 00000000 00000000
3 0 1 89 0 1 1 0 1 00000000 00000000
3 0 0 99 1 1 1 0 1 00000000 00000000
3 0 1 fc 1 1 1 0 1 00000000 00000000
3 0 1 5d 1 1 1 0 1 00000000 00000000
3 0 1 7e 0 0 1 1 1 7e5dfc89 ffffffff
3 0 1 e7 0 0 1 1 1 7e5dfc89 ffffffff
3 0 1 12 1 1 1 0 1 00000000 00000000
3 0 0 9d 0 1 1 0 1 00000000 00000000
3 0 1 c3 0 1 1 0 1 00000000 00000000
3 0 1 d9 1 1 1 0 1 00000000 00000000
3 0 1 8b 1 1 1 1 1 8bd9c312 ffffffff
3 0 0 a8 0 0 1 1 1 8bd9c312 ffffffff
3 0 1 f9 0 0 1 1 1 8bd9c312 ffffffff
3 0 1 cd 0 0 1 1 1 8bd9c312 ffffffff
3 0 1 43 1 1 1 0 1 00000000 00000000
3 0 1 3b 0 1 1 0 1 00000000 00000000
3 0 1 5c 1 1 1 0 1 00000000 00000000
3 0 1 3b 1 1 1 1 1 3b5c3b43 ffffffff
3 0 1 64 0 0 1 1 1 3b5c3b43 ffffffff
3 0 1 ae 0 0 1 1 1 3b5c3b43 ffffffff
3 0 1 17 0 0 1 1 1 3b5c3b43 ffffffff
3 0 1 43 0 0 1 1 1 3b5c3b43 ffffffff
3 0 0 79 0 0 1 1 1 3b5c3b43 ffffffff
3 0 1 16 1 1 1 0 1 00000000 00000000
3 0 0 9b 1 1 1 0 1 00000000 00000000
3 0 0 d6 1 1 1 0 1 00000000 00000000
3 0 0 a0 1 1 1 0 1 00000000 00000000
3 0 1 c5 1 1 1 0 1 00000000 00000000
3 0 1 ef 1 1 1 0 1 00000000 00000000
3 0 1 e8 1 1 1 1 1 e8efc516 ffffffff
3 0 1 8c 1 1 1 0 1 00000000 00000000
3 0 1 c4 0 1 1 0 1 00000000 00000000
3 0 1 99 1 1 1 0 1 00000000 00000000
3 0 0 d3 1 1 1 0 1 00000000 00000000
3 0 0 b8 0 1 1 0 1 00000000 00000000
3 0 0 d7 0 1 1 0 1 00000000 00000000
3 0 1 43 1 1 1 1 1 4399c48c ffffffff
3 0 0 75 1 1 1 0 1 00000000 00000000
3 0 1 a1 1 1 1 0 1 00000000 00000000
3 0 0 47 1 1 1 0 1 00000000 00000000
3 0 1 48 0 1 1 0 1 00000000 00000000
3 0 0 a3 0 1 1 0 1 00000000 00000000
3 0 1 8f 1 1 1 0 1 00000000 00000000
3 0 1 6c 1 1 1 1 1 6c8f48a1 ffffffff
3 0 1 59 0 0 1 1 1 6c8f48a1 ffffffff
3 0 0 0d 0 0 1 1 1 6c8f48a1 ffffffff
3 0 1 14 1 1 1 0 1 00000000 00000000
3 1 1 d1 0 1 1 0 1 00000000 00000000
3 0 1 b0 0 1 1 0 1 00000000 00000000
3 0 1 04 1 1 1 0 1 00000000 00000000
3 0 1 53 1 1 1 0 1 00000000 00000000
3 0 1 f7 1 1 1 1 1 f75304b0 ffffffff
3 0 1 6b 0 0 1 1 1 f75304b0 ffffffff
3 0 1 1c 1 1 1 0 1 00000000 00000000
3 0 1 40 0 1 1 0 1 00000000 00000000
3 0 1 ba 1 1 1 0 1 00000000 00000000
3 0 0 d7 0 1 1 0 1 00000000 00000000
3 0 0 ea 0 1 1 0 1 00000000 00000000
3 0 1 7e 0 0 1 1 1 7eba401c ffffffff
3 0 1 b4 0 0 1 1 1 7eba401c ffffffff
3 0 1 16 0 0 1 1 1 7eba401c ffffffff
3 0 1 f1 1 1 1 0 1 00000000 00000000
3 0 1 b3 0 1 1 0 1 00000000 00000000
3 0 1 68 1 1 1 0 1 00000000 00000000
3 0 1 c0 0 0 1 1 1 c068b3f1 ffffffff
3 0 1 94 1 1 1 0 1 00000000 00000000
3 0 1 63 1 1 1 0 1 00000000 00000000
3 0 1 af 0 1 1 0 1 00000000 00000000
3 0 1 9c 1 1 1 1 1 9caf6394 ffffffff
3 0 1 bd 1 1 1 0 1 00000000 00000000
3 0 1 39 1 1 1 0 1 00000000 00000000
3 0 0 3c 0 1 1 0 1 00000000 00000000
3 0 1 21 0 1 1 0 1 00000000 00000000
3 0 1 f6 1 1 1 1 1 f62139bd ffffffff
3 0 1 60 0 0 1 1 1 f62139bd ffffffff
3 0 0 92 0 0 1 1 1 f62139bd ffffffff
3 0 1 b8 0 0 1 1 1 f62139bd ffffffff
3 0 1 2f 0 0 1 1 1 f62139bd ffffffff
3 0 0 49 1 1 1 0 1 00000000 00000000
3 0 1 e0 1 1 1 0 1 00000000 00000000
3 0 0 35 1 1 1 0 1 00000000 00000000
3 0 0 4b 1 1 1 0 1 00000000 00000000
3 0 0 5c 1 1 1 0 1 00000000 00000000
3 0 1 19 1 1 1 0 1 00000000 00000000
3 0 0 6a 1 1 1 0 1 00000000 00000000
3 0 1 bc 0 1 1 0 1 00000000 00000000
3 0 1 80 0 0 1 1 1 80bc19e0 ffffffff
3 0 1 03 1 1 1 0 1 00000000 00000000
3 0 0 23 0 1 1 0 1 00000000 00000000
3 0 0 bf 0 1 1 0 1 00000000 00000000
3 0 1 22 1 1 1 0 1 00000000 00000000
3 0 1 4b 1 1 1 0 1 00000000 00000000
3 0 1 23 0 0 1 1 1 234b2203 ffffffff
3 0 1 8a 1 1 1 0 1 00000000 00000000
3 0 1 fc 1 1 1 0 1 00000000 00000000
3 0 1 2b 1 1 1 0 1 00000000 00000000
3 0 1 5c 1 1 1 1 1 5c2bfc8a ffffffff
3 0 1 54 1 1 1 0 1 00000000 00000000
3 0 1 e7 1 1 1 0 1 00000000 00000000
3 0 1 1b 1 1 1 0 1 00000000 00000000
3 0 1 0f 0 0 1 1 1 0f1be754 ffffffff
3 0 1 2c 1 1 1 0 1 00000000 00000000
3 0 0 15 1 1 1 0 1 00000000 00000000
3 0 1 f1 1 1 1 0 1 00000000 00000000
3 0 1 af 1 1 1 0 1 00000000 00000000
3 0 1 ed 1 1 1 1 1 edaff12c ffffffff
3 0 1 21 0 0 1 1 1 edaff12c ffffffff
3 0 0 79 1 1 1 0 1 00000000 00000000
3 0 1 e7 1 1 1 0 1 00000000 00000000
3 0 1 ac 1 1 1 0 1 00000000 00000000
3 0 1 df 1 1 1 0 1 00000000 00000000
3 0 1 0d 1 1 1 1 1 0ddface7 ffffffff
3 0 1 09 1 1 1 0 1 00000000 00000000
3 0 1 2a 1 1 1 0 1 00000000 00000000
3 0 1 54 1 1 1 0 1 00000000 00000000
3 0 0 82 1 1 1 0 1 00000000 00000000
3 0 0 93 1 1 1 0 1 00000000 00000000
3 0 1 fe 1 1 1 1 1 fe542a09 ffffffff
3 0 1 15 0 0 1 1 1 fe542a09 ffffffff
3 0 1 b0 1 1 1 0 1 00000000 00000000
3 0 1 2d 0 1 1 0 1 00000000 00000000
3 0 1 06 0 1 1 0 1 00000000 00000000
3 0 0 19 1 1 1 0 1 00000000 00000000
3 0 1 d5 1 1 1 1 1 d5062db0 ffffffff
3 0 0 1e 0 0 1 1 1 d5062db0 ffffffff
3 0 0 13 0 0 1 1 1 d5062db0 ffffffff
3 0 1 84 0 0 1 1 1 d5062db0 ffffffff
3 0 1 5d 1 1 1 0 1 00000000 00000000
3 0 1 29 1 1 1 0 1 00000000 00000000
3 0 0 b2 0 1 1 0 1 00000000 00000000
3 0 1 c2 1 1 1 0 1 00000000 00000000
3 0 1 5b 1 1 1 1 1 5bc2295d ffffffff
3 0 0 7b 0 0 1 1 1 5bc2295d ffffffff
3 0 1 02 1 1 1 0 1 00000000 00000000
3 0 0 a9 0 1 1 0 1 00000000 00000000
3 0 1 c6 0 1 1 0 1 00000000 00000000
3 0 1 5f 1 1 1 0 1 00000000 00000000
3 0 1 46 1 1 1 1 1 465fc602 ffffffff
3 0 0 77 1 1 1 0 1 00000000 00000000
3 0 0 c5 0 1 1 0 1 00000000 00000000
3 0 1 4f 0 1 1 0 1 00000000 00000000
3 0 1 12 0 1 1 0 1 00000000 00000000
3 0 0 e7 1 1 1 0 1 00000000 00000000
3 0 0 f2 1 1 1 0 1 00000000 00000000
3 0 0 02 1 1 1 0 1 00000000 00000000
3 0 0 a6 1 1 1 0 1 00000000 00000000
3 0 1 13 1 1 1 0 1 00000000 00000000
3 0 1 82 1 1 1 1 1 8213124f ffffffff
3 0 1 25 1 1 1 0 1 00000000 00000000
3 0 1 2b 0 1 1 0 1 00000000 00000000
3 0 1 b2 1 1 1 0 1 00000000 00000000
3 0 0 f4 0 1 1 0 1 00000000 00000000
3 0 1 af 1 1 1 1 1 afb22b25 ffffffff
3 0 0 ab 0 0 1 1 1 afb22b25 ffffffff
3 0 0 70 1 1 1 0 1 00000000 00000000
3 0 1 45 1 1 1 0 1 00000000 00000000
3 0 1 f1 0 1 1 0 1 00000000 00000000
3 0 0 48 1 1 1 0 1 00000000 00000000
3 0 0 17 1 1 1 0 1 00000000 00000000
3 0 1 23 1 1 1 0 1 00000000 00000000
3 0 1 b0 0 0 1 1 1 b023f145 ffffffff
3 0 0 18 0 0 1 1 1 b023f145 ffffffff
3 0 0 87 1 1 1 0 1 00000000 00000000
3 0 1 b7 1 1 1 0 1 00000000 00000000
3 0 1 28 0 1 1 0 1 00000000 00000000
3 0 0 1a 0 1 1 0 1 00000000 00000000
3 0 1 1c 1 1 1 0 1 00000000 00000000
3 0 1 28 1 1 1 1 1 281c28b7 ffffffff
3 0 1 59 1 1 1 0 1 00000000 00000000
3 0 1 fd 1 1 1 0 1 00000000 00000000
3 0 1 ba 0 1 1 0 1 00000000 00000000
3 0 1 aa 1 1 1 1 1 aabafd59 ffffffff
3 0 1 b5 1 1 1 0 1 00000000 00000000
3 0 1 74 1 1 1 0 1 00000000 00000000
3 0 0 16 1 1 1 0 1 00000000 00000000
3 0 1 fa 0 1 1 0 1 00000000 00000000
3 0 1 a8 0 0 1 1 1 a8fa74b5 ffffffff
3 0 1 19 1 1 1 0 1 00000000 00000000
3 0 1 0d 1 1 1 0 1 00000000 00000000
3 0 1 c9 1 1 1 0 1 00000000 00000000
3 0 1 73 1 1 1 1 1 73c90d19 ffffffff
3 0 0 89 0 0 1 1 1 73c90d19 ffffffff
3 0 0 57 1 1 1 0 1 00000000 00000000
3 0 0 b0 0 1 1 0 1 00000000 00000000
3 0 1 87 1 1 1 0 1 00000000 00000000
3 0 1 9e 0 1 1 0 1 00000000 00000000
3 0 1 fb 0 1 1 0 1 00000000 00000000
3 0 0 d5 1 1 1 0 1 00000000 00000000
3 0 1 45 1 1 1 1 1 45fb9e87 ffffffff
3 0 1 1b 1 1 1 0 1 00000000 00000000
3 0 1 a4 0 1 1 0 1 00000000 00000000
3 0 1 96 0 1 1 0 1 00000000 00000000
3 0 1 47 1 1 1 1 1 4796a41b ffffffff
3 0 1 b9 1 1 1 0 1 00000000 00000000
3 0 1 fa 1 1 1 0 1 00000000 00000000
3 0 0 38 1 1 1 0 1 00000000 00000000
3 0 1 ce 0 1 1 0 1 00000000 00000000
3 0 0 aa 1 1 1 0 1 00000000 00000000
3 0 0 c0 1 1 1 0 1 00000000 00000000
3 0 0 cc 1 1 1 0 1 00000000 00000000
3 0 1 f2 1 1 1 1 1 f2cefab9 ffffffff
3 0 0 4c 0 0 1 1 1 f2cefab9 ffffffff
3 0 1 1a 0 0 1 1 1 f2cefab9 ffffffff
3 0 1 db 0 0 1 1 1 f2cefab9 ffffffff
3 0 1 51 0 0 1 1 1 f2cefab9 ffffffff
3 0 1 0e 1 1 1 0 1 00000000 00000000
3 0 1 65 0 1 1 0 1 00000000 00000000
3 0 1 92 1 1 1 0 1 00000000 00000000
3 0 1 e2 1 1 1 1 1 e292650e ffffffff
3 0 1 4d 0 0 1 1 1 e292650e ffffffff
3 0 1 80 1 1 1 0 1 00000000 00000000
3 0 0 d1 1 1 1 0 1 00000000 00000000
3 0 1 63 0 1 1 0 1 00000000 00000000
3 0 0 ae 1 1 1 0 1 00000000 00000000
3 0 1 6c 1 1 1 0 1 00000000 00000000
3 0 1 62 0 0 1 1 1 626c6380 ffffffff
3 0 1 00 0 0 1 1 1 626c6380 ffffffff
3 0 1 21 1 1 1 0 1 00000000 00000000
3 0 1 76 0 1 1 0 1 00000000 00000000
3 0 1 18 0 1 1 0 1 00000000 00000000
3 0 1 11 1 1 1 1 1 11187621 ffffffff
3 0 1 4e 0 0 1 1 1 11187621 ffffffff
3 0 1 b0 0 0 1 1 1 11187621 ffffffff
3 0 1 b1 1 1 1 0 1 00000000 00000000
3 0 0 a5 0 1 1 0 1 00000000 00000000
3 0 1 c8 1 1 1 0 1 00000000 00000000
3 0 1 98 0 1 1 0 1 00000000 00000000
3 0 0 98 0 1 1 0 1 00000000 00000000
3 0 0 8b 1 1 1 0 1 00000000 00000000
3 0 0 cc 1 1 1 0 1 00000000 00000000
3 0 1 fe 0 0 1 1 1 fe98c8b1 ffffffff
3 0 1 3c 0 0 1 1 1 fe98c8b1 ffffffff
3 0 1 36 1 1 1 0 1 00000000 00000000
3 0 1 32 1 1 1 0 1 00000000 00000000
3 0 0 e6 1 1 1 0 1 00000000 00000000
3 0 1 ef 1 1 1 0 1 00000000 00000000
3 0 0 e7 1 1 1 0 1 00000000 00000000
3 0 1 74 1 1 1 1 1 74ef3236 ffffffff
3 0 1 6e 1 1 1 0 1 00000000 00000000
3 0 1 a7 0 1 1 0 1 00000000 00000000
3 0 1 f0 1 1 1 0 1 00000000 00000000
3 0 0 b9 1 1 1 0 1 00000000 00000000
3 0 0 11 1 1 1 0 1 00000000 00000000
3 0 1 21 1 1 1 1 1 21f0a76e ffffffff
3 0 0 9e 1 1 1 0 1 00000000 00000000
3 0 1 8a 1 1 1 0 1 00000000 00000000
3 0 1 19 0 1 1 0 1 00000000 00000000
3 0 1 1c 1 1 1 0 1 00000000 00000000
3 0 1 22 1 1 1 1 1 221c198a ffffffff
3 0 1 5f 0 0 1 1 1 221c198a ffffffff
3 0 1 13 1 1 1 0 1 00000000 00000000
3 0 1 11 1 1 1 0 1 00000000 00000000
3 0 1 6e 1 1 1 0 1 00000000 00000000
3 0 0 8d 0 1 1 0 1 00000000 00000000
3 0 1 b1 1 1 1 1 1 b16e1113 ffffffff
3 0 1 61 1 1 1 0 1 00000000 00000000
3 0 1 5a 0 1 1 0 1 00000000 00000000
3 0 1 d1 1 1 1 0 1 00000000 00000000
3 0 1 7f 1 1 1 1 1 7fd15a61 ffffffff
3 0 1 d3 1 1 1 0 1 00000000 00000000
3 0 1 48 1 1 1 0 1 00000000 00000000
3 0 1 cc 0 1 1 0 1 00000000 00000000
3 0 0 98 0 1 1 0 1 00000000 00000000
3 0 1 49 0 0 1 1 1 49cc48d3 ffffffff
3 0 1 78 0 0 1 1 1 49cc48d3 ffffffff
3 0 1 4e 0 0 1 1 1 49cc48d3 ffffffff
3 0 1 1a 1 1 1 0 1 00000000 00000000
3 0 0 c8 0 1 1 0 1 00000000 00000000
3 0 0 1d 0 1 1 0 1 00000000 00000000
3 0 0 e1 1 1 1 0 1 00000000 00000000
3 0 1 01 1 1 1 0 1 00000000 00000000
3 0 1 15 1 1 1 0 1 00000000 00000000
3 0 1 3a 1 1 1 1 1 3a15011a ffffffff
3 0 0 13 1 1 1 0 1 00000000 00000000
3 0 1 32 0 1 1 0 1 00000000 00000000
3 0 1 64 0 1 1 0 1 00000000 00000000
3 0 1 5a 1 1 1 0 1 00000000 00000000
3 0 0 63 1 1 1 0 1 00000000 00000000
3 0 1 07 0 0 1 1 1 075a6432 ffffffff
3 0 1 d1 1 1 1 0 1 00000000 00000000
3 0 1 0f 0 1 1 0 1 00000000 00000000
3 0 0 8e 1 1 1 0 1 00000000 00000000
3 0 0 13 1 1 1 0 1 00000000 00000000
3 0 1 8b 1 1 1 0 1 00000000 00000000
3 0 1 ad 0 0 1 1 1 ad8b0fd1 ffffffff
3 0 1 9a 1 1 1 0 1 00000000 00000000
3 0 1 da 1 1 1 0 1 00000000 00000000
3 0 1 eb 1 1 1 0 1 00000000 00000000
3 0 1 4d 1 1 1 1 1 4debda9a ffffffff
3 0 1 02 0 0 1 1 1 4debda9a ffffffff
3 0 1 54 1 1 1 0 1 00000000 00000000
3 0 0 4b 0 1 1 0 1 00000000 00000000
3 0 1 ff 1 1 1 0 1 00000000 00000000
3 0 0 ce 0 1 1 0 1 00000000 00000000
3 0 1 04 0 1 1 0 1 00000000 00000000
3 0 0 77 0 1 1 0 1 00000000 00000000
3 0 0 b1 1 1 1 0 1 00000000 00000000
3 0 1 47 1 1 1 1 1 4704ff54 ffffffff
3 0 1 c8 0 0 1 1 1 4704ff54 ffffffff
3 0 1 a3 1 1 1 0 1 00000000 00000000
3 0 1 a6 1 1 1 0 1 00000000 00000000
3 0 1 86 1 1 1 0 1 00000000 00000000
3 0 1 a5 0 0 1 1 1 a586a6a3 ffffffff
3 0 0 11 1 1 1 0 1 00000000 00000000
3 0 0 81 1 1 1 0 1 00000000 00000000
3 0 1 0a 0 1 1 0 1 00000000 00000000
3 0 1 d6 1 1 1 0 1 00000000 00000000
3 0 1 57 1 1 1 0 1 00000000 00000000
3 0 1 03 0 0 1 1 1 0357d60a ffffffff
3 0 0 a5 1 1 1 0 1 00000000 00000000
3 0 0 79 0 1 1 0 1 00000000 00000000
3 0 1 ce 1 1 1 0 1 00000000 00000000
3 0 1 69 0 1 1 0 1 00000000 00000000
3 0 1 e1 0 1 1 0 1 00000000 00000000
3 0 1 1f 0 0 1 1 1 1fe169ce ffffffff
3 0 1 b7 1 1 1 0 1 00000000 00000000
3 0 0 c8 1 1 1 0 1 00000000 00000000
3 0 1 f4 1 1 1 0 1 00000000 00000000
3 0 1 c9 0 1 1 0 1 00000000 00000000
3 0 1 32 0 0 1 1 1 32c9f4b7 ffffffff
3 0 0 f3 1 1 1 0 1 00000000 00000000
3 0 1 30 1 1 1 0 1 00000000 00000000
3 0 0 bb 1 1 1 0 1 00000000 00000000
3 0 1 99 1 1 1 0 1 00000000 00000000
3 0 1 a3 1 1 1 0 1 00000000 00000000
3 0 1 6d 0 0 1 1 1 6da39930 ffffffff
3 0 0 93 0 0 1 1 1 6da39930 ffffffff
3 0 1 e8 1 1 1 0 1 00000000 00000000
3 0 1 40 0 1 1 0 1 00000000 00000000
3 0 1 01 1 1 1 0 1 00000000 00000000
3 0 1 f6 1 1 1 1 1 f60140e8 ffffffff
3 0 1 bd 1 1 1 0 1 00000000 00000000
3 0 0 96 0 1 1 0 1 00000000 00000000
3 0 0 f3 1 1 1 0 1 00000000 00000000
3 0 1 f6 1 1 1 0 1 00000000 00000000
3 0 1 a9 0 1 1 0 1 00000000 00000000
3 0 1 88 1 1 1 1 1 88a9f6bd ffffffff
3 0 1 ca 1 1 1 0 1 00000000 00000000
3 0 1 a1 0 1 1 0 1 00000000 00000000
3 0 1 61 0 1 1 0 1 00000000 00000000
3 0 1 1a 0 0 1 1 1 1a61a1ca ffffffff
3 0 0 a3 1 1 1 0 1 00000000 00000000
3 0 1 f2 1 1 1 0 1 00000000 00000000
3 0 1 1b 1 1 1 0 1 00000000 00000000
3 0 1 c0 1 1 1 0 1 00000000 00000000
3 0 1 f4 1 1 1 1 1 f4c01bf2 ffffffff
3 0 1 58 0 0 1 1 1 f4c01bf2 ffffffff
3 0 1 41 1 1 1 0 1 00000000 00000000
3 0 1 19 1 1 1 0 1 00000000 00000000
3 0 1 8b 0 1 1 0 1 00000000 00000000
3 0 1 a5 1 1 1 1 1 a58b1941 ffffffff
3 0 1 e6 1 1 1 0 1 00000000 00000000
3 0 0 0f 1 1 1 0 1 00000000 00000000
3 0 0 6d 1 1 1 0 1 00000000 00000000
3 0 1 1e 0 1 1 0 1 00000000 00000000
3 0 1 c2 1 1 1 0 1 00000000 00000000
3 0 1 ca 1 1 1 1 1 cac21ee6 ffffffff
3 0 0 db 1 1 1 0 1 00000000 00000000
3 0 0 da 1 1 1 0 1 00000000 00000000
3 0 1 b4 1 1 1 0 1 00000000 00000000
3 0 1 0f 1 1 1 0 1 00000000 00000000
3 0 1 e7 1 1 1 0 1 00000000 00000000
3 0 1 3e 1 1 1 1 1 3ee70fb4 ffffffff
3 0 1 96 1 1 1 0 1 00000000 00000000
3 0 1 21 0 1 1 0 1 00000000 00000000
3 0 1 05 0 1 1 0 1 00000000 00000000
3 0 0 42 0 1 1 0 1 00000000 00000000
3 0 1 6d 1 1 1 1 1 6d052196 ffffffff
3 0 0 74 0 0 1 1 1 6d052196 ffffffff
3 0 1 c4 1 1 1 0 1 00000000 00000000
3 0 1 a8 1 1 1 0 1 00000000 00000000
3 0 1 a0 0 1 1 0 1 00000000 00000000
3 0 1 fb 0 0 1 1 1 fba0a8c4 ffffffff
3 0 1 48 1 1 1 0 1 00000000 00000000
3 0 1 70 0 1 1 0 1 00000000 00000000
3 0 0 ad 1 1 1 0 1 00000000 00000000
3 0 1 c2 0 1 1 0 1 00000000 00000000
3 0 1 3c 0 0 1 1 1 3cc27048 ffffffff
3 0 1 d6 1 1 1 0 1 00000000 00000000
3 0 1 9f 0 1 1 0 1 00000000 00000000
3 0 0 10 0 1 1 0 1 00000000 00000000
3 0 1 ab 1 1 1 0 1 00000000 00000000
3 0 1 8b 1 1 1 1 1 8bab9fd6 ffffffff
3 0 0 82 0 0 1 1 1 8bab9fd6 ffffffff
3 0 1 14 0 0 1 1 1 8bab9fd6 ffffffff
3 0 1 63 0 0 1 1 1 8bab9fd6 ffffffff
3 0 0 b2 1 1 1 0 1 00000000 00000000
3 0 1 02 1 1 1 0 1 00000000 00000000
3 0 1 2b 1 1 1 0 1 00000000 00000000
3 0 1 e5 0 1 1 0 1 00000000 00000000
3 0 1 b3 0 0 1 1 1 b3e52b02 ffffffff
3 0 0 1c 1 1 1 0 1 00000000 00000000
3 0 1 73 1 1 1 0 1 00000000 00000000
3 0 0 49 1 1 1 0 1 00000000 00000000
3 0 1 89 1 1 1 0 1 00000000 00000000
3 0 1 96 1 1 1 0 1 00000000 00000000
3 0 1 5c 0 0 1 1 1 5c968973 ffffffff
3 0 1 84 1 1 1 0 1 00000000 00000000
3 0 1 14 0 1 1 0 1 00000000 00000000
3 0 1 40 1 1 1 0 1 00000000 00000000
3 0 1 d5 0 0 1 1 1 d5401484 ffffffff
3 0 1 89 1 1 1 0 1 00000000 00000000
3 0 1 31 1 1 1 0 1 00000000 00000000
3 0 1 08 0 1 1 0 1 00000000 00000000
3 0 0 f1 1 1 1 0 1 00000000 00000000
3 0 1 80 0 0 1 1 1 80083189 ffffffff
3 0 1 3f 1 1 1 0 1 00000000 00000000
3 0 0 d3 0 1 1 0 1 00000000 00000000
3 0 1 50 0 1 1 0 1 00000000 00000000
3 0 1 a1 0 1 1 0 1 00000000 00000000
3 0 1 fa 0 0 1 1 1 faa1503f ffffffff
3 0 0 db 0 0 1 1 1 faa1503f ffffffff
3 0 0 e9 0 0 1 1 1 faa1503f ffffffff
3 0 0 1d 1 1 1 0 1 00000000 00000000
3 0 0 c7 0 1 1 0 1 00000000 00000000
3 0 1 69 1 1 1 0 1 00000000 00000000
3 0 0 5f 0 1 1 0 1 00000000 00000000
3 0 1 b8 1 1 1 0 1 00000000 00000000
3 0 0 9b 0 1 1 0 1 00000000 00000000
3 0 1 6a 0 1 1 0 1 00000000 00000000
3 0 0 c1 0 1 1 0 1 00000000 00000000
3 0 1 91 0 0 1 1 1 916ab869 ffffffff
3 0 0 76 0 0 1 1 1 916ab869 ffffffff
3 0 0 6f 0 0 1 1 1 916ab869 ffffffff
3 0 1 29 1 1 1 0 1 00000000 00000000
3 0 0 5f 1 1 1 0 1 00000000 00000000
3 0 1 ad 0 1 1 0 1 00000000 00000000
3 0 0 2c 1 1 1 0 1 00000000 00000000
3 0 1 64 0 1 1 0 1 00000000 00000000
3 0 1 a4 0 0 1 1 1 a464ad29 ffffffff
3 0 1 c0 1 1 1 0 1 00000000 00000000
3 0 0 b4 0 1 1 0 1 00000000 00000000
3 0 0 d4 1 1 1 0 1 00000000 00000000
3 0 1 8d 1 1 1 0 1 00000000 00000000
3 0 0 75 0 1 1 0 1 00000000 00000000
3 0 0 be 0 1 1 0 1 00000000 00000000
3 0 1 48 1 1 1 0 1 00000000 00000000
3 0 1 e5 1 1 1 1 1 e5488dc0 ffffffff
3 0 1 19 1 1 1 0 1 00000000 00000000
3 0 1 d2 0 1 1 0 1 00000000 00000000
3 0 1 ba 1 1 1 0 1 00000000 00000000
3 0 1 22 1 1 1 1 1 22bad219 ffffffff
3 0 0 38 0 0 1 1 1 22bad219 ffffffff
3 0 1 d9 1 1 1 0 1 00000000 00000000
3 0 1 af 0 1 1 0 1 00000000 00000000
3 0 1 ad 1 1 1 0 1 00000000 00000000
3 0 1 72 1 1 1 1 1 72adafd9 ffffffff
3 0 1 2e 1 1 1 0 1 00000000 00000000
3 0 1 9b 0 1 1 0 1 00000000 00000000
3 0 1 91 1 1 1 0 1 00000000 00000000
3 0 1 4e 1 1 1 1 1 4e919b2e ffffffff
3 0 0 0c 1 1 1 0 1 00000000 00000000
3 0 1 a6 1 1 1 0 1 00000000 00000000
3 0 1 96 1 1 1 0 1 00000000 00000000
3 0 0 d1 1 1 1 0 1 00000000 00000000
3 0 1 3b 1 1 1 0 1 00000000 00000000
3 0 0 8e 1 1 1 0 1 00000000 00000000
3 0 0 47 0 1 1 0 1 00000000 00000000
3 0 1 d1 1 1 1 1 1 d13b96a6 ffffffff
3 0 1 79 1 1 1 0 1 00000000 00000000
3 0 1 5a 1 1 1 0 1 00000000 00000000
3 0 1 63 1 1 1 0 1 00000000 00000000
3 0 1 8a 1 1 1 1 1 8a635a79 ffffffff
3 0 1 a0 1 1 1 0 1 00000000 00000000
3 0 1 e3 1 1 1 0 1 00000000 00000000
3 0 1 ed 1 1 1 0 1 00000000 00000000
3 0 1 57 0 0 1 1 1 57ede3a0 ffffffff
3 0 0 95 0 0 1 1 1 57ede3a0 ffffffff
3 0 1 46 1 1 1 0 1 00000000 00000000
3 0 1 c1 1 1 1 0 1 00000000 00000000
3 0 1 81 0 1 1 0 1 00000000 00000000
3 0 0 0f 0 1 1 0 1 00000000 00000000
3 0 1 c1 1 1 1 1 1 c181c146 ffffffff
3 0 1 7b 1 1 1 0 1 00000000 00000000
3 0 1 4f 1 1 1 0 1 00000000 00000000
3 0 0 e3 0 1 1 0 1 00000000 00000000
3 0 1 cc 1 1 1 0 1 00000000 00000000
3 0 1 94 1 1 1 1 1 94cc4f7b ffffffff
3 0 1 fa 1 1 1 0 1 00000000 00000000
3 0 1 b6 0 1 1 0 1 00000000 00000000
3 0 1 22 1 1 1 0 1 00000000 00000000
3 0 1 05 1 1 1 1 1 0522b6fa ffffffff
3 0 1 93 1 1 1 0 1 00000000 00000000
3 0 1 fa 0 1 1 0 1 00000000 00000000
3 0 0 ff 0 1 1 0 1 00000000 00000000
3 0 0 b9 1 1 1 0 1 00000000 00000000
3 0 1 55 1 1 1 0 1 00000000 00000000
3 0 1 fc 0 0 1 1 1 fc55fa93 ffffffff
3 0 1 84 1 1 1 0 1 00000000 00000000
3 0 1 e8 0 1 1 0 1 00000000 00000000
3 0 1 3a 1 1 1 0 1 00000000 00000000
3 0 1 90 1 1 1 1 1 903ae884 ffffffff
3 0 1 bf 1 1 1 0 1 00000000 00000000
3 0 1 dc 1 1 1 0 1 00000000 00000000
3 0 0 7a 1 1 1 0 1 00000000 00000000
3 0 1 60 0 1 1 0 1 00000000 00000000
3 0 1 4e 0 0 1 1 1 4e60dcbf ffffffff
3 0 1 8a 0 0 1 1 1 4e60dcbf ffffffff
3 0 1 27 0 0 1 1 1 4e60dcbf ffffffff
3 0 1 b9 1 1 1 0 1 00000000 00000000
3 0 1 41 1 1 1 0 1 00000000 00000000
3 0 1 5d 1 1 1 0 1 00000000 00000000
3 0 1 ea 0 0 1 1 1 ea5d41b9 ffffffff
3 0 1 39 1 1 1 0 1 00000000 00000000
3 0 1 f5 0 1 1 0 1 00000000 00000000
3 0 1 f3 1 1 1 0 1 00000000 00000000
3 0 0 5e 1 1 1 0 1 00000000 00000000
3 0 0 70 1 1 1 0 1 00000000 00000000
3 0 1 06 0 0 1 1 1 06f3f539 ffffffff
3 0 0 2f 1 1 1 0 1 00000000 00000000
3 0 1 a5 1 1 1 0 1 00000000 00000000
3 0 0 3e 1 1 1 0 1 00000000 00000000
3 0 0 65 1 1 1 0 1 00000000 00000000
3 0 1 4e 1 1 1 0 1 00000000 00000000
3 0 1 a0 1 1 1 0 1 00000000 00000000
3 0 1 aa 1 1 1 1 1 aaa04ea5 ffffffff
3 0 1 fe 1 1 1 0 1 00000000 00000000
3 0 1 29 1 1 1 0 1 00000000 00000000
3 0 0 9d 1 1 1 0 1 00000000 00000000
3 0 1 60 1 1 1 0 1 00000000 00000000
3 0 1 51 1 1 1 1 1 516029fe ffffffff
3 0 0 92 1 1 1 0 1 00000000 00000000
3 0 1 43 1 1 1 0 1 00000000 00000000
3 0 1 a8 1 1 1 0 1 00000000 00000000
3 0 1 dc 1 1 1 0 1 00000000 00000000
3 0 1 e0 0 0 1 1 1 e0dca843 ffffffff
3 0 1 88 0 0 1 1 1 e0dca843 ffffffff
3 0 0 8d 1 1 1 0 1 00000000 00000000
3 0 1 a8 1 1 1 0 1 00000000 00000000
3 0 1 ab 0 1 1 0 1 00000000 00000000
3 0 1 ee 1 1 1 0 1 00000000 00000000
3 0 1 48 0 0 1 1 1 48eeaba8 ffffffff
3 0 1 32 1 1 1 0 1 00000000 00000000
3 0 1 3c 1 1 1 0 1 00000000 00000000
3 0 1 b7 0 1 1 0 1 00000000 00000000
3 0 0 84 0 1 1 0 1 00000000 00000000
3 0 1 bd 1 1 1 1 1 bdb73c32 ffffffff
3 0 1 26 1 1 1 0 1 00000000 00000000
3 0 1 d3 1 1 1 0 1 00000000 00000000
3 0 1 7e 1 1 1 0 1 00000000 00000000
3 0 1 fc 1 1 1 1 1 fc7ed326 ffffffff
3 0 1 e5 1 1 1 0 1 00000000 00000000
3 0 0 df 1 1 1 0 1 00000000 00000000
3 0 1 44 1 1 1 0 1 00000000 00000000
3 0 0 76 1 1 1 0 1 00000000 00000000
3 0 1 5e 1 1 1 0 1 00000000 00000000
3 0 1 a2 0 0 1 1 1 a25e44e5 ffffffff
3 0 1 f1 1 1 1 0 1 00000000 00000000
3 0 0 11 1 1 1 0 1 00000000 00000000
3 0 1 76 1 1 1 0 1 00000000 00000000
3 0 1 e7 0 1 1 0 1 00000000 00000000
3 0 1 e6 0 0 1 1 1 e6e776f1 ffffffff
3 0 1 43 0 0 1 1 1 e6e776f1 ffffffff
3 0 1 be 0 0 1 1 1 e6e776f1 ffffffff
3 0 0 27 1 1 1 0 1 00000000 00000000
3 0 1 dd 0 1 1 0 1 00000000 00000000
3 0 1 00 0 1 1 0 1 00000000 00000000
3 0 1 b5 1 1 1 0 1 00000000 00000000
3 0 1 44 1 1 1 1 1 44b500dd ffffffff
3 0 0 9a 0 0 1 1 1 44b500dd ffffffff
3 0 0 81 0 0 1 1 1 44b500dd ffffffff
3 0 1 0c 1 1 1 0 1 00000000 00000000
3 0 1 97 0 1 1 0 1 00000000 00000000
3 0 0 e2 1 1 1 0 1 00000000 00000000
3 0 1 31 1 1 1 0 1 00000000 00000000
3 0 1 56 0 0 1 1 1 5631970c ffffffff
3 0 1 d5 1 1 1 0 1 00000000 00000000
3 0 0 75 1 1 1 0 1 00000000 00000000
3 0 1 77 1 1 1 0 1 00000000 00000000
3 0 0 ba 1 1 1 0 1 00000000 00000000
3 0 1 0d 1 1 1 0 1 00000000 00000000
3 0 1 0f 1 1 1 1 1 0f0d77d5 ffffffff
3 0 1 a1 1 1 1 0 1 00000000 00000000
3 0 1 18 0 1 1 0 1 00000000 00000000
3 0 1 5f 0 1 1 0 1 00000000 00000000
3 0 1 d0 1 1 1 1 1 d05f18a1 ffffffff
3 0 0 4c 1 1 1 0 1 00000000 00000000
3 0 0 39 0 1 1 0 1 00000000 00000000
3 0 1 3d 0 1 1 0 1 00000000 00000000
3 0 1 a1 1 1 1 0 1 00000000 00000000
3 0 1 a3 1 1 1 0 1 00000000 00000000
3 0 1 70 1 1 1 1 1 70a3a13d ffffffff
3 0 1 9e 1 1 1 0 1 00000000 00000000
3 0 0 a7 0 1 1 0 1 00000000 00000000
3 0 0 12 1 1 1 0 1 00000000 00000000
3 0 1 ad 1 1 1 0 1 00000000 00000000
3 0 1 38 0 1 1 0 1 00000000 00000000
3 0 1 06 1 1 1 1 1 0638ad9e ffffffff
3 0 1 d0 1 1 1 0 1 00000000 00000000
3 0 1 9c 1 1 1 0 1 00000000 00000000
3 0 1 d0 0 1 1 0 1 00000000 00000000
3 0 0 e7 0 1 1 0 1 00000000 00000000
3 0 0 6f 1 1 1 0 1 00000000 00000000
3 0 1 96 1 1 1 1 1 96d09cd0 ffffffff
3 0 1 cd 1 1 1 0 1 00000000 00000000
3 0 1 c5 0 1 1 0 1 00000000 00000000
3 0 1 45 0 1 1 0 1 00000000 00000000
3 0 0 17 1 1 1 0 1 00000000 00000000
3 0 1 b9 0 0 1 1 1 b945c5cd ffffffff
3 0 1 bb 0 0 1 1 1 b945c5cd ffffffff
3 0 1 79 1 1 1 0 1 00000000 00000000
3 0 1 c6 0 1 1 0 1 00000000 00000000
3 0 1 08 1 1 1 0 1 00000000 00000000
3 0 1 7c 1 1 1 1 1 7c08c679 ffffffff
3 0 0 54 0 0 1 1 1 7c08c679 ffffffff
3 0 1 75 1 1 1 0 1 00000000 00000000
3 0 0 5c 1 1 1 0 1 00000000 00000000
3 0 1 d4 1 1 1 0 1 00000000 00000000
3 0 1 9f 0 1 1 0 1 00000000 00000000
3 0 0 00 0 1 1 0 1 00000000 00000000
3 0 1 82 0 0 1 1 1 829fd475 ffffffff
3 0 1 ce 1 1 1 0 1 00000000 00000000
3 0 1 9d 1 1 1 0 1 00000000 00000000
3 0 1 c8 1 1 1 0 1 00000000 00000000
3 0 1 2a 0 0 1 1 1 2ac89dce ffffffff
3 0 1 4b 0 0 1 1 1 2ac89dce ffffffff
3 0 1 26 1 1 1 0 1 00000000 00000000
3 0 0 ea 1 1 1 0 1 00000000 00000000
3 0 1 f0 0 1 1 0 1 00000000 00000000
3 0 1 95 1 1 1 0 1 00000000 00000000
3 0 0 37 0 1 1 0 1 00000000 00000000
3 0 1 87 0 0 1 1 1 8795f026 ffffffff
3 0 1 df 1 1 1 0 1 00000000 00000000
3 0 1 77 1 1 1 0 1 00000000 00000000
3 0 1 f7 1 1 1 0 1 00000000 00000000
3 0 1 71 1 1 1 1 1 71f777df ffffffff
3 0 1 3c 0 0 1 1 1 71f777df ffffffff
3 0 1 7e 1 1 1 0 1 00000000 00000000
3 0 1 70 1 1 1 0 1 00000000 00000000
3 0 0 85 0 1 1 0 1 00000000 00000000
3 0 1 11 1 1 1 0 1 00000000 00000000
3 0 1 02 1 1 1 1 1 0211707e ffffffff
3 0 1 d9 0 0 1 1 1 0211707e ffffffff
3 0 1 aa 0 0 1 1 1 0211707e ffffffff
3 0 1 9e 1 1 1 0 1 00000000 00000000
3 0 1 0c 0 1 1 0 1 00000000 00000000
3 0 1 b7 0 1 1 0 1 00000000 00000000
3 0 1 cd 1 1 1 1 1 cdb70c9e ffffffff
3 0 1 71 1 1 1 0 1 00000000 00000000
3 0 1 f9 1 1 1 0 1 00000000 00000000
3 0 1 12 0 1 1 0 1 00000000 00000000
3 0 1 0c 1 1 1 1 1 0c12f971 ffffffff
3 0 0 fc 1 1 1 0 1 00000000 00000000
3 0 1 c6 1 1 1 0 1 00000000 00000000
3 0 1 07 1 1 1 0 1 00000000 00000000
3 0 1 f9 1 1 1 0 1 00000000 00000000
3 0 1 bc 0 0 1 1 1 bcf907c6 ffffffff
3 0 1 8e 1 1 1 0 1 00000000 00000000
3 0 1 d4 1 1 1 0 1 00000000 00000000
3 0 0 63 1 1 1 0 1 00000000 00000000
3 0 1 92 1 1 1 0 1 00000000 00000000
3 0 1 4b 1 1 1 1 1 4b92d48e ffffffff
3 0 0 03 1 1 1 0 1 00000000 00000000
3 0 1 c2 0 1 1 0 1 00000000 00000000
3 0 1 98 0 1 1 0 1 00000000 00000000
3 0 1 b0 1 1 1 0 1 00000000 00000000
3 0 0 f5 1 1 1 0 1 00000000 00000000
3 0 0 4c 1 1 1 0 1 00000000 00000000
3 0 1 e6 1 1 1 1 1 e6b098c2 ffffffff
3 0 0 59 1 1 1 0 1 00000000 00000000
3 0 1 47 1 1 1 0 1 00000000 00000000
3 0 1 1d 1 1 1 0 1 00000000 00000000
3 0 0 10 1 1 1 0 1 00000000 00000000
3 0 1 1c 0 1 1 0 1 00000000 00000000
3 0 0 65 0 1 1 0 1 00000000 00000000
3 0 1 3b 1 1 1 1 1 3b1c1d47 ffffffff
3 0 1 ee 0 0 1 1 1 3b1c1d47 ffffffff
3 0 1 cf 1 1 1 0 1 00000000 00000000
3 0 0 12 1 1 1 0 1 00000000 00000000
3 0 1 d0 1 1 1 0 1 00000000 00000000
3 0 1 8b 0 1 1 0 1 00000000 00000000
3 0 1 e2 1 1 1 1 1 e28bd0cf ffffffff
3 0 0 f9 1 1 1 0 1 00000000 00000000
3 0 0 bb 0 1 1 0 1 00000000 00000000
3 0 1 8f 0 1 1 0 1 00000000 00000000
3 0 1 54 1 1 1 0 1 00000000 00000000
3 0 1 74 0 1 1 0 1 00000000 00000000
3 0 1 ee 1 1 1 1 1 ee74548f ffffffff
3 0 0 ee 1 1 1 0 1 00000000 00000000
3 0 1 a4 1 1 1 0 1 00000000 00000000
3 0 1 13 1 1 1 0 1 00000000 00000000
3 0 1 a8 1 1 1 0 1 00000000 00000000
3 0 1 48 1 1 1 1 1 48a813a4 ffffffff
3 0 0 1d 0 0 1 1 1 48a813a4 ffffffff
3 0 1 55 1 1 1 0 1 00000000 00000000
3 0 1 78 1 1 1 0 1 00000000 00000000
3 0 1 91 0 1 1 0 1 00000000 00000000
3 0 1 0f 0 0 1 1 1 0f917855 ffffffff
3 0 1 15 1 1 1 0 1 00000000 00000000
3 0 1 3b 0 1 1 0 1 00000000 00000000
3 0 1 13 1 1 1 0 1 00000000 00000000
3 0 1 0a 1 1 1 1 1 0a133b15 ffffffff
3 0 1 64 1 1 1 0 1 00000000 00000000
3 0 1 10 0 1 1 0 1 00000000 00000000
3 0 1 f6 0 1 1 0 1 00000000 00000000
3 0 1 f6 1 1 1 1 1 f6f61064 ffffffff
3 0 1 a9 0 0 1 1 1 f6f61064 ffffffff
3 0 1 88 0 0 1 1 1 f6f61064 ffffffff
3 0 1 22 1 1 1 0 1 00000000 00000000
3 0 1 32 0 1 1 0 1 00000000 00000000
3 0 1 c4 1 1 1 0 1 00000000 00000000
3 0 1 b2 0 0 1 1 1 b2c43222 ffffffff
3 0 0 1c 1 1 1 0 1 00000000 00000000
3 0 1 50 1 1 1 0 1 00000000 00000000
3 0 1 8c 1 1 1 0 1 00000000 00000000
3 0 1 0b 1 1 1 0 1 00000000 00000000
3 0 1 7b 1 1 1 1 1 7b0b8c50 ffffffff
3 0 1 a5 1 1 1 0 1 00000000 00000000
3 0 1 5d 0 1 1 0 1 00000000 00000000
3 0 1 15 0 1 1 0 1 00000000 00000000
3 0 1 ff 1 1 1 1 1 ff155da5 ffffffff
3 0 1 68 1 1 1 0 1 00000000 00000000
3 0 1 23 1 1 1 0 1 00000000 00000000
3 0 1 42 0 1 1 0 1 00000000 00000000
3 0 1 62 1 1 1 1 1 62422368 ffffffff
3 0 0 eb 0 0 1 1 1 62422368 ffffffff
3 0 1 68 1 1 1 0 1 00000000 00000000
3 0 0 8d 0 1 1 0 1 00000000 00000000
3 0 1 0f 1 1 1 0 1 00000000 00000000
3 0 1 12 1 1 1 0 1 00000000 00000000
3 0 0 16 1 1 1 0 1 00000000 00000000
3 0 0 f6 1 1 1 0 1 00000000 00000000
3 0 1 32 1 1 1 1 1 32120f68 ffffffff
3 0 1 1b 1 1 1 0 1 00000000 00000000
3 0 1 c9 1 1 1 0 1 00000000 00000000
3 0 1 1b 0 1 1 0 1 00000000 00000000
3 0 0 69 0 1 1 0 1 00000000 00000000
3 0 1 ac 0 0 1 1 1 ac1bc91b ffffffff
3 0 1 94 0 0 1 1 1 ac1bc91b ffffffff
3 0 1 b7 0 0 1 1 1 ac1bc91b ffffffff
3 0 1 f9 0 0 1 1 1 ac1bc91b ffffffff
3 0 1 34 1 1 1 0 1 00000000 00000000
3 0 0 b7 0 1 1 0 1 00000000 00000000
3 0 1 8a 0 1 1 0 1 00000000 00000000
3 0 0 ba 1 1 1 0 1 00000000 00000000
3 0 1 c4 1 1 1 0 1 00000000 00000000
3 0 1 93 1 1 1 1 1 93c48a34 ffffffff
3 0 0 5e 0 0 1 1 1 93c48a34 ffffffff
3 0 0 5a 1 1 1 0 1 00000000 00000000
3 0 1 f1 0 1 1 0 1 00000000 00000000
3 0 0 6a 0 1 1 0 1 00000000 00000000
3 0 1 03 1 1 1 0 1 00000000 00000000
3 0 1 15 0 1 1 0 1 00000000 00000000
3 0 0 1b 1 1 1 0 1 00000000 00000000
3 0 1 f3 1 1 1 1 1 f31503f1 ffffffff
3 0 1 ed 1 1 1 0 1 00000000 00000000
3 0 1 88 1 1 1 0 1 00000000 00000000
3 0 1 4c 1 1 1 0 1 00000000 00000000
3 0 1 fc 0 0 1 1 1 fc4c88ed ffffffff
3 0 1 94 1 1 1 0 1 00000000 00000000
3 0 1 b2 0 1 1 0 1 00000000 00000000
3 0 0 4a 0 1 1 0 1 00000000 00000000
3 0 1 12 0 1 1 0 1 00000000 00000000
3 0 0 2e 0 1 1 0 1 00000000 00000000
3 0 1 fb 1 1 1 1 1 fb12b294 ffffffff
3 0 0 cb 1 1 1 0 1 00000000 00000000
3 0 1 0b 0 1 1 0 1 00000000 00000000
3 0 1 15 1 1 1 0 1 00000000 00000000
3 0 0 7a 0 1 1 0 1 00000000 00000000
3 0 1 ea 1 1 1 0 1 00000000 00000000
3 0 1 a6 0 0 1 1 1 a6ea150b ffffffff
3 0 1 18 0 0 1 1 1 a6ea150b ffffffff
3 0 1 51 1 1 1 0 1 00000000 00000000
3 0 1 a9 0 1 1 0 1 00000000 00000000
3 0 1 44 0 1 1 0 1 00000000 00000000
3 0 1 74 0 0 1 1 1 7444a951 ffffffff
3 0 1 e3 0 0 1 1 1 7444a951 ffffffff
3 0 1 cd 1 1 1 0 1 00000000 00000000
3 0 0 da 1 1 1 0 1 00000000 00000000
3 0 1 e3 1 1 1 0 1 00000000 00000000
3 0 0 9a 0 1 1 0 1 00000000 00000000
3 0 0 0f 0 1 1 0 1 00000000 00000000
3 0 1 b9 1 1 1 0 1 00000000 00000000
3 0 0 b6 1 1 1 0 1 00000000 00000000
3 0 1 6c 0 0 1 1 1 6cb9e3cd ffffffff
3 0 1 ee 1 1 1 0 1 00000000 00000000
3 0 1 63 1 1 1 0 1 00000000 00000000
3 0 1 9b 0 1 1 0 1 00000000 00000000
3 0 1 0d 1 1 1 1 1 0d9b63ee ffffffff
3 0 1 de 0 0 1 1 1 0d9b63ee ffffffff
3 0 1 07 1 1 1 0 1 00000000 00000000
3 0 1 7a 1 1 1 0 1 00000000 00000000
3 0 1 f4 0 1 1 0 1 00000000 00000000
3 0 1 9a 1 1 1 1 1 9af47a07 ffffffff
3 0 1 59 0 0 1 1 1 9af47a07 ffffffff
3 0 1 2c 1 1 1 0 1 00000000 00000000
3 0 1 c8 1 1 1 0 1 00000000 00000000
3 0 1 26 0 1 1 0 1 00000000 00000000
3 0 1 67 0 0 1 1 1 6726c82c ffffffff
3 0 0 1c 1 1 1 0 1 00000000 00000000
3 0 0 77 1 1 1 0 1 00000000 00000000
3 0 1 85 1 1 1 0 1 00000000 00000000
3 0 1 dc 1 1 1 0 1 00000000 00000000
3 0 0 f9 0 1 1 0 1 00000000 00000000
3 0 1 c0 0 1 1 0 1 00000000 00000000
3 0 0 8e 1 1 1 0 1 00000000 00000000
3 0 0 84 1 1 1 0 1 00000000 00000000
3 0 1 2c 0 0 1 1 1 2cc0dc85 ffffffff
3 0 1 f7 0 0 1 1 1 2cc0dc85 ffffffff
3 0 1 83 1 1 1 0 1 00000000 00000000
3 0 1 a8 0 1 1 0 1 00000000 00000000
3 0 0 f0 0 1 1 0 1 00000000 00000000
3 0 1 73 1 1 1 0 1 00000000 00000000
3 0 1 19 1 1 1 1 1 1973a883 ffffffff
3 0 1 00 1 1 1 0 1 00000000 00000000
3 0 1 48 0 1 1 0 1 00000000 00000000
3 0 1 51 1 1 1 0 1 00000000 00000000
3 0 1 8d 1 1 1 1 1 8d514800 ffffffff
3 0 1 d2 1 1 1 0 1 00000000 00000000
3 0 0 8e 0 1 1 0 1 00000000 00000000
3 0 1 ac 0 1 1 0 1 00000000 00000000
3 0 0 bb 1 1 1 0 1 00000000 00000000
3 0 1 fc 0 1 1 0 1 00000000 00000000
3 0 1 e4 0 0 1 1 1 e4fcacd2 ffffffff
3 0 1 2f 0 0 1 1 1 e4fcacd2 ffffffff
3 0 1 c9 1 1 1 0 1 00000000 00000000
3 0 1 c0 0 1 1 0 1 00000000 00000000
3 0 1 af 1 1 1 0 1 00000000 00000000
3 0 0 3c 0 1 1 0 1 00000000 00000000
3 0 1 df 0 0 1 1 1 dfafc0c9 ffffffff
3 0 1 99 0 0 1 1 1 dfafc0c9 ffffffff
3 0 1 0f 0 0 1 1 1 dfafc0c9 ffffffff
3 0 1 70 0 0 1 1 1 dfafc0c9 ffffffff
3 0 0 40 0 0 1 1 1 dfafc0c9 ffffffff
3 0 1 6d 1 1 1 0 1 00000000 00000000
3 0 1 60 1 1 1 0 1 00000000 00000000
3 0 0 1e 1 1 1 0 1 00000000 00000000
3 0 1 bc 0 1 1 0 1 00000000 00000000
3 0 0 73 1 1 1 0 1 00000000 00000000
3 0 0 f2 0 1 1 0 1 00000000 00000000
3 0 1 d1 1 1 1 1 1 d1bc606d ffffffff
3 0 1 ad 1 1 1 0 1 00000000 00000000
3 0 1 f4 1 1 1 0 1 00000000 00000000
3 0 1 49 0 1 1 0 1 00000000 00000000
3 0 0 44 0 1 1 0 1 00000000 00000000
3 0 1 66 0 0 1 1 1 6649f4ad ffffffff
3 0 1 6a 1 1 1 0 1 00000000 00000000
3 0 1 c0 0 1 1 0 1 00000000 00000000
3 0 1 6e 1 1 1 0 1 00000000 00000000
3 0 1 17 1 1 1 1 1 176ec06a ffffffff
3 0 0 23 1 1 1 0 1 00000000 00000000
3 0 1 37 1 1 1 0 1 00000000 00000000
3 0 1 9b 1 1 1 0 1 00000000 00000000
3 0 1 43 1 1 1 0 1 00000000 00000000
3 0 1 fd 0 0 1 1 1 fd439b37 ffffffff
3 0 0 b5 1 1 1 0 1 00000000 00000000
3 0 0 78 1 1 1 0 1 00000000 00000000
3 0 1 c1 0 1 1 0 1 00000000 00000000
3 0 0 a5 1 1 1 0 1 00000000 00000000
3 0 1 d6 1 1 1 0 1 00000000 00000000
3 0 0 6b 1 1 1 0 1 00000000 00000000
3 0 0 be 1 1 1 0 1 00000000 00000000
3 0 1 fc 1 1 1 0 1 00000000 00000000
3 0 0 09 0 1 1 0 1 00000000 00000000
3 0 1 80 1 1 1 1 1 80fcd6c1 ffffffff
3 0 1 62 1 1 1 0 1 00000000 00000000
3 0 0 38 1 1 1 0 1 00000000 00000000
3 0 1 6e 0 1 1 0 1 00000000 00000000
3 0 0 2e 0 1 1 0 1 00000000 00000000
3 0 1 9e 0 1 1 0 1 00000000 00000000
3 0 1 2c 0 0 1 1 1 2c9e6e62 ffffffff
3 0 0 79 1 1 1 0 1 00000000 00000000
3 0 0 2c 1 1 1 0 1 00000000 00000000
3 0 1 04 1 1 1 0 1 00000000 00000000
3 0 0 37 1 1 1 0 1 00000000 00000000
3 0 1 34 0 1 1 0 1 00000000 00000000
3 0 1 21 0 1 1 0 1 00000000 00000000
3 0 1 af 0 0 1 1 1 af213404 ffffffff
3 0 1 8c 1 1 1 0 1 00000000 00000000
3 0 0 fd 0 1 1 0 1 00000000 00000000
3 0 1 86 1 1 1 0 1 00000000 00000000
3 0 1 07 1 1 1 0 1 00000000 00000000
3 0 1 0b 1 1 1 1 1 0b07868c ffffffff
3 0 1 6a 1 1 1 0 1 00000000 00000000
3 0 0 61 1 1 1 0 1 00000000 00000000
3 0 1 96 0 1 1 0 1 00000000 00000000
3 0 1 21 0 1 1 0 1 00000000 00000000
3 0 1 70 0 0 1 1 1 7021966a ffffffff
3 0 1 91 0 0 1 1 1 7021966a ffffffff
3 0 0 3d 0 0 1 1 1 7021966a ffffffff
3 0 0 03 0 0 1 1 1 7021966a ffffffff
3 0 1 22 1 1 1 0 1 00000000 00000000
3 0 1 1c 0 1 1 0 1 00000000 00000000
3 0 1 b6 1 1 1 0 1 00000000 00000000
3 0 1 0a 1 1 1 1 1 0ab61c22 ffffffff
3 0 1 40 1 1 1 0 1 00000000 00000000
3 0 1 94 0 1 1 0 1 00000000 00000000
3 0 1 1d 0 1 1 0 1 00000000 00000000
3 0 1 0c 1 1 1 1 1 0c1d9440 ffffffff
3 0 1 3f 1 1 1 0 1 00000000 00000000
3 0 1 b3 1 1 1 0 1 00000000 00000000
3 0 1 db 0 1 1 0 1 00000000 00000000
3 0 0 ae 0 1 1 0 1 00000000 00000000
3 0 1 4a 1 1 1 1 1 4adbb33f ffffffff
3 0 1 c4 0 0 1 1 1 4adbb33f ffffffff
3 0 1 b6 1 1 1 0 1 00000000 00000000
3 0 1 96 1 1 1 0 1 00000000 00000000
3 0 1 83 0 1 1 0 1 00000000 00000000
3 0 1 85 1 1 1 1 1 858396b6 ffffffff
3 0 1 93 1 1 1 0 1 00000000 00000000
3 0 0 27 1 1 1 0 1 00000000 00000000
3 0 0 52 1 1 1 0 1 00000000 00000000
3 0 1 dc 0 1 1 0 1 00000000 00000000
3 0 1 44 1 1 1 0 1 00000000 00000000
3 0 1 e7 1 1 1 1 1 e744dc93 ffffffff
3 0 1 10 1 1 1 0 1 00000000 00000000
3 0 1 00 1 1 1 0 1 00000000 00000000
3 0 1 51 1 1 1 0 1 00000000 00000000
3 0 1 79 0 0 1 1 1 79510010 ffffffff
3 0 0 b8 1 1 1 0 1 00000000 00000000
3 0 0 2d 1 1 1 0 1 00000000 00000000
3 0 1 da 0 1 1 0 1 00000000 00000000
3 0 1 1b 0 1 1 0 1 00000000 00000000
3 0 1 90 1 1 1 0 1 00000000 00000000
3 0 1 a7 1 1 1 1 1 a7901bda ffffffff
3 0 1 29 1 1 1 0 1 00000000 00000000
3 0 1 83 0 1 1 0 1 00000000 00000000
3 0 1 a3 1 1 1 0 1 00000000 00000000
3 0 1 e3 1 1 1 1 1 e3a38329 ffffffff
3 0 1 68 1 1 1 0 1 00000000 00000000
3 0 1 ba 1 1 1 0 1 00000000 00000000
3 0 0 c4 0 1 1 0 1 00000000 00000000
3 0 1 1a 1 1 1 0 1 00000000 00000000
3 0 0 34 1 1 1 0 1 00000000 00000000
3 0 1 8f 0 0 1 1 1 8f1aba68 ffffffff
3 0 1 6d 1 1 1 0 1 00000000 00000000
3 0 1 06 1 1 1 0 1 00000000 00000000
3 0 1 7b 0 1 1 0 1 00000000 00000000
3 0 1 89 1 1 1 1 1 897b066d ffffffff
3 0 1 6c 1 1 1 0 1 00000000 00000000
3 0 1 78 0 1 1 0 1 00000000 00000000
3 0 1 3b 0 1 1 0 1 00000000 00000000
3 0 1 18 0 0 1 1 1 183b786c ffffffff
3 0 1 4a 1 1 1 0 1 00000000 00000000
3 0 1 ec 0 1 1 0 1 00000000 00000000
3 0 1 bb 1 1 1 0 1 00000000 00000000
3 0 1 c5 0 0 1 1 1 c5bbec4a ffffffff
3 0 1 ca 1 1 1 0 1 00000000 00000000
3 0 1 8a 0 1 1 0 1 00000000 00000000
3 0 1 43 0 1 1 0 1 00000000 00000000
3 0 1 94 0 0 1 1 1 94438aca ffffffff
3 0 1 18 0 0 1 1 1 94438aca ffffffff
3 0 0 cd 0 0 1 1 1 94438aca ffffffff
3 0 1 ce 1 1 1 0 1 00000000 00000000
3 0 1 09 0 1 1 0 1 00000000 00000000
3 0 1 ef 1 1 1 0 1 00000000 00000000
3 0 0 9d 0 1 1 0 1 00000000 00000000
3 0 1 f8 0 0 1 1 1 f8ef09ce ffffffff
3 0 1 35 0 0 1 1 1 f8ef09ce ffffffff
3 0 1 dd 0 0 1 1 1 f8ef09ce ffffffff
3 0 0 37 1 1 1 0 1 00000000 00000000
3 0 1 89 0 1 1 0 1 00000000 00000000
3 0 0 0a 1 1 1 0 1 00000000 00000000
3 0 1 13 0 1 1 0 1 00000000 00000000
3 0 1 1f 1 1 1 0 1 00000000 00000000
3 0 1 4f 0 0 1 1 1 4f1f1389 ffffffff
3 0 1 65 1 1 1 0 1 00000000 00000000
3 0 1 27 1 1 1 0 1 00000000 00000000
3 0 1 3b 1 1 1 0 1 00000000 00000000
3 0 1 c4 1 1 1 1 1 c43b2765 ffffffff
3 0 1 29 1 1 1 0 1 00000000 00000000
3 0 1 3b 1 1 1 0 1 00000000 00000000
3 0 0 87 1 1 1 0 1 00000000 00000000
3 0 1 84 0 1 1 0 1 00000000 00000000
3 0 1 f2 0 0 1 1 1 f2843b29 ffffffff
3 0 1 1a 1 1 1 0 1 00000000 00000000
3 0 1 11 0 1 1 0 1 00000000 00000000
3 0 0 0c 0 1 1 0 1 00000000 00000000
3 0 1 41 1 1 1 0 1 00000000 00000000
3 0 0 88 1 1 1 0 1 00000000 00000000
3 0 1 03 1 1 1 1 1 0341111a ffffffff
3 0 1 59 0 0 1 1 1 0341111a ffffffff
3 0 1 6d 1 1 1 0 1 00000000 00000000
3 0 1 71 1 1 1 0 1 00000000 00000000
3 0 1 c1 0 1 1 0 1 00000000 00000000
3 0 0 b4 1 1 1 0 1 00000000 00000000
3 0 1 d6 1 1 1 1 1 d6c1716d ffffffff
3 0 1 96 1 1 1 0 1 00000000 00000000
3 0 1 31 1 1 1 0 1 00000000 00000000
3 0 1 44 1 1 1 0 1 00000000 00000000
3 0 1 d4 0 0 1 1 1 d4443196 ffffffff
3 0 1 8b 0 0 1 1 1 d4443196 ffffffff
3 0 1 7e 1 1 1 0 1 00000000 00000000
3 0 1 97 1 1 1 0 1 00000000 00000000
3 0 0 22 1 1 1 0 1 00000000 00000000
3 0 1 f5 0 1 1 0 1 00000000 00000000
3 0 1 b2 1 1 1 1 1 b2f5977e ffffffff
3 0 0 18 1 1 1 0 1 00000000 00000000
3 0 1 cd 1 1 1 0 1 00000000 00000000
3 0 0 e3 1 1 1 0 1 00000000 00000000
3 0 1 45 0 1 1 0 1 00000000 00000000
3 0 1 ca 0 1 1 0 1 00000000 00000000
3 0 1 a0 1 1 1 1 1 a0ca45cd ffffffff
3 0 1 07 1 1 1 0 1 00000000 00000000
3 0 1 d8 0 1 1 0 1 00000000 00000000
3 0 1 99 0 1 1 0 1 00000000 00000000
3 0 0 7f 1 1 1 0 1 00000000 00000000
3 0 0 90 0 1 1 0 1 00000000 00000000
3 0 1 c4 1 1 1 1 1 c499d807 ffffffff
3 0 1 3d 1 1 1 0 1 00000000 00000000
3 0 1 4c 1 1 1 0 1 00000000 00000000
3 0 1 be 0 1 1 0 1 00000000 00000000
3 0 1 59 1 1 1 1 1 59be4c3d ffffffff
3 0 0 d0 1 1 1 0 1 00000000 00000000
3 0 1 f7 0 1 1 0 1 00000000 00000000
3 0 1 17 0 1 1 0 1 00000000 00000000
3 0 1 46 1 1 1 0 1 00000000 00000000
3 0 1 01 0 0 1 1 1 014617f7 ffffffff
3 0 1 49 0 0 1 1 1 014617f7 ffffffff
3 0 1 0a 1 1 1 0 1 00000000 00000000
3 0 1 8e 0 1 1 0 1 00000000 00000000
3 0 1 b4 0 1 1 0 1 00000000 00000000
3 0 1 00 0 0 1 1 1 00b48e0a ffffffff
3 0 1 c1 1 1 1 0 1 00000000 00000000
3 0 1 08 1 1 1 0 1 00000000 00000000
3 0 1 2d 0 1 1 0 1 00000000 00000000
3 0 1 ca 0 0 1 1 1 ca2d08c1 ffffffff
3 0 1 a6 1 1 1 0 1 00000000 00000000
3 0 1 a3 1 1 1 0 1 00000000 00000000
3 0 1 2a 1 1 1 0 1 00000000 00000000
3 0 1 82 1 1 1 1 1 822aa3a6 ffffffff
3 0 0 b7 1 1 1 0 1 00000000 00000000
3 0 0 fc 1 1 1 0 1 00000000 00000000
3 0 1 d4 1 1 1 0 1 00000000 00000000
3 0 1 e1 1 1 1 0 1 00000000 00000000
3 0 1 33 0 1 1 0 1 00000000 00000000
3 0 0 d4 1 1 1 0 1 00000000 00000000
3 0 1 05 1 1 1 1 1 0533e1d4 ffffffff
3 0 1 15 0 0 1 1 1 0533e1d4 ffffffff
3 0 0 b0 0 0 1 1 1 0533e1d4 ffffffff
3 0 0 f9 0 0 1 1 1 0533e1d4 ffffffff
3 0 1 95 1 1 1 0 1 00000000 00000000
3 0 1 f6 1 1 1 0 1 00000000 00000000
3 0 1 71 1 1 1 0 1 00000000 00000000
3 0 1 b1 0 0 1 1 1 b171f695 ffffffff
3 0 1 f5 1 1 1 0 1 00000000 00000000
3 0 1 4a 1 1 1 0 1 00000000 00000000
3 0 1 f7 0 1 1 0 1 00000000 00000000
3 0 1 ad 1 1 1 1 1 adf74af5 ffffffff
3 0 1 6d 0 0 1 1 1 adf74af5 ffffffff
3 0 1 84 1 1 1 0 1 00000000 00000000
3 0 1 e7 0 1 1 0 1 00000000 00000000
3 0 1 b2 0 1 1 0 1 00000000 00000000
3 0 1 a6 1 1 1 1 1 a6b2e784 ffffffff
3 0 1 31 0 0 1 1 1 a6b2e784 ffffffff
3 0 1 b1 1 1 1 0 1 00000000 00000000
3 0 0 0c 1 1 1 0 1 00000000 00000000
3 0 1 b7 1 1 1 0 1 00000000 00000000
3 0 1 fe 1 1 1 0 1 00000000 00000000
3 0 1 ff 1 1 1 1 1 fffeb7b1 ffffffff
3 0 1 70 1 1 1 0 1 00000000 00000000
3 0 1 46 0 1 1 0 1 00000000 00000000
3 0 1 84 1 1 1 0 1 00000000 00000000
3 0 1 82 1 1 1 1 1 82844670 ffffffff
3 0 0 44 1 1 1 0 1 00000000 00000000
3 0 1 ff 1 1 1 0 1 00000000 00000000
3 0 1 9c 1 1 1 0 1 00000000 00000000
3 0 0 f0 0 1 1 0 1 00000000 00000000
3 0 1 19 1 1 1 0 1 00000000 00000000
3 0 1 0c 1 1 1 1 1 0c199cff ffffffff
3 0 0 d7 1 1 1 0 1 00000000 00000000
3 0 1 df 0 1 1 0 1 00000000 00000000
3 0 1 24 1 1 1 0 1 00000000 00000000
3 0 0 e2 1 1 1 0 1 00000000 00000000
3 0 1 20 1 1 1 0 1 00000000 00000000
3 0 0 8c 0 1 1 0 1 00000000 00000000
3 0 1 03 0 0 1 1 1 032024df ffffffff
3 0 1 2f 1 1 1 0 1 00000000 00000000
3 0 0 bd 1 1 1 0 1 00000000 00000000
3 0 1 12 1 1 1 0 1 00000000 00000000
3 0 1 93 1 1 1 0 1 00000000 00000000
3 0 1 bc 1 1 1 1 1 bc93122f ffffffff
3 0 0 cf 1 1 1 0 1 00000000 00000000
3 0 0 4f 0 1 1 0 1 00000000 00000000
3 0 0 37 0 1 1 0 1 00000000 00000000
3 0 1 4c 0 1 1 0 1 00000000 00000000
3 0 1 94 1 1 1 0 1 00000000 00000000
3 0 1 db 1 1 1 0 1 00000000 00000000
3 0 0 af 1 1 1 0 1 00000000 00000000
3 0 1 80 1 1 1 1 1 80db944c ffffffff
3 0 1 65 1 1 1 0 1 00000000 00000000
3 0 1 da 0 1 1 0 1 00000000 00000000
3 0 1 ef 1 1 1 0 1 00000000 00000000
3 0 1 41 1 1 1 1 1 41efda65 ffffffff
3 0 1 e6 1 1 1 0 1 00000000 00000000
3 0 0 6d 0 1 1 0 1 00000000 00000000
3 0 1 7e 0 1 1 0 1 00000000 00000000
3 0 1 63 0 1 1 0 1 00000000 00000000
3 0 1 66 0 0 1 1 1 66637ee6 ffffffff
3 0 1 b8 1 1 1 0 1 00000000 00000000
3 0 1 c1 1 1 1 0 1 00000000 00000000
3 0 1 4f 1 1 1 0 1 00000000 00000000
3 0 1 a5 0 0 1 1 1 a54fc1b8 ffffffff
3 0 0 20 1 1 1 0 1 00000000 00000000
3 0 1 2d 1 1 1 0 1 00000000 00000000
3 0 1 bb 1 1 1 0 1 00000000 00000000
3 0 0 df 0 1 1 0 1 00000000 00000000
3 0 1 a5 1 1 1 0 1 00000000 00000000
3 0 1 be 0 0 1 1 1 bea5bb2d ffffffff
3 0 1 33 0 0 1 1 1 bea5bb2d ffffffff
3 0 0 4a 0 0 1 1 1 bea5bb2d ffffffff
3 0 1 1c 0 0 1 1 1 bea5bb2d ffffffff
3 0 1 13 0 0 1 1 1 bea5bb2d ffffffff
3 0 0 2f 0 0 1 1 1 bea5bb2d ffffffff
3 0 1 dc 1 1 1 0 1 00000000 00000000
3 0 0 56 1 1 1 0 1 00000000 00000000
3 0 1 86 0 1 1 0 1 00000000 00000000
3 0 1 5e 1 1 1 0 1 00000000 00000000
3 0 1 e4 0 0 1 1 1 e45e86dc ffffffff
3 0 1 24 0 0 1 1 1 e45e86dc ffffffff
3 0 1 b4 0 0 1 1 1 e45e86dc ffffffff
3 0 1 d2 1 1 1 0 1 00000000 00000000
3 0 0 f2 1 1 1 0 1 00000000 00000000
3 0 1 af 0 1 1 0 1 00000000 00000000
3 0 1 6e 0 1 1 0 1 00000000 00000000
3 0 1 ae 1 1 1 1 1 ae6eafd2 ffffffff
3 0 0 be 1 1 1 0 1 00000000 00000000
3 0 1 39 1 1 1 0 1 00000000 00000000
3 0 1 24 1 1 1 0 1 00000000 00000000
3 0 1 c1 1 1 1 0 1 00000000 00000000
3 0 1 1e 0 0 1 1 1 1ec12439 ffffffff
3 0 1 0d 0 0 1 1 1 1ec12439 ffffffff
3 0 1 66 1 1 1 0 1 00000000 00000000
3 0 1 90 0 1 1 0 1 00000000 00000000
3 0 1 5c 1 1 1 0 1 00000000 00000000
3 0 1 44 1 1 1 1 1 445c9066 ffffffff
3 0 1 1c 1 1 1 0 1 00000000 00000000
3 0 1 6f 1 1 1 0 1 00000000 00000000
3 0 1 05 1 1 1 0 1 00000000 00000000
3 0 1 47 1 1 1 1 1 47056f1c ffffffff
3 0 1 f9 1 1 1 0 1 00000000 00000000
3 0 1 d9 0 1 1 0 1 00000000 00000000
3 0 0 43 0 1 1 0 1 00000000 00000000
3 0 1 f6 1 1 1 0 1 00000000 00000000
3 0 1 fb 0 0 1 1 1 fbf6d9f9 ffffffff
3 0 1 7e 0 0 1 1 1 fbf6d9f9 ffffffff
3 0 0 ee 0 0 1 1 1 fbf6d9f9 ffffffff
3 0 1 a1 1 1 1 0 1 00000000 00000000
3 0 0 a5 0 1 1 0 1 00000000 00000000
3 0 1 4e 1 1 1 0 1 00000000 00000000
3 0 1 3f 1 1 1 0 1 00000000 00000000
3 0 1 40 1 1 1 1 1 403f4ea1 ffffffff
3 0 1 bf 1 1 1 0 1 00000000 00000000
3 0 0 9f 1 1 1 0 1 00000000 00000000
3 0 0 92 0 1 1 0 1 00000000 00000000
3 0 0 81 1 1 1 0 1 00000000 00000000
3 0 1 34 1 1 1 0 1 00000000 00000000
3 0 1 89 1 1 1 0 1 00000000 00000000
3 0 1 8f 0 0 1 1 1 8f8934bf ffffffff
3 0 1 b4 1 1 1 0 1 00000000 00000000
3 0 1 72 1 1 1 0 1 00000000 00000000
3 0 1 24 0 1 1 0 1 00000000 00000000
3 0 0 80 0 1 1 0 1 00000000 00000000
3 0 1 9a 1 1 1 1 1 9a2472b4 ffffffff
3 0 1 c5 1 1 1 0 1 00000000 00000000
3 0 1 cd 0 1 1 0 1 00000000 00000000
3 0 0 b7 0 1 1 0 1 00000000 00000000
3 0 1 01 0 1 1 0 1 00000000 00000000
3 0 1 1b 1 1 1 1 1 1b01cdc5 ffffffff
3 0 1 c6 1 1 1 0 1 00000000 00000000
3 0 1 72 0 1 1 0 1 00000000 00000000
3 0 1 f9 0 1 1 0 1 00000000 00000000
3 0 0 7f 1 1 1 0 1 00000000 00000000
3 0 1 cf 0 0 1 1 1 cff972c6 ffffffff
3 0 1 2e 1 1 1 0 1 00000000 00000000
3 0 1 c0 0 1 1 0 1 00000000 00000000
3 0 0 65 0 1 1 0 1 00000000 00000000
3 0 1 93 1 1 1 0 1 00000000 00000000
3 0 1 41 0 0 1 1 1 4193c02e ffffffff
3 0 1 1d 0 0 1 1 1 4193c02e ffffffff
3 0 1 3e 1 1 1 0 1 00000000 00000000
3 0 1 47 0 1 1 0 1 00000000 00000000
3 0 1 d6 0 1 1 0 1 00000000 00000000
3 0 1 e3 0 0 1 1 1 e3d6473e ffffffff
3 0 1 4a 0 0 1 1 1 e3d6473e ffffffff
3 0 1 9f 1 1 1 0 1 00000000 00000000
3 0 1 47 1 1 1 0 1 00000000 00000000
3 0 0 3f 1 1 1 0 1 00000000 00000000
3 0 1 e6 1 1 1 0 1 00000000 00000000
3 0 1 eb 1 1 1 1 1 ebe6479f ffffffff
3 0 1 54 1 1 1 0 1 00000000 00000000
3 0 1 90 0 1 1 0 1 00000000 00000000
3 0 1 c3 0 1 1 0 1 00000000 00000000
3 0 1 67 1 1 1 1 1 67c39054 ffffffff
3 0 0 01 0 0 1 1 1 67c39054 ffffffff
3 0 1 44 0 0 1 1 1 67c39054 ffffffff
3 0 1 1b 0 0 1 1 1 67c39054 ffffffff
3 0 1 37 0 0 1 1 1 67c39054 ffffffff
3 0 1 8a 1 1 1 0 1 00000000 00000000
3 0 0 90 1 1 1 0 1 00000000 00000000
3 0 0 11 0 1 1 0 1 00000000 00000000
3 0 1 df 0 1 1 0 1 00000000 00000000
3 0 1 81 1 1 1 0 1 00000000 00000000
3 0 1 95 1 1 1 1 1 9581df8a ffffffff
3 0 1 cb 0 0 1 1 1 9581df8a ffffffff
3 0 0 53 0 0 1 1 1 9581df8a ffffffff
3 0 1 8e 1 1 1 0 1 00000000 00000000
3 0 1 0a 1 1 1 0 1 00000000 00000000
3 0 1 8c 0 1 1 0 1 00000000 00000000
3 0 1 ac 1 1 1 1 1 ac8c0a8e ffffffff
3 0 1 cf 0 0 1 1 1 ac8c0a8e ffffffff
3 0 1 5a 1 1 1 0 1 00000000 00000000
3 0 0 2e 1 1 1 0 1 00000000 00000000
3 0 1 db 1 1 1 0 1 00000000 00000000
3 0 1 93 1 1 1 0 1 00000000 00000000
3 0 1 38 0 0 1 1 1 3893db5a ffffffff
3 0 1 49 0 0 1 1 1 3893db5a ffffffff
3 0 1 09 1 1 1 0 1 00000000 00000000
3 0 1 19 1 1 1 0 1 00000000 00000000
3 0 0 c8 1 1 1 0 1 00000000 00000000
3 0 1 ef 1 1 1 0 1 00000000 00000000
3 0 1 1a 0 0 1 1 1 1aef1909 ffffffff
3 0 0 d1 1 1 1 0 1 00000000 00000000
3 0 0 3a 1 1 1 0 1 00000000 00000000
3 0 1 a4 0 1 1 0 1 00000000 00000000
3 0 1 f9 0 1 1 0 1 00000000 00000000
3 0 1 6a 0 1 1 0 1 00000000 00000000
3 0 1 bb 1 1 1 1 1 bb6af9a4 ffffffff
3 0 1 17 0 0 1 1 1 bb6af9a4 ffffffff
3 0 0 f6 0 0 1 1 1 bb6af9a4 ffffffff
3 0 1 bd 1 1 1 0 1 00000000 00000000
3 0 1 06 0 1 1 0 1 00000000 00000000
3 0 1 19 0 1 1 0 1 00000000 00000000
3 0 1 69 1 1 1 1 1 691906bd ffffffff
3 0 1 4b 0 0 1 1 1 691906bd ffffffff
3 0 1 ff 0 0 1 1 1 691906bd ffffffff
3 0 1 49 1 1 1 0 1 00000000 00000000
3 0 1 4e 0 1 1 0 1 00000000 00000000
3 0 1 14 1 1 1 0 1 00000000 00000000
3 0 0 27 0 1 1 0 1 00000000 00000000
3 0 0 15 1 1 1 0 1 00000000 00000000
3 0 1 c7 0 0 1 1 1 c7144e49 ffffffff
3 0 1 46 1 1 1 0 1 00000000 00000000
3 0 0 43 1 1 1 0 1 00000000 00000000
3 0 0 8e 0 1 1 0 1 00000000 00000000
3 0 1 0e 1 1 1 0 1 00000000 00000000
3 0 0 ef 1 1 1 0 1 00000000 00000000
3 0 0 00 1 1 1 0 1 00000000 00000000
3 0 1 7c 1 1 1 0 1 00000000 00000000
3 0 0 af 0 1 1 0 1 00000000 00000000
3 0 1 60 0 0 1 1 1 607c0e46 ffffffff
3 0 0 24 1 1 1 0 1 00000000 00000000
3 0 1 7d 0 1 1 0 1 00000000 00000000
3 0 1 4a 1 1 1 0 1 00000000 00000000
3 0 0 00 0 1 1 0 1 00000000 00000000
3 0 1 c4 1 1 1 0 1 00000000 00000000
3 0 1 41 0 0 1 1 1 41c44a7d ffffffff
3 0 1 2f 0 0 1 1 1 41c44a7d ffffffff
3 0 1 1d 1 1 1 0 1 00000000 00000000
3 0 1 c4 0 1 1 0 1 00000000 00000000
3 0 1 98 1 1 1 0 1 00000000 00000000
3 0 1 88 0 0 1 1 1 8898c41d ffffffff
3 0 1 74 1 1 1 0 1 00000000 00000000
3 0 1 93 1 1 1 0 1 00000000 00000000
3 0 0 50 0 1 1 0 1 00000000 00000000
3 0 1 56 0 1 1 0 1 00000000 00000000
3 0 1 5c 0 0 1 1 1 5c569374 ffffffff
3 0 1 2c 0 0 1 1 1 5c569374 ffffffff
3 0 1 df 1 1 1 0 1 00000000 00000000
3 0 0 a4 1 1 1 0 1 00000000 00000000
3 0 1 fd 1 1 1 0 1 00000000 00000000
3 0 0 2d 1 1 1 0 1 00000000 00000000
3 0 1 55 1 1 1 0 1 00000000 00000000
3 0 1 f6 1 1 1 1 1 f655fddf ffffffff
3 0 1 11 0 0 1 1 1 f655fddf ffffffff
3 0 0 54 1 1 1 0 1 00000000 00000000
3 0 1 59 1 1 1 0 1 00000000 00000000
3 0 1 d2 0 1 1 0 1 00000000 00000000
3 0 1 71 0 1 1 0 1 00000000 00000000
3 0 0 48 1 1 1 0 1 00000000 00000000
3 0 0 1f 0 1 1 0 1 00000000 00000000
3 0 1 32 1 1 1 1 1 3271d259 ffffffff
3 0 1 52 0 0 1 1 1 3271d259 ffffffff
3 0 1 30 0 0 1 1 1 3271d259 ffffffff
3 0 1 fd 1 1 1 0 1 00000000 00000000
3 0 1 d9 1 1 1 0 1 00000000 00000000
3 0 1 b4 1 1 1 0 1 00000000 00000000
3 0 1 33 1 1 1 1 1 33b4d9fd ffffffff
3 0 0 e7 0 0 1 1 1 33b4d9fd ffffffff
3 0 1 21 1 1 1 0 1 00000000 00000000
3 0 0 c9 1 1 1 0 1 00000000 00000000
3 0 0 df 1 1 1 0 1 00000000 00000000
3 0 1 64 0 1 1 0 1 00000000 00000000
3 0 1 86 0 1 1 0 1 00000000 00000000
3 0 1 f7 1 1 1 1 1 f7866421 ffffffff
3 0 1 7d 0 0 1 1 1 f7866421 ffffffff
3 0 1 13 1 1 1 0 1 00000000 00000000
3 0 1 bc 1 1 1 0 1 00000000 00000000
3 0 0 6a 0 1 1 0 1 00000000 00000000
3 0 1 c4 1 1 1 0 1 00000000 00000000
3 0 1 80 0 0 1 1 1 80c4bc13 ffffffff
3 0 1 8b 1 1 1 0 1 00000000 00000000
3 0 0 b6 0 1 1 0 1 00000000 00000000
3 0 1 89 0 1 1 0 1 00000000 00000000
3 0 1 5d 1 1 1 0 1 00000000 00000000
3 0 1 97 1 1 1 1 1 975d898b ffffffff
3 0 1 61 1 1 1 0 1 00000000 00000000
3 0 1 f4 0 1 1 0 1 00000000 00000000
3 0 1 37 0 1 1 0 1 00000000 00000000
3 0 0 ea 0 1 1 0 1 00000000 00000000
3 0 1 a7 1 1 1 1 1 a737f461 ffffffff
3 0 1 e2 1 1 1 0 1 00000000 00000000
3 0 1 69 1 1 1 0 1 00000000 00000000
3 0 1 87 0 1 1 0 1 00000000 00000000
3 0 1 99 0 0 1 1 1 998769e2 ffffffff
3 0 1 bb 0 0 1 1 1 998769e2 ffffffff
3 0 1 32 1 1 1 0 1 00000000 00000000
3 0 1 c9 1 1 1 0 1 00000000 00000000
3 0 1 2a 1 1 1 0 1 00000000 00000000
3 0 1 5a 1 1 1 1 1 5a2ac932 ffffffff
3 0 0 9f 1 1 1 0 1 00000000 00000000
3 0 0 0b 1 1 1 0 1 00000000 00000000
3 0 1 32 0 1 1 0 1 00000000 00000000
3 0 1 41 1 1 1 0 1 00000000 00000000
3 0 1 19 0 1 1 0 1 00000000 00000000
3 0 1 1f 0 0 1 1 1 1f194132 ffffffff
3 0 1 62 1 1 1 0 1 00000000 00000000
3 0 1 f3 1 1 1 0 1 00000000 00000000
3 0 1 a8 1 1 1 0 1 00000000 00000000
3 0 1 f5 1 1 1 1 1 f5a8f362 ffffffff
3 0 1 b9 0 0 1 1 1 f5a8f362 ffffffff
3 0 1 ce 0 0 1 1 1 f5a8f362 ffffffff
3 0 0 44 1 1 1 0 1 00000000 00000000
3 0 1 88 1 1 1 0 1 00000000 00000000
3 0 0 9a 1 1 1 0 1 00000000 00000000
3 0 1 fc 0 1 1 0 1 00000000 00000000
3 0 1 0c 1 1 1 0 1 00000000 00000000
3 0 0 ba 1 1 1 0 1 00000000 00000000
3 0 1 eb 1 1 1 1 1 eb0cfc88 ffffffff
3 0 1 43 0 0 1 1 1 eb0cfc88 ffffffff
3 0 1 1a 1 1 1 0 1 00000000 00000000
3 0 1 65 1 1 1 0 1 00000000 00000000
3 0 1 42 1 1 1 0 1 00000000 00000000
3 0 0 55 1 1 1 0 1 00000000 00000000
3 0 0 95 0 1 1 0 1 00000000 00000000
3 0 0 27 0 1 1 0 1 00000000 00000000
3 0 0 b5 1 1 1 0 1 00000000 00000000
3 0 1 46 1 1 1 1 1 4642651a ffffffff
3 0 0 23 1 1 1 0 1 00000000 00000000
3 0 0 47 0 1 1 0 1 00000000 00000000
3 0 1 a4 0 1 1 0 1 00000000 00000000
3 0 0 a6 0 1 1 0 1 00000000 00000000
3 0 1 10 0 1 1 0 1 00000000 00000000
3 0 1 dd 1 1 1 0 1 00000000 00000000
3 0 1 11 1 1 1 1 1 11dd10a4 ffffffff
3 0 0 d5 0 0 1 1 1 11dd10a4 ffffffff
3 0 1 e5 0 0 1 1 1 11dd10a4 ffffffff
3 0 1 1f 1 1 1 0 1 00000000 00000000
3 0 1 e4 1 1 1 0 1 00000000 00000000
3 0 1 a1 0 1 1 0 1 00000000 00000000
3 0 1 6d 1 1 1 1 1 6da1e41f ffffffff
3 0 1 15 1 1 1 0 1 00000000 00000000
3 0 1 5c 1 1 1 0 1 00000000 00000000
3 0 0 c9 1 1 1 0 1 00000000 00000000
3 0 1 40 1 1 1 0 1 00000000 00000000
3 0 1 c9 1 1 1 1 1 c9405c15 ffffffff
3 0 1 e6 0 0 1 1 1 c9405c15 ffffffff
3 0 1 65 1 1 1 0 1 00000000 00000000
3 0 0 a5 0 1 1 0 1 00000000 00000000
3 0 1 1f 1 1 1 0 1 00000000 00000000
3 0 1 b0 0 1 1 0 1 00000000 00000000
3 0 0 d3 1 1 1 0 1 00000000 00000000
3 0 1 65 0 0 1 1 1 65b01f65 ffffffff
3 0 0 58 1 1 1 0 1 00000000 00000000
3 0 1 fa 1 1 1 0 1 00000000 00000000
3 0 1 99 0 1 1 0 1 00000000 00000000
3 0 0 b8 1 1 1 0 1 00000000 00000000
3 0 0 84 1 1 1 0 1 00000000 00000000
3 0 1 68 1 1 1 0 1 00000000 00000000
3 0 1 bb 1 1 1 1 1 bb6899fa ffffffff
3 0 1 06 0 0 1 1 1 bb6899fa ffffffff
3 0 0 c8 1 1 1 0 1 00000000 00000000
3 0 1 92 0 1 1 0 1 00000000 00000000
3 0 1 58 0 1 1 0 1 00000000 00000000
3 0 0 49 0 1 1 0 1 00000000 00000000
3 0 1 77 1 1 1 0 1 00000000 00000000
3 0 1 12 0 0 1 1 1 12775892 ffffffff
3 0 1 6f 1 1 1 0 1 00000000 00000000
3 0 1 61 0 1 1 0 1 00000000 00000000
3 0 1 57 0 1 1 0 1 00000000 00000000
3 0 1 9c 0 0 1 1 1 9c57616f ffffffff
3 0 1 05 1 1 1 0 1 00000000 00000000
3 0 1 21 1 1 1 0 1 00000000 00000000
3 0 1 27 0 1 1 0 1 00000000 00000000
3 0 0 e3 1 1 1 0 1 00000000 00000000
3 0 1 f6 0 0 1 1 1 f6272105 ffffffff
3 0 0 1f 1 1 1 0 1 00000000 00000000
3 0 1 79 0 1 1 0 1 00000000 00000000
3 0 1 91 0 1 1 0 1 00000000 00000000
3 0 1 63 1 1 1 0 1 00000000 00000000
3 0 1 04 0 0 1 1 1 04639179 ffffffff
3 0 1 7a 1 1 1 0 1 00000000 00000000
3 0 0 2f 0 1 1 0 1 00000000 00000000
3 0 1 48 0 1 1 0 1 00000000 00000000
3 0 1 e3 0 1 1 0 1 00000000 00000000
3 0 0 10 0 1 1 0 1 00000000 00000000
3 0 1 17 1 1 1 1 1 17e3487a ffffffff
3 0 0 4e 1 1 1 0 1 00000000 00000000
3 0 1 6c 1 1 1 0 1 00000000 00000000
3 0 1 b8 1 1 1 0 1 00000000 00000000
3 0 1 8f 1 1 1 0 1 00000000 00000000
3 0 1 f9 1 1 1 1 1 f98fb86c ffffffff
3 0 0 d4 1 1 1 0 1 00000000 00000000
3 0 0 2a 1 1 1 0 1 00000000 00000000
3 0 1 ed 1 1 1 0 1 00000000 00000000
3 0 1 76 0 1 1 0 1 00000000 00000000
3 0 1 26 1 1 1 0 1 00000000 00000000
3 0 1 63 0 0 1 1 1 632676ed ffffffff
3 0 1 cf 1 1 1 0 1 00000000 00000000
3 0 0 3e 0 1 1 0 1 00000000 00000000
3 0 0 38 0 1 1 0 1 00000000 00000000
3 0 1 48 0 1 1 0 1 00000000 00000000
3 0 1 df 1 1 1 0 1 00000000 00000000
3 0 1 d5 1 1 1 1 1 d5df48cf ffffffff
3 0 1 7d 1 1 1 0 1 00000000 00000000
3 0 1 6f 1 1 1 0 1 00000000 00000000
3 0 1 5e 0 1 1 0 1 00000000 00000000
3 0 1 ae 1 1 1 1 1 ae5e6f7d ffffffff
3 0 0 81 0 0 1 1 1 ae5e6f7d ffffffff
3 0 1 94 1 1 1 0 1 00000000 00000000
3 0 1 45 0 1 1 0 1 00000000 00000000
3 0 0 32 1 1 1 0 1 00000000 00000000
3 0 0 c7 0 1 1 0 1 00000000 00000000
3 0 1 1b 1 1 1 0 1 00000000 00000000
3 0 1 e2 0 0 1 1 1 e21b4594 ffffffff
3 0 0 a4 1 1 1 0 1 00000000 00000000
3 0 1 9a 0 1 1 0 1 00000000 00000000
3 0 1 50 1 1 1 0 1 00000000 00000000
3 0 1 a6 1 1 1 0 1 00000000 00000000
3 0 1 16 0 0 1 1 1 16a6509a ffffffff
3 0 1 13 0 0 1 1 1 16a6509a ffffffff
3 0 1 a0 0 0 1 1 1 16a6509a ffffffff
3 0 1 8d 0 0 1 1 1 16a6509a ffffffff
3 0 1 28 1 1 1 0 1 00000000 00000000
3 0 1 09 1 1 1 0 1 00000000 00000000
3 0 1 b4 0 1 1 0 1 00000000 00000000
3 0 1 b8 0 0 1 1 1 b8b40928 ffffffff
3 0 1 10 0 0 1 1 1 b8b40928 ffffffff
3 0 1 98 0 0 1 1 1 b8b40928 ffffffff
3 0 1 a0 0 0 1 1 1 b8b40928 ffffffff
3 0 1 02 0 0 1 1 1 b8b40928 ffffffff
3 0 1 f5 1 1 1 0 1 00000000 00000000
3 0 1 25 1 1 1 0 1 00000000 00000000
3 0 0 79 1 1 1 0 1 00000000 00000000
3 0 1 f7 0 1 1 0 1 00000000 00000000
3 0 1 0b 0 0 1 1 1 0bf725f5 ffffffff
3 0 1 48 1 1 1 0 1 00000000 00000000
3 0 1 9c 0 1 1 0 1 00000000 00000000
3 0 1 12 0 1 1 0 1 00000000 00000000
3 0 0 b2 0 1 1 0 1 00000000 00000000
3 0 1 a3 0 0 1 1 1 a3129c48 ffffffff
3 0 1 51 1 1 1 0 1 00000000 00000000
3 0 0 37 0 1 1 0 1 00000000 00000000
3 0 1 12 1 1 1 0 1 00000000 00000000
3 0 1 58 1 1 1 0 1 00000000 00000000
3 0 1 fc 1 1 1 1 1 fc581251 ffffffff
3 0 1 50 0 0 1 1 1 fc581251 ffffffff
3 0 0 c7 1 1 1 0 1 00000000 00000000
3 0 1 07 1 1 1 0 1 00000000 00000000
3 0 0 bc 0 1 1 0 1 00000000 00000000
3 0 0 51 0 1 1 0 1 00000000 00000000
3 0 0 4e 0 1 1 0 1 00000000 00000000
3 0 1 35 0 1 1 0 1 00000000 00000000
3 0 1 ca 0 1 1 0 1 00000000 00000000
3 0 1 f7 1 1 1 1 1 f7ca3507 ffffffff
3 0 1 78 0 0 1 1 1 f7ca3507 ffffffff
3 0 1 98 1 1 1 0 1 00000000 00000000
3 0 0 98 1 1 1 0 1 00000000 00000000
3 0 1 d0 1 1 1 0 1 00000000 00000000
3 0 0 47 1 1 1 0 1 00000000 00000000
3 0 1 8b 0 1 1 0 1 00000000 00000000
3 0 1 39 0 0 1 1 1 398bd098 ffffffff
3 0 1 e0 0 0 1 1 1 398bd098 ffffffff
3 0 0 75 1 1 1 0 1 00000000 00000000
3 0 1 fc 1 1 1 0 1 00000000 00000000
3 0 0 51 1 1 1 0 1 00000000 00000000
3 0 0 f4 1 1 1 0 1 00000000 00000000
3 0 1 0b 0 1 1 0 1 00000000 00000000
3 0 1 60 1 1 1 0 1 00000000 00000000
3 0 1 ee 0 0 1 1 1 ee600bfc ffffffff
3 0 0 87 0 0 1 1 1 ee600bfc ffffffff
3 0 1 93 0 0 1 1 1 ee600bfc ffffffff
3 0 1 3a 1 1 1 0 1 00000000 00000000
3 0 0 e3 1 1 1 0 1 00000000 00000000
3 0 0 de 0 1 1 0 1 00000000 00000000
3 0 0 25 1 1 1 0 1 00000000 00000000
3 0 1 f3 1 1 1 0 1 00000000 00000000
3 0 0 9f 1 1 1 0 1 00000000 00000000
3 0 1 ff 1 1 1 0 1 00000000 00000000
3 0 0 f0 1 1 1 0 1 00000000 00000000
3 0 1 97 0 0 1 1 1 97fff33a ffffffff
3 0 1 2b 1 1 1 0 1 00000000 00000000
3 0 1 5f 0 1 1 0 1 00000000 00000000
3 0 1 b9 0 1 1 0 1 00000000 00000000
3 0 1 73 1 1 1 1 1 73b95f2b ffffffff
3 0 1 82 1 1 1 0 1 00000000 00000000
3 0 1 d7 1 1 1 0 1 00000000 00000000
3 0 1 92 0 1 1 0 1 00000000 00000000
3 0 1 58 1 1 1 1 1 5892d782 ffffffff
3 0 1 14 1 1 1 0 1 00000000 00000000
3 0 1 8e 1 1 1 0 1 00000000 00000000
3 0 1 e3 1 1 1 0 1 00000000 00000000
3 0 0 81 0 1 1 0 1 00000000 00000000
3 0 1 f1 1 1 1 1 1 f1e38e14 ffffffff
3 0 0 17 1 1 1 0 1 00000000 00000000
3 0 0 b2 0 1 1 0 1 00000000 00000000
3 0 1 2a 0 1 1 0 1 00000000 00000000
3 0 1 78 1 1 1 0 1 00000000 00000000
3 0 1 09 1 1 1 0 1 00000000 00000000
3 0 1 1e 0 0 1 1 1 1e09782a ffffffff
3 0 1 a4 0 0 1 1 1 1e09782a ffffffff
3 0 1 4a 1 1 1 0 1 00000000 00000000
3 0 1 d9 0 1 1 0 1 00000000 00000000
3 0 0 dd 1 1 1 0 1 00000000 00000000
3 0 1 10 1 1 1 0 1 00000000 00000000
3 0 1 9b 0 0 1 1 1 9b10d94a ffffffff
3 0 1 fa 0 0 1 1 1 9b10d94a ffffffff
3 0 1 eb 1 1 1 0 1 00000000 00000000
3 0 0 e8 1 1 1 0 1 00000000 00000000
3 0 1 b2 1 1 1 0 1 00000000 00000000
3 0 1 e3 1 1 1 0 1 00000000 00000000
3 0 1 21 1 1 1 1 1 21e3b2eb ffffffff
3 0 1 13 1 1 1 0 1 00000000 00000000
3 0 1 ba 1 1 1 0 1 00000000 00000000
3 0 1 85 0 1 1 0 1 00000000 00000000
3 0 1 0c 1 1 1 1 1 0c85ba13 ffffffff
3 0 1 b3 1 1 1 0 1 00000000 00000000
3 0 1 3d 0 1 1 0 1 00000000 00000000
3 0 0 a6 0 1 1 0 1 00000000 00000000
3 0 1 4d 1 1 1 0 1 00000000 00000000
3 0 1 dc 0 0 1 1 1 dc4d3db3 ffffffff
3 0 1 00 1 1 1 0 1 00000000 00000000
3 0 0 25 0 1 1 0 1 00000000 00000000
3 0 1 79 1 1 1 0 1 00000000 00000000
3 0 1 ea 1 1 1 0 1 00000000 00000000
3 0 1 d4 1 1 1 1 1 d4ea7900 ffffffff
3 0 1 a2 1 1 1 0 1 00000000 00000000
3 0 0 37 1 1 1 0 1 00000000 00000000
3 0 0 23 1 1 1 0 1 00000000 00000000
3 0 0 0e 1 1 1 0 1 00000000 00000000
3 0 1 5e 1 1 1 0 1 00000000 00000000
3 0 1 08 0 1 1 0 1 00000000 00000000
3 0 1 98 1 1 1 1 1 98085ea2 ffffffff
3 0 0 ea 0 0 1 1 1 98085ea2 ffffffff
3 0 1 0a 1 1 1 0 1 00000000 00000000
3 0 1 6f 0 1 1 0 1 00000000 00000000
3 0 1 28 0 1 1 0 1 00000000 00000000
3 0 1 5f 0 0 1 1 1 5f286f0a ffffffff
3 0 1 8b 0 0 1 1 1 5f286f0a ffffffff
3 0 1 3d 1 1 1 0 1 00000000 00000000
3 0 0 41 0 1 1 0 1 00000000 00000000
3 0 1 8a 1 1 1 0 1 00000000 00000000
3 0 0 f7 0 1 1 0 1 00000000 00000000
3 0 1 dd 0 1 1 0 1 00000000 00000000
3 0 0 80 0 1 1 0 1 00000000 00000000
3 0 1 32 1 1 1 1 1 32dd8a3d ffffffff
3 0 1 86 1 1 1 0 1 00000000 00000000
3 0 0 a0 0 1 1 0 1 00000000 00000000
3 0 1 2b 1 1 1 0 1 00000000 00000000
3 0 1 9e 0 1 1 0 1 00000000 00000000
3 0 0 be 0 1 1 0 1 00000000 00000000
3 0 1 db 1 1 1 1 1 db9e2b86 ffffffff
3 0 1 97 0 0 1 1 1 db9e2b86 ffffffff
3 0 0 51 0 0 1 1 1 db9e2b86 ffffffff
3 0 1 0b 1 1 1 0 1 00000000 00000000
3 0 1 76 0 1 1 0 1 00000000 00000000
3 0 1 3d 0 1 1 0 1 00000000 00000000
3 0 1 d9 0 0 1 1 1 d93d760b ffffffff
3 0 1 fe 0 0 1 1 1 d93d760b ffffffff
3 0 1 fe 1 1 1 0 1 00000000 00000000
3 0 1 43 1 1 1 0 1 00000000 00000000
3 0 1 9a 1 1 1 0 1 00000000 00000000
3 0 1 a6 0 0 1 1 1 a69a43fe ffffffff
3 0 0 af 1 1 1 0 1 00000000 00000000
3 0 0 cd 0 1 1 0 1 00000000 00000000
3 0 1 8f 0 1 1 0 1 00000000 00000000
3 0 1 48 0 1 1 0 1 00000000 00000000
3 0 0 1b 0 1 1 0 1 00000000 00000000
3 0 0 83 1 1 1 0 1 00000000 00000000
3 0 0 17 1 1 1 0 1 00000000 00000000
3 0 1 df 1 1 1 0 1 00000000 00000000
3 0 1 b6 1 1 1 1 1 b6df488f ffffffff
3 0 1 44 0 0 1 1 1 b6df488f ffffffff
3 0 0 5a 0 0 1 1 1 b6df488f ffffffff
3 0 0 e3 0 0 1 1 1 b6df488f ffffffff
3 0 1 9b 1 1 1 0 1 00000000 00000000
3 0 1 35 1 1 1 0 1 00000000 00000000
3 0 0 35 0 1 1 0 1 00000000 00000000
3 0 0 dc 1 1 1 0 1 00000000 00000000
3 0 1 73 1 1 1 0 1 00000000 00000000
3 0 1 94 1 1 1 1 1 9473359b ffffffff
3 0 1 d5 0 0 1 1 1 9473359b ffffffff
3 0 1 16 0 0 1 1 1 9473359b ffffffff
3 0 1 f2 0 0 1 1 1 9473359b ffffffff
3 0 0 11 0 0 1 1 1 9473359b ffffffff
3 0 1 02 0 0 1 1 1 9473359b ffffffff
3 0 1 51 0 0 1 1 1 9473359b ffffffff
3 0 0 6b 1 1 1 0 1 00000000 00000000
3 0 1 ba 1 1 1 0 1 00000000 00000000
3 0 1 25 1 1 1 0 1 00000000 00000000
3 0 1 50 0 1 1 0 1 00000000 00000000
3 0 1 52 1 1 1 1 1 525025ba ffffffff
3 0 1 87 1 1 1 0 1 00000000 00000000
3 0 1 c9 1 1 1 0 1 00000000 00000000
3 0 1 e0 1 1 1 0 1 00000000 00000000
3 0 1 9a 1 1 1 1 1 9ae0c987 ffffffff
3 0 1 53 0 0 1 1 1 9ae0c987 ffffffff
3 0 1 5d 1 1 1 0 1 00000000 00000000
3 0 0 57 0 1 1 0 1 00000000 00000000
3 0 1 09 1 1 1 0 1 00000000 00000000
3 0 1 52 0 1 1 0 1 00000000 00000000
3 0 1 e3 1 1 1 1 1 e352095d ffffffff
3 0 0 09 1 1 1 0 1 00000000 00000000
3 0 0 20 0 1 1 0 1 00000000 00000000
3 0 1 e5 1 1 1 0 1 00000000 00000000
3 0 1 fb 1 1 1 0 1 00000000 00000000
3 0 1 d6 1 1 1 0 1 00000000 00000000
3 0 0 c8 1 1 1 0 1 00000000 00000000
3 0 1 9d 0 0 1 1 1 9dd6fbe5 ffffffff
3 0 1 f2 1 1 1 0 1 00000000 00000000
3 0 0 74 1 1 1 0 1 00000000 00000000
3 1 1 ac 0 1 1 0 1 00000000 00000000
3 0 0 6d 1 1 1 0 1 00000000 00000000
3 0 1 fc 0 1 1 0 1 00000000 00000000
3 0 0 ca 1 1 1 0 1 00000000 00000000
3 0 1 53 0 1 1 0 1 00000000 00000000
3 0 1 46 0 1 1 0 1 00000000 00000000
3 0 1 51 0 0 1 1 1 514653fc ffffffff
3 0 0 06 1 1 1 0 1 00000000 00000000
3 0 1 14 1 1 1 0 1 00000000 00000000
3 0 1 b3 0 1 1 0 1 00000000 00000000
3 0 0 87 1 1 1 0 1 00000000 00000000
3 0 1 cb 1 1 1 0 1 00000000 00000000
3 0 1 88 0 0 1 1 1 88cbb314 ffffffff
3 0 1 95 1 1 1 0 1 00000000 00000000
3 0 1 b1 0 1 1 0 1 00000000 00000000
3 0 1 d2 1 1 1 0 1 00000000 00000000
3 0 1 34 0 0 1 1 1 34d2b195 ffffffff
3 0 1 6d 1 1 1 0 1 00000000 00000000
3 0 1 34 1 1 1 0 1 00000000 00000000
3 0 1 7c 1 1 1 0 1 00000000 00000000
3 0 1 48 1 1 1 1 1 487c346d ffffffff
3 0 1 2a 1 1 1 0 1 00000000 00000000
3 0 1 16 1 1 1 0 1 00000000 00000000
3 0 1 63 1 1 1 0 1 00000000 00000000
3 0 1 d7 1 1 1 1 1 d763162a ffffffff
3 0 0 ba 0 0 1 1 1 d763162a ffffffff
3 0 1 e4 0 0 1 1 1 d763162a ffffffff
3 0 1 ac 0 0 1 1 1 d763162a ffffffff
3 0 1 02 0 0 1 1 1 d763162a ffffffff
3 0 1 6d 1 1 1 0 1 00000000 00000000
3 0 1 56 0 1 1 0 1 00000000 00000000
3 0 1 98 0 1 1 0 1 00000000 00000000
3 0 0 12 1 1 1 0 1 00000000 00000000
3 0 1 ef 0 0 1 1 1 ef98566d ffffffff
3 0 0 fc 0 0 1 1 1 ef98566d ffffffff
3 0 1 21 0 0 1 1 1 ef98566d ffffffff
3 0 1 87 1 1 1 0 1 00000000 00000000
3 0 1 29 1 1 1 0 1 00000000 00000000
3 0 1 08 0 1 1 0 1 00000000 00000000
3 0 1 73 1 1 1 1 1 73082987 ffffffff
3 0 1 6e 1 1 1 0 1 00000000 00000000
3 0 0 99 1 1 1 0 1 00000000 00000000
3 0 1 a3 1 1 1 0 1 00000000 00000000
3 0 1 91 1 1 1 0 1 00000000 00000000
3 0 0 e2 1 1 1 0 1 00000000 00000000
3 0 0 e2 0 1 1 0 1 00000000 00000000
3 0 1 e0 1 1 1 1 1 e091a36e ffffffff
3 0 1 b6 0 0 1 1 1 e091a36e ffffffff
3 0 1 8e 1 1 1 0 1 00000000 00000000
3 0 0 0e 1 1 1 0 1 00000000 00000000
3 0 1 6a 1 1 1 0 1 00000000 00000000
3 0 1 ad 1 1 1 0 1 00000000 00000000
3 0 1 ad 0 0 1 1 1 adad6a8e ffffffff
3 0 1 a9 1 1 1 0 1 00000000 00000000
3 0 0 0f 1 1 1 0 1 00000000 00000000
3 0 0 14 0 1 1 0 1 00000000 00000000
3 0 0 8d 0 1 1 0 1 00000000 00000000
3 0 1 4e 0 1 1 0 1 00000000 00000000
3 0 0 11 1 1 1 0 1 00000000 00000000
3 0 1 94 1 1 1 0 1 00000000 00000000
3 0 1 04 0 0 1 1 1 04944ea9 ffffffff
3 0 1 fb 1 1 1 0 1 00000000 00000000
3 0 0 2e 1 1 1 0 1 00000000 00000000
3 0 1 d7 0 1 1 0 1 00000000 00000000
3 0 0 97 1 1 1 0 1 00000000 00000000
3 0 0 eb 1 1 1 0 1 00000000 00000000
3 0 1 e0 1 1 1 0 1 00000000 00000000
3 0 1 5c 1 1 1 1 1 5ce0d7fb ffffffff
3 0 0 01 0 0 1 1 1 5ce0d7fb ffffffff
3 0 1 f9 1 1 1 0 1 00000000 00000000
3 0 1 b9 0 1 1 0 1 00000000 00000000
3 0 1 f1 0 1 1 0 1 00000000 00000000
3 0 1 c0 0 0 1 1 1 c0f1b9f9 ffffffff
3 0 1 ac 1 1 1 0 1 00000000 00000000
3 0 1 7f 1 1 1 0 1 00000000 00000000
3 0 1 47 1 1 1 0 1 00000000 00000000
3 0 1 57 1 1 1 1 1 57477fac ffffffff
3 0 1 fc 0 0 1 1 1 57477fac ffffffff
3 0 1 06 1 1 1 0 1 00000000 00000000
3 0 1 5a 1 1 1 0 1 00000000 00000000
3 0 1 44 0 1 1 0 1 00000000 00000000
3 0 0 ec 1 1 1 0 1 00000000 00000000
3 0 1 52 1 1 1 1 1 52445a06 ffffffff
3 0 1 07 0 0 1 1 1 52445a06 ffffffff
3 0 1 80 1 1 1 0 1 00000000 00000000
3 0 1 bc 1 1 1 0 1 00000000 00000000
3 0 1 e7 1 1 1 0 1 00000000 00000000
3 0 1 c0 1 1 1 1 1 c0e7bc80 ffffffff
3 0 0 b7 1 1 1 0 1 00000000 00000000
3 0 1 7a 1 1 1 0 1 00000000 00000000
3 0 1 49 1 1 1 0 1 00000000 00000000
3 0 1 95 0 1 1 0 1 00000000 00000000
3 0 1 f9 1 1 1 1 1 f995497a ffffffff
3 0 1 f3 1 1 1 0 1 00000000 00000000
3 0 0 bc 1 1 1 0 1 00000000 00000000
3 0 1 02 1 1 1 0 1 00000000 00000000
3 0 1 7f 1 1 1 0 1 00000000 00000000
3 0 1 0a 0 0 1 1 1 0a7f02f3 ffffffff
3 0 1 fb 1 1 1 0 1 00000000 00000000
3 0 1 57 1 1 1 0 1 00000000 00000000
3 0 1 ea 0 1 1 0 1 00000000 00000000
3 0 0 bd 0 1 1 0 1 00000000 00000000
3 0 1 9c 1 1 1 1 1 9cea57fb ffffffff
3 0 1 5b 0 0 1 1 1 9cea57fb ffffffff
3 0 1 55 0 0 1 1 1 9cea57fb ffffffff
3 0 1 dd 0 0 1 1 1 9cea57fb ffffffff
3 0 1 e5 0 0 1 1 1 9cea57fb ffffffff
3 0 1 06 0 0 1 1 1 9cea57fb ffffffff
3 0 1 7c 0 0 1 1 1 9cea57fb ffffffff
3 0 1 d8 1 1 1 0 1 00000000 00000000
3 0 0 6f 0 1 1 0 1 00000000 00000000
3 0 1 25 1 1 1 0 1 00000000 00000000
3 0 1 40 1 1 1 0 1 00000000 00000000
3 0 1 c2 1 1 1 1 1 c24025d8 ffffffff
3 0 1 20 0 0 1 1 1 c24025d8 ffffffff
3 0 1 bd 1 1 1 0 1 00000000 00000000
3 0 0 1f 1 1 1 0 1 00000000 00000000
3 0 1 95 1 1 1 0 1 00000000 00000000
3 0 1 c5 1 1 1 0 1 00000000 00000000
3 0 1 a4 1 1 1 1 1 a4c595bd ffffffff
3 0 0 8b 0 0 1 1 1 a4c595bd ffffffff
3 0 0 87 1 1 1 0 1 00000000 00000000
3 0 1 4f 0 1 1 0 1 00000000 00000000
3 0 1 18 1 1 1 0 1 00000000 00000000
3 0 1 04 1 1 1 0 1 00000000 00000000
3 0 1 ec 1 1 1 1 1 ec04184f ffffffff
3 0 1 09 0 0 1 1 1 ec04184f ffffffff
3 0 1 df 1 1 1 0 1 00000000 00000000
3 0 1 8f 1 1 1 0 1 00000000 00000000
3 0 1 2d 1 1 1 0 1 00000000 00000000
3 0 1 de 0 0 1 1 1 de2d8fdf ffffffff
3 0 1 b9 1 1 1 0 1 00000000 00000000
3 0 1 e5 0 1 1 0 1 00000000 00000000
3 0 1 8f 1 1 1 0 1 00000000 00000000
3 0 1 1b 0 0 1 1 1 1b8fe5b9 ffffffff
3 0 1 52 0 0 1 1 1 1b8fe5b9 ffffffff
3 0 1 29 1 1 1 0 1 00000000 00000000
3 0 1 53 0 1 1 0 1 00000000 00000000
3 0 1 86 0 1 1 0 1 00000000 00000000
3 0 1 0d 1 1 1 1 1 0d865329 ffffffff
3 0 1 d6 0 0 1 1 1 0d865329 ffffffff
3 0 1 cf 1 1 1 0 1 00000000 00000000
3 0 1 20 1 1 1 0 1 00000000 00000000
3 0 1 d2 1 1 1 0 1 00000000 00000000
3 0 1 df 0 0 1 1 1 dfd220cf ffffffff
3 0 1 72 0 0 1 1 1 dfd220cf ffffffff
3 0 1 49 1 1 1 0 1 00000000 00000000
3 0 0 cb 0 1 1 0 1 00000000 00000000
3 0 1 44 1 1 1 0 1 00000000 00000000
3 0 1 6d 0 1 1 0 1 00000000 00000000
3 0 1 45 1 1 1 1 1 456d4449 ffffffff
3 0 1 9f 0 0 1 1 1 456d4449 ffffffff
3 0 1 ba 1 1 1 0 1 00000000 00000000
3 0 0 8a 1 1 1 0 1 00000000 00000000
3 0 1 e0 1 1 1 0 1 00000000 00000000
3 0 1 7d 1 1 1 0 1 00000000 00000000
3 0 0 2a 1 1 1 0 1 00000000 00000000
3 0 1 d2 0 0 1 1 1 d27de0ba ffffffff
3 0 1 97 1 1 1 0 1 00000000 00000000
3 0 1 a1 0 1 1 0 1 00000000 00000000
3 0 1 59 1 1 1 0 1 00000000 00000000
3 0 1 01 1 1 1 1 1 0159a197 ffffffff
3 0 1 f1 1 1 1 0 1 00000000 00000000
3 0 1 8e 1 1 1 0 1 00000000 00000000
3 0 1 76 0 1 1 0 1 00000000 00000000
3 0 1 f4 1 1 1 1 1 f4768ef1 ffffffff
3 0 1 7e 0 0 1 1 1 f4768ef1 ffffffff
3 0 0 79 0 0 1 1 1 f4768ef1 ffffffff
3 0 1 65 0 0 1 1 1 f4768ef1 ffffffff
3 0 0 8c 1 1 1 0 1 00000000 00000000
3 0 1 23 0 1 1 0 1 00000000 00000000
3 0 1 94 1 1 1 0 1 00000000 00000000
3 0 1 a6 0 1 1 0 1 00000000 00000000
3 0 1 7f 0 0 1 1 1 7fa69423 ffffffff
3 0 1 58 0 0 1 1 1 7fa69423 ffffffff
3 0 1 7a 0 0 1 1 1 7fa69423 ffffffff
3 0 1 80 1 1 1 0 1 00000000 00000000
3 0 1 8f 1 1 1 0 1 00000000 00000000
3 0 1 4f 1 1 1 0 1 00000000 00000000
3 0 1 59 1 1 1 1 1 594f8f80 ffffffff
3 0 1 2c 1 1 1 0 1 00000000 00000000
3 0 1 18 1 1 1 0 1 00000000 00000000
3 0 1 b6 0 1 1 0 1 00000000 00000000
3 0 1 9e 1 1 1 1 1 9eb6182c ffffffff
3 0 1 9b 0 0 1 1 1 9eb6182c ffffffff
3 0 1 cc 1 1 1 0 1 00000000 00000000
3 0 1 3b 0 1 1 0 1 00000000 00000000
3 0 0 9c 1 1 1 0 1 00000000 00000000
3 0 0 0f 0 1 1 0 1 00000000 00000000
3 0 1 52 1 1 1 0 1 00000000 00000000
3 0 0 77 1 1 1 0 1 00000000 00000000
3 0 1 fa 1 1 1 1 1 fa523bcc ffffffff
3 0 1 44 1 1 1 0 1 00000000 00000000
3 0 1 a3 1 1 1 0 1 00000000 00000000
3 0 1 39 1 1 1 0 1 00000000 00000000
3 0 0 a7 0 1 1 0 1 00000000 00000000
3 0 1 27 1 1 1 1 1 2739a344 ffffffff
3 0 1 13 1 1 1 0 1 00000000 00000000
3 0 1 37 0 1 1 0 1 00000000 00000000
3 0 1 65 0 1 1 0 1 00000000 00000000
3 0 1 58 0 0 1 1 1 58653713 ffffffff
3 0 1 ab 0 0 1 1 1 58653713 ffffffff
3 0 1 c4 0 0 1 1 1 58653713 ffffffff
3 0 0 42 1 1 1 0 1 00000000 00000000
3 0 0 a5 1 1 1 0 1 00000000 00000000
3 0 1 3c 1 1 1 0 1 00000000 00000000
3 0 1 39 0 1 1 0 1 00000000 00000000
3 0 0 b4 1 1 1 0 1 00000000 00000000
3 0 1 af 1 1 1 0 1 00000000 00000000
3 0 1 fe 0 0 1 1 1 feaf393c ffffffff
3 0 1 74 0 0 1 1 1 feaf393c ffffffff
3 0 1 80 1 1 1 0 1 00000000 00000000
3 0 1 64 0 1 1 0 1 00000000 00000000
3 0 0 1c 1 1 1 0 1 00000000 00000000
3 0 1 83 0 1 1 0 1 00000000 00000000
3 0 1 73 1 1 1 1 1 73836480 ffffffff
3 1 1 d5 1 1 1 0 1 00000000 00000000
3 0 1 b4 0 1 1 0 1 00000000 00000000
3 0 1 82 0 1 1 0 1 00000000 00000000
3 0 1 f2 1 1 1 0 1 00000000 00000000
3 0 1 a9 0 0 1 1 1 a9f282b4 ffffffff
3 0 0 4f 0 0 1 1 1 a9f282b4 ffffffff
3 0 1 f5 1 1 1 0 1 00000000 00000000
3 0 1 76 0 1 1 0 1 00000000 00000000
3 0 0 66 0 1 1 0 1 00000000 00000000
3 0 0 f7 1 1 1 0 1 00000000 00000000
3 0 1 f4 1 1 1 0 1 00000000 00000000
3 0 1 ba 1 1 1 1 1 baf476f5 ffffffff
3 0 1 1d 1 1 1 0 1 00000000 00000000
3 0 0 46 0 1 1 0 1 00000000 00000000
3 0 1 e4 1 1 1 0 1 00000000 00000000
3 0 1 66 0 1 1 0 1 00000000 00000000
3 0 1 00 1 1 1 1 1 0066e41d ffffffff
3 0 1 4b 1 1 1 0 1 00000000 00000000
3 0 1 83 0 1 1 0 1 00000000 00000000
3 0 0 7e 1 1 1 0 1 00000000 00000000
3 0 0 7c 0 1 1 0 1 00000000 00000000
3 0 1 98 1 1 1 0 1 00000000 00000000
3 0 1 2a 1 1 1 1 1 2a98834b ffffffff
3 0 1 d7 1 1 1 0 1 00000000 00000000
3 0 1 ab 0 1 1 0 1 00000000 00000000
3 0 1 0d 1 1 1 0 1 00000000 00000000
3 0 0 b7 1 1 1 0 1 00000000 00000000
3 0 1 ed 0 0 1 1 1 ed0dabd7 ffffffff
3 0 1 c1 0 0 1 1 1 ed0dabd7 ffffffff
3 0 1 61 1 1 1 0 1 00000000 00000000
3 0 0 4c 0 1 1 0 1 00000000 00000000
3 0 1 c7 1 1 1 0 1 00000000 00000000
3 0 1 9a 1 1 1 0 1 00000000 00000000
3 0 1 d0 0 0 1 1 1 d09ac761 ffffffff
3 0 1 c9 1 1 1 0 1 00000000 00000000
3 0 1 64 0 1 1 0 1 00000000 00000000
3 0 0 e2 1 1 1 0 1 00000000 00000000
3 0 0 06 0 1 1 0 1 00000000 00000000
3 0 0 aa 0 1 1 0 1 00000000 00000000
3 0 1 26 1 1 1 0 1 00000000 00000000
3 0 1 68 1 1 1 1 1 682664c9 ffffffff
3 0 1 43 0 0 1 1 1 682664c9 ffffffff
3 0 1 66 1 1 1 0 1 00000000 00000000
3 0 1 ef 1 1 1 0 1 00000000 00000000
3 0 1 c1 1 1 1 0 1 00000000 00000000
3 0 1 93 1 1 1 1 1 93c1ef66 ffffffff
3 0 0 a6 1 1 1 0 1 00000000 00000000
3 0 0 7a 0 1 1 0 1 00000000 00000000
3 0 1 fa 0 1 1 0 1 00000000 00000000
3 0 1 1c 0 1 1 0 1 00000000 00000000
3 0 1 e2 1 1 1 0 1 00000000 00000000
3 0 1 82 0 0 1 1 1 82e21cfa ffffffff
3 0 1 fe 1 1 1 0 1 00000000 00000000
3 0 0 c9 0 1 1 0 1 00000000 00000000
3 0 0 a7 1 1 1 0 1 00000000 00000000
3 0 1 01 0 1 1 0 1 00000000 00000000
3 0 1 cf 1 1 1 0 1 00000000 00000000
3 0 1 f5 1 1 1 1 1 f5cf01fe ffffffff
3 0 0 71 0 0 1 1 1 f5cf01fe ffffffff
3 0 1 69 1 1 1 0 1 00000000 00000000
3 0 1 fa 1 1 1 0 1 00000000 00000000
3 0 1 c3 1 1 1 0 1 00000000 00000000
3 0 1 11 0 0 1 1 1 11c3fa69 ffffffff
3 0 1 bf 0 0 1 1 1 11c3fa69 ffffffff
3 0 0 5a 1 1 1 0 1 00000000 00000000
3 0 1 7d 0 1 1 0 1 00000000 00000000
3 0 1 da 0 1 1 0 1 00000000 00000000
3 0 1 d2 1 1 1 0 1 00000000 00000000
3 0 0 7d 1 1 1 0 1 00000000 00000000
3 0 1 21 1 1 1 1 1 21d2da7d ffffffff
3 0 1 b7 0 0 1 1 1 21d2da7d ffffffff
3 0 1 92 1 1 1 0 1 00000000 00000000
3 0 0 bb 1 1 1 0 1 00000000 00000000
3 0 1 59 1 1 1 0 1 00000000 00000000
3 0 1 1e 0 1 1 0 1 00000000 00000000
3 0 1 df 1 1 1 1 1 df1e5992 ffffffff
3 0 0 87 0 0 1 1 1 df1e5992 ffffffff
3 0 1 eb 1 1 1 0 1 00000000 00000000
3 0 1 ff 1 1 1 0 1 00000000 00000000
3 0 1 77 1 1 1 0 1 00000000 00000000
3 0 1 08 1 1 1 1 1 0877ffeb ffffffff
3 0 1 1b 0 0 1 1 1 0877ffeb ffffffff
3 0 1 f7 1 1 1 0 1 00000000 00000000
3 0 1 7f 1 1 1 0 1 00000000 00000000
3 0 0 7a 1 1 1 0 1 00000000 00000000
3 0 1 4a 0 1 1 0 1 00000000 00000000
3 0 1 a4 1 1 1 1 1 a44a7ff7 ffffffff
3 0 0 6d 1 1 1 0 1 00000000 00000000
3 0 1 60 0 1 1 0 1 00000000 00000000
3 0 1 62 0 1 1 0 1 00000000 00000000
3 0 0 39 1 1 1 0 1 00000000 00000000
3 0 1 14 0 1 1 0 1 00000000 00000000
3 0 1 75 1 1 1 1 1 75146260 ffffffff
3 0 1 b9 0 0 1 1 1 75146260 ffffffff
3 0 1 e0 1 1 1 0 1 00000000 00000000
3 0 1 46 1 1 1 0 1 00000000 00000000
3 0 1 d6 1 1 1 0 1 00000000 00000000
3 0 1 1c 1 1 1 1 1 1cd646e0 ffffffff
3 0 1 5f 1 1 1 0 1 00000000 00000000
3 0 0 91 1 1 1 0 1 00000000 00000000
3 0 1 02 0 1 1 0 1 00000000 00000000
3 0 1 9f 0 1 1 0 1 00000000 00000000
3 0 1 86 1 1 1 1 1 869f025f ffffffff
3 0 1 02 1 1 1 0 1 00000000 00000000
3 0 1 55 1 1 1 0 1 00000000 00000000
3 0 1 76 0 1 1 0 1 00000000 00000000
3 0 1 3f 0 0 1 1 1 3f765502 ffffffff
3 0 1 dc 1 1 1 0 1 00000000 00000000
3 0 1 eb 1 1 1 0 1 00000000 00000000
3 0 1 88 1 1 1 0 1 00000000 00000000
3 0 1 fd 0 0 1 1 1 fd88ebdc ffffffff
3 0 1 3f 0 0 1 1 1 fd88ebdc ffffffff
3 0 1 a7 0 0 1 1 1 fd88ebdc ffffffff
3 0 0 c2 1 1 1 0 1 00000000 00000000
3 0 1 22 0 1 1 0 1 00000000 00000000
3 0 1 46 1 1 1 0 1 00000000 00000000
3 0 1 b3 1 1 1 0 1 00000000 00000000
3 0 1 25 0 0 1 1 1 25b34622 ffffffff
3 0 1 2f 1 1 1 0 1 00000000 00000000
3 0 1 be 1 1 1 0 1 00000000 00000000
3 0 0 e4 1 1 1 0 1 00000000 00000000
3 0 1 22 0 1 1 0 1 00000000 00000000
3 0 1 40 1 1 1 1 1 4022be2f ffffffff
3 0 1 1f 1 1 1 0 1 00000000 00000000
3 0 0 e5 1 1 1 0 1 00000000 00000000
3 0 1 3c 1 1 1 0 1 00000000 00000000
3 0 1 97 1 1 1 0 1 00000000 00000000
3 0 0 3d 1 1 1 0 1 00000000 00000000
3 0 0 33 1 1 1 0 1 00000000 00000000
3 0 1 84 1 1 1 1 1 84973c1f ffffffff
3 0 0 f5 1 1 1 0 1 00000000 00000000
3 0 0 16 0 1 1 0 1 00000000 00000000
3 0 1 71 1 1 1 0 1 00000000 00000000
3 0 1 c2 0 1 1 0 1 00000000 00000000
3 0 0 b8 1 1 1 0 1 00000000 00000000
3 0 0 f8 1 1 1 0 1 00000000 00000000
3 0 1 b2 0 1 1 0 1 00000000 00000000
3 0 0 8c 1 1 1 0 1 00000000 00000000
3 0 1 e7 1 1 1 1 1 e7b2c271 ffffffff
3 0 1 be 1 1 1 0 1 00000000 00000000
3 0 1 2b 1 1 1 0 1 00000000 00000000
3 0 1 33 0 1 1 0 1 00000000 00000000
3 0 1 19 1 1 1 1 1 19332bbe ffffffff
3 0 0 27 1 1 1 0 1 00000000 00000000
3 0 1 e4 1 1 1 0 1 00000000 00000000
3 0 1 8e 1 1 1 0 1 00000000 00000000
3 0 1 b4 1 1 1 0 1 00000000 00000000
3 0 1 19 0 0 1 1 1 19b48ee4 ffffffff
3 0 0 b2 1 1 1 0 1 00000000 00000000
3 0 1 55 1 1 1 0 1 00000000 00000000
3 0 1 39 1 1 1 0 1 00000000 00000000
3 0 1 93 1 1 1 0 1 00000000 00000000
3 0 1 0e 0 0 1 1 1 0e933955 ffffffff
3 0 1 34 1 1 1 0 1 00000000 00000000
3 0 1 52 0 1 1 0 1 00000000 00000000
3 0 0 86 0 1 1 0 1 00000000 00000000
3 0 1 72 1 1 1 0 1 00000000 00000000
3 0 1 b7 0 0 1 1 1 b7725234 ffffffff
3 0 0 19 1 1 1 0 1 00000000 00000000
3 0 1 46 1 1 1 0 1 00000000 00000000
3 0 0 3b 0 1 1 0 1 00000000 00000000
3 0 1 40 0 1 1 0 1 00000000 00000000
3 0 1 b9 1 1 1 0 1 00000000 00000000
3 0 1 5d 0 0 1 1 1 5db94046 ffffffff
3 0 0 46 0 0 1 1 1 5db94046 ffffffff
3 0 0 9d 1 1 1 0 1 00000000 00000000
3 0 1 3e 0 1 1 0 1 00000000 00000000
3 0 0 ca 0 1 1 0 1 00000000 00000000
3 0 0 da 1 1 1 0 1 00000000 00000000
3 0 1 89 1 1 1 0 1 00000000 00000000
3 0 1 fe 1 1 1 0 1 00000000 00000000
3 0 1 4c 1 1 1 1 1 4cfe893e ffffffff
3 0 0 4b 0 0 1 1 1 4cfe893e ffffffff
3 0 1 4e 1 1 1 0 1 00000000 00000000
3 0 0 7c 1 1 1 0 1 00000000 00000000
3 0 1 34 0 1 1 0 1 00000000 00000000
3 0 1 fc 1 1 1 0 1 00000000 00000000
3 0 0 00 0 1 1 0 1 00000000 00000000
3 0 1 70 0 0 1 1 1 70fc344e ffffffff
3 0 1 9c 1 1 1 0 1 00000000 00000000
3 0 1 2f 0 1 1 0 1 00000000 00000000
3 0 1 b2 1 1 1 0 1 00000000 00000000
3 0 1 ac 0 0 1 1 1 acb22f9c ffffffff
3 0 0 66 1 1 1 0 1 00000000 00000000
3 0 1 d5 1 1 1 0 1 00000000 00000000
3 0 0 fb 1 1 1 0 1 00000000 00000000
3 0 1 3c 1 1 1 0 1 00000000 00000000
3 0 1 ab 1 1 1 0 1 00000000 00000000
3 0 1 69 1 1 1 1 1 69ab3cd5 ffffffff
3 0 1 fb 0 0 1 1 1 69ab3cd5 ffffffff
3 0 1 25 1 1 1 0 1 00000000 00000000
3 0 1 9b 1 1 1 0 1 00000000 00000000
3 0 1 93 1 1 1 0 1 00000000 00000000
3 0 0 b0 1 1 1 0 1 00000000 00000000
3 0 1 7f 1 1 1 1 1 7f939b25 ffffffff
3 0 0 80 0 0 1 1 1 7f939b25 ffffffff
3 0 1 0f 1 1 1 0 1 00000000 00000000
3 0 0 e5 1 1 1 0 1 00000000 00000000
3 0 0 ea 0 1 1 0 1 00000000 00000000
3 0 1 1a 1 1 1 0 1 00000000 00000000
3 0 1 16 1 1 1 0 1 00000000 00000000
3 0 1 1e 1 1 1 1 1 1e161a0f ffffffff
3 0 1 59 1 1 1 0 1 00000000 00000000
3 0 1 cb 1 1 1 0 1 00000000 00000000
3 0 1 67 1 1 1 0 1 00000000 00000000
3 0 0 d4 1 1 1 0 1 00000000 00000000
3 0 0 bd 0 1 1 0 1 00000000 00000000
3 0 1 54 1 1 1 1 1 5467cb59 ffffffff
3 0 1 88 1 1 1 0 1 00000000 00000000
3 0 1 e0 1 1 1 0 1 00000000 00000000
3 0 1 43 1 1 1 0 1 00000000 00000000
3 0 1 1a 1 1 1 1 1 1a43e088 ffffffff
3 0 1 13 1 1 1 0 1 00000000 00000000
3 0 1 e9 1 1 1 0 1 00000000 00000000
3 0 0 37 0 1 1 0 1 00000000 00000000
3 0 1 ec 0 1 1 0 1 00000000 00000000
3 0 1 91 0 0 1 1 1 91ece913 ffffffff
3 0 0 82 1 1 1 0 1 00000000 00000000
3 0 0 0c 1 1 1 0 1 00000000 00000000
3 0 1 eb 1 1 1 0 1 00000000 00000000
3 0 1 44 1 1 1 0 1 00000000 00000000
3 0 1 0a 1 1 1 0 1 00000000 00000000
3 0 1 28 1 1 1 1 1 280a44eb ffffffff
3 0 1 5f 1 1 1 0 1 00000000 00000000
3 0 1 b7 1 1 1 0 1 00000000 00000000
3 0 1 d1 1 1 1 0 1 00000000 00000000
3 0 1 e2 0 0 1 1 1 e2d1b75f ffffffff
3 0 0 1c 1 1 1 0 1 00000000 00000000
3 0 1 1f 1 1 1 0 1 00000000 00000000
3 0 1 5b 1 1 1 0 1 00000000 00000000
3 0 1 2d 1 1 1 0 1 00000000 00000000
3 0 1 14 1 1 1 1 1 142d5b1f ffffffff
3 0 1 ab 1 1 1 0 1 00000000 00000000
3 0 0 2b 1 1 1 0 1 00000000 00000000
3 0 1 09 0 1 1 0 1 00000000 00000000
3 0 0 9e 1 1 1 0 1 00000000 00000000
3 0 1 b8 1 1 1 0 1 00000000 00000000
3 0 1 51 1 1 1 1 1 51b809ab ffffffff
3 0 1 88 1 1 1 0 1 00000000 00000000
3 0 0 26 1 1 1 0 1 00000000 00000000
3 0 1 ef 1 1 1 0 1 00000000 00000000
3 0 1 65 0 1 1 0 1 00000000 00000000
3 0 0 20 1 1 1 0 1 00000000 00000000
3 0 1 ac 1 1 1 1 1 ac65ef88 ffffffff
3 0 1 15 0 0 1 1 1 ac65ef88 ffffffff
3 0 1 0f 1 1 1 0 1 00000000 00000000
3 0 1 bb 1 1 1 0 1 00000000 00000000
3 0 1 5b 0 1 1 0 1 00000000 00000000
3 0 0 62 0 1 1 0 1 00000000 00000000
3 0 1 c3 0 0 1 1 1 c35bbb0f ffffffff
3 0 0 dc 1 1 1 0 1 00000000 00000000
3 0 1 bc 1 1 1 0 1 00000000 00000000
3 0 1 cd 0 1 1 0 1 00000000 00000000
3 0 0 de 1 1 1 0 1 00000000 00000000
3 0 1 66 1 1 1 0 1 00000000 00000000
3 0 1 ba 0 0 1 1 1 ba66cdbc ffffffff
3 0 1 26 1 1 1 0 1 00000000 00000000
3 0 1 f4 0 1 1 0 1 00000000 00000000
3 0 1 66 1 1 1 0 1 00000000 00000000
3 0 1 c3 1 1 1 1 1 c366f426 ffffffff
3 0 0 85 1 1 1 0 1 00000000 00000000
3 0 1 0c 1 1 1 0 1 00000000 00000000
3 0 1 1c 1 1 1 0 1 00000000 00000000
3 0 1 67 1 1 1 0 1 00000000 00000000
3 0 1 eb 1 1 1 1 1 eb671c0c ffffffff
3 0 0 b9 1 1 1 0 1 00000000 00000000
3 0 0 91 0 1 1 0 1 00000000 00000000
3 0 1 76 1 1 1 0 1 00000000 00000000
3 0 1 0b 0 1 1 0 1 00000000 00000000
3 0 1 96 0 1 1 0 1 00000000 00000000
3 0 1 ce 1 1 1 1 1 ce960b76 ffffffff
3 0 1 71 1 1 1 0 1 00000000 00000000
3 0 0 9f 1 1 1 0 1 00000000 00000000
3 0 1 b8 0 1 1 0 1 00000000 00000000
3 0 1 6e 0 1 1 0 1 00000000 00000000
3 0 1 ff 1 1 1 1 1 ff6eb871 ffffffff
3 0 1 06 0 0 1 1 1 ff6eb871 ffffffff
3 0 0 f8 0 0 1 1 1 ff6eb871 ffffffff
3 0 1 ba 0 0 1 1 1 ff6eb871 ffffffff
3 0 1 cc 1 1 1 0 1 00000000 00000000
3 0 1 1d 0 1 1 0 1 00000000 00000000
3 0 1 b5 0 1 1 0 1 00000000 00000000
3 0 1 7b 1 1 1 1 1 7bb51dcc ffffffff
3 0 1 a1 1 1 1 0 1 00000000 00000000
3 0 0 55 1 1 1 0 1 00000000 00000000
3 0 1 b2 1 1 1 0 1 00000000 00000000
3 0 1 ab 1 1 1 0 1 00000000 00000000
3 0 1 6d 0 0 1 1 1 6dabb2a1 ffffffff
3 0 0 1f 1 1 1 0 1 00000000 00000000
3 0 1 37 1 1 1 0 1 00000000 00000000
3 0 0 b6 0 1 1 0 1 00000000 00000000
3 0 0 15 1 1 1 0 1 00000000 00000000
3 0 0 9e 0 1 1 0 1 00000000 00000000
3 0 1 5a 0 1 1 0 1 00000000 00000000
3 0 1 55 1 1 1 0 1 00000000 00000000
3 0 1 5f 1 1 1 1 1 5f555a37 ffffffff
3 0 1 61 1 1 1 0 1 00000000 00000000
3 0 1 14 1 1 1 0 1 00000000 00000000
3 0 1 ee 1 1 1 0 1 00000000 00000000
3 0 1 1f 1 1 1 1 1 1fee1461 ffffffff
3 0 1 c8 1 1 1 0 1 00000000 00000000
3 0 1 44 1 1 1 0 1 00000000 00000000
3 0 0 69 1 1 1 0 1 00000000 00000000
3 0 1 c2 1 1 1 0 1 00000000 00000000
3 0 1 9c 1 1 1 1 1 9cc244c8 ffffffff
3 0 1 26 1 1 1 0 1 00000000 00000000
3 0 1 a6 1 1 1 0 1 00000000 00000000
3 0 1 18 1 1 1 0 1 00000000 00000000
3 0 0 fe 0 1 1 0 1 00000000 00000000
3 0 0 53 0 1 1 0 1 00000000 00000000
3 0 1 00 0 0 1 1 1 0018a626 ffffffff
3 0 1 32 1 1 1 0 1 00000000 00000000
3 0 1 90 1 1 1 0 1 00000000 00000000
3 0 1 88 1 1 1 0 1 00000000 00000000
3 0 1 95 1 1 1 1 1 95889032 ffffffff
3 0 1 6b 1 1 1 0 1 00000000 00000000
3 0 0 21 1 1 1 0 1 00000000 00000000
3 0 1 ed 1 1 1 0 1 00000000 00000000
3 0 1 6d 0 1 1 0 1 00000000 00000000
3 0 1 0e 1 1 1 1 1 0e6ded6b ffffffff
3 0 1 53 1 1 1 0 1 00000000 00000000
3 0 0 1d 1 1 1 0 1 00000000 00000000
3 0 1 9e 0 1 1 0 1 00000000 00000000
3 0 1 42 0 1 1 0 1 00000000 00000000
3 0 0 f6 0 1 1 0 1 00000000 00000000
3 0 1 02 0 0 1 1 1 02429e53 ffffffff
3 0 1 80 1 1 1 0 1 00000000 00000000
3 0 1 1d 1 1 1 0 1 00000000 00000000
3 0 1 10 0 1 1 0 1 00000000 00000000
3 0 1 7b 0 0 1 1 1 7b101d80 ffffffff
3 0 1 8b 1 1 1 0 1 00000000 00000000
3 0 0 c3 1 1 1 0 1 00000000 00000000
3 0 1 c7 1 1 1 0 1 00000000 00000000
3 0 1 88 1 1 1 0 1 00000000 00000000
3 0 1 ca 1 1 1 1 1 ca88c78b ffffffff
3 0 1 51 1 1 1 0 1 00000000 00000000
3 0 1 c5 1 1 1 0 1 00000000 00000000
3 0 1 0d 1 1 1 0 1 00000000 00000000
3 0 1 20 1 1 1 1 1 200dc551 ffffffff
3 0 1 fa 0 0 1 1 1 200dc551 ffffffff
3 0 1 82 1 1 1 0 1 00000000 00000000
3 0 1 9c 0 1 1 0 1 00000000 00000000
3 0 1 b5 0 1 1 0 1 00000000 00000000
3 0 1 a0 1 1 1 1 1 a0b59c82 ffffffff
3 0 1 15 0 0 1 1 1 a0b59c82 ffffffff
3 0 1 5e 1 1 1 0 1 00000000 00000000
3 0 1 36 1 1 1 0 1 00000000 00000000
3 0 0 92 0 1 1 0 1 00000000 00000000
3 0 1 72 1 1 1 0 1 00000000 00000000
3 0 1 96 1 1 1 1 1 9672365e ffffffff
3 0 1 40 1 1 1 0 1 00000000 00000000
3 0 0 aa 1 1 1 0 1 00000000 00000000
3 0 1 51 1 1 1 0 1 00000000 00000000
3 0 1 30 0 1 1 0 1 00000000 00000000
3 0 1 d6 1 1 1 1 1 d6305140 ffffffff
3 0 0 fc 1 1 1 0 1 00000000 00000000
3 0 1 11 1 1 1 0 1 00000000 00000000
3 0 0 b0 0 1 1 0 1 00000000 00000000
3 0 1 cf 1 1 1 0 1 00000000 00000000
3 0 0 99 1 1 1 0 1 00000000 00000000
3 0 0 10 0 1 1 0 1 00000000 00000000
3 0 1 bf 0 1 1 0 1 00000000 00000000
3 0 1 3a 0 0 1 1 1 3abfcf11 ffffffff
3 0 1 2b 1 1 1 0 1 00000000 00000000
3 0 1 9b 1 1 1 0 1 00000000 00000000
3 0 1 d7 1 1 1 0 1 00000000 00000000
3 0 1 15 0 0 1 1 1 15d79b2b ffffffff
3 0 1 cb 1 1 1 0 1 00000000 00000000
3 0 0 fd 0 1 1 0 1 00000000 00000000
3 0 1 7c 0 1 1 0 1 00000000 00000000
3 0 1 f3 1 1 1 0 1 00000000 00000000
3 0 1 12 0 0 1 1 1 12f37ccb ffffffff
3 0 1 95 1 1 1 0 1 00000000 00000000
3 0 1 80 0 1 1 0 1 00000000 00000000
3 0 1 b3 0 1 1 0 1 00000000 00000000
3 0 1 8d 1 1 1 1 1 8db38095 ffffffff
3 0 1 d3 1 1 1 0 1 00000000 00000000
3 0 1 73 1 1 1 0 1 00000000 00000000
3 0 0 d8 1 1 1 0 1 00000000 00000000
3 0 1 bc 1 1 1 0 1 00000000 00000000
3 0 1 76 1 1 1 1 1 76bc73d3 ffffffff
3 0 1 3d 1 1 1 0 1 00000000 00000000
3 0 1 d4 1 1 1 0 1 00000000 00000000
3 0 0 46 1 1 1 0 1 00000000 00000000
3 0 0 7e 0 1 1 0 1 00000000 00000000
3 0 1 a6 1 1 1 0 1 00000000 00000000
3 0 1 78 1 1 1 1 1 78a6d43d ffffffff
3 0 1 22 1 1 1 0 1 00000000 00000000
3 0 1 05 0 1 1 0 1 00000000 00000000
3 0 1 82 1 1 1 0 1 00000000 00000000
3 0 0 b9 0 1 1 0 1 00000000 00000000
3 0 1 dc 1 1 1 1 1 dc820522 ffffffff
3 0 0 3e 0 0 1 1 1 dc820522 ffffffff
3 0 0 bb 0 0 1 1 1 dc820522 ffffffff
3 0 1 94 1 1 1 0 1 00000000 00000000
3 0 0 4b 1 1 1 0 1 00000000 00000000
3 0 1 73 1 1 1 0 1 00000000 00000000
3 0 1 fa 1 1 1 0 1 00000000 00000000
3 0 1 4f 0 0 1 1 1 4ffa7394 ffffffff
3 0 1 fe 1 1 1 0 1 00000000 00000000
3 0 0 b5 1 1 1 0 1 00000000 00000000
3 0 1 09 1 1 1 0 1 00000000 00000000
3 0 1 97 0 1 1 0 1 00000000 00000000
3 0 0 b5 1 1 1 0 1 00000000 00000000
3 0 0 8f 0 1 1 0 1 00000000 00000000
3 0 1 e2 0 0 1 1 1 e29709fe ffffffff
3 0 1 5e 0 0 1 1 1 e29709fe ffffffff
3 0 1 73 1 1 1 0 1 00000000 00000000
3 0 0 63 1 1 1 0 1 00000000 00000000
3 0 1 bb 1 1 1 0 1 00000000 00000000
3 0 1 8b 1 1 1 0 1 00000000 00000000
3 0 0 d4 1 1 1 0 1 00000000 00000000
3 0 1 67 1 1 1 1 1 678bbb73 ffffffff
3 0 1 8e 0 0 1 1 1 678bbb73 ffffffff
3 0 1 f8 1 1 1 0 1 00000000 00000000
3 0 1 6c 1 1 1 0 1 00000000 00000000
3 0 1 40 1 1 1 0 1 00000000 00000000
3 0 1 2e 0 0 1 1 1 2e406cf8 ffffffff
3 0 1 f6 1 1 1 0 1 00000000 00000000
3 0 1 5e 1 1 1 0 1 00000000 00000000
3 0 1 5b 0 1 1 0 1 00000000 00000000
3 0 0 e2 1 1 1 0 1 00000000 00000000
3 0 1 ef 0 0 1 1 1 ef5b5ef6 ffffffff
3 0 1 be 0 0 1 1 1 ef5b5ef6 ffffffff
3 0 1 3d 1 1 1 0 1 00000000 00000000
3 0 1 ff 1 1 1 0 1 00000000 00000000
3 0 1 81 1 1 1 0 1 00000000 00000000
3 0 1 a1 0 0 1 1 1 a181ff3d ffffffff
3 0 1 bb 1 1 1 0 1 00000000 00000000
3 0 1 ae 1 1 1 0 1 00000000 00000000
3 0 1 dc 0 1 1 0 1 00000000 00000000
3 0 1 46 1 1 1 1 1 46dcaebb ffffffff
3 0 1 dc 1 1 1 0 1 00000000 00000000
3 0 1 da 1 1 1 0 1 00000000 00000000
3 0 1 53 0 1 1 0 1 00000000 00000000
3 0 1 f0 1 1 1 1 1 f053dadc ffffffff
3 0 1 8a 1 1 1 0 1 00000000 00000000
3 0 1 dd 0 1 1 0 1 00000000 00000000
3 0 1 33 0 1 1 0 1 00000000 00000000
3 0 0 7d 1 1 1 0 1 00000000 00000000
3 0 1 e1 0 0 1 1 1 e133dd8a ffffffff
3 0 0 c7 1 1 1 0 1 00000000 00000000
3 0 1 02 1 1 1 0 1 00000000 00000000
3 0 0 39 1 1 1 0 1 00000000 00000000
3 0 1 1d 1 1 1 0 1 00000000 00000000
3 0 0 09 1 1 1 0 1 00000000 00000000
3 0 1 8b 0 1 1 0 1 00000000 00000000
3 0 1 ec 0 0 1 1 1 ec8b1d02 ffffffff
3 0 1 7d 1 1 1 0 1 00000000 00000000
3 0 0 79 0 1 1 0 1 00000000 00000000
3 0 0 6d 0 1 1 0 1 00000000 00000000
3 0 1 61 1 1 1 0 1 00000000 00000000
3 0 0 ab 1 1 1 0 1 00000000 00000000
3 0 0 51 1 1 1 0 1 00000000 00000000
3 0 1 a1 0 1 1 0 1 00000000 00000000
3 0 1 42 0 0 1 1 1 42a1617d ffffffff
3 0 1 1d 1 1 1 0 1 00000000 00000000
3 0 1 7c 1 1 1 0 1 00000000 00000000
3 0 1 07 1 1 1 0 1 00000000 00000000
3 0 0 26 1 1 1 0 1 00000000 00000000
3 0 1 86 1 1 1 1 1 86077c1d ffffffff
3 0 0 c1 0 0 1 1 1 86077c1d ffffffff
3 0 1 36 1 1 1 0 1 00000000 00000000
3 0 1 f7 1 1 1 0 1 00000000 00000000
3 0 1 2a 1 1 1 0 1 00000000 00000000
3 0 1 67 1 1 1 1 1 672af736 ffffffff
3 0 1 e0 1 1 1 0 1 00000000 00000000
3 0 1 af 1 1 1 0 1 00000000 00000000
3 0 0 5c 1 1 1 0 1 00000000 00000000
3 0 1 fb 1 1 1 0 1 00000000 00000000
3 0 1 7c 0 0 1 1 1 7cfbafe0 ffffffff
3 0 1 e0 1 1 1 0 1 00000000 00000000
3 0 1 0e 1 1 1 0 1 00000000 00000000
3 0 1 f6 1 1 1 0 1 00000000 00000000
3 0 1 f7 0 0 1 1 1 f7f60ee0 ffffffff
3 0 1 26 1 1 1 0 1 00000000 00000000
3 0 1 22 1 1 1 0 1 00000000 00000000
3 0 0 cc 1 1 1 0 1 00000000 00000000
3 0 0 75 0 1 1 0 1 00000000 00000000
3 0 0 27 1 1 1 0 1 00000000 00000000
3 0 1 62 1 1 1 0 1 00000000 00000000
3 0 1 0f 0 0 1 1 1 0f622226 ffffffff
3 0 1 48 1 1 1 0 1 00000000 00000000
3 0 0 d2 1 1 1 0 1 00000000 00000000
3 0 1 98 0 1 1 0 1 00000000 00000000
3 0 1 e8 1 1 1 0 1 00000000 00000000
3 0 0 10 1 1 1 0 1 00000000 00000000
3 0 1 35 0 0 1 1 1 35e89848 ffffffff
3 0 1 3d 1 1 1 0 1 00000000 00000000
3 0 1 01 1 1 1 0 1 00000000 00000000
3 0 1 29 1 1 1 0 1 00000000 00000000
3 0 1 87 1 1 1 1 1 8729013d ffffffff
3 0 1 69 1 1 1 0 1 00000000 00000000
3 0 1 b6 1 1 1 0 1 00000000 00000000
3 0 1 ee 1 1 1 0 1 00000000 00000000
3 0 0 0d 0 1 1 0 1 00000000 00000000
3 0 1 62 1 1 1 1 1 62eeb669 ffffffff
3 0 0 c4 1 1 1 0 1 00000000 00000000
3 0 1 b0 1 1 1 0 1 00000000 00000000
3 0 1 c6 0 1 1 0 1 00000000 00000000
3 0 0 50 0 1 1 0 1 00000000 00000000
3 0 1 e6 1 1 1 0 1 00000000 00000000
3 0 1 51 1 1 1 1 1 51e6c6b0 ffffffff
3 0 0 22 0 0 1 1 1 51e6c6b0 ffffffff
3 0 0 99 1 1 1 0 1 00000000 00000000
3 0 0 82 1 1 1 0 1 00000000 00000000
3 0 0 31 1 1 1 0 1 00000000 00000000
3 0 1 c3 1 1 1 0 1 00000000 00000000
3 0 1 57 1 1 1 0 1 00000000 00000000
3 0 1 df 1 1 1 0 1 00000000 00000000
3 0 1 06 1 1 1 1 1 06df57c3 ffffffff
3 0 1 06 1 1 1 0 1 00000000 00000000
3 0 1 1c 0 1 1 0 1 00000000 00000000
3 0 1 57 1 1 1 0 1 00000000 00000000
3 0 1 09 1 1 1 1 1 09571c06 ffffffff
3 0 1 c6 1 1 1 0 1 00000000 00000000
3 0 1 ef 0 1 1 0 1 00000000 00000000
3 0 1 bd 0 1 1 0 1 00000000 00000000
3 0 1 6a 0 0 1 1 1 6abdefc6 ffffffff
3 0 1 92 0 0 1 1 1 6abdefc6 ffffffff
3 0 1 7c 1 1 1 0 1 00000000 00000000
3 0 1 70 1 1 1 0 1 00000000 00000000
3 0 1 b4 0 1 1 0 1 00000000 00000000
3 0 1 2d 1 1 1 1 1 2db4707c ffffffff
3 0 1 68 1 1 1 0 1 00000000 00000000
3 0 0 dc 0 1 1 0 1 00000000 00000000
3 0 1 31 0 1 1 0 1 00000000 00000000
3 0 1 04 0 1 1 0 1 00000000 00000000
3 0 1 0f 1 1 1 1 1 0f043168 ffffffff
3 0 1 5f 0 0 1 1 1 0f043168 ffffffff
3 0 1 3a 1 1 1 0 1 00000000 00000000
3 0 1 18 1 1 1 0 1 00000000 00000000
3 0 1 b7 1 1 1 0 1 00000000 00000000
3 0 1 c0 0 0 1 1 1 c0b7183a ffffffff
3 0 0 b4 1 1 1 0 1 00000000 00000000
3 0 0 70 0 1 1 0 1 00000000 00000000
3 0 1 a6 0 1 1 0 1 00000000 00000000
3 0 1 19 1 1 1 0 1 00000000 00000000
3 0 0 9f 1 1 1 0 1 00000000 00000000
3 0 1 e5 0 1 1 0 1 00000000 00000000
3 0 0 e6 1 1 1 0 1 00000000 00000000
3 0 0 fb 1 1 1 0 1 00000000 00000000
3 0 1 f1 0 0 1 1 1 f1e519a6 ffffffff
3 0 1 4b 1 1 1 0 1 00000000 00000000
3 0 0 dd 1 1 1 0 1 00000000 00000000
3 0 0 8c 1 1 1 0 1 00000000 00000000
3 0 1 a6 0 1 1 0 1 00000000 00000000
3 0 1 5e 0 1 1 0 1 00000000 00000000
3 0 1 0f 1 1 1 1 1 0f5ea64b ffffffff
3 0 1 3e 1 1 1 0 1 00000000 00000000
3 0 1 94 1 1 1 0 1 00000000 00000000
3 0 1 2d 0 1 1 0 1 00000000 00000000
3 0 1 3e 0 0 1 1 1 3e2d943e ffffffff
3 0 0 c1 1 1 1 0 1 00000000 00000000
3 0 1 75 1 1 1 0 1 00000000 00000000
3 0 1 a6 0 1 1 0 1 00000000 00000000
3 0 0 60 0 1 1 0 1 00000000 00000000
3 0 1 d9 1 1 1 0 1 00000000 00000000
3 0 0 63 1 1 1 0 1 00000000 00000000
3 0 1 10 0 0 1 1 1 10d9a675 ffffffff
3 0 0 da 1 1 1 0 1 00000000 00000000
3 0 1 ba 1 1 1 0 1 00000000 00000000
3 0 0 3a 1 1 1 0 1 00000000 00000000
3 0 1 c0 1 1 1 0 1 00000000 00000000
3 0 1 0b 0 1 1 0 1 00000000 00000000
3 0 1 46 0 0 1 1 1 460bc0ba ffffffff
3 0 1 69 0 0 1 1 1 460bc0ba ffffffff
3 0 1 2f 1 1 1 0 1 00000000 00000000
3 0 1 84 1 1 1 0 1 00000000 00000000
3 0 1 74 0 1 1 0 1 00000000 00000000
3 0 1 f5 0 0 1 1 1 f574842f ffffffff
3 0 0 3a 1 1 1 0 1 00000000 00000000
3 0 1 70 0 1 1 0 1 00000000 00000000
3 0 1 1b 0 1 1 0 1 00000000 00000000
3 0 1 95 1 1 1 0 1 00000000 00000000
3 0 1 d0 1 1 1 1 1 d0951b70 ffffffff
3 0 0 d9 0 0 1 1 1 d0951b70 ffffffff
3 0 1 76 0 0 1 1 1 d0951b70 ffffffff
3 0 1 a6 1 1 1 0 1 00000000 00000000
3 0 1 48 0 1 1 0 1 00000000 00000000
3 0 1 b5 0 1 1 0 1 00000000 00000000
3 0 1 09 1 1 1 1 1 09b548a6 ffffffff
3 0 0 e5 1 1 1 0 1 00000000 00000000
3 0 1 61 0 1 1 0 1 00000000 00000000
3 0 1 fa 0 1 1 0 1 00000000 00000000
3 0 1 9c 1 1 1 0 1 00000000 00000000
3 0 1 b3 0 0 1 1 1 b39cfa61 ffffffff
3 0 1 0a 1 1 1 0 1 00000000 00000000
3 0 1 ba 1 1 1 0 1 00000000 00000000
3 0 1 a0 0 1 1 0 1 00000000 00000000
3 0 1 96 1 1 1 1 1 96a0ba0a ffffffff
3 0 1 cf 1 1 1 0 1 00000000 00000000
3 0 1 0c 1 1 1 0 1 00000000 00000000
3 0 1 f5 1 1 1 0 1 00000000 00000000
3 0 1 11 0 0 1 1 1 11f50ccf ffffffff
3 0 1 cd 0 0 1 1 1 11f50ccf ffffffff
3 0 0 21 0 0 1 1 1 11f50ccf ffffffff
3 0 1 d4 0 0 1 1 1 11f50ccf ffffffff
3 0 1 6f 0 0 1 1 1 11f50ccf ffffffff
3 0 0 50 1 1 1 0 1 00000000 00000000
3 0 1 a7 1 1 1 0 1 00000000 00000000
3 0 0 a6 1 1 1 0 1 00000000 00000000
3 0 0 47 1 1 1 0 1 00000000 00000000
3 0 1 43 1 1 1 0 1 00000000 00000000
3 0 1 52 1 1 1 0 1 00000000 00000000
3 0 1 55 0 0 1 1 1 555243a7 ffffffff
3 0 1 03 1 1 1 0 1 00000000 00000000
3 0 1 23 0 1 1 0 1 00000000 00000000
3 0 1 ed 1 1 1 0 1 00000000 00000000
3 0 1 fa 1 1 1 1 1 faed2303 ffffffff
3 0 1 06 1 1 1 0 1 00000000 00000000
3 0 1 fb 0 1 1 0 1 00000000 00000000
3 0 1 22 1 1 1 0 1 00000000 00000000
3 0 1 00 1 1 1 1 1 0022fb06 ffffffff
3 0 1 a2 1 1 1 0 1 00000000 00000000
3 0 1 12 1 1 1 0 1 00000000 00000000
3 0 0 d3 1 1 1 0 1 00000000 00000000
3 0 0 88 1 1 1 0 1 00000000 00000000
3 0 1 66 0 1 1 0 1 00000000 00000000
3 0 1 52 0 0 1 1 1 526612a2 ffffffff
3 0 1 ad 0 0 1 1 1 526612a2 ffffffff
3 0 1 14 0 0 1 1 1 526612a2 ffffffff
3 0 1 71 1 1 1 0 1 00000000 00000000
3 0 1 09 1 1 1 0 1 00000000 00000000
3 0 1 d0 1 1 1 0 1 00000000 00000000
3 0 1 e3 0 0 1 1 1 e3d00971 ffffffff
3 0 0 25 1 1 1 0 1 00000000 00000000
3 0 1 31 1 1 1 0 1 00000000 00000000
3 0 1 32 1 1 1 0 1 00000000 00000000
3 0 1 da 1 1 1 0 1 00000000 00000000
3 0 0 a1 1 1 1 0 1 00000000 00000000
3 0 1 b0 0 0 1 1 1 b0da3231 ffffffff
3 0 1 36 0 0 1 1 1 b0da3231 ffffffff
3 0 1 a0 0 0 1 1 1 b0da3231 ffffffff
3 0 1 2e 1 1 1 0 1 00000000 00000000
3 0 0 19 1 1 1 0 1 00000000 00000000
3 0 1 c7 0 1 1 0 1 00000000 00000000
3 0 0 fe 0 1 1 0 1 00000000 00000000
3 0 1 7c 1 1 1 0 1 00000000 00000000
3 0 1 ae 1 1 1 1 1 ae7cc72e ffffffff
3 0 1 8c 1 1 1 0 1 00000000 00000000
3 0 0 3e 1 1 1 0 1 00000000 00000000
3 0 1 77 0 1 1 0 1 00000000 00000000
3 0 1 07 0 1 1 0 1 00000000 00000000
3 0 0 18 0 1 1 0 1 00000000 00000000
3 0 1 81 0 0 1 1 1 8107778c ffffffff
3 0 1 a9 1 1 1 0 1 00000000 00000000
3 0 0 61 1 1 1 0 1 00000000 00000000
3 0 0 89 0 1 1 0 1 00000000 00000000
3 0 1 22 1 1 1 0 1 00000000 00000000
3 0 1 3a 1 1 1 0 1 00000000 00000000
3 0 0 e2 1 1 1 0 1 00000000 00000000
3 0 1 71 1 1 1 1 1 713a22a9 ffffffff
3 0 1 b3 0 0 1 1 1 713a22a9 ffffffff
3 0 1 97 0 0 1 1 1 713a22a9 ffffffff
3 0 1 79 0 0 1 1 1 713a22a9 ffffffff
3 0 1 f3 1 1 1 0 1 00000000 00000000
3 0 1 25 0 1 1 0 1 00000000 00000000
3 0 1 30 1 1 1 0 1 00000000 00000000
3 0 1 8f 0 0 1 1 1 8f3025f3 ffffffff
3 0 1 78 1 1 1 0 1 00000000 00000000
3 0 1 fa 1 1 1 0 1 00000000 00000000
3 0 1 3d 1 1 1 0 1 00000000 00000000
3 0 0 07 1 1 1 0 1 00000000 00000000
3 0 0 81 1 1 1 0 1 00000000 00000000
3 0 1 35 1 1 1 1 1 353dfa78 ffffffff
3 0 1 87 1 1 1 0 1 00000000 00000000
3 0 0 9d 1 1 1 0 1 00000000 00000000
3 0 1 61 1 1 1 0 1 00000000 00000000
3 0 1 26 1 1 1 0 1 00000000 00000000
3 0 1 29 0 0 1 1 1 29266187 ffffffff
3 0 0 7f 1 1 1 0 1 00000000 00000000
3 0 0 5e 0 1 1 0 1 00000000 00000000
3 0 1 e8 0 1 1 0 1 00000000 00000000
3 0 1 b1 0 1 1 0 1 00000000 00000000
3 0 0 0b 1 1 1 0 1 00000000 00000000
3 0 1 71 1 1 1 0 1 00000000 00000000
3 0 1 5b 1 1 1 1 1 5b71b1e8 ffffffff
3 0 1 c8 1 1 1 0 1 00000000 00000000
3 0 0 fe 1 1 1 0 1 00000000 00000000
3 0 1 ec 0 1 1 0 1 00000000 00000000
3 0 0 ae 1 1 1 0 1 00000000 00000000
3 0 1 97 1 1 1 0 1 00000000 00000000
3 0 1 37 0 0 1 1 1 3797ecc8 ffffffff
3 0 1 33 0 0 1 1 1 3797ecc8 ffffffff
3 0 0 f8 0 0 1 1 1 3797ecc8 ffffffff
3 0 1 30 1 1 1 0 1 00000000 00000000
3 0 1 4e 0 1 1 0 1 00000000 00000000
3 0 1 fd 1 1 1 0 1 00000000 00000000
3 0 1 b9 0 0 1 1 1 b9fd4e30 ffffffff
3 0 1 29 1 1 1 0 1 00000000 00000000
3 0 1 25 1 1 1 0 1 00000000 00000000
3 0 0 99 0 1 1 0 1 00000000 00000000
3 0 0 10 1 1 1 0 1 00000000 00000000
3 0 1 1e 1 1 1 0 1 00000000 00000000
3 0 1 34 1 1 1 1 1 341e2529 ffffffff
3 0 1 a4 0 0 1 1 1 341e2529 ffffffff
3 0 0 09 1 1 1 0 1 00000000 00000000
3 0 1 04 1 1 1 0 1 00000000 00000000
3 0 1 f3 1 1 1 0 1 00000000 00000000
3 0 1 18 1 1 1 0 1 00000000 00000000
3 0 0 a3 1 1 1 0 1 00000000 00000000
3 0 1 c1 1 1 1 1 1 c118f304 ffffffff
3 0 1 c3 1 1 1 0 1 00000000 00000000
3 0 0 77 1 1 1 0 1 00000000 00000000
3 0 1 43 1 1 1 0 1 00000000 00000000
3 0 1 56 1 1 1 0 1 00000000 00000000
3 0 1 bd 1 1 1 1 1 bd5643c3 ffffffff
3 0 0 ca 0 0 1 1 1 bd5643c3 ffffffff
3 0 1 9c 0 0 1 1 1 bd5643c3 ffffffff
3 0 1 55 0 0 1 1 1 bd5643c3 ffffffff
3 0 0 6e 0 0 1 1 1 bd5643c3 ffffffff
3 0 1 d2 1 1 1 0 1 00000000 00000000
3 0 0 22 1 1 1 0 1 00000000 00000000
3 0 0 ab 1 1 1 0 1 00000000 00000000
3 0 1 80 1 1 1 0 1 00000000 00000000
3 0 1 28 1 1 1 0 1 00000000 00000000
3 0 1 b1 1 1 1 1 1 b12880d2 ffffffff
3 0 1 24 0 0 1 1 1 b12880d2 ffffffff
3 0 1 61 0 0 1 1 1 b12880d2 ffffffff
3 0 1 c5 1 1 1 0 1 00000000 00000000
3 0 1 ba 1 1 1 0 1 00000000 00000000
3 0 1 d0 0 1 1 0 1 00000000 00000000
3 0 1 60 1 1 1 1 1 60d0bac5 ffffffff
3 0 1 70 1 1 1 0 1 00000000 00000000
3 0 1 ce 1 1 1 0 1 00000000 00000000
3 0 1 f3 0 1 1 0 1 00000000 00000000
3 0 1 c9 1 1 1 1 1 c9f3ce70 ffffffff
3 0 1 80 0 0 1 1 1 c9f3ce70 ffffffff
3 0 1 97 1 1 1 0 1 00000000 00000000
3 0 0 94 0 1 1 0 1 00000000 00000000
3 0 0 f8 1 1 1 0 1 00000000 00000000
3 0 1 18 0 1 1 0 1 00000000 00000000
3 0 1 e8 0 1 1 0 1 00000000 00000000
3 0 1 4d 1 1 1 1 1 4de81897 ffffffff
3 0 1 5a 1 1 1 0 1 00000000 00000000
3 0 1 3c 1 1 1 0 1 00000000 00000000
3 0 1 23 1 1 1 0 1 00000000 00000000
3 0 1 f9 1 1 1 1 1 f9233c5a ffffffff
3 0 1 1b 0 0 1 1 1 f9233c5a ffffffff
3 0 0 40 0 0 1 1 1 f9233c5a ffffffff
3 0 1 d3 1 1 1 0 1 00000000 00000000
3 0 1 b9 0 1 1 0 1 00000000 00000000
3 0 1 75 0 1 1 0 1 00000000 00000000
3 0 1 f9 1 1 1 1 1 f975b9d3 ffffffff
3 0 1 f1 1 1 1 0 1 00000000 00000000
3 0 1 6c 1 1 1 0 1 00000000 00000000
3 0 1 cb 1 1 1 0 1 00000000 00000000
3 0 1 66 0 0 1 1 1 66cb6cf1 ffffffff
3 0 0 83 1 1 1 0 1 00000000 00000000
3 0 1 c1 1 1 1 0 1 00000000 00000000
3 0 1 d0 1 1 1 0 1 00000000 00000000
3 0 1 ba 1 1 1 0 1 00000000 00000000
3 0 1 ab 0 0 1 1 1 abbad0c1 ffffffff
3 0 1 74 1 1 1 0 1 00000000 00000000
3 0 0 db 1 1 1 0 1 00000000 00000000
3 0 1 55 1 1 1 0 1 00000000 00000000
3 0 0 18 0 1 1 0 1 00000000 00000000
3 0 0 f5 0 1 1 0 1 00000000 00000000
3 0 1 e0 1 1 1 0 1 00000000 00000000
3 0 0 1c 1 1 1 0 1 00000000 00000000
3 0 1 18 1 1 1 1 1 18e05574 ffffffff
3 0 0 75 0 0 1 1 1 18e05574 ffffffff
3 0 1 ad 1 1 1 0 1 00000000 00000000
3 0 1 92 1 1 1 0 1 00000000 00000000
3 0 1 7a 1 1 1 0 1 00000000 00000000
3 0 0 35 0 1 1 0 1 00000000 00000000
3 0 1 0b 1 1 1 1 1 0b7a92ad ffffffff
3 0 0 c9 0 0 1 1 1 0b7a92ad ffffffff
3 0 1 4d 1 1 1 0 1 00000000 00000000
3 0 1 6a 1 1 1 0 1 00000000 00000000
3 0 1 28 1 1 1 0 1 00000000 00000000
3 0 1 ca 1 1 1 1 1 ca286a4d ffffffff
3 0 1 b3 1 1 1 0 1 00000000 00000000
3 0 1 6e 1 1 1 0 1 00000000 00000000
3 0 0 80 1 1 1 0 1 00000000 00000000
3 0 1 67 1 1 1 0 1 00000000 00000000
3 0 1 18 1 1 1 1 1 18676eb3 ffffffff
3 0 0 1f 1 1 1 0 1 00000000 00000000
3 0 1 5a 0 1 1 0 1 00000000 00000000
3 0 0 aa 1 1 1 0 1 00000000 00000000
3 0 0 28 0 1 1 0 1 00000000 00000000
3 0 1 11 1 1 1 0 1 00000000 00000000
3 0 1 a4 1 1 1 0 1 00000000 00000000
3 0 1 95 1 1 1 1 1 95a4115a ffffffff
3 0 1 34 0 0 1 1 1 95a4115a ffffffff
3 1 1 1b 1 1 1 0 1 00000000 00000000
3 0 1 cd 0 1 1 0 1 00000000 00000000
3 0 0 16 1 1 1 0 1 00000000 00000000
3 0 1 c4 1 1 1 0 1 00000000 00000000
3 0 1 18 1 1 1 0 1 00000000 00000000
3 0 1 4a 0 0 1 1 1 4a18c4cd ffffffff
3 0 1 6a 0 0 1 1 1 4a18c4cd ffffffff
3 0 1 f6 1 1 1 0 1 00000000 00000000
3 0 1 d5 1 1 1 0 1 00000000 00000000
3 0 1 19 0 1 1 0 1 00000000 00000000
3 0 1 3a 0 0 1 1 1 3a19d5f6 ffffffff
3 0 1 ec 0 0 1 1 1 3a19d5f6 ffffffff
3 0 0 89 1 1 1 0 1 00000000 00000000
3 0 0 5f 1 1 1 0 1 00000000 00000000
3 0 1 55 1 1 1 0 1 00000000 00000000
3 0 1 9d 0 1 1 0 1 00000000 00000000
3 0 1 f5 0 1 1 0 1 00000000 00000000
3 0 1 d3 0 0 1 1 1 d3f59d55 ffffffff
3 0 0 7c 1 1 1 0 1 00000000 00000000
3 0 1 f6 0 1 1 0 1 00000000 00000000
3 0 1 2c 1 1 1 0 1 00000000 00000000
3 0 0 ca 0 1 1 0 1 00000000 00000000
3 0 1 6d 1 1 1 0 1 00000000 00000000
3 0 1 18 1 1 1 1 1 186d2cf6 ffffffff
3 0 1 26 1 1 1 0 1 00000000 00000000
3 0 1 19 0 1 1 0 1 00000000 00000000
3 0 1 23 1 1 1 0 1 00000000 00000000
3 0 1 56 1 1 1 1 1 56231926 ffffffff
3 0 1 05 1 1 1 0 1 00000000 00000000
3 0 1 51 1 1 1 0 1 00000000 00000000
3 0 1 65 1 1 1 0 1 00000000 00000000
3 0 1 58 1 1 1 1 1 58655105 ffffffff
3 0 0 f6 1 1 1 0 1 00000000 00000000
3 0 1 be 1 1 1 0 1 00000000 00000000
3 0 0 40 0 1 1 0 1 00000000 00000000
3 0 0 fe 1 1 1 0 1 00000000 00000000
3 0 0 b9 1 1 1 0 1 00000000 00000000
3 0 1 f9 1 1 1 0 1 00000000 00000000
3 0 1 4a 1 1 1 0 1 00000000 00000000
3 0 0 30 0 1 1 0 1 00000000 00000000
3 0 1 f5 0 0 1 1 1 f54af9be ffffffff
3 0 0 9b 1 1 1 0 1 00000000 00000000
3 0 0 68 1 1 1 0 1 00000000 00000000
3 0 1 73 0 1 1 0 1 00000000 00000000
3 0 0 ef 1 1 1 0 1 00000000 00000000
3 0 1 78 1 1 1 0 1 00000000 00000000
3 0 1 6c 1 1 1 0 1 00000000 00000000
3 0 0 cb 0 1 1 0 1 00000000 00000000
3 0 1 79 1 1 1 1 1 796c7873 ffffffff
3 0 0 72 1 1 1 0 1 00000000 00000000
3 0 0 bd 1 1 1 0 1 00000000 00000000
3 0 1 49 1 1 1 0 1 00000000 00000000
3 0 1 c3 1 1 1 0 1 00000000 00000000
3 0 1 e8 0 1 1 0 1 00000000 00000000
3 0 1 f2 0 0 1 1 1 f2e8c349 ffffffff
3 0 1 9c 0 0 1 1 1 f2e8c349 ffffffff
3 0 1 ee 1 1 1 0 1 00000000 00000000
3 0 0 62 1 1 1 0 1 00000000 00000000
3 0 1 ff 0 1 1 0 1 00000000 00000000
3 0 1 e0 0 1 1 0 1 00000000 00000000
3 0 1 10 1 1 1 1 1 10e0ffee ffffffff
3 0 1 db 0 0 1 1 1 10e0ffee ffffffff
3 0 1 75 1 1 1 0 1 00000000 00000000
3 0 1 e5 1 1 1 0 1 00000000 00000000
3 0 0 a9 1 1 1 0 1 00000000 00000000
3 0 1 ad 0 1 1 0 1 00000000 00000000
3 0 0 6f 0 1 1 0 1 00000000 00000000
3 0 1 c2 0 0 1 1 1 c2ade575 ffffffff
3 0 1 f7 1 1 1 0 1 00000000 00000000
3 0 1 07 0 1 1 0 1 00000000 00000000
3 0 1 e1 1 1 1 0 1 00000000 00000000
3 0 0 64 0 1 1 0 1 00000000 00000000
3 0 1 d9 1 1 1 1 1 d9e107f7 ffffffff
3 0 1 8e 1 1 1 0 1 00000000 00000000
3 0 1 b2 1 1 1 0 1 00000000 00000000
3 0 1 30 1 1 1 0 1 00000000 00000000
3 0 1 fb 1 1 1 1 1 fb30b28e ffffffff
3 0 1 a9 0 0 1 1 1 fb30b28e ffffffff
3 0 1 46 0 0 1 1 1 fb30b28e ffffffff
3 0 1 99 0 0 1 1 1 fb30b28e ffffffff
3 0 1 cb 0 0 1 1 1 fb30b28e ffffffff
3 0 0 a8 1 1 1 0 1 00000000 00000000
3 0 1 ce 0 1 1 0 1 00000000 00000000
3 0 1 fb 0 1 1 0 1 00000000 00000000
3 0 1 af 0 1 1 0 1 00000000 00000000
3 0 1 06 1 1 1 1 1 06affbce ffffffff
3 0 1 0d 1 1 1 0 1 00000000 00000000
3 0 1 c1 1 1 1 0 1 00000000 00000000
3 0 1 c2 1 1 1 0 1 00000000 00000000
3 0 1 74 1 1 1 1 1 74c2c10d ffffffff
3 0 1 48 1 1 1 0 1 00000000 00000000
3 0 1 4a 1 1 1 0 1 00000000 00000000
3 0 1 b1 1 1 1 0 1 00000000 00000000
3 0 1 00 1 1 1 1 1 00b14a48 ffffffff
3 0 0 c7 0 0 1 1 1 00b14a48 ffffffff
3 0 1 b5 1 1 1 0 1 00000000 00000000
3 0 0 f7 1 1 1 0 1 00000000 00000000
3 0 1 7c 1 1 1 0 1 00000000 00000000
3 0 1 c1 1 1 1 0 1 00000000 00000000
3 0 0 b5 1 1 1 0 1 00000000 00000000
3 0 1 43 0 0 1 1 1 43c17cb5 ffffffff
3 0 1 7c 0 0 1 1 1 43c17cb5 ffffffff
3 0 0 16 1 1 1 0 1 00000000 00000000
3 0 1 20 0 1 1 0 1 00000000 00000000
3 0 1 20 0 1 1 0 1 00000000 00000000
3 0 1 4b 1 1 1 0 1 00000000 00000000
3 0 0 fb 1 1 1 0 1 00000000 00000000
3 0 1 3f 1 1 1 1 1 3f4b2020 ffffffff
3 0 1 bd 1 1 1 0 1 00000000 00000000
3 0 1 e0 1 1 1 0 1 00000000 00000000
3 0 1 12 1 1 1 0 1 00000000 00000000
3 0 1 e9 1 1 1 1 1 e912e0bd ffffffff
3 0 0 5c 1 1 1 0 1 00000000 00000000
3 0 1 b1 1 1 1 0 1 00000000 00000000
3 0 1 2f 1 1 1 0 1 00000000 00000000
3 0 1 1f 0 1 1 0 1 00000000 00000000
3 0 1 25 0 0 1 1 1 251f2fb1 ffffffff
3 0 1 21 1 1 1 0 1 00000000 00000000
3 0 1 1a 1 1 1 0 1 00000000 00000000
3 0 1 7e 1 1 1 0 1 00000000 00000000
3 0 1 c3 0 0 1 1 1 c37e1a21 ffffffff
3 0 1 16 1 1 1 0 1 00000000 00000000
3 0 1 c3 1 1 1 0 1 00000000 00000000
3 0 0 aa 1 1 1 0 1 00000000 00000000
3 0 1 74 0 1 1 0 1 00000000 00000000
3 0 1 c4 1 1 1 1 1 c474c316 ffffffff
3 0 1 cb 0 0 1 1 1 c474c316 ffffffff
3 0 1 ef 1 1 1 0 1 00000000 00000000
3 0 0 02 1 1 1 0 1 00000000 00000000
3 0 1 a7 0 1 1 0 1 00000000 00000000
3 0 1 97 1 1 1 0 1 00000000 00000000
3 0 1 e1 1 1 1 1 1 e197a7ef ffffffff
3 0 1 ad 0 0 1 1 1 e197a7ef ffffffff
3 0 0 23 1 1 1 0 1 00000000 00000000
3 0 1 2a 0 1 1 0 1 00000000 00000000
3 0 1 55 1 1 1 0 1 00000000 00000000
3 0 0 cc 1 1 1 0 1 00000000 00000000
3 0 0 24 0 1 1 0 1 00000000 00000000
3 0 0 df 1 1 1 0 1 00000000 00000000
3 0 1 86 1 1 1 0 1 00000000 00000000
3 0 1 2d 0 0 1 1 1 2d86552a ffffffff
3 0 1 92 0 0 1 1 1 2d86552a ffffffff
3 0 1 c9 1 1 1 0 1 00000000 00000000
3 0 0 6e 1 1 1 0 1 00000000 00000000
3 0 1 2a 1 1 1 0 1 00000000 00000000
3 0 1 58 0 1 1 0 1 00000000 00000000
3 0 1 bd 1 1 1 1 1 bd582ac9 ffffffff
3 0 0 65 1 1 1 0 1 00000000 00000000
3 0 1 c3 1 1 1 0 1 00000000 00000000
3 0 1 30 0 1 1 0 1 00000000 00000000
3 0 1 c2 1 1 1 0 1 00000000 00000000
3 0 0 a6 1 1 1 0 1 00000000 00000000
3 0 1 31 1 1 1 1 1 31c230c3 ffffffff
3 0 1 09 1 1 1 0 1 00000000 00000000
3 0 1 a7 1 1 1 0 1 00000000 00000000
3 0 1 7d 0 1 1 0 1 00000000 00000000
3 0 1 12 0 0 1 1 1 127da709 ffffffff
3 0 1 e6 1 1 1 0 1 00000000 00000000
3 0 0 b8 0 1 1 0 1 00000000 00000000
3 0 1 df 0 1 1 0 1 00000000 00000000
3 0 1 4a 0 1 1 0 1 00000000 00000000
3 0 1 f6 1 1 1 1 1 f64adfe6 ffffffff
3 0 1 e0 1 1 1 0 1 00000000 00000000
3 0 1 49 1 1 1 0 1 00000000 00000000
3 0 1 b5 1 1 1 0 1 00000000 00000000
3 0 0 32 1 1 1 0 1 00000000 00000000
