0 1 0.00000000000000000e+00 0.00000000000000000e+00 1
0 0 1.00000000000000000e+00 1.00000000000000006e-01 1
0 0 1.00000000000000000e+00 2.00000000000000011e-01 1
0 0 1.00000000000000000e+00 3.00000000000000044e-01 1
0 0 1.00000000000000000e+00 4.00000000000000022e-01 1
0 0 1.00000000000000000e+00 5.00000000000000000e-01 1
0 0 1.00000000000000000e+00 5.99999999999999978e-01 1
0 0 1.00000000000000000e+00 6.99999999999999956e-01 1
0 0 1.00000000000000000e+00 7.99999999999999933e-01 1
0 0 1.00000000000000000e+00 8.99999999999999911e-01 1
0 0 1.00000000000000000e+00 9.99999999999999889e-01 1
0 0 1.00000000000000000e+00 1.00000000000000000e+00 1
0 0 1.00000000000000000e+00 1.00000000000000000e+00 1
0 0 -5.00000000000000000e-01 9.49999999999999956e-01 1
0 0 -5.00000000000000000e-01 8.99999999999999911e-01 1
0 0 -5.00000000000000000e-01 8.49999999999999867e-01 1
0 0 -5.00000000000000000e-01 7.99999999999999822e-01 1
0 0 -5.00000000000000000e-01 7.49999999999999778e-01 1
0 0 -5.00000000000000000e-01 6.99999999999999734e-01 1
0 0 -5.00000000000000000e-01 6.49999999999999689e-01 1
0 0 -5.00000000000000000e-01 5.99999999999999645e-01 1
1 0 -2.00000000000000000e+00 3.99999999999999634e-01 1
1 0 -2.00000000000000000e+00 1.99999999999999623e-01 1
1 0 -2.00000000000000000e+00 -3.88578058618804789e-16 1
1 0 -2.00000000000000000e+00 -2.00000000000000400e-01 1
1 0 -2.00000000000000000e+00 -4.00000000000000411e-01 1
1 0 -2.00000000000000000e+00 -6.00000000000000422e-01 1
1 0 -2.00000000000000000e+00 -8.00000000000000488e-01 1
1 0 -2.00000000000000000e+00 -1.00000000000000000e+00 1
1 0 -2.00000000000000000e+00 -1.00000000000000000e+00 1
1 0 -2.00000000000000000e+00 -1.00000000000000000e+00 1
1 0 -2.00000000000000000e+00 -1.00000000000000000e+00 1
1 0 -2.00000000000000000e+00 -1.00000000000000000e+00 1
1 0 -2.00000000000000000e+00 -1.00000000000000000e+00 1
1 0 -2.00000000000000000e+00 -1.00000000000000000e+00 1
1 0 -2.00000000000000000e+00 -1.00000000000000000e+00 1
1 0 -2.00000000000000000e+00 -1.00000000000000000e+00 1
1 0 -2.00000000000000000e+00 -1.00000000000000000e+00 1
1 0 -2.00000000000000000e+00 -1.00000000000000000e+00 1
1 0 -2.00000000000000000e+00 -1.00000000000000000e+00 1
1 0 -2.00000000000000000e+00 -1.00000000000000000e+00 1
1 0 -2.00000000000000000e+00 -1.00000000000000000e+00 1
1 0 -2.00000000000000000e+00 -1.00000000000000000e+00 1
1 0 -2.00000000000000000e+00 -1.00000000000000000e+00 1
1 0 -2.00000000000000000e+00 -1.00000000000000000e+00 1
1 0 -2.00000000000000000e+00 -1.00000000000000000e+00 1
1 0 -2.00000000000000000e+00 -1.00000000000000000e+00 1
1 0 -2.00000000000000000e+00 -1.00000000000000000e+00 1
1 0 -2.00000000000000000e+00 -1.00000000000000000e+00 1
1 0 -2.00000000000000000e+00 -1.00000000000000000e+00 1
1 0 -2.00000000000000000e+00 -1.00000000000000000e+00 1
2 0 -4.92999999999999966e-02 -1.00000000000000000e+00 1
2 0 5.31100000000000017e-01 -9.46890000000000009e-01 1
2 0 1.58599999999999991e-01 -9.31030000000000024e-01 1
2 0 1.00209999999999999e+00 -8.30820000000000003e-01 1
2 0 9.27799999999999958e-01 -7.38040000000000029e-01 1
2 0 -2.38300000000000012e-01 -7.61870000000000047e-01 1
2 0 -1.16440000000000010e+00 -8.78310000000000035e-01 1
2 0 -4.38300000000000023e-01 -9.22140000000000071e-01 1
2 0 -5.41499999999999981e-01 -9.76290000000000102e-01 1
2 0 6.71000000000000041e-01 -9.09190000000000054e-01 1
2 0 1.00150000000000006e+00 -8.09039999999999981e-01 1
2 0 1.23380000000000001e+00 -6.85659999999999936e-01 1
2 0 1.46980000000000000e+00 -5.38679999999999937e-01 1
2 0 -1.22510000000000008e+00 -6.61189999999999944e-01 1
2 0 -1.04440000000000000e+00 -7.65629999999999922e-01 1
2 0 1.21300000000000008e+00 -6.44329999999999847e-01 1
2 0 1.30200000000000010e-01 -6.31309999999999816e-01 1
2 0 8.02300000000000013e-01 -5.51079999999999792e-01 1
2 0 1.24320000000000008e+00 -4.26759999999999806e-01 1
2 0 1.11309999999999998e+00 -3.15449999999999786e-01 1
2 0 9.37999999999999945e-01 -2.21649999999999792e-01 1
2 0 -1.08400000000000007e+00 -3.30049999999999788e-01 1
2 0 4.72600000000000020e-01 -2.82789999999999764e-01 1
2 0 -1.16999999999999993e+00 -3.99789999999999757e-01 1
2 0 4.94599999999999984e-01 -3.50329999999999753e-01 1
2 0 -7.08000000000000018e-02 -3.57409999999999728e-01 1
2 0 -3.22799999999999976e-01 -3.89689999999999703e-01 1
2 0 -3.42000000000000026e-01 -4.23889999999999711e-01 1
2 0 1.41290000000000004e+00 -2.82599999999999740e-01 1
2 0 1.34149999999999991e+00 -1.48449999999999749e-01 1
2 0 -2.77500000000000024e-01 -1.76199999999999746e-01 1
2 0 -6.22099999999999986e-01 -2.38409999999999733e-01 1
2 0 1.21760000000000002e+00 -1.16649999999999726e-01 1
2 0 1.07200000000000004e-01 -1.05929999999999719e-01 1
2 0 1.30160000000000009e+00 2.42300000000003068e-02 1
2 0 -1.31899999999999989e-01 1.10400000000003065e-02 1
2 0 4.59600000000000009e-01 5.70000000000003074e-02 1
2 0 9.67099999999999960e-01 1.53710000000000319e-01 1
2 0 1.56700000000000006e-01 1.69380000000000308e-01 1
2 0 2.11799999999999988e-01 1.90560000000000312e-01 1
2 0 1.22380000000000000e+00 3.12940000000000329e-01 1
2 0 1.11369999999999991e+00 4.24310000000000298e-01 1
2 0 -4.71200000000000008e-01 3.77190000000000303e-01 1
2 0 -2.29599999999999999e-01 3.54230000000000322e-01 1
2 0 -3.75900000000000012e-01 3.16640000000000310e-01 1
2 0 -9.57400000000000029e-01 2.20900000000000318e-01 1
2 0 -7.21799999999999997e-01 1.48720000000000296e-01 1
2 0 4.88499999999999990e-01 1.97570000000000301e-01 1
2 0 1.44179999999999997e+00 3.41750000000000331e-01 1
2 0 5.60200000000000031e-01 3.97770000000000346e-01 1
2 0 7.52499999999999947e-01 4.73020000000000329e-01 1
2 0 1.28590000000000004e+00 6.01610000000000311e-01 1
2 0 4.33800000000000019e-01 6.44990000000000285e-01 1
2 0 8.55700000000000016e-01 7.30560000000000320e-01 1
2 0 -9.02299999999999991e-01 6.40330000000000288e-01 1
2 0 9.27100000000000035e-01 7.33040000000000358e-01 1
2 0 1.36620000000000008e+00 8.69660000000000322e-01 1
2 0 -8.67900000000000005e-01 7.82870000000000288e-01 1
2 0 7.59800000000000031e-01 8.58850000000000335e-01 1
2 0 1.53499999999999998e-01 8.74200000000000310e-01 1
2 0 -6.10700000000000021e-01 8.13130000000000353e-01 1
2 0 4.16200000000000014e-01 8.54750000000000343e-01 1
2 0 6.63799999999999946e-01 9.21130000000000337e-01 1
2 0 -1.31850000000000001e+00 7.89280000000000315e-01 1
2 0 -4.32000000000000023e-02 7.84960000000000324e-01 1
2 0 2.12600000000000011e-01 8.06220000000000381e-01 1
2 0 -1.35769999999999991e+00 6.70450000000000434e-01 1
2 0 -1.33400000000000007e+00 5.37050000000000471e-01 1
2 0 8.74199999999999977e-01 6.24470000000000525e-01 1
2 0 -1.45680000000000009e+00 4.78790000000000493e-01 1
2 0 -1.14549999999999996e+00 3.64240000000000508e-01 1
2 0 6.92899999999999960e-01 4.33530000000000526e-01 1
2 0 -2.99200000000000021e-01 4.03610000000000524e-01 1
2 0 6.96200000000000041e-01 4.73230000000000539e-01 1
2 0 -9.57899999999999974e-01 3.77440000000000553e-01 1
2 0 -1.32269999999999999e+00 2.45170000000000554e-01 1
2 0 -1.03109999999999991e+00 1.42060000000000575e-01 1
2 0 -1.06679999999999997e+00 3.53800000000005777e-02 1
2 0 -1.68399999999999994e-01 1.85400000000005769e-02 1
2 0 2.42999999999999994e-01 4.28400000000005790e-02 1
2 0 5.81400000000000028e-01 1.00980000000000583e-01 1
2 0 -4.71399999999999986e-01 5.38400000000005818e-02 1
2 0 -1.32640000000000002e+00 -7.87999999999994261e-02 1
2 0 -1.07040000000000002e+00 -1.85839999999999450e-01 1
2 0 1.41899999999999998e-01 -1.71649999999999442e-01 1
2 0 -1.38840000000000008e+00 -3.10489999999999489e-01 1
2 0 -1.79999999999999986e-02 -3.12289999999999512e-01 1
2 0 -3.72599999999999987e-01 -3.49549999999999528e-01 1
2 0 -1.27350000000000008e+00 -4.76899999999999546e-01 1
2 0 6.52100000000000013e-01 -4.11689999999999556e-01 1
2 0 8.43600000000000017e-01 -3.27329999999999566e-01 1
2 0 -5.65799999999999970e-01 -3.83909999999999585e-01 1
2 0 -9.41899999999999959e-01 -4.78099999999999581e-01 1
2 0 7.22000000000000003e-02 -4.70879999999999577e-01 1
2 0 -1.11640000000000006e+00 -5.82519999999999594e-01 1
2 0 6.28700000000000037e-01 -5.19649999999999612e-01 1
2 0 1.31289999999999996e+00 -3.88359999999999594e-01 1
2 0 6.83300000000000018e-01 -3.20029999999999593e-01 1
2 0 -1.22019999999999995e+00 -4.42049999999999610e-01 1
2 0 -1.48019999999999996e+00 -5.90069999999999650e-01 1
2 0 -1.35149999999999992e+00 -7.25219999999999643e-01 1
2 0 4.07700000000000007e-01 -6.84449999999999670e-01 1
2 0 -1.30289999999999995e+00 -8.14739999999999687e-01 1
2 0 -2.98700000000000021e-01 -8.44609999999999639e-01 1
2 0 1.66999999999999996e-02 -8.42939999999999690e-01 1
2 0 -1.28730000000000011e+00 -9.71669999999999701e-01 1
2 0 1.40529999999999999e+00 -8.31139999999999657e-01 1
2 0 -9.12900000000000045e-01 -9.22429999999999639e-01 1
2 0 -3.27600000000000002e-01 -9.55189999999999650e-01 1
2 0 1.50299999999999989e-01 -9.40159999999999663e-01 1
2 0 -1.09000000000000000e-01 -9.51059999999999683e-01 1
2 0 -2.90200000000000014e-01 -9.80079999999999729e-01 1
2 0 -4.98400000000000010e-01 -1.00000000000000000e+00 1
2 0 -2.42799999999999988e-01 -1.00000000000000000e+00 1
2 0 1.14500000000000005e-01 -9.88550000000000040e-01 1
2 0 1.42900000000000005e+00 -8.45650000000000013e-01 1
2 0 9.45400000000000018e-01 -7.51109999999999944e-01 1
2 0 -4.01399999999999979e-01 -7.91249999999999898e-01 1
2 0 -1.24360000000000004e+00 -9.15609999999999924e-01 1
2 0 -5.72699999999999987e-01 -9.72879999999999967e-01 1
2 0 1.35759999999999992e+00 -8.37119999999999975e-01 1
2 0 2.65400000000000025e-01 -8.10579999999999967e-01 1
2 0 8.96000000000000019e-01 -7.20979999999999954e-01 1
2 0 7.50900000000000012e-01 -6.45889999999999964e-01 1
2 0 -7.11799999999999988e-01 -7.17069999999999985e-01 1
2 0 -1.47459999999999991e+00 -8.64530000000000021e-01 1
2 0 7.59600000000000053e-01 -7.88569999999999993e-01 1
2 0 -7.68800000000000039e-01 -8.65450000000000053e-01 1
2 0 1.00249999999999995e+00 -7.65200000000000102e-01 1
2 0 -5.56699999999999973e-01 -8.20870000000000100e-01 1
2 0 -1.40399999999999991e+00 -9.61270000000000069e-01 1
2 0 3.30799999999999983e-01 -9.28190000000000071e-01 1
2 0 -1.06580000000000008e+00 -1.00000000000000000e+00 1
2 0 -8.57400000000000051e-01 -1.00000000000000000e+00 1
2 0 2.44799999999999990e-01 -9.75519999999999943e-01 1
2 0 -7.86900000000000044e-01 -1.00000000000000000e+00 1
2 0 -1.19690000000000007e+00 -1.00000000000000000e+00 1
2 0 -7.34800000000000009e-01 -1.00000000000000000e+00 1
2 0 3.00999999999999983e-02 -9.96990000000000043e-01 1
2 0 -3.00700000000000023e-01 -1.00000000000000000e+00 1
2 0 1.06339999999999990e+00 -8.93660000000000010e-01 1
2 0 9.64700000000000002e-01 -7.97190000000000065e-01 1
2 0 1.06999999999999994e-02 -7.96120000000000050e-01 1
2 0 1.01370000000000005e+00 -6.94749999999999979e-01 1
2 0 1.08769999999999989e+00 -5.85979999999999945e-01 1
2 0 5.73799999999999977e-01 -5.28599999999999959e-01 1
2 0 -1.32620000000000005e+00 -6.61219999999999919e-01 1
2 0 -6.82100000000000040e-01 -7.29429999999999912e-01 1
2 0 2.57000000000000006e-02 -7.26859999999999951e-01 1
2 0 5.38000000000000006e-02 -7.21479999999999899e-01 1
2 0 1.40139999999999998e+00 -5.81339999999999857e-01 1
2 0 -1.14209999999999989e+00 -6.95549999999999891e-01 1
2 0 -1.21579999999999999e+00 -8.17129999999999912e-01 1
2 0 1.48419999999999996e+00 -6.68709999999999916e-01 1
2 0 1.18060000000000009e+00 -5.50649999999999862e-01 1
2 0 1.15720000000000001e+00 -4.34929999999999872e-01 1
2 0 1.12579999999999991e+00 -3.22349999999999859e-01 1
2 0 8.54400000000000048e-01 -2.36909999999999843e-01 1
2 0 3.26999999999999999e-02 -2.33639999999999848e-01 1
2 0 -1.13559999999999994e+00 -3.47199999999999842e-01 1
2 0 -2.61000000000000010e-01 -3.73299999999999854e-01 1
2 0 -6.31800000000000028e-01 -4.36479999999999868e-01 1
2 0 5.18499999999999961e-01 -3.84629999999999861e-01 1
2 0 2.12900000000000006e-01 -3.63339999999999885e-01 1
2 0 -8.01000000000000045e-02 -3.71349999999999902e-01 1
2 0 -1.18300000000000005e+00 -4.89649999999999919e-01 1
2 0 -3.35500000000000020e-01 -5.23199999999999887e-01 1
2 0 8.24100000000000055e-01 -4.40789999999999904e-01 1
2 0 -9.55699999999999994e-01 -5.36359999999999948e-01 1
2 0 9.64700000000000002e-01 -4.39889999999999948e-01 1
2 0 -1.10000000000000007e-03 -4.39999999999999947e-01 1
2 0 3.82500000000000007e-01 -4.01749999999999940e-01 1
2 0 1.17530000000000001e+00 -2.84219999999999917e-01 1
2 0 1.09780000000000011e+00 -1.74439999999999901e-01 1
2 0 7.87100000000000022e-01 -9.57299999999998985e-02 1
2 0 -8.16699999999999982e-01 -1.77399999999999891e-01 1
2 0 -1.06129999999999991e+00 -2.83529999999999893e-01 1
2 0 -9.47200000000000042e-01 -3.78249999999999920e-01 1
2 0 -4.59500000000000020e-01 -4.24199999999999910e-01 1
2 0 1.31170000000000009e+00 -2.93029999999999902e-01 1
2 0 -6.60699999999999954e-01 -3.59099999999999919e-01 1
2 0 2.66400000000000026e-01 -3.32459999999999922e-01 1
2 0 1.49859999999999993e+00 -1.82599999999999929e-01 1
2 0 1.24960000000000004e+00 -5.76399999999999135e-02 1
2 0 -1.33990000000000009e+00 -1.91629999999999939e-01 1
2 0 -1.02259999999999995e+00 -2.93889999999999929e-01 1
2 0 1.40579999999999994e+00 -1.53309999999999919e-01 1
2 0 1.02039999999999997e+00 -5.12699999999999129e-02 1
2 0 1.44880000000000009e+00 9.36100000000000959e-02 1
2 0 -9.84600000000000031e-01 -4.84999999999990994e-03 1
2 0 9.84800000000000009e-01 9.36300000000001020e-02 1
2 0 -8.58899999999999997e-01 7.74000000000009403e-03 1
2 0 7.86000000000000032e-01 8.63400000000000972e-02 1
2 0 5.05000000000000004e-01 1.36840000000000100e-01 1
2 0 6.25499999999999945e-01 1.99390000000000095e-01 1
2 0 1.29999999999999994e-03 1.99520000000000086e-01 1
2 0 1.31929999999999992e+00 3.31450000000000078e-01 1
2 0 -7.96100000000000030e-01 2.51840000000000064e-01 1
2 0 4.16200000000000014e-01 2.93460000000000054e-01 1
2 0 4.43599999999999994e-01 3.37820000000000065e-01 1
2 0 -4.34900000000000009e-01 2.94330000000000092e-01 1
2 0 -1.29899999999999988e-01 2.81340000000000090e-01 1
2 0 1.31909999999999994e+00 4.13250000000000117e-01 1
2 0 1.43340000000000001e+00 5.56590000000000140e-01 1
2 0 -1.27320000000000011e+00 4.29270000000000151e-01 1
2 0 -3.57200000000000017e-01 3.93550000000000177e-01 1
2 0 3.89900000000000024e-01 4.32540000000000202e-01 1
2 0 9.82999999999999985e-02 4.42370000000000207e-01 1
2 0 1.33460000000000001e+00 5.75830000000000175e-01 1
2 0 1.24780000000000002e+00 7.00610000000000177e-01 1
2 0 1.17369999999999997e+00 8.17980000000000151e-01 1
2 0 -1.99300000000000005e-01 7.98050000000000148e-01 1
2 0 -4.51900000000000024e-01 7.52860000000000085e-01 1
2 0 -1.31420000000000003e+00 6.21440000000000103e-01 1
2 0 8.38400000000000034e-01 7.05280000000000129e-01 1
2 0 -9.00499999999999967e-01 6.15230000000000166e-01 1
2 0 -6.79899999999999949e-01 5.47240000000000171e-01 1
2 0 -6.79200000000000026e-01 4.79320000000000190e-01 1
2 0 -6.29700000000000037e-01 4.16350000000000164e-01 1
2 0 4.20200000000000018e-01 4.58370000000000166e-01 1
2 0 -4.15000000000000022e-02 4.54220000000000179e-01 1
2 0 5.26399999999999979e-01 5.06860000000000199e-01 1
2 0 1.44229999999999992e+00 6.51090000000000169e-01 1
2 0 -2.30699999999999988e-01 6.28020000000000134e-01 1
2 0 -2.99999999999999989e-02 6.25020000000000131e-01 1
2 0 -3.29100000000000004e-01 5.92110000000000136e-01 1
2 0 1.34850000000000003e+00 7.26960000000000162e-01 1
2 0 -7.21500000000000030e-01 6.54810000000000114e-01 1
2 0 5.57499999999999996e-01 7.10560000000000080e-01 1
2 0 1.00900000000000004e-01 7.20650000000000124e-01 1
2 0 2.52099999999999991e-01 7.45860000000000078e-01 1
2 0 1.44350000000000001e+00 8.90210000000000057e-01 1
2 0 -1.11470000000000002e+00 7.78739999999999988e-01 1
2 0 -3.27500000000000013e-01 7.45989999999999931e-01 1
2 0 -9.88800000000000012e-01 6.47109999999999963e-01 1
2 0 1.40769999999999995e+00 7.87879999999999914e-01 1
2 0 -1.11030000000000006e+00 6.76849999999999952e-01 1
2 0 -5.56200000000000028e-01 6.21229999999999949e-01 1
2 0 5.25399999999999978e-01 6.73769999999999980e-01 1
2 0 1.34919999999999995e+00 8.08690000000000020e-01 1
2 0 -3.77699999999999980e-01 7.70920000000000050e-01 1
2 0 7.67499999999999960e-01 8.47670000000000035e-01 1
2 0 3.98299999999999987e-01 8.87500000000000067e-01 1
2 0 7.13000000000000023e-02 8.94630000000000036e-01 1
2 0 -1.79400000000000004e-01 8.76690000000000080e-01 1
2 0 -1.33460000000000001e+00 7.43230000000000057e-01 1
2 0 -4.73499999999999976e-01 6.95880000000000054e-01 1
2 0 -2.33000000000000013e-01 6.72580000000000067e-01 1
2 0 -5.38499999999999979e-01 6.18730000000000113e-01 1
2 0 -1.29000000000000004e+00 4.89730000000000110e-01 1
2 0 9.44599999999999995e-01 5.84190000000000098e-01 1
2 0 -6.42800000000000038e-01 5.19910000000000094e-01 1
2 0 -5.34999999999999989e-02 5.14560000000000128e-01 1
2 0 1.17799999999999994e+00 6.32360000000000144e-01 1
2 0 3.93799999999999983e-01 6.71740000000000115e-01 1
2 0 1.41110000000000002e+00 8.12850000000000072e-01 1
2 0 -9.90700000000000025e-01 7.13780000000000081e-01 1
2 1 -8.14300000000000024e-01 0.00000000000000000e+00 1
2 0 -9.58799999999999986e-01 -9.58800000000000069e-02 1
2 0 3.92799999999999983e-01 -5.66000000000000045e-02 1
2 0 5.48799999999999955e-01 -1.72000000000000625e-03 1
2 0 7.57099999999999995e-01 7.39900000000000002e-02 1
2 0 -1.06659999999999999e+00 -3.26700000000000046e-02 1
2 0 1.33700000000000013e-01 -1.93000000000000047e-02 1
2 0 7.17999999999999972e-01 5.24999999999999981e-02 1
2 0 -8.94900000000000029e-01 -3.69900000000000159e-02 1
2 0 1.17169999999999996e+00 8.01799999999999735e-02 1
2 0 1.38559999999999994e+00 2.18739999999999962e-01 1
2 0 -6.91799999999999971e-01 1.49559999999999971e-01 1
2 0 -1.22530000000000006e+00 2.70299999999999568e-02 1
2 0 9.37200000000000033e-01 1.20749999999999968e-01 1
2 0 -1.29039999999999999e+00 -8.29000000000004733e-03 1
2 0 4.67299999999999993e-01 3.84399999999999534e-02 1
2 0 -3.21999999999999995e-02 3.52199999999999527e-02 1
2 0 -9.80099999999999971e-01 -6.27900000000000402e-02 1
2 0 1.36670000000000003e+00 7.38799999999999735e-02 1
2 0 1.35359999999999991e+00 2.09239999999999982e-01 1
2 0 1.35850000000000004e+00 3.45090000000000008e-01 1
2 0 7.69399999999999973e-01 4.22030000000000016e-01 1
2 0 -1.37179999999999991e+00 2.84850000000000048e-01 1
2 0 -9.85800000000000010e-01 1.86270000000000047e-01 1
2 0 1.03390000000000004e+00 2.89660000000000029e-01 1
2 0 4.78600000000000025e-01 3.37520000000000042e-01 1
2 0 1.40100000000000002e+00 4.77620000000000045e-01 1
2 0 8.82299999999999973e-01 5.65850000000000075e-01 1
2 0 -9.93600000000000039e-01 4.66490000000000071e-01 1
2 0 -7.07799999999999985e-01 3.95710000000000062e-01 1
2 0 -5.81300000000000039e-01 3.37580000000000047e-01 1
2 0 1.01000000000000006e-01 3.47680000000000045e-01 1
2 0 -1.34250000000000003e+00 2.13430000000000036e-01 1
2 0 1.50100000000000011e-01 2.28440000000000032e-01 1
2 0 1.24100000000000002e-01 2.40850000000000036e-01 1
2 0 1.22989999999999999e+00 3.63840000000000052e-01 1
2 0 -1.10250000000000004e+00 2.53590000000000038e-01 1
2 0 -9.93399999999999950e-01 1.54250000000000054e-01 1
2 0 -1.24500000000000011e+00 2.97500000000000403e-02 1
2 0 -7.50900000000000012e-01 -4.53399999999999637e-02 1
2 0 2.68699999999999994e-01 -1.84699999999999621e-02 1
2 0 -7.40399999999999947e-01 -9.25099999999999534e-02 1
2 0 7.54499999999999948e-01 -1.70599999999999502e-02 1
2 1 9.01699999999999946e-01 0.00000000000000000e+00 1
2 0 7.94100000000000028e-01 7.94100000000000084e-02 1
2 0 -1.05499999999999994e+00 -2.60899999999999882e-02 1
2 0 1.01790000000000003e+00 7.57000000000000173e-02 1
2 0 -2.52400000000000013e-01 5.04600000000000187e-02 1
2 0 1.05230000000000001e+00 1.55690000000000023e-01 1
2 0 -6.34199999999999986e-01 9.22700000000000187e-02 1
2 0 -1.08470000000000000e+00 -1.61999999999999922e-02 1
2 0 -6.75200000000000022e-01 -8.37200000000000027e-02 1
2 0 -2.69299999999999984e-01 -1.10649999999999998e-01 1
2 0 -3.18199999999999983e-01 -1.42469999999999986e-01 1
2 0 -3.19099999999999995e-01 -1.74379999999999979e-01 1
2 0 2.10699999999999998e-01 -1.53309999999999974e-01 1
2 0 3.16900000000000015e-01 -1.21619999999999978e-01 1
2 0 4.61399999999999977e-01 -7.54799999999999777e-02 1
2 0 -9.45500000000000007e-01 -1.70029999999999987e-01 1
2 0 -7.71700000000000053e-01 -2.47200000000000003e-01 1
2 0 -8.61999999999999988e-01 -3.33400000000000030e-01 1
2 0 -5.85999999999999993e-02 -3.39260000000000006e-01 1
2 0 1.64800000000000002e-01 -3.22780000000000011e-01 1
2 0 1.05180000000000007e+00 -2.17600000000000016e-01 1
2 0 -4.58000000000000004e-02 -2.22180000000000016e-01 1
2 0 -1.48580000000000001e+00 -3.70760000000000034e-01 1
2 0 -1.35240000000000005e+00 -5.06000000000000005e-01 1
2 0 4.79600000000000026e-01 -4.58040000000000003e-01 1
2 0 8.51400000000000046e-01 -3.72900000000000009e-01 1
2 0 -9.20200000000000018e-01 -4.64920000000000000e-01 1
2 0 1.15280000000000005e+00 -3.49640000000000006e-01 1
2 0 5.18800000000000039e-01 -2.97760000000000025e-01 1
2 0 -9.19999999999999984e-03 -2.98680000000000001e-01 1
2 0 -4.06999999999999973e-01 -3.39380000000000015e-01 1
2 0 7.15500000000000025e-01 -2.67830000000000013e-01 1
2 0 -6.22500000000000053e-01 -3.30080000000000040e-01 1
2 0 6.99999999999999956e-01 -2.60080000000000033e-01 1
2 0 -5.17800000000000038e-01 -3.11860000000000026e-01 1
2 0 2.75899999999999979e-01 -2.84270000000000023e-01 1
2 0 -5.33200000000000007e-01 -3.37590000000000057e-01 1
2 0 4.01899999999999979e-01 -2.97400000000000053e-01 1
2 0 -8.18100000000000049e-01 -3.79210000000000047e-01 1
2 0 -1.22120000000000006e+00 -5.01330000000000053e-01 1
2 0 9.13599999999999968e-01 -4.09970000000000057e-01 1
2 0 -1.97099999999999997e-01 -4.29680000000000062e-01 1
2 0 -1.30519999999999992e+00 -5.60200000000000031e-01 1
2 0 9.76800000000000002e-01 -4.62520000000000042e-01 1
2 0 5.89500000000000024e-01 -4.03570000000000040e-01 1
2 0 8.87199999999999989e-01 -3.14850000000000019e-01 1
2 0 -2.53599999999999992e-01 -3.40210000000000012e-01 1
2 0 1.32160000000000011e+00 -2.08049999999999985e-01 1
2 0 -9.57899999999999974e-01 -3.03839999999999999e-01 1
2 0 -4.21099999999999974e-01 -3.45949999999999980e-01 1
2 0 -8.63900000000000001e-01 -4.32340000000000002e-01 1
2 0 -4.06100000000000017e-01 -4.72949999999999982e-01 1
2 0 -1.14500000000000002e+00 -5.87450000000000028e-01 1
2 0 -1.12579999999999991e+00 -7.00030000000000041e-01 1
2 0 -1.18959999999999999e+00 -8.18990000000000107e-01 1
2 0 -8.36600000000000010e-01 -9.02650000000000174e-01 1
2 0 -5.46200000000000019e-01 -9.57270000000000176e-01 1
2 0 -8.45099999999999962e-01 -1.00000000000000000e+00 1
2 0 2.82799999999999996e-01 -9.71720000000000028e-01 1
2 0 -1.37949999999999995e+00 -1.00000000000000000e+00 1
2 0 -3.37200000000000000e-01 -1.00000000000000000e+00 1
2 0 1.41460000000000008e+00 -8.58539999999999970e-01 1
2 0 -3.52600000000000025e-01 -8.93799999999999928e-01 1
2 0 -1.01099999999999990e+00 -9.94899999999999896e-01 1
2 0 -1.03639999999999999e+00 -1.00000000000000000e+00 1
2 0 -1.25699999999999990e+00 -1.00000000000000000e+00 1
2 0 -8.38199999999999945e-01 -1.00000000000000000e+00 1
2 0 -7.40299999999999958e-01 -1.00000000000000000e+00 1
2 0 6.91100000000000048e-01 -9.30889999999999995e-01 1
2 0 7.34600000000000031e-01 -8.57430000000000025e-01 1
2 0 1.73600000000000004e-01 -8.40069999999999983e-01 1
2 0 -3.56999999999999984e-01 -8.75769999999999937e-01 1
2 0 -5.78500000000000014e-01 -9.33619999999999894e-01 1
2 0 -1.45890000000000009e+00 -1.00000000000000000e+00 1
2 0 1.26019999999999999e+00 -8.73979999999999979e-01 1
2 0 -4.71299999999999997e-01 -9.21109999999999984e-01 1
2 0 3.26199999999999990e-01 -8.88490000000000002e-01 1
2 0 1.44389999999999996e+00 -7.44099999999999984e-01 1
2 0 -1.30370000000000008e+00 -8.74469999999999970e-01 1
2 0 1.28459999999999996e+00 -7.46009999999999951e-01 1
2 0 1.37339999999999995e+00 -6.08669999999999933e-01 1
2 0 -8.67700000000000027e-01 -6.95439999999999947e-01 1
2 0 -3.66599999999999981e-01 -7.32099999999999973e-01 1
2 0 6.03700000000000014e-01 -6.71729999999999938e-01 1
2 0 -7.80000000000000027e-01 -7.49730000000000008e-01 1
2 0 -1.10600000000000009e+00 -8.60330000000000039e-01 1
2 0 9.51200000000000045e-01 -7.65210000000000057e-01 1
2 0 6.40700000000000047e-01 -7.01140000000000096e-01 1
2 0 -2.78500000000000025e-01 -7.28990000000000138e-01 1
2 0 1.43379999999999996e+00 -5.85610000000000186e-01 1
2 0 -3.73300000000000021e-01 -6.22940000000000160e-01 1
2 0 -1.31990000000000007e+00 -7.54930000000000212e-01 1
2 0 -8.50700000000000012e-01 -8.40000000000000191e-01 1
2 0 -9.92399999999999949e-01 -9.39240000000000186e-01 1
2 0 2.18599999999999989e-01 -9.17380000000000195e-01 1
2 0 -1.85799999999999993e-01 -9.35960000000000236e-01 1
2 0 1.37820000000000009e+00 -7.98140000000000183e-01 1
2 0 -1.09070000000000000e+00 -9.07210000000000183e-01 1
2 0 6.91899999999999959e-01 -8.38020000000000209e-01 1
2 0 8.73399999999999954e-01 -7.50680000000000236e-01 1
2 0 1.38050000000000006e+00 -6.12630000000000230e-01 1
2 0 1.39329999999999998e+00 -4.73300000000000221e-01 1
2 0 8.86000000000000010e-01 -3.84700000000000208e-01 1
2 0 -4.34000000000000011e-02 -3.89040000000000219e-01 1
2 0 2.73100000000000009e-01 -3.61730000000000218e-01 1
2 0 2.03999999999999987e-01 -3.41330000000000244e-01 1
2 0 -3.74699999999999978e-01 -3.78800000000000248e-01 1
2 0 1.09169999999999989e+00 -2.69630000000000258e-01 1
2 0 -1.47700000000000009e+00 -4.17330000000000312e-01 1
2 0 5.74300000000000033e-01 -3.59900000000000331e-01 1
2 0 1.12519999999999998e+00 -2.47380000000000322e-01 1
2 0 -8.05200000000000027e-01 -3.27900000000000302e-01 1
2 0 7.79699999999999949e-01 -2.49930000000000319e-01 1
2 0 -1.14549999999999996e+00 -3.64480000000000304e-01 1
2 0 1.45360000000000000e+00 -2.19120000000000287e-01 1
2 0 -1.87299999999999994e-01 -2.37850000000000283e-01 1
2 0 4.34800000000000020e-01 -1.94370000000000265e-01 1
2 0 4.68000000000000013e-02 -1.89690000000000275e-01 1
2 0 9.94500000000000051e-01 -9.02400000000002644e-02 1
2 0 6.72999999999999987e-02 -8.35100000000002646e-02 1
2 0 1.37290000000000001e+00 5.37799999999997308e-02 1
2 0 6.06600000000000028e-01 1.14439999999999736e-01 1
2 0 2.72799999999999987e-01 1.41719999999999735e-01 1
2 0 5.58999999999999983e-02 1.47309999999999747e-01 1
2 0 1.00449999999999995e+00 2.47759999999999758e-01 1
2 0 5.70599999999999996e-01 3.04819999999999758e-01 1
2 0 9.54099999999999948e-01 4.00229999999999753e-01 1
2 0 -1.15409999999999990e+00 2.84819999999999740e-01 1
2 0 1.15959999999999996e+00 4.00779999999999748e-01 1
2 0 -2.97300000000000009e-01 3.71049999999999769e-01 1
2 0 -1.64000000000000007e-01 3.54649999999999743e-01 1
2 0 1.01540000000000008e+00 4.56189999999999762e-01 1
2 0 -1.36729999999999996e+00 3.19459999999999744e-01 1
2 0 -1.18629999999999991e+00 2.00829999999999731e-01 1
2 0 9.98099999999999987e-01 3.00639999999999741e-01 1
2 0 2.41999999999999993e-02 3.03059999999999719e-01 1
2 0 -1.24120000000000008e+00 1.78939999999999710e-01 1
2 0 1.39110000000000000e+00 3.18049999999999722e-01 1
2 0 -1.10860000000000003e+00 2.07189999999999708e-01 1
2 0 -6.61800000000000055e-01 1.41009999999999691e-01 1
2 0 -1.31929999999999992e+00 9.07999999999969942e-03 1
2 0 1.62500000000000006e-01 2.53299999999997000e-02 1
2 0 -6.62300000000000000e-01 -4.09000000000002972e-02 1
2 0 4.31400000000000006e-01 2.23999999999970750e-03 1
2 0 -1.41130000000000000e+00 -1.38890000000000291e-01 1
2 0 8.35999999999999938e-02 -1.30530000000000285e-01 1
2 0 -2.36699999999999994e-01 -1.54200000000000281e-01 1
2 0 -1.03370000000000006e+00 -2.57570000000000299e-01 1
2 0 1.09959999999999991e+00 -1.47610000000000297e-01 1
2 0 -1.28950000000000009e+00 -2.76560000000000306e-01 1
2 0 -8.77900000000000014e-01 -3.64350000000000285e-01 1
2 0 4.40500000000000003e-01 -3.20300000000000251e-01 1
2 0 3.46799999999999997e-01 -2.85620000000000263e-01 1
2 0 8.78600000000000048e-01 -1.97760000000000269e-01 1
2 0 1.37680000000000002e+00 -6.00800000000002721e-02 1
2 0 -2.13499999999999995e-01 -8.14300000000002799e-02 1
2 0 3.57700000000000018e-01 -4.56600000000002768e-02 1
2 0 7.33999999999999986e-01 2.77399999999997302e-02 1
2 0 -1.11500000000000002e-01 1.65899999999997300e-02 1
2 0 -1.22879999999999989e+00 -1.06290000000000259e-01 1
2 0 -2.57199999999999984e-01 -1.32010000000000266e-01 1
2 0 9.60500000000000020e-01 -3.59600000000002556e-02 1
2 0 1.29840000000000000e+00 9.38799999999997553e-02 1
2 0 -9.90700000000000025e-01 -5.19000000000024997e-03 1
2 0 -1.15199999999999997e-01 -1.67100000000002524e-02 1
2 0 3.37000000000000022e-01 1.69899999999997484e-02 1
2 0 8.82499999999999951e-01 1.05239999999999750e-01 1
2 0 9.74300000000000055e-01 2.02669999999999767e-01 1
2 0 -9.42899999999999960e-01 1.08379999999999768e-01 1
2 0 -5.92000000000000026e-02 1.02459999999999773e-01 1
2 0 4.76200000000000012e-01 1.50079999999999769e-01 1
2 0 4.20399999999999996e-01 1.92119999999999763e-01 1
2 0 -1.34169999999999989e+00 5.79499999999997795e-02 1
2 0 -2.89300000000000002e-01 2.90199999999997786e-02 1
2 0 -5.98999999999999977e-01 -3.08800000000002232e-02 1
2 0 1.43880000000000008e+00 1.12999999999999781e-01 1
2 0 -7.80100000000000016e-01 3.49899999999997713e-02 1
2 0 -6.58399999999999985e-01 -3.08500000000002245e-02 1
2 0 -9.80700000000000016e-01 -1.28920000000000229e-01 1
2 0 -1.38640000000000008e+00 -2.67560000000000242e-01 1
2 0 -8.09100000000000041e-01 -3.48470000000000280e-01 1
2 0 3.15699999999999981e-01 -3.16900000000000293e-01 1
2 0 5.34900000000000042e-01 -2.63410000000000255e-01 1
2 0 1.32010000000000005e+00 -1.31400000000000239e-01 1
2 0 -6.28900000000000015e-01 -1.94290000000000240e-01 1
2 0 -1.06840000000000002e+00 -3.01130000000000231e-01 1
2 0 -2.09100000000000008e-01 -3.22040000000000215e-01 1
2 0 -1.10399999999999998e-01 -3.33080000000000209e-01 1
2 0 -2.23500000000000004e-01 -3.55430000000000190e-01 1
2 0 1.04940000000000011e+00 -2.50490000000000157e-01 1
2 0 1.06089999999999995e+00 -1.44400000000000139e-01 1
2 0 -6.16099999999999981e-01 -2.06010000000000137e-01 1
2 0 -1.46520000000000006e+00 -3.52530000000000121e-01 1
2 0 -1.08739999999999992e+00 -4.61270000000000124e-01 1
2 0 1.23499999999999999e-01 -4.48920000000000097e-01 1
2 0 1.21300000000000008e+00 -3.27620000000000078e-01 1
2 0 -3.89400000000000024e-01 -3.66560000000000108e-01 1
2 0 8.47199999999999953e-01 -2.81840000000000090e-01 1
2 0 -1.33000000000000007e+00 -4.14840000000000098e-01 1
2 0 7.23999999999999977e-01 -3.42440000000000078e-01 1
2 0 1.93899999999999989e-01 -3.23050000000000059e-01 1
2 0 9.66999999999999971e-01 -2.26350000000000051e-01 1
2 0 1.48920000000000008e+00 -7.74300000000000266e-02 1
2 0 -4.17100000000000026e-01 -1.19140000000000024e-01 1
2 0 -1.16480000000000006e+00 -2.35620000000000052e-01 1
2 0 -1.33479999999999999e+00 -3.69100000000000095e-01 1
2 0 1.48160000000000003e+00 -2.20940000000000081e-01 1
2 0 -1.26730000000000009e+00 -3.47670000000000090e-01 1
2 0 -1.32380000000000009e+00 -4.80050000000000088e-01 1
2 0 1.20819999999999994e+00 -3.59230000000000105e-01 1
2 0 9.25799999999999956e-01 -2.66650000000000109e-01 1
2 0 5.56200000000000028e-01 -2.11030000000000106e-01 1
2 0 -1.17399999999999993e+00 -3.28430000000000111e-01 1
2 0 -4.58799999999999986e-01 -3.74310000000000143e-01 1
2 0 3.23299999999999976e-01 -3.41980000000000173e-01 1
2 0 -1.29410000000000003e+00 -4.71390000000000198e-01 1
2 0 5.04299999999999971e-01 -4.20960000000000223e-01 1
2 0 -1.28299999999999992e+00 -5.49260000000000193e-01 1
2 0 5.14299999999999979e-01 -4.97830000000000217e-01 1
2 0 -9.51799999999999979e-01 -5.93010000000000259e-01 1
2 0 5.03399999999999959e-01 -5.42670000000000208e-01 1
2 0 -1.54200000000000004e-01 -5.58090000000000197e-01 1
2 0 2.56000000000000012e-02 -5.55530000000000190e-01 1
2 0 9.74199999999999955e-01 -4.58110000000000184e-01 1
2 1 1.15400000000000003e-01 0.00000000000000000e+00 1
2 0 -6.46299999999999986e-01 -6.46300000000000069e-02 1
2 0 4.30800000000000016e-01 -2.15499999999999997e-02 1
2 0 -5.09299999999999975e-01 -7.24800000000000028e-02 1
2 0 2.59500000000000008e-01 -4.65300000000000019e-02 1
2 0 3.74099999999999988e-01 -9.12000000000000310e-03 1
2 0 -1.31529999999999991e+00 -1.40649999999999997e-01 1
2 0 -1.14599999999999991e+00 -2.55249999999999977e-01 1
2 0 5.84600000000000009e-01 -1.96789999999999965e-01 1
2 0 -4.46699999999999986e-01 -2.41459999999999952e-01 1
2 0 7.24600000000000022e-01 -1.68999999999999928e-01 1
2 0 1.06319999999999992e+00 -6.26799999999999302e-02 1
2 0 1.58400000000000013e-01 -4.68399999999999234e-02 1
2 0 -7.37000000000000016e-02 -5.42099999999999249e-02 1
2 0 1.33919999999999995e+00 7.97100000000000863e-02 1
2 0 -1.06430000000000002e+00 -2.67199999999999244e-02 1
2 0 -1.39290000000000003e+00 -1.66009999999999935e-01 1
2 0 1.33670000000000000e+00 -3.23399999999999244e-02 1
2 0 -5.42900000000000049e-01 -8.66299999999999293e-02 1
2 0 1.45049999999999990e+00 5.84200000000000552e-02 1
2 0 -3.04300000000000015e-01 2.79900000000000530e-02 1
2 0 1.08719999999999994e+00 1.36710000000000054e-01 1
2 0 4.77700000000000014e-01 1.84480000000000061e-01 1
2 0 1.20720000000000005e+00 3.05200000000000082e-01 1
2 0 3.79800000000000026e-01 3.43180000000000096e-01 1
2 0 9.09599999999999964e-01 4.34140000000000081e-01 1
2 0 -4.51699999999999990e-01 3.88970000000000093e-01 1
2 0 8.46999999999999975e-01 4.73670000000000091e-01 1
2 0 -1.29719999999999991e+00 3.43950000000000089e-01 1
2 0 5.63400000000000012e-01 4.00290000000000090e-01 1
2 0 4.89700000000000024e-01 4.49260000000000104e-01 1
2 0 1.23599999999999999e+00 5.72860000000000147e-01 1
2 0 -2.02699999999999991e-01 5.52590000000000137e-01 1
2 0 8.15899999999999959e-01 6.34180000000000188e-01 1
2 0 7.29299999999999948e-01 7.07110000000000127e-01 1
2 0 -1.41300000000000003e+00 5.65810000000000146e-01 1
2 0 -1.00910000000000011e+00 4.64900000000000146e-01 1
2 0 -3.64400000000000002e-01 4.28460000000000174e-01 1
2 0 8.21100000000000052e-01 5.10570000000000190e-01 1
2 0 1.08420000000000005e+00 6.18990000000000151e-01 1
2 0 1.15569999999999995e+00 7.34560000000000102e-01 1
2 0 -4.60299999999999987e-01 6.88530000000000086e-01 1
2 0 -1.14789999999999992e+00 5.73740000000000139e-01 1
2 0 -2.79399999999999982e-01 5.45800000000000174e-01 1
2 0 -7.31800000000000006e-01 4.72620000000000151e-01 1
2 0 2.08600000000000008e-01 4.93480000000000141e-01 1
2 0 -1.11099999999999999e+00 3.82380000000000164e-01 1
2 0 -6.31600000000000050e-01 3.19220000000000170e-01 1
2 0 1.18090000000000006e+00 4.37310000000000199e-01 1
2 0 -1.37989999999999990e+00 2.99320000000000197e-01 1
2 0 -1.54000000000000005e-02 2.97780000000000211e-01 1
2 0 9.64099999999999957e-01 3.94190000000000207e-01 1
2 0 -7.87200000000000011e-01 3.15470000000000195e-01 1
2 0 -8.92700000000000049e-01 2.26200000000000179e-01 1
2 0 1.40320000000000000e+00 3.66520000000000179e-01 1
2 0 2.04800000000000010e-01 3.87000000000000177e-01 1
2 0 -6.88500000000000001e-01 3.18150000000000155e-01 1
2 0 -5.27499999999999969e-01 2.65400000000000136e-01 1
2 0 -1.42480000000000007e+00 1.22920000000000113e-01 1
2 0 -6.29499999999999948e-01 5.99700000000001204e-02 1
2 0 -7.12899999999999978e-01 -1.13199999999998857e-02 1
2 0 -1.16189999999999993e+00 -1.27509999999999901e-01 1
2 0 -1.33549999999999991e+00 -2.61059999999999903e-01 1
2 0 7.07500000000000018e-01 -1.90309999999999896e-01 1
2 0 1.02679999999999993e+00 -8.76299999999999024e-02 1
2 0 3.42899999999999983e-01 -5.33399999999999014e-02 1
2 0 1.12420000000000009e+00 5.90800000000001185e-02 1
2 0 5.75999999999999956e-01 1.16680000000000117e-01 1
2 0 2.49299999999999994e-01 1.41610000000000125e-01 1
2 0 1.15090000000000003e+00 2.56700000000000150e-01 1
2 0 -8.28600000000000003e-01 1.73840000000000161e-01 1
2 0 -5.39000000000000035e-01 1.19940000000000158e-01 1
2 0 -9.79899999999999993e-01 2.19500000000001499e-02 1
2 0 1.16699999999999998e-01 3.36200000000001498e-02 1
2 0 1.07759999999999989e+00 1.41380000000000144e-01 1
2 0 8.43400000000000039e-01 2.25720000000000143e-01 1
2 0 3.05400000000000005e-01 2.56260000000000154e-01 1
2 0 1.24619999999999997e+00 3.80880000000000163e-01 1
2 0 8.19500000000000006e-01 4.62830000000000186e-01 1
2 0 -1.16900000000000004e-01 4.51140000000000208e-01 1
2 0 -1.40219999999999989e+00 3.10920000000000196e-01 1
2 0 3.65400000000000003e-01 3.47460000000000213e-01 1
2 0 6.55900000000000039e-01 4.13050000000000250e-01 1
2 0 -3.08199999999999974e-01 3.82230000000000236e-01 1
2 0 2.30000000000000010e-01 4.05230000000000257e-01 1
2 0 1.15549999999999997e+00 5.20780000000000243e-01 1
2 0 -4.35999999999999999e-01 4.77180000000000271e-01 1
2 0 -2.35999999999999995e-02 4.74820000000000297e-01 1
2 0 -4.63799999999999990e-01 4.28440000000000265e-01 1
2 0 1.00499999999999989e+00 5.28940000000000299e-01 1
2 0 7.45500000000000052e-01 6.03490000000000304e-01 1
2 0 3.46100000000000019e-01 6.38100000000000334e-01 1
2 0 8.83099999999999996e-01 7.26410000000000333e-01 1
2 0 1.27899999999999991e+00 8.54310000000000347e-01 1
2 0 7.35899999999999999e-01 9.27900000000000391e-01 1
2 0 3.57300000000000006e-01 9.63630000000000431e-01 1
2 0 -8.26500000000000012e-01 8.80980000000000429e-01 1
2 0 -1.22389999999999999e+00 7.58590000000000431e-01 1
2 0 -4.70000000000000018e-03 7.58120000000000460e-01 1
2 0 9.36100000000000043e-01 8.51730000000000431e-01 1
2 0 -7.79100000000000015e-01 7.73820000000000396e-01 1
2 0 -1.35509999999999997e+00 6.38310000000000377e-01 1
2 0 2.38199999999999995e-01 6.62130000000000329e-01 1
2 0 1.44500000000000006e+00 8.06630000000000402e-01 1
2 0 1.23999999999999996e-02 8.07870000000000421e-01 1
2 0 -2.19599999999999990e-01 7.85910000000000442e-01 1
2 0 1.25520000000000009e+00 9.11430000000000407e-01 1
2 0 -1.49340000000000006e+00 7.62090000000000378e-01 1
2 0 -8.13999999999999946e-01 6.80690000000000350e-01 1
2 0 1.31170000000000009e+00 8.11860000000000359e-01 1
2 0 1.11589999999999989e+00 9.23450000000000326e-01 1
2 0 1.40300000000000008e-01 9.37480000000000313e-01 1
2 1 8.85000000000000009e-01 0.00000000000000000e+00 1
2 0 7.66900000000000026e-01 7.66900000000000082e-02 1
2 0 -4.43199999999999983e-01 3.23700000000000099e-02 1
2 0 -5.22999999999999993e-02 2.71400000000000113e-02 1
2 0 -3.21199999999999986e-01 -4.97999999999999138e-03 1
2 0 1.33749999999999991e+00 1.28770000000000023e-01 1
2 0 7.78599999999999959e-01 2.06630000000000036e-01 1
2 0 1.12270000000000003e+00 3.18900000000000072e-01 1
2 0 -7.39999999999999963e-02 3.11500000000000055e-01 1
2 0 -2.34600000000000003e-01 2.88040000000000074e-01 1
2 0 -1.56099999999999989e-01 2.72430000000000061e-01 1
2 0 1.36119999999999997e+00 4.08550000000000080e-01 1
2 0 -3.06900000000000006e-01 3.77860000000000085e-01 1
2 0 3.20699999999999985e-01 4.09930000000000072e-01 1
2 0 6.21700000000000030e-01 4.72100000000000075e-01 1
2 0 -1.02000000000000002e+00 3.70100000000000096e-01 1
2 0 -1.30970000000000009e+00 2.39130000000000092e-01 1
2 0 1.29550000000000010e+00 3.68680000000000119e-01 1
2 0 -1.30800000000000000e-01 3.55600000000000138e-01 1
2 0 1.17070000000000007e+00 4.72670000000000146e-01 1
2 0 -2.19999999999999987e-02 4.70470000000000166e-01 1
2 0 1.44950000000000001e+00 6.15420000000000189e-01 1
2 0 -1.26669999999999994e+00 4.88750000000000184e-01 1
2 0 -4.00899999999999979e-01 4.48660000000000170e-01 1
2 0 1.37270000000000003e+00 5.85930000000000173e-01 1
2 0 -1.30729999999999991e+00 4.55200000000000160e-01 1
2 0 -1.30200000000000005e+00 3.25000000000000178e-01 1
2 0 -1.43629999999999991e+00 1.81370000000000170e-01 1
2 0 -1.26590000000000003e+00 5.47800000000001619e-02 1
2 0 6.89999999999999988e-03 5.54700000000001650e-02 1
2 0 1.49750000000000005e+00 2.05220000000000180e-01 1
2 0 7.72000000000000020e-01 2.82420000000000171e-01 1
2 0 -3.62800000000000011e-01 2.46140000000000164e-01 1
2 0 8.59400000000000053e-01 3.32080000000000153e-01 1
2 0 4.85899999999999999e-01 3.80670000000000175e-01 1
2 0 8.30400000000000027e-01 4.63710000000000178e-01 1
2 0 4.53699999999999992e-01 5.09080000000000199e-01 1
2 0 2.72399999999999975e-01 5.36320000000000241e-01 1
2 0 1.38999999999999992e-02 5.37710000000000243e-01 1
2 0 1.04279999999999995e+00 6.41990000000000283e-01 1
2 0 1.37000000000000011e-01 6.55690000000000328e-01 1
2 0 -6.44000000000000017e-01 5.91290000000000315e-01 1
2 0 1.59500000000000003e-01 6.07240000000000335e-01 1
2 0 8.87800000000000034e-01 6.96020000000000305e-01 1
2 0 -4.81899999999999995e-01 6.47830000000000350e-01 1
2 0 -6.67599999999999971e-01 5.81070000000000308e-01 1
2 0 1.35309999999999997e+00 7.16380000000000350e-01 1
2 0 9.94199999999999973e-01 8.15800000000000303e-01 1
2 0 -4.72899999999999987e-01 7.68510000000000248e-01 1
2 0 -9.59200000000000053e-01 6.72590000000000243e-01 1
2 0 -8.22500000000000009e-01 5.90340000000000198e-01 1
2 0 -1.90299999999999997e-01 5.71310000000000207e-01 1
2 0 8.07200000000000029e-01 6.52030000000000221e-01 1
2 0 1.38680000000000003e+00 7.90710000000000246e-01 1
2 0 3.74900000000000011e-01 8.28200000000000269e-01 1
2 0 7.61600000000000055e-01 9.04360000000000275e-01 1
2 0 -7.20099999999999962e-01 8.32350000000000256e-01 1
2 0 1.07729999999999992e+00 9.40080000000000249e-01 1
2 0 7.19600000000000017e-01 1.00000000000000000e+00 1
2 0 -3.10699999999999976e-01 9.68929999999999958e-01 1
2 0 3.36000000000000021e-01 1.00000000000000000e+00 1
2 0 2.66900000000000026e-01 1.00000000000000000e+00 1
2 0 3.83400000000000019e-01 1.00000000000000000e+00 1
2 0 1.41700000000000004e+00 1.00000000000000000e+00 1
2 0 -3.90699999999999992e-01 9.60929999999999951e-01 1
2 0 6.51100000000000012e-01 1.00000000000000000e+00 1
2 0 -5.33800000000000052e-01 9.46620000000000017e-01 1
2 0 -1.06150000000000011e+00 8.40470000000000050e-01 1
2 0 1.03330000000000011e+00 9.43800000000000083e-01 1
2 0 -9.52500000000000013e-01 8.48550000000000137e-01 1
2 0 6.30299999999999971e-01 9.11580000000000168e-01 1
2 0 1.06040000000000001e+00 1.00000000000000000e+00 1
2 0 2.56099999999999994e-01 1.00000000000000000e+00 1
2 0 2.65799999999999981e-01 1.00000000000000000e+00 1
2 0 -1.39600000000000002e-01 9.86040000000000028e-01 1
2 0 -3.25400000000000023e-01 9.53500000000000014e-01 1
2 0 -4.46199999999999986e-01 9.08880000000000021e-01 1
2 0 -9.18599999999999972e-01 8.17020000000000080e-01 1
2 0 -1.60700000000000010e-01 8.00950000000000051e-01 1
2 0 -5.67100000000000048e-01 7.44240000000000013e-01 1
2 0 -8.24600000000000000e-01 6.61780000000000035e-01 1
2 0 9.40000000000000002e-02 6.71179999999999999e-01 1
2 0 4.75200000000000011e-01 7.18700000000000006e-01 1
2 0 9.05299999999999994e-01 8.09230000000000005e-01 1
2 0 1.12430000000000008e+00 9.21660000000000035e-01 1
2 0 -5.27900000000000036e-01 8.68870000000000031e-01 1
2 0 -1.18499999999999994e-01 8.57020000000000004e-01 1
2 0 -3.30600000000000005e-01 8.23960000000000026e-01 1
2 0 1.48130000000000006e+00 9.72090000000000010e-01 1
2 0 -1.07489999999999997e+00 8.64600000000000035e-01 1
2 0 9.11000000000000004e-02 8.73709999999999987e-01 1
2 0 7.36099999999999977e-01 9.47319999999999940e-01 1
2 0 -1.49100000000000010e+00 7.98219999999999930e-01 1
2 0 -8.48600000000000021e-01 7.13359999999999883e-01 1
2 0 4.24499999999999988e-01 7.55809999999999871e-01 1
2 0 1.67000000000000010e-01 7.72509999999999919e-01 1
2 0 -1.14209999999999989e+00 6.58299999999999885e-01 1
2 0 -7.98900000000000055e-01 5.78409999999999869e-01 1
2 0 -8.41500000000000026e-01 4.94259999999999866e-01 1
2 0 5.05999999999999991e-02 4.99319999999999875e-01 1
2 0 -1.31960000000000011e+00 3.67359999999999853e-01 1
2 0 -8.07499999999999996e-01 2.86609999999999865e-01 1
2 0 -1.44199999999999995e-01 2.72189999999999876e-01 1
2 0 -7.46800000000000019e-01 1.97509999999999852e-01 1
2 0 -4.67500000000000027e-01 1.50759999999999839e-01 1
2 0 -1.93000000000000012e-02 1.48829999999999851e-01 1
2 0 -2.86999999999999998e-02 1.45959999999999840e-01 1
2 0 -1.10190000000000010e+00 3.57699999999998297e-02 1
2 0 -6.18600000000000039e-01 -2.60900000000001756e-02 1
2 0 -2.55400000000000016e-01 -5.16300000000001758e-02 1
2 0 -2.66400000000000026e-01 -7.82700000000001728e-02 1
2 0 7.59099999999999997e-01 -2.36000000000016752e-03 1
2 0 1.29980000000000007e+00 1.27619999999999845e-01 1
2 0 -1.25920000000000010e+00 1.69999999999984053e-03 1
2 0 -5.20000000000000018e-01 -5.03000000000001640e-02 1
2 0 3.03700000000000025e-01 -1.99300000000001594e-02 1
2 0 1.04640000000000000e+00 8.47099999999998549e-02 1
2 0 -1.23770000000000002e+00 -3.90600000000001502e-02 1
2 0 3.53399999999999992e-01 -3.72000000000014680e-03 1
2 0 -5.06099999999999994e-01 -5.43300000000001490e-02 1
2 0 4.59399999999999975e-01 -8.39000000000014734e-03 1
2 0 -7.14700000000000002e-01 -7.98600000000001531e-02 1
2 0 -1.22069999999999990e+00 -2.01930000000000165e-01 1
2 0 -1.35919999999999996e+00 -3.37850000000000206e-01 1
2 0 -1.10500000000000001e-01 -3.48900000000000210e-01 1
2 0 -1.29960000000000009e+00 -4.78860000000000230e-01 1
2 0 -6.49000000000000021e-01 -5.43760000000000243e-01 1
2 0 1.23560000000000003e+00 -4.20200000000000240e-01 1
2 0 -6.81200000000000028e-01 -4.88320000000000254e-01 1
2 0 -7.68800000000000039e-01 -5.65200000000000258e-01 1
2 0 -1.18480000000000008e+00 -6.83680000000000287e-01 1
2 0 1.27000000000000002e-01 -6.70980000000000243e-01 1
2 0 5.87500000000000022e-01 -6.12230000000000274e-01 1
2 0 9.29999999999999993e-02 -6.02930000000000299e-01 1
2 0 -4.55400000000000027e-01 -6.48470000000000324e-01 1
2 0 -5.36000000000000018e-02 -6.53830000000000355e-01 1
2 0 2.87200000000000011e-01 -6.25110000000000388e-01 1
2 0 7.65599999999999947e-01 -5.48550000000000426e-01 1
2 0 -8.72099999999999986e-01 -6.35760000000000436e-01 1
2 0 -1.00110000000000010e+00 -7.35870000000000468e-01 1
2 0 1.23700000000000010e+00 -6.12170000000000436e-01 1
2 0 -1.24199999999999999e+00 -7.36370000000000413e-01 1
2 0 5.49200000000000021e-01 -6.81450000000000444e-01 1
2 0 1.26000000000000001e-02 -6.80190000000000405e-01 1
2 0 -5.02700000000000036e-01 -7.30460000000000442e-01 1
2 0 -7.27999999999999980e-01 -8.03260000000000418e-01 1
2 0 -1.77199999999999996e-01 -8.20980000000000376e-01 1
2 0 -7.12300000000000044e-01 -8.92210000000000392e-01 1
2 0 -5.60100000000000042e-01 -9.48220000000000396e-01 1
2 0 -2.69600000000000006e-01 -9.75180000000000380e-01 1
2 0 4.64500000000000024e-01 -9.28730000000000389e-01 1
2 0 -6.77000000000000046e-01 -9.96430000000000371e-01 1
2 0 6.13800000000000012e-01 -9.35050000000000381e-01 1
2 0 -3.23999999999999982e-02 -9.38290000000000401e-01 1
2 0 6.88100000000000045e-01 -8.69480000000000364e-01 1
2 0 -8.27200000000000046e-01 -9.52200000000000379e-01 1
2 0 1.37539999999999996e+00 -8.14660000000000384e-01 1
2 0 1.25710000000000011e+00 -6.88950000000000395e-01 1
2 0 8.71999999999999997e-01 -6.01750000000000451e-01 1
2 0 -1.03790000000000004e+00 -7.05540000000000500e-01 1
2 0 -1.11250000000000004e+00 -8.16790000000000571e-01 1
2 0 3.46700000000000008e-01 -7.82120000000000593e-01 1
2 0 2.87800000000000000e-01 -7.53340000000000565e-01 1
2 0 3.47399999999999987e-01 -7.18600000000000572e-01 1
2 0 -1.08650000000000002e+00 -8.27250000000000596e-01 1
2 0 -1.73199999999999993e-01 -8.44570000000000598e-01 1
2 0 8.98999999999999938e-02 -8.35580000000000545e-01 1
2 0 1.19070000000000009e+00 -7.16510000000000535e-01 1
2 0 1.48399999999999999e+00 -5.68110000000000559e-01 1
2 0 -3.76999999999999974e-02 -5.71880000000000610e-01 1
2 0 -2.50699999999999978e-01 -5.96950000000000647e-01 1
2 0 1.44700000000000006e+00 -4.52250000000000596e-01 1
2 0 1.41100000000000003e-01 -4.38140000000000585e-01 1
2 0 1.39500000000000002e+00 -2.98640000000000572e-01 1
2 0 -2.86999999999999977e-01 -3.27340000000000575e-01 1
2 0 -5.17599999999999949e-01 -3.79100000000000548e-01 1
2 0 3.30100000000000005e-01 -3.46090000000000564e-01 1
2 0 9.65000000000000024e-02 -3.36440000000000572e-01 1
2 0 -6.65900000000000047e-01 -4.03030000000000554e-01 1
2 0 -4.78600000000000025e-01 -4.50890000000000568e-01 1
2 0 -1.36939999999999995e+00 -5.87830000000000519e-01 1
2 0 -1.35830000000000006e+00 -7.23660000000000525e-01 1
2 0 1.38610000000000011e+00 -5.85050000000000514e-01 1
2 0 -4.96499999999999997e-01 -6.34700000000000486e-01 1
2 0 3.21500000000000008e-01 -6.02550000000000474e-01 1
2 0 -7.20899999999999985e-01 -6.74640000000000462e-01 1
2 0 -1.26859999999999995e+00 -8.01500000000000434e-01 1
2 0 7.94599999999999973e-01 -7.22040000000000459e-01 1
2 0 6.21999999999999997e-01 -6.59840000000000426e-01 1
2 0 4.30999999999999994e-02 -6.55530000000000390e-01 1
2 0 -6.35000000000000009e-02 -6.61880000000000357e-01 1
2 0 1.14500000000000002e+00 -5.47380000000000311e-01 1
2 0 -6.86200000000000032e-01 -6.16000000000000325e-01 1
2 0 -1.35369999999999990e+00 -7.51370000000000315e-01 1
2 0 1.43839999999999990e+00 -6.07530000000000348e-01 1
2 0 1.17290000000000005e+00 -4.90240000000000342e-01 1
2 0 4.10899999999999987e-01 -4.49150000000000327e-01 1
2 0 1.81999999999999995e-01 -4.30950000000000333e-01 1
2 0 -6.66000000000000064e-02 -4.37610000000000332e-01 1
2 0 -9.55699999999999994e-01 -5.33180000000000320e-01 1
2 0 8.10699999999999976e-01 -4.52110000000000345e-01 1
2 0 -9.04999999999999971e-02 -4.61160000000000347e-01 1
2 0 -1.32210000000000005e+00 -5.93370000000000397e-01 1
2 0 1.39569999999999994e+00 -4.53800000000000425e-01 1
2 0 2.62100000000000000e-01 -4.27590000000000414e-01 1
2 0 1.08329999999999993e+00 -3.19260000000000432e-01 1
2 0 -1.02810000000000001e+00 -4.22070000000000445e-01 1
2 0 -1.16900000000000004e-01 -4.33760000000000423e-01 1
2 0 4.88400000000000001e-01 -3.84920000000000428e-01 1
2 0 1.24590000000000001e+00 -2.60330000000000394e-01 1
2 0 7.05899999999999972e-01 -1.89740000000000408e-01 1
2 0 -4.71999999999999975e-01 -2.36940000000000400e-01 1
2 0 4.60100000000000009e-01 -1.90930000000000405e-01 1
2 0 2.39400000000000002e-01 -1.66990000000000416e-01 1
2 0 -1.17609999999999992e+00 -2.84600000000000408e-01 1
2 0 -2.77600000000000013e-01 -3.12360000000000415e-01 1
2 0 1.23690000000000011e+00 -1.88670000000000393e-01 1
2 0 -2.58400000000000019e-01 -2.14510000000000395e-01 1
2 0 -2.33699999999999991e-01 -2.37880000000000397e-01 1
2 0 1.49980000000000002e+00 -8.79000000000003945e-02 1
2 0 1.21530000000000005e+00 3.36299999999996185e-02 1
2 0 -1.38159999999999994e+00 -1.04530000000000386e-01 1
2 0 -5.10600000000000054e-01 -1.55590000000000395e-01 1
2 0 -1.35990000000000011e+00 -2.91580000000000394e-01 1
2 0 1.26010000000000000e+00 -1.65570000000000384e-01 1
2 0 3.48200000000000010e-01 -1.30750000000000366e-01 1
2 0 -1.41030000000000011e+00 -2.71780000000000355e-01 1
2 0 -5.38399999999999990e-01 -3.25620000000000354e-01 1
2 0 -5.11000000000000010e-01 -3.76720000000000388e-01 1
2 0 -7.68800000000000039e-01 -4.53600000000000392e-01 1
2 0 -3.44600000000000017e-01 -4.88060000000000382e-01 1
2 0 9.58300000000000041e-01 -3.92230000000000356e-01 1
2 0 -7.64299999999999979e-01 -4.68660000000000354e-01 1
2 0 -1.46300000000000008e+00 -6.14960000000000395e-01 1
2 0 -8.52999999999999980e-01 -7.00260000000000438e-01 1
2 0 4.67600000000000016e-01 -6.53500000000000414e-01 1
2 0 -1.40650000000000008e+00 -7.94150000000000467e-01 1
2 0 1.41219999999999990e+00 -6.52930000000000454e-01 1
2 0 -1.08739999999999992e+00 -7.61670000000000513e-01 1
2 0 4.80499999999999983e-01 -7.13620000000000476e-01 1
2 0 1.20649999999999991e+00 -5.92970000000000441e-01 1
2 0 -1.28029999999999999e+00 -7.21000000000000418e-01 1
2 0 -5.69599999999999995e-01 -7.77960000000000429e-01 1
2 0 5.75300000000000034e-01 -7.20430000000000459e-01 1
2 0 -9.90000000000000081e-03 -7.21420000000000505e-01 1
2 0 -1.18060000000000009e+00 -8.39480000000000559e-01 1
2 0 -5.47000000000000042e-01 -8.94180000000000530e-01 1
2 0 -8.85499999999999954e-01 -9.82730000000000548e-01 1
2 0 -1.28869999999999996e+00 -1.00000000000000000e+00 1
2 0 9.89099999999999979e-01 -9.01089999999999947e-01 1
2 0 -1.03780000000000006e+00 -1.00000000000000000e+00 1
2 0 1.20049999999999990e+00 -8.79950000000000010e-01 1
2 0 1.02760000000000007e+00 -7.77190000000000047e-01 1
2 0 -5.56999999999999995e-02 -7.82760000000000011e-01 1
2 0 -4.56000000000000016e-01 -8.28359999999999985e-01 1
2 0 1.43599999999999994e+00 -6.84760000000000035e-01 1
2 0 5.00499999999999945e-01 -6.34709999999999996e-01 1
2 0 1.01459999999999995e+00 -5.33250000000000002e-01 1
2 0 1.22609999999999997e+00 -4.10640000000000005e-01 1
2 0 7.84900000000000042e-01 -3.32150000000000001e-01 1
2 0 4.38500000000000001e-01 -2.88300000000000001e-01 1
2 0 1.19910000000000005e+00 -1.68389999999999984e-01 1
2 0 -1.33339999999999992e+00 -3.01729999999999943e-01 1
2 0 -4.70200000000000007e-01 -3.48749999999999949e-01 1
2 0 -7.01699999999999990e-01 -4.18919999999999959e-01 1
2 0 5.13100000000000001e-01 -3.67609999999999937e-01 1
2 0 -4.22899999999999998e-01 -4.09899999999999931e-01 1
2 0 1.24700000000000005e-01 -3.97429999999999950e-01 1
2 0 3.42600000000000016e-01 -3.63169999999999937e-01 1
2 0 -1.29950000000000010e+00 -4.93119999999999947e-01 1
2 0 -6.29600000000000048e-01 -5.56079999999999908e-01 1
2 0 -9.75700000000000012e-01 -6.53649999999999953e-01 1
2 0 -4.11700000000000010e-01 -6.94819999999999993e-01 1
2 0 8.61800000000000010e-01 -6.08639999999999959e-01 1
2 0 -2.62000000000000011e-02 -6.11259999999999915e-01 1
2 0 -9.05000000000000027e-01 -7.01759999999999939e-01 1
2 1 -1.23499999999999999e-01 0.00000000000000000e+00 1
2 0 1.17040000000000011e+00 1.17040000000000019e-01 1
2 0 -1.26819999999999999e+00 -9.77999999999999703e-03 1
2 0 -3.35100000000000009e-01 -4.32900000000000021e-02 1
2 0 1.18450000000000011e+00 7.51600000000000046e-02 1
2 0 7.49800000000000022e-01 1.50139999999999996e-01 1
2 0 -1.42629999999999990e+00 7.50999999999998891e-03 1
2 0 -5.41499999999999981e-01 -4.66400000000000148e-02 1
2 0 -9.47999999999999954e-01 -1.41440000000000010e-01 1
2 0 -1.13400000000000001e-01 -1.52779999999999999e-01 1
2 0 8.02899999999999947e-01 -7.24899999999999989e-02 1
2 0 -7.10899999999999976e-01 -1.43579999999999985e-01 1
2 0 4.49199999999999988e-01 -9.86599999999999838e-02 1
2 0 1.28799999999999998e-01 -8.57799999999999813e-02 1
2 0 7.26800000000000002e-01 -1.30999999999999728e-02 1
2 0 7.95000000000000012e-02 -5.14999999999997231e-03 1
2 0 1.11010000000000009e+00 1.05860000000000037e-01 1
2 0 -9.92199999999999971e-01 6.64000000000003476e-03 1
2 0 1.47540000000000004e+00 1.54180000000000039e-01 1
2 0 -1.35240000000000005e+00 1.89400000000000401e-02 1
2 0 1.16209999999999991e+00 1.35150000000000048e-01 1
2 0 1.15840000000000010e+00 2.50990000000000046e-01 1
2 0 -1.40450000000000008e+00 1.10540000000000027e-01 1
2 0 6.83599999999999985e-01 1.78900000000000031e-01 1
2 0 2.51000000000000001e-01 2.04000000000000042e-01 1
2 0 -6.38299999999999979e-01 1.40170000000000045e-01 1
2 0 -7.57700000000000040e-01 6.44000000000000405e-02 1
2 0 1.01400000000000004e-01 7.45400000000000368e-02 1
2 0 1.01709999999999989e+00 1.76250000000000018e-01 1
2 0 -3.44700000000000006e-01 1.41780000000000017e-01 1
2 0 -2.83600000000000019e-01 1.13420000000000021e-01 1
2 0 -9.26899999999999946e-01 2.07300000000000262e-02 1
2 0 -4.81499999999999984e-01 -2.74199999999999722e-02 1
2 0 7.86000000000000032e-01 5.11800000000000310e-02 1
2 0 4.17100000000000026e-01 9.28900000000000281e-02 1
2 0 -6.38100000000000001e-01 2.90800000000000225e-02 1
2 0 3.56399999999999995e-01 6.47200000000000275e-02 1
2 0 2.05300000000000010e-01 8.52500000000000341e-02 1
2 0 -1.36979999999999991e+00 -5.17299999999999566e-02 1
2 0 2.72199999999999998e-01 -2.45099999999999554e-02 1
2 0 1.34569999999999990e+00 1.10060000000000047e-01 1
2 0 5.18399999999999972e-01 1.61900000000000044e-01 1
2 0 5.61100000000000043e-01 2.18010000000000037e-01 1
2 0 3.29400000000000026e-01 2.50950000000000062e-01 1
2 0 -1.44950000000000001e+00 1.06000000000000066e-01 1
2 0 -1.61399999999999988e-01 8.98600000000000648e-02 1
2 0 -1.27410000000000001e+00 -3.75499999999999307e-02 1
2 0 -6.22999999999999998e-01 -9.98499999999999388e-02 1
2 0 -3.89400000000000024e-01 -1.38789999999999941e-01 1
2 0 -8.77600000000000047e-01 -2.26549999999999946e-01 1
2 0 -1.32509999999999994e+00 -3.59059999999999935e-01 1
2 0 5.43399999999999994e-01 -3.04719999999999935e-01 1
2 0 -7.63000000000000012e-01 -3.81019999999999914e-01 1
2 0 1.23910000000000009e+00 -2.57109999999999894e-01 1
2 0 1.53499999999999998e-01 -2.41759999999999892e-01 1
2 0 -1.79400000000000004e-01 -2.59699999999999875e-01 1
2 0 -8.27600000000000002e-01 -3.42459999999999876e-01 1
2 0 7.14099999999999957e-01 -2.71049999999999902e-01 1
2 0 -1.10010000000000008e+00 -3.81059999999999899e-01 1
2 0 -1.08850000000000002e+00 -4.89909999999999901e-01 1
2 0 1.05529999999999990e+00 -3.84379999999999888e-01 1
2 0 2.38900000000000001e-01 -3.60489999999999866e-01 1
2 0 1.33790000000000009e+00 -2.26699999999999846e-01 1
2 0 -4.73299999999999998e-01 -2.74029999999999829e-01 1
2 0 -1.32180000000000009e+00 -4.06209999999999849e-01 1
2 0 -7.10400000000000031e-01 -4.77249999999999841e-01 1
2 0 -6.25900000000000012e-01 -5.39839999999999876e-01 1
2 0 1.45609999999999995e+00 -3.94229999999999858e-01 1
2 0 -6.22299999999999964e-01 -4.56459999999999866e-01 1
2 0 1.28639999999999999e+00 -3.27819999999999889e-01 1
2 0 -1.46419999999999995e+00 -4.74239999999999884e-01 1
2 0 7.39500000000000046e-01 -4.00289999999999868e-01 1
2 0 9.91099999999999981e-01 -3.01179999999999892e-01 1
2 0 -1.05970000000000009e+00 -4.07149999999999901e-01 1
2 0 -2.09999999999999987e-03 -4.07359999999999889e-01 1
2 0 1.46429999999999993e+00 -2.60929999999999884e-01 1
2 0 9.76800000000000002e-01 -1.63249999999999895e-01 1
2 0 8.91100000000000003e-01 -7.41399999999998865e-02 1
2 0 -4.41599999999999993e-01 -1.18299999999999891e-01 1
2 0 -5.21399999999999975e-01 -1.70439999999999897e-01 1
2 0 -6.15099999999999980e-01 -2.31949999999999906e-01 1
2 0 -1.40799999999999992e+00 -3.72749999999999915e-01 1
2 0 -1.18880000000000008e+00 -4.91629999999999900e-01 1
2 0 -7.22899999999999987e-01 -5.63919999999999866e-01 1
2 0 5.60799999999999965e-01 -5.07839999999999847e-01 1
2 0 2.25700000000000012e-01 -4.85269999999999868e-01 1
2 0 -1.60999999999999997e-02 -4.86879999999999868e-01 1
2 0 7.14999999999999941e-02 -4.79729999999999879e-01 1
2 0 -8.30000000000000009e-03 -4.80559999999999876e-01 1
2 0 1.06499999999999995e+00 -3.74059999999999893e-01 1
2 0 4.39000000000000001e-01 -3.30159999999999898e-01 1
2 0 -7.07600000000000007e-01 -4.00919999999999888e-01 1
2 0 1.38020000000000009e+00 -2.62899999999999912e-01 1
2 0 5.44399999999999995e-01 -2.08459999999999923e-01 1
2 0 1.09600000000000009e+00 -9.88599999999999063e-02 1
2 0 5.74899999999999967e-01 -4.13699999999999068e-02 1
2 0 5.77999999999999958e-01 1.64300000000000904e-02 1
2 0 7.65299999999999980e-01 9.29600000000000981e-02 1
2 0 8.69500000000000051e-01 1.79910000000000125e-01 1
2 0 5.63000000000000028e-02 1.85540000000000121e-01 1
2 0 1.16809999999999992e+00 3.02350000000000119e-01 1
2 0 -5.52400000000000002e-01 2.47110000000000107e-01 1
2 0 1.23849999999999993e+00 3.70960000000000123e-01 1
2 0 1.02599999999999997e-01 3.81220000000000114e-01 1
2 0 6.75599999999999978e-01 4.48780000000000123e-01 1
2 0 -1.36599999999999999e-01 4.35120000000000118e-01 1
2 0 1.47080000000000011e+00 5.82200000000000162e-01 1
2 0 -8.27799999999999980e-01 4.99420000000000142e-01 1
2 0 -6.35600000000000054e-01 4.35860000000000136e-01 1
2 0 6.27999999999999947e-02 4.42140000000000144e-01 1
2 0 3.96000000000000033e-02 4.46100000000000163e-01 1
2 0 -1.39579999999999993e+00 3.06520000000000126e-01 1
2 0 -3.25699999999999990e-01 2.73950000000000138e-01 1
2 0 -1.20870000000000011e+00 1.53080000000000105e-01 1
2 0 -9.21699999999999964e-01 6.09100000000001029e-02 1
2 0 -7.62100000000000000e-01 -1.52999999999998970e-02 1
2 0 1.03160000000000007e+00 8.78600000000001186e-02 1
2 0 1.04689999999999994e+00 1.92550000000000110e-01 1
2 0 6.10000000000000039e-03 1.93160000000000109e-01 1
2 0 -1.49059999999999993e+00 4.41000000000001113e-02 1
2 0 -1.38999999999999990e+00 -9.48999999999998733e-02 1
2 0 -1.22150000000000003e+00 -2.17049999999999882e-01 1
2 0 1.11759999999999993e+00 -1.05289999999999884e-01 1
2 0 -9.57999999999999963e-02 -1.14869999999999889e-01 1
2 0 -6.35800000000000032e-01 -1.78449999999999886e-01 1
2 0 -1.36509999999999998e+00 -3.14959999999999907e-01 1
2 0 8.76700000000000035e-01 -2.27289999999999881e-01 1
2 0 -1.43650000000000011e+00 -3.70939999999999936e-01 1
2 0 2.12000000000000001e-02 -3.68819999999999926e-01 1
2 0 2.41299999999999987e-01 -3.44689999999999941e-01 1
2 0 -9.69600000000000017e-01 -4.41649999999999932e-01 1
2 0 -1.45480000000000009e+00 -5.87129999999999930e-01 1
2 0 -1.39440000000000008e+00 -7.26569999999999938e-01 1
2 0 1.33810000000000007e+00 -5.92759999999999954e-01 1
2 0 -1.46419999999999995e+00 -7.39179999999999948e-01 1
2 0 -1.12890000000000001e+00 -8.52069999999999994e-01 1
2 0 5.87899999999999978e-01 -7.93279999999999985e-01 1
2 0 1.02039999999999997e+00 -6.91239999999999966e-01 1
2 0 1.40650000000000008e+00 -5.50589999999999913e-01 1
2 0 -8.95900000000000030e-01 -6.40179999999999971e-01 1
2 0 9.19499999999999984e-01 -5.48229999999999995e-01 1
2 0 2.92999999999999997e-02 -5.45300000000000007e-01 1
2 0 2.92100000000000026e-01 -5.16090000000000049e-01 1
2 0 7.15899999999999981e-01 -4.44500000000000062e-01 1
2 0 1.40799999999999992e+00 -3.03700000000000081e-01 1
2 0 9.02299999999999991e-01 -2.13470000000000076e-01 1
2 0 -6.04500000000000037e-01 -2.73920000000000052e-01 1
2 0 1.39890000000000003e+00 -1.34030000000000038e-01 1
2 0 2.39600000000000007e-01 -1.10070000000000029e-01 1
2 0 2.93999999999999991e-02 -1.07130000000000031e-01 1
2 0 -1.03519999999999990e+00 -2.10650000000000032e-01 1
2 0 -5.04399999999999959e-01 -2.61090000000000044e-01 1
2 0 1.39789999999999992e+00 -1.21300000000000047e-01 1
2 0 3.35199999999999998e-01 -8.77800000000000524e-02 1
2 0 4.98599999999999988e-01 -3.79200000000000509e-02 1
2 0 1.08640000000000003e+00 7.07199999999999634e-02 1
2 0 -5.84899999999999975e-01 1.22299999999999631e-02 1
2 0 -7.12500000000000022e-01 -5.90200000000000446e-02 1
2 0 1.23209999999999997e+00 6.41899999999999554e-02 1
2 0 -4.61899999999999977e-01 1.79999999999999535e-02 1
2 0 7.20700000000000007e-01 9.00699999999999557e-02 1
2 0 -1.31749999999999989e+00 -4.16800000000000503e-02 1
2 0 1.86299999999999993e-01 -2.30500000000000496e-02 1
2 0 -1.47589999999999999e+00 -1.70640000000000042e-01 1
2 0 1.10020000000000007e+00 -6.06200000000000350e-02 1
2 0 -1.11200000000000010e+00 -1.71820000000000056e-01 1
2 0 5.37699999999999956e-01 -1.18050000000000058e-01 1
2 0 1.39389999999999992e+00 2.13399999999999285e-02 1
2 0 -5.91899999999999982e-01 -3.78500000000000711e-02 1
2 0 5.09299999999999975e-01 1.30799999999999320e-02 1
2 0 4.71999999999999989e-02 1.77999999999999339e-02 1
2 0 1.05360000000000009e+00 1.23159999999999936e-01 1
2 0 -1.22690000000000010e+00 4.69999999999914930e-04 1
2 0 -4.61500000000000021e-01 -4.56800000000000886e-02 1
2 0 -6.02400000000000047e-01 -1.05920000000000097e-01 1
2 0 2.25000000000000006e-01 -8.34200000000000913e-02 1
2 0 1.10050000000000003e+00 2.66299999999999176e-02 1
2 0 1.75600000000000006e-01 4.41899999999999238e-02 1
2 0 3.24699999999999989e-01 7.66599999999999226e-02 1
2 0 6.70900000000000052e-01 1.43749999999999933e-01 1
2 0 -1.04299999999999993e+00 3.94499999999999296e-02 1
2 0 2.01300000000000007e-01 5.95799999999999316e-02 1
2 0 1.09549999999999992e+00 1.69129999999999919e-01 1
2 0 8.93999999999999934e-02 1.78069999999999923e-01 1
2 0 -1.29899999999999993e+00 4.81699999999999351e-02 1
2 0 8.92299999999999982e-01 1.37399999999999939e-01 1
2 0 -4.58299999999999985e-01 9.15699999999999292e-02 1
2 0 -5.95600000000000018e-01 3.20099999999999274e-02 1
2 0 1.32640000000000002e+00 1.64649999999999935e-01 1
2 0 6.14800000000000013e-01 2.26129999999999942e-01 1
2 0 1.37830000000000008e+00 3.63959999999999950e-01 1
2 0 -2.10199999999999998e-01 3.42939999999999967e-01 1
2 0 -4.24499999999999988e-01 3.00489999999999979e-01 1
2 0 1.88700000000000007e-01 3.19359999999999977e-01 1
2 0 -2.59699999999999986e-01 2.93389999999999984e-01 1
2 0 -9.15499999999999980e-01 2.01839999999999964e-01 1
2 0 -9.59400000000000031e-01 1.05899999999999953e-01 1
2 0 -1.31170000000000009e+00 -2.52700000000000563e-02 1
2 0 -1.20789999999999997e+00 -1.46060000000000079e-01 1
2 0 2.67000000000000015e-01 -1.19360000000000077e-01 1
2 0 -1.06689999999999996e+00 -2.26050000000000084e-01 1
2 0 -5.57499999999999996e-01 -2.81800000000000106e-01 1
2 0 -1.26849999999999996e+00 -4.08650000000000069e-01 1
2 0 1.14599999999999991e+00 -2.94050000000000089e-01 1
2 0 -3.52999999999999980e-02 -2.97580000000000067e-01 1
2 0 -1.49350000000000005e+00 -4.46930000000000049e-01 1
2 0 -6.62799999999999945e-01 -5.13210000000000055e-01 1
2 0 6.47999999999999965e-02 -5.06730000000000014e-01 1
2 0 -5.17599999999999949e-01 -5.58490000000000042e-01 1
2 0 -9.54500000000000015e-01 -6.53940000000000077e-01 1
2 0 -6.33999999999999980e-02 -6.60280000000000089e-01 1
2 0 8.04899999999999949e-01 -5.79790000000000028e-01 1
2 0 -7.73499999999999965e-01 -6.57140000000000057e-01 1
2 0 1.46019999999999994e+00 -5.11120000000000019e-01 1
2 0 3.51399999999999990e-01 -4.75980000000000014e-01 1
2 0 -3.09900000000000009e-01 -5.06970000000000032e-01 1
2 0 8.34200000000000053e-01 -4.23550000000000038e-01 1
2 0 2.71999999999999985e-02 -4.20830000000000037e-01 1
2 0 7.30199999999999960e-01 -3.47810000000000064e-01 1
2 0 -7.94599999999999973e-01 -4.27270000000000039e-01 1
2 0 7.99100000000000033e-01 -3.47360000000000002e-01 1
2 0 -4.39900000000000013e-01 -3.91349999999999976e-01 1
2 0 -1.34539999999999993e+00 -5.25889999999999969e-01 1
2 0 4.21999999999999986e-01 -4.83689999999999953e-01 1
2 0 -4.41000000000000003e-02 -4.88099999999999978e-01 1
2 0 -1.23859999999999992e+00 -6.11959999999999948e-01 1
2 0 1.34569999999999990e+00 -4.77389999999999981e-01 1
2 0 -1.37699999999999989e-01 -4.91159999999999985e-01 1
2 0 -7.45900000000000007e-01 -5.65749999999999975e-01 1
2 0 -1.20530000000000004e+00 -6.86280000000000001e-01 1
2 0 -1.61299999999999999e-01 -7.02409999999999979e-01 1
2 0 9.68199999999999950e-01 -6.05589999999999962e-01 1
2 0 -1.21609999999999996e+00 -7.27199999999999958e-01 1
2 0 -5.69400000000000017e-01 -7.84139999999999948e-01 1
2 0 1.43280000000000007e+00 -6.40859999999999985e-01 1
2 0 1.20199999999999996e+00 -5.20660000000000012e-01 1
2 0 3.49700000000000011e-01 -4.85690000000000011e-01 1
2 0 -1.18009999999999993e+00 -6.03700000000000014e-01 1
2 0 1.10569999999999991e+00 -4.93130000000000013e-01 1
2 0 -6.94000000000000034e-02 -5.00070000000000014e-01 1
2 0 -9.18000000000000038e-01 -5.91870000000000007e-01 1
2 0 1.14799999999999991e+00 -4.77069999999999994e-01 1
2 0 1.06410000000000005e+00 -3.70659999999999989e-01 1
2 0 1.49340000000000006e+00 -2.21319999999999989e-01 1
2 0 -9.32599999999999985e-01 -3.14579999999999971e-01 1
2 0 9.25200000000000022e-01 -2.22059999999999980e-01 1
2 0 1.14650000000000007e+00 -1.07409999999999964e-01 1
2 0 -5.32699999999999951e-01 -1.60679999999999962e-01 1
2 0 -3.68800000000000017e-01 -1.97559999999999958e-01 1
2 0 5.71400000000000019e-01 -1.40419999999999962e-01 1
2 0 -4.27300000000000013e-01 -1.83149999999999979e-01 1
2 0 1.19799999999999995e+00 -6.33499999999999758e-02 1
2 0 1.23570000000000002e+00 6.02200000000000374e-02 1
2 0 -4.81499999999999984e-01 1.20700000000000390e-02 1
2 0 -6.61299999999999999e-01 -5.40599999999999692e-02 1
2 0 9.47500000000000009e-01 4.06900000000000317e-02 1
2 0 -2.39300000000000013e-01 1.67600000000000283e-02 1
2 0 9.52999999999999958e-02 2.62900000000000286e-02 1
2 0 4.54400000000000026e-01 7.17300000000000437e-02 1
2 0 -4.55100000000000005e-01 2.62200000000000419e-02 1
2 0 9.04699999999999949e-01 1.16690000000000044e-01 1
2 0 8.27099999999999946e-01 1.99400000000000049e-01 1
2 0 1.41569999999999996e+00 3.40970000000000051e-01 1
2 0 9.73099999999999965e-01 4.38280000000000058e-01 1
2 0 -5.18299999999999983e-01 3.86450000000000071e-01 1
2 0 3.23000000000000023e-02 3.89680000000000082e-01 1
2 0 1.35139999999999993e+00 5.24820000000000064e-01 1
2 0 -7.25199999999999956e-01 4.52300000000000035e-01 1
2 0 -7.48099999999999987e-01 3.77490000000000048e-01 1
2 0 -1.74600000000000005e-01 3.60030000000000072e-01 1
2 0 1.36899999999999994e-01 3.73720000000000052e-01 1
2 0 5.92400000000000038e-01 4.32960000000000067e-01 1
2 0 1.19730000000000003e+00 5.52690000000000126e-01 1
2 0 -1.21819999999999995e+00 4.30870000000000142e-01 1
2 0 -1.18340000000000001e+00 3.12530000000000141e-01 1
2 0 -1.37600000000000000e-01 2.98770000000000147e-01 1
2 0 -1.00960000000000005e+00 1.97810000000000152e-01 1
2 0 1.43490000000000006e+00 3.41300000000000159e-01 1
2 0 4.47000000000000008e-01 3.86000000000000176e-01 1
2 0 7.06300000000000039e-01 4.56630000000000202e-01 1
2 0 1.05820000000000003e+00 5.62450000000000228e-01 1
2 1 -1.33599999999999997e-01 0.00000000000000000e+00 1
2 0 1.45140000000000002e+00 1.45140000000000019e-01 1
2 0 -3.03800000000000014e-01 1.14760000000000015e-01 1
2 0 -6.62100000000000022e-01 4.85500000000000098e-02 1
2 0 1.07729999999999992e+00 1.56280000000000002e-01 1
2 0 7.31400000000000050e-01 2.29420000000000013e-01 1
2 0 -1.06499999999999997e-01 2.18770000000000020e-01 1
2 0 -6.13500000000000045e-01 1.57420000000000004e-01 1
2 0 -1.37959999999999994e+00 1.94600000000000051e-02 1
2 0 2.45900000000000007e-01 4.40500000000000058e-02 1
2 0 -1.18900000000000006e-01 3.21600000000000080e-02 1
2 0 -1.02629999999999999e+00 -7.04699999999999910e-02 1
2 0 -4.20300000000000007e-01 -1.12499999999999989e-01 1
2 0 -1.44720000000000004e+00 -2.57220000000000004e-01 1
2 0 -1.32060000000000000e+00 -3.89280000000000015e-01 1
2 0 -8.44999999999999973e-01 -4.73780000000000034e-01 1
2 0 8.42400000000000038e-01 -3.89539999999999997e-01 1
2 0 1.06180000000000008e+00 -2.83360000000000001e-01 1
2 0 -1.12379999999999991e+00 -3.95739999999999981e-01 1
2 0 3.28100000000000003e-01 -3.62929999999999975e-01 1
2 0 1.14900000000000002e-01 -3.51439999999999975e-01 1
2 0 7.77000000000000024e-01 -2.73739999999999983e-01 1
2 0 -1.21510000000000007e+00 -3.95249999999999990e-01 1
2 0 -9.58799999999999986e-01 -4.91130000000000011e-01 1
2 0 2.60599999999999998e-01 -4.65069999999999983e-01 1
2 0 -6.75599999999999978e-01 -5.32629999999999937e-01 1
2 0 9.76000000000000062e-02 -5.22869999999999946e-01 1
2 0 -1.18700000000000006e+00 -6.41569999999999974e-01 1
2 0 -1.02160000000000006e+00 -7.43730000000000002e-01 1
2 0 8.98399999999999976e-01 -6.53889999999999971e-01 1
2 0 -5.81300000000000039e-01 -7.12019999999999986e-01 1
2 0 -8.81099999999999994e-01 -8.00130000000000008e-01 1
2 0 -1.65000000000000008e-01 -8.16629999999999967e-01 1
2 0 2.14600000000000013e-01 -7.95169999999999932e-01 1
2 0 -6.32000000000000006e-01 -8.58369999999999966e-01 1
2 0 1.26599999999999990e-01 -8.45709999999999962e-01 1
2 0 1.37189999999999990e+00 -7.08519999999999928e-01 1
2 0 6.48199999999999998e-01 -6.43699999999999939e-01 1
2 0 -8.00100000000000033e-01 -7.23709999999999964e-01 1
2 0 -1.22859999999999991e+00 -8.46569999999999934e-01 1
2 0 3.14599999999999991e-01 -8.15109999999999890e-01 1
2 0 1.26069999999999993e+00 -6.89039999999999875e-01 1
2 0 -1.12700000000000000e+00 -8.01739999999999897e-01 1
2 0 -8.38199999999999945e-01 -8.85559999999999903e-01 1
2 0 -9.62600000000000011e-01 -9.81819999999999915e-01 1
2 0 -5.04000000000000004e-01 -1.00000000000000000e+00 1
2 0 8.68900000000000006e-01 -9.13109999999999977e-01 1
2 0 -3.57499999999999984e-01 -9.48859999999999926e-01 1
2 0 -2.29999999999999996e-03 -9.49089999999999878e-01 1
2 0 -8.52199999999999958e-01 -1.00000000000000000e+00 1
2 0 -7.60099999999999998e-01 -1.00000000000000000e+00 1
2 0 -4.13600000000000023e-01 -1.00000000000000000e+00 1
2 0 3.80099999999999993e-01 -9.61990000000000012e-01 1
2 0 -9.54200000000000048e-01 -1.00000000000000000e+00 1
2 0 1.25730000000000008e+00 -8.74269999999999992e-01 1
2 0 7.10799999999999987e-01 -8.03189999999999960e-01 1
2 0 -1.18680000000000008e+00 -9.21869999999999967e-01 1
2 0 1.08769999999999989e+00 -8.13099999999999934e-01 1
2 0 1.13339999999999996e+00 -6.99759999999999938e-01 1
2 0 -1.14470000000000005e+00 -8.14230000000000009e-01 1
2 0 -6.97100000000000053e-01 -8.83940000000000059e-01 1
2 0 -5.18700000000000050e-01 -9.35810000000000031e-01 1
2 0 -1.08580000000000010e+00 -1.00000000000000000e+00 1
2 0 9.80000000000000038e-02 -9.90199999999999969e-01 1
2 0 9.41100000000000048e-01 -8.96089999999999942e-01 1
2 0 -7.28700000000000014e-01 -9.68959999999999932e-01 1
2 0 -5.50899999999999945e-01 -1.00000000000000000e+00 1
2 0 -6.51599999999999957e-01 -1.00000000000000000e+00 1
2 0 7.79800000000000049e-01 -9.22019999999999951e-01 1
2 0 -5.99600000000000022e-01 -9.81979999999999964e-01 1
2 0 1.39699999999999991e-01 -9.68009999999999926e-01 1
2 0 1.24659999999999993e+00 -8.43349999999999933e-01 1
2 0 7.75699999999999945e-01 -7.65779999999999905e-01 1
2 0 -9.14399999999999991e-01 -8.57219999999999871e-01 1
2 0 -5.14000000000000012e-02 -8.62359999999999904e-01 1
2 0 -2.99999999999999989e-02 -8.65359999999999907e-01 1
2 0 2.01100000000000001e-01 -8.45249999999999946e-01 1
2 0 -4.16899999999999993e-01 -8.86939999999999951e-01 1
2 0 4.61100000000000010e-01 -8.40829999999999966e-01 1
2 0 -1.29380000000000006e+00 -9.70210000000000017e-01 1
2 0 8.59999999999999931e-02 -9.61609999999999965e-01 1
2 0 9.49300000000000033e-01 -8.66679999999999895e-01 1
2 0 9.25000000000000044e-01 -7.74179999999999868e-01 1
2 0 -1.49560000000000004e+00 -9.23739999999999895e-01 1
2 0 5.49100000000000033e-01 -8.68829999999999880e-01 1
2 0 5.27100000000000013e-01 -8.16119999999999846e-01 1
2 0 -7.76599999999999957e-01 -8.93779999999999797e-01 1
2 0 -1.14680000000000004e+00 -1.00000000000000000e+00 1
2 0 -8.88800000000000034e-01 -1.00000000000000000e+00 1
2 0 -5.98400000000000043e-01 -1.00000000000000000e+00 1
2 0 1.38600000000000001e-01 -9.86140000000000017e-01 1
2 0 -1.47469999999999990e+00 -1.00000000000000000e+00 1
2 0 -1.21120000000000005e+00 -1.00000000000000000e+00 1
2 0 3.22299999999999975e-01 -9.67770000000000019e-01 1
2 0 2.14700000000000002e-01 -9.46300000000000030e-01 1
2 0 -1.12979999999999992e+00 -1.00000000000000000e+00 1
2 0 -4.95300000000000018e-01 -1.00000000000000000e+00 1
2 0 1.08339999999999992e+00 -8.91660000000000008e-01 1
2 0 -1.18300000000000002e-01 -9.03490000000000015e-01 1
2 0 1.09580000000000011e+00 -7.93910000000000005e-01 1
2 0 -3.44799999999999995e-01 -8.28389999999999960e-01 1
2 0 -6.94500000000000006e-01 -8.97839999999999971e-01 1
2 0 -1.24079999999999990e+00 -1.00000000000000000e+00 1
2 0 -8.77900000000000014e-01 -1.00000000000000000e+00 1
2 0 -1.14959999999999996e+00 -1.00000000000000000e+00 1
2 0 1.08670000000000000e+00 -8.91329999999999956e-01 1
2 0 -9.32799999999999963e-01 -9.84609999999999985e-01 1
2 0 1.40529999999999999e+00 -8.44079999999999941e-01 1
2 0 1.27360000000000007e+00 -7.16719999999999913e-01 1
2 0 1.32030000000000003e+00 -5.84689999999999932e-01 1
2 0 1.35470000000000002e+00 -4.49219999999999953e-01 1
2 0 -1.37410000000000010e+00 -5.86629999999999985e-01 1
2 0 2.89499999999999980e-01 -5.57679999999999954e-01 1
2 0 -6.35099999999999998e-01 -6.21189999999999909e-01 1
2 0 2.82600000000000018e-01 -5.92929999999999957e-01 1
2 0 1.19940000000000002e+00 -4.72989999999999966e-01 1
2 0 4.04200000000000004e-01 -4.32569999999999955e-01 1
2 0 -5.09199999999999986e-01 -4.83489999999999975e-01 1
2 0 -5.70000000000000021e-03 -4.84059999999999990e-01 1
2 0 1.16440000000000010e+00 -3.67619999999999947e-01 1
2 0 7.80900000000000039e-01 -2.89529999999999954e-01 1
2 0 -1.06469999999999998e+00 -3.95999999999999963e-01 1
2 0 -6.38599999999999945e-01 -4.59859999999999935e-01 1
2 0 -1.39100000000000001e+00 -5.98959999999999937e-01 1
2 0 -2.97599999999999976e-01 -6.28719999999999946e-01 1
2 0 8.96399999999999975e-01 -5.39080000000000004e-01 1
2 0 1.03400000000000003e+00 -4.35680000000000012e-01 1
2 0 1.89299999999999996e-01 -4.16750000000000009e-01 1
2 0 8.59000000000000041e-02 -4.08160000000000023e-01 1
2 0 -1.07630000000000003e+00 -5.15789999999999971e-01 1
2 0 8.82000000000000006e-01 -4.27589999999999970e-01 1
2 0 -6.45399999999999974e-01 -4.92129999999999956e-01 1
2 0 1.28830000000000000e+00 -3.63299999999999956e-01 1
2 0 -5.26800000000000046e-01 -4.15979999999999961e-01 1
2 0 -4.31499999999999995e-01 -4.59129999999999983e-01 1
2 0 -5.27399999999999980e-01 -5.11869999999999936e-01 1
2 0 -8.99999999999999932e-03 -5.12769999999999948e-01 1
2 0 1.01370000000000005e+00 -4.11399999999999932e-01 1
2 0 -9.32699999999999974e-01 -5.04669999999999952e-01 1
2 0 1.30820000000000003e+00 -3.73849999999999905e-01 1
2 0 -7.13199999999999945e-01 -4.45169999999999899e-01 1
2 0 -1.38430000000000009e+00 -5.83599999999999897e-01 1
2 0 -3.82199999999999984e-01 -6.21819999999999928e-01 1
2 0 -1.40460000000000007e+00 -7.62279999999999958e-01 1
2 0 -9.25100000000000033e-01 -8.54789999999999939e-01 1
2 0 -6.31199999999999983e-01 -9.17909999999999893e-01 1
2 0 -8.14200000000000035e-01 -9.99329999999999941e-01 1
2 0 1.07149999999999990e+00 -8.92179999999999973e-01 1
2 0 -1.75400000000000000e-01 -9.09719999999999973e-01 1
2 0 -9.77099999999999969e-01 -1.00000000000000000e+00 1
2 0 -5.97500000000000031e-01 -1.00000000000000000e+00 1
2 0 -5.18199999999999994e-01 -1.00000000000000000e+00 1
2 0 -1.34329999999999994e+00 -1.00000000000000000e+00 1
2 0 3.13699999999999979e-01 -9.68629999999999991e-01 1
2 0 -1.20300000000000007e+00 -1.00000000000000000e+00 1
2 0 6.12299999999999955e-01 -9.38769999999999993e-01 1
2 0 1.44510000000000005e+00 -7.94259999999999966e-01 1
2 0 9.78400000000000047e-01 -6.96419999999999928e-01 1
2 0 -3.06499999999999995e-01 -7.27069999999999883e-01 1
2 0 4.30599999999999983e-01 -6.84009999999999896e-01 1
2 0 -1.11050000000000004e+00 -7.95059999999999878e-01 1
2 0 7.25099999999999967e-01 -7.22549999999999915e-01 1
2 0 -2.69500000000000017e-01 -7.49499999999999944e-01 1
2 0 1.58700000000000008e-01 -7.33629999999999893e-01 1
2 0 -3.91500000000000015e-01 -7.72779999999999911e-01 1
2 0 -3.91299999999999981e-01 -8.11909999999999910e-01 1
2 0 8.68299999999999961e-01 -7.25079999999999947e-01 1
2 0 -1.07220000000000004e+00 -8.32299999999999929e-01 1
2 0 -3.74999999999999986e-02 -8.36049999999999960e-01 1
2 0 2.95599999999999974e-01 -8.06489999999999929e-01 1
2 0 1.41799999999999993e+00 -6.64689999999999892e-01 1
2 0 6.28900000000000015e-01 -6.01799999999999891e-01 1
2 0 1.03889999999999993e+00 -4.97909999999999908e-01 1
2 0 -4.37199999999999978e-01 -5.41629999999999945e-01 1
2 0 -1.48900000000000010e+00 -6.90529999999999977e-01 1
2 0 -4.78600000000000025e-01 -7.38389999999999991e-01 1
2 0 -9.32200000000000029e-01 -8.31609999999999960e-01 1
2 0 1.45550000000000002e+00 -6.86059999999999892e-01 1
2 0 -5.96099999999999963e-01 -7.45669999999999833e-01 1
2 0 6.86999999999999972e-02 -7.38799999999999790e-01 1
2 0 -1.12709999999999999e+00 -8.51509999999999767e-01 1
2 0 -6.57100000000000017e-01 -9.17219999999999813e-01 1
2 0 -4.11799999999999999e-01 -9.58399999999999808e-01 1
2 0 -1.21280000000000010e+00 -1.00000000000000000e+00 1
2 0 4.04600000000000015e-01 -9.59539999999999949e-01 1
2 0 8.84499999999999953e-01 -8.71089999999999920e-01 1
2 0 -6.56999999999999945e-02 -8.77659999999999885e-01 1
2 0 8.18799999999999972e-01 -7.95779999999999932e-01 1
2 0 -1.01859999999999995e+00 -8.97639999999999993e-01 1
2 0 4.71000000000000030e-02 -8.92930000000000001e-01 1
2 0 2.91300000000000003e-01 -8.63800000000000012e-01 1
2 0 -1.42110000000000003e+00 -1.00000000000000000e+00 1
2 0 1.04079999999999995e+00 -8.95920000000000050e-01 1
2 0 9.69999999999999973e-01 -7.98920000000000075e-01 1
2 0 7.62199999999999989e-01 -7.22700000000000120e-01 1
2 1 -8.18100000000000049e-01 0.00000000000000000e+00 1
2 0 7.79100000000000015e-01 7.79100000000000070e-02 1
2 0 -3.71699999999999975e-01 4.07400000000000054e-02 1
2 0 4.99900000000000011e-01 9.07300000000000051e-02 1
2 0 -1.05780000000000007e+00 -1.50500000000000078e-02 1
2 0 1.14199999999999996e-01 -3.63000000000000822e-03 1
2 0 4.96099999999999985e-01 4.59799999999999931e-02 1
2 0 -1.27150000000000007e+00 -8.11700000000000199e-02 1
2 0 -5.47599999999999976e-01 -1.35930000000000023e-01 1
2 0 8.30099999999999949e-01 -5.29200000000000226e-02 1
2 0 1.38119999999999998e+00 8.51999999999999702e-02 1
2 0 5.85099999999999953e-01 1.43709999999999977e-01 1
2 0 1.18829999999999991e+00 2.62539999999999996e-01 1
2 0 -5.95600000000000018e-01 2.02979999999999994e-01 1
2 0 1.09139999999999993e+00 3.12120000000000009e-01 1
2 0 5.87999999999999981e-02 3.18000000000000005e-01 1
2 0 -1.05610000000000004e+00 2.12389999999999995e-01 1
2 0 9.11399999999999988e-01 3.03529999999999966e-01 1
2 0 -5.54400000000000004e-01 2.48089999999999977e-01 1
2 0 -7.93200000000000016e-01 1.68769999999999976e-01 1
2 0 -1.06400000000000006e+00 6.23699999999999671e-02 1
2 0 4.10000000000000035e-03 6.27799999999999608e-02 1
2 0 5.67699999999999982e-01 1.19549999999999962e-01 1
2 0 6.35099999999999998e-01 1.83059999999999945e-01 1
2 0 -1.14779999999999993e+00 6.82799999999999518e-02 1
2 0 -2.13700000000000001e-01 4.69099999999999517e-02 1
2 0 -1.37329999999999997e+00 -9.04200000000000559e-02 1
2 0 1.30580000000000007e+00 4.01599999999999457e-02 1
2 0 -7.02799999999999980e-01 -3.01200000000000495e-02 1
2 0 -7.59700000000000042e-01 -1.06090000000000059e-01 1
2 0 -8.74399999999999955e-01 -1.93530000000000063e-01 1
2 0 7.68000000000000016e-01 -1.16730000000000056e-01 1
2 0 -1.21700000000000008e+00 -2.38430000000000086e-01 1
2 0 -8.02100000000000035e-01 -3.18640000000000090e-01 1
2 0 7.04500000000000015e-01 -2.48190000000000077e-01 1
2 0 8.34799999999999986e-01 -1.64710000000000079e-01 1
2 0 -2.81299999999999994e-01 -1.92840000000000067e-01 1
2 0 3.84199999999999986e-01 -1.54420000000000057e-01 1
2 0 -6.55499999999999972e-01 -2.19970000000000054e-01 1
2 0 8.53199999999999958e-01 -1.34650000000000047e-01 1
2 0 5.41499999999999981e-01 -8.05000000000000437e-02 1
2 0 9.28999999999999965e-02 -7.12100000000000510e-02 1
2 0 -3.54399999999999993e-01 -1.06650000000000050e-01 1
2 0 -1.84200000000000003e-01 -1.25070000000000042e-01 1
2 0 -8.28799999999999981e-01 -2.07950000000000051e-01 1
2 0 -1.39339999999999997e+00 -3.47290000000000043e-01 1
2 0 2.54599999999999993e-01 -3.21830000000000060e-01 1
2 0 5.43000000000000010e-02 -3.16400000000000070e-01 1
2 0 9.64500000000000024e-01 -2.19950000000000062e-01 1
2 0 -9.47799999999999976e-01 -3.14730000000000065e-01 1
2 0 -1.32729999999999992e+00 -4.47460000000000080e-01 1
2 0 -1.35519999999999996e+00 -5.82980000000000054e-01 1
2 0 -4.30000000000000000e-03 -5.83410000000000095e-01 1
2 0 1.18229999999999991e+00 -4.65180000000000093e-01 1
2 0 -1.17379999999999995e+00 -5.82560000000000078e-01 1
2 0 -1.40270000000000006e+00 -7.22830000000000084e-01 1
2 0 -9.99399999999999955e-01 -8.22770000000000112e-01 1
2 0 1.15500000000000003e+00 -7.07270000000000065e-01 1
2 0 1.10500000000000001e-01 -6.96220000000000061e-01 1
2 0 -1.20870000000000011e+00 -8.17090000000000094e-01 1
2 0 -3.16500000000000004e-01 -8.48740000000000050e-01 1
2 0 8.79000000000000059e-02 -8.39950000000000085e-01 1
2 0 6.27000000000000002e-01 -7.77250000000000107e-01 1
2 0 -9.86899999999999999e-01 -8.75940000000000163e-01 1
2 0 -3.61200000000000021e-01 -9.12060000000000204e-01 1
2 0 -4.08499999999999974e-01 -9.52910000000000146e-01 1
2 0 6.32000000000000006e-01 -8.89710000000000112e-01 1
2 0 1.40060000000000007e+00 -7.49650000000000150e-01 1
2 0 -1.77499999999999991e-01 -7.67400000000000193e-01 1
2 0 6.41100000000000003e-01 -7.03290000000000193e-01 1
2 0 -1.17169999999999996e+00 -8.20460000000000189e-01 1
2 0 -6.84000000000000052e-01 -8.88860000000000205e-01 1
2 0 1.08100000000000002e-01 -8.78050000000000219e-01 1
2 0 -1.57000000000000001e-01 -8.93750000000000266e-01 1
2 0 5.90999999999999970e-01 -8.34650000000000225e-01 1
2 0 1.19969999999999999e+00 -7.14680000000000204e-01 1
2 0 -1.38519999999999999e+00 -8.53200000000000180e-01 1
2 0 1.11909999999999998e+00 -7.41290000000000227e-01 1
2 0 8.18300000000000027e-01 -6.59460000000000157e-01 1
2 0 -5.35499999999999976e-01 -7.13010000000000144e-01 1
2 0 8.46400000000000041e-01 -6.28370000000000095e-01 1
2 0 -1.00049999999999994e+00 -7.28420000000000067e-01 1
2 0 5.26800000000000046e-01 -6.75740000000000007e-01 1
2 0 -7.56800000000000028e-01 -7.51419999999999977e-01 1
2 0 8.02400000000000002e-01 -6.71179999999999999e-01 1
2 0 -1.20540000000000003e+00 -7.91719999999999979e-01 1
2 0 6.66499999999999981e-01 -7.25069999999999992e-01 1
2 0 -1.29960000000000009e+00 -8.55029999999999957e-01 1
2 0 -4.53799999999999981e-01 -9.00409999999999933e-01 1
2 0 3.39100000000000013e-01 -8.66499999999999937e-01 1
2 0 -1.46940000000000004e+00 -1.00000000000000000e+00 1
2 0 -1.27390000000000003e+00 -1.00000000000000000e+00 1
2 0 1.41899999999999998e-01 -9.85809999999999964e-01 1
2 0 1.13420000000000010e+00 -8.72389999999999999e-01 1
2 0 4.32000000000000023e-02 -8.68070000000000008e-01 1
2 0 -1.48120000000000007e+00 -1.00000000000000000e+00 1
2 0 1.35850000000000004e+00 -8.64149999999999974e-01 1
2 0 -9.26200000000000023e-01 -9.56770000000000009e-01 1
2 0 1.16240000000000010e+00 -8.40529999999999999e-01 1
2 0 -3.33100000000000007e-01 -8.73839999999999950e-01 1
2 0 3.27799999999999980e-01 -8.41059999999999919e-01 1
2 0 -8.66900000000000004e-01 -9.27749999999999964e-01 1
2 0 -1.38660000000000005e+00 -1.00000000000000000e+00 1
2 0 -3.29299999999999982e-01 -1.00000000000000000e+00 1
2 0 2.35199999999999992e-01 -9.76480000000000015e-01 1
2 0 -7.59600000000000053e-01 -1.00000000000000000e+00 1
2 0 1.95000000000000007e-01 -9.80500000000000038e-01 1
2 0 4.82999999999999985e-01 -9.32200000000000029e-01 1
2 0 -6.68799999999999950e-01 -9.99079999999999968e-01 1
2 0 -1.78499999999999992e-01 -1.00000000000000000e+00 1
2 0 1.11949999999999994e+00 -8.88050000000000006e-01 1
2 0 -1.07869999999999999e+00 -9.95920000000000027e-01 1
2 0 -1.31640000000000001e+00 -1.00000000000000000e+00 1
2 0 -2.05900000000000000e-01 -1.00000000000000000e+00 1
2 0 -9.79600000000000026e-01 -1.00000000000000000e+00 1
2 0 -2.29500000000000010e-01 -1.00000000000000000e+00 1
2 0 -5.72599999999999998e-01 -1.00000000000000000e+00 1
2 0 9.16599999999999970e-01 -9.08340000000000036e-01 1
2 0 2.94899999999999995e-01 -8.78850000000000020e-01 1
2 0 6.11899999999999999e-01 -8.17660000000000053e-01 1
2 0 1.33759999999999990e+00 -6.83900000000000063e-01 1
2 0 -2.42499999999999993e-01 -7.08150000000000057e-01 1
2 0 -1.46429999999999993e+00 -8.54580000000000117e-01 1
2 0 3.27299999999999980e-01 -8.21850000000000080e-01 1
2 0 1.27259999999999995e+00 -6.94590000000000041e-01 1
2 0 1.00849999999999995e+00 -5.93740000000000046e-01 1
2 0 7.95599999999999974e-01 -5.14180000000000081e-01 1
2 0 -1.04380000000000006e+00 -6.18560000000000110e-01 1
2 0 5.53999999999999979e-02 -6.13020000000000120e-01 1
2 0 -9.31400000000000006e-01 -7.06160000000000121e-01 1
2 0 -4.03600000000000014e-01 -7.46520000000000072e-01 1
2 0 -5.68799999999999972e-01 -8.03400000000000114e-01 1
2 0 -1.22100000000000009e+00 -9.25500000000000100e-01 1
2 0 -3.83500000000000008e-01 -9.63850000000000096e-01 1
2 0 1.21819999999999995e+00 -8.42030000000000056e-01 1
2 0 -1.09180000000000010e+00 -9.51210000000000111e-01 1
2 0 2.12200000000000000e-01 -9.29990000000000094e-01 1
2 0 -1.32630000000000003e+00 -1.00000000000000000e+00 1
2 0 -2.15299999999999991e-01 -1.00000000000000000e+00 1
2 0 1.29810000000000003e+00 -8.70190000000000019e-01 1
2 0 6.60399999999999987e-01 -8.04150000000000031e-01 1
2 0 8.91199999999999992e-01 -7.15030000000000054e-01 1
2 0 2.71699999999999997e-01 -6.87860000000000027e-01 1
2 0 1.45720000000000005e+00 -5.42140000000000066e-01 1
2 0 1.06050000000000000e+00 -4.36090000000000089e-01 1
2 0 -9.63799999999999990e-01 -5.32470000000000110e-01 1
2 0 -3.00400000000000000e-01 -5.62510000000000066e-01 1
2 0 -7.27000000000000007e-02 -5.69780000000000064e-01 1
2 0 9.14300000000000002e-01 -4.78350000000000053e-01 1
2 0 9.32799999999999963e-01 -3.85070000000000023e-01 1
2 0 -3.14900000000000013e-01 -4.16560000000000041e-01 1
2 0 1.41490000000000005e+00 -2.75070000000000037e-01 1
2 0 5.02800000000000025e-01 -2.24790000000000045e-01 1
2 0 -6.82799999999999963e-01 -2.93070000000000053e-01 1
2 0 4.15200000000000014e-01 -2.51550000000000051e-01 1
2 0 4.90800000000000014e-01 -2.02470000000000039e-01 1
2 0 9.64199999999999946e-01 -1.06050000000000033e-01 1
2 0 -3.19699999999999984e-01 -1.38020000000000032e-01 1
2 0 1.11999999999999999e-02 -1.36900000000000022e-01 1
2 0 -5.33900000000000041e-01 -1.90290000000000015e-01 1
2 0 -1.94700000000000012e-01 -2.09760000000000002e-01 1
2 0 -1.17880000000000007e+00 -3.27640000000000042e-01 1
2 0 -1.01810000000000000e+00 -4.29450000000000054e-01 1
2 0 8.83700000000000041e-01 -3.41080000000000050e-01 1
2 0 -8.77099999999999991e-01 -4.28790000000000060e-01 1
2 0 -5.29100000000000015e-01 -4.81700000000000073e-01 1
2 0 1.26780000000000004e+00 -3.54920000000000069e-01 1
2 0 -5.45799999999999952e-01 -4.09500000000000086e-01 1
2 0 1.10579999999999989e+00 -2.98920000000000075e-01 1
2 0 -4.02600000000000013e-01 -3.39180000000000093e-01 1
2 0 -3.23599999999999999e-01 -3.71540000000000092e-01 1
2 0 6.00800000000000001e-01 -3.11460000000000070e-01 1
2 0 -1.47100000000000009e+00 -4.58560000000000079e-01 1
2 0 -1.19049999999999989e+00 -5.77610000000000068e-01 1
2 0 -7.42199999999999971e-01 -6.51830000000000020e-01 1
2 0 -6.73499999999999988e-01 -7.19180000000000041e-01 1
2 0 -1.26599999999999990e-01 -7.31840000000000046e-01 1
2 0 1.18870000000000009e+00 -6.12970000000000015e-01 1
2 0 -1.36709999999999998e+00 -7.49680000000000013e-01 1
2 0 2.71199999999999997e-01 -7.22559999999999980e-01 1
2 0 1.35329999999999995e+00 -5.87229999999999919e-01 1
2 0 -1.38589999999999991e+00 -7.25819999999999910e-01 1
2 0 -3.43000000000000027e-01 -7.60119999999999907e-01 1
2 0 2.02399999999999997e-01 -7.39879999999999871e-01 1
2 0 1.00510000000000010e+00 -6.39369999999999883e-01 1
2 0 1.68500000000000011e-01 -6.22519999999999851e-01 1
2 0 -3.14800000000000024e-01 -6.53999999999999804e-01 1
2 0 -1.29560000000000008e+00 -7.83559999999999812e-01 1
2 0 -1.36579999999999990e+00 -9.20139999999999847e-01 1
2 0 8.66500000000000048e-01 -8.33489999999999842e-01 1
2 0 2.89800000000000002e-01 -8.04509999999999836e-01 1
2 0 1.08959999999999990e+00 -6.95549999999999891e-01 1
2 0 -1.43379999999999996e+00 -8.38929999999999954e-01 1
2 0 -3.11800000000000022e-01 -8.70109999999999939e-01 1
2 0 1.14510000000000001e+00 -7.55599999999999938e-01 1
2 0 1.46750000000000003e+00 -6.08849999999999891e-01 1
2 0 1.43730000000000002e+00 -4.65119999999999867e-01 1
2 0 9.22300000000000009e-01 -3.72889999999999833e-01 1
2 0 5.97600000000000020e-01 -3.13129999999999797e-01 1
2 0 -1.19880000000000009e+00 -4.33009999999999784e-01 1
2 0 -9.38100000000000045e-01 -5.26819999999999844e-01 1
2 0 -6.23999999999999999e-01 -5.89219999999999855e-01 1
2 0 3.58499999999999985e-01 -5.53369999999999806e-01 1
2 0 5.90400000000000036e-01 -4.94329999999999825e-01 1
2 0 -1.22160000000000002e+00 -6.16489999999999871e-01 1
2 0 -1.06099999999999994e+00 -7.22589999999999844e-01 1
2 0 -5.35499999999999976e-01 -7.76139999999999830e-01 1
2 0 -1.06299999999999994e+00 -8.82439999999999891e-01 1
2 0 -2.94899999999999995e-01 -9.11929999999999907e-01 1
2 0 -3.55600000000000027e-01 -9.47489999999999943e-01 1
2 0 -2.41199999999999998e-01 -9.71609999999999974e-01 1
2 0 -8.26000000000000068e-02 -9.79870000000000019e-01 1
2 0 1.41730000000000000e+00 -8.38139999999999996e-01 1
2 0 9.19200000000000017e-01 -7.46219999999999994e-01 1
2 0 9.95900000000000007e-01 -6.46630000000000038e-01 1
2 0 -1.53499999999999998e-01 -6.61980000000000013e-01 1
2 0 -1.28319999999999990e+00 -7.90300000000000002e-01 1
2 0 1.37139999999999995e+00 -6.53159999999999963e-01 1
2 0 -5.99099999999999966e-01 -7.13069999999999982e-01 1
2 0 1.45550000000000002e+00 -5.67520000000000024e-01 1
2 0 1.06909999999999994e+00 -4.60610000000000019e-01 1
2 0 -7.15300000000000047e-01 -5.32140000000000057e-01 1
2 0 1.91299999999999998e-01 -5.13010000000000077e-01 1
2 0 -1.00960000000000005e+00 -6.13970000000000127e-01 1
2 0 3.69699999999999973e-01 -5.77000000000000179e-01 1
2 0 -2.90499999999999980e-01 -6.06050000000000200e-01 1
2 0 1.05770000000000008e+00 -5.00280000000000169e-01 1
2 0 4.89999999999999984e-03 -4.99790000000000179e-01 1
2 0 -8.56899999999999995e-01 -5.85480000000000222e-01 1
2 0 5.86300000000000043e-01 -5.26850000000000263e-01 1
2 0 8.44999999999999973e-01 -4.42350000000000243e-01 1
2 0 1.51999999999999996e-01 -4.27150000000000252e-01 1
2 0 6.72100000000000031e-01 -3.59940000000000260e-01 1
2 0 -4.29999999999999993e-01 -4.02940000000000242e-01 1
2 0 -7.09200000000000053e-01 -4.73860000000000281e-01 1
2 0 -5.16299999999999981e-01 -5.25490000000000235e-01 1
2 0 8.60299999999999954e-01 -4.39460000000000239e-01 1
2 0 1.33020000000000005e+00 -3.06440000000000268e-01 1
2 0 -1.34980000000000011e+00 -4.41420000000000257e-01 1
2 0 4.31800000000000017e-01 -3.98240000000000260e-01 1
2 0 5.02700000000000036e-01 -3.47970000000000224e-01 1
2 0 -4.49500000000000011e-01 -3.92920000000000214e-01 1
2 0 -4.12100000000000022e-01 -4.34130000000000238e-01 1
2 0 -5.71599999999999997e-01 -4.91290000000000227e-01 1
2 0 -2.18099999999999988e-01 -5.13100000000000223e-01 1
2 0 2.02899999999999997e-01 -4.92810000000000192e-01 1
2 0 1.15139999999999998e+00 -3.77670000000000172e-01 1
2 0 4.44599999999999995e-01 -3.33210000000000173e-01 1
2 0 -1.29689999999999994e+00 -4.62900000000000200e-01 1
2 0 -7.49800000000000022e-01 -5.37880000000000247e-01 1
2 0 -5.77000000000000013e-02 -5.43650000000000300e-01 1
2 0 -1.35359999999999991e+00 -6.79010000000000336e-01 1
2 0 -6.48999999999999994e-02 -6.85500000000000331e-01 1
2 0 6.55900000000000039e-01 -6.19910000000000294e-01 1
2 0 8.94000000000000017e-01 -5.30510000000000259e-01 1
2 0 -9.35400000000000009e-01 -6.24050000000000216e-01 1
2 0 -6.72300000000000009e-01 -6.91280000000000228e-01 1
2 0 -3.08400000000000007e-01 -7.22120000000000206e-01 1
2 0 -8.68399999999999950e-01 -8.08960000000000234e-01 1
2 0 1.25669999999999993e+00 -6.83290000000000175e-01 1
2 0 3.52300000000000002e-01 -6.48060000000000191e-01 1
2 0 3.91799999999999982e-01 -6.08880000000000199e-01 1
2 0 1.33099999999999996e-01 -5.95570000000000155e-01 1
2 0 8.52500000000000036e-01 -5.10320000000000107e-01 1
2 0 -5.20599999999999952e-01 -5.62380000000000102e-01 1
2 0 -8.76800000000000024e-01 -6.50060000000000082e-01 1
2 0 2.23000000000000004e-02 -6.47830000000000128e-01 1
2 0 5.40399999999999991e-01 -5.93790000000000151e-01 1
2 0 2.47499999999999998e-01 -5.69040000000000101e-01 1
2 0 -1.14739999999999998e+00 -6.83780000000000054e-01 1
2 0 9.14000000000000035e-01 -5.92380000000000018e-01 1
2 0 -1.05580000000000007e+00 -6.97960000000000025e-01 1
2 0 9.24900000000000055e-01 -6.05469999999999953e-01 1
2 0 1.22019999999999995e+00 -4.83449999999999935e-01 1
2 0 -2.21000000000000016e-02 -4.85659999999999925e-01 1
2 0 -5.00000000000000010e-03 -4.86159999999999926e-01 1
2 0 7.21199999999999952e-01 -4.14039999999999908e-01 1
2 0 3.70499999999999996e-01 -3.76989999999999936e-01 1
2 0 1.46100000000000008e+00 -2.30889999999999929e-01 1
2 0 -3.45299999999999996e-01 -2.65419999999999934e-01 1
2 0 -1.69800000000000006e-01 -2.82399999999999929e-01 1
2 0 1.14630000000000010e+00 -1.67769999999999919e-01 1
2 0 6.28499999999999948e-01 -1.04919999999999916e-01 1
2 0 -1.03430000000000000e+00 -2.08349999999999924e-01 1
2 0 -1.30719999999999992e+00 -3.39069999999999927e-01 1
2 0 1.32139999999999991e+00 -2.06929999999999920e-01 1
2 0 9.42500000000000004e-01 -1.12679999999999919e-01 1
2 0 6.40900000000000025e-01 -4.85899999999999110e-02 1
2 0 5.61400000000000010e-01 7.55000000000009136e-03 1
2 0 1.13769999999999993e+00 1.21320000000000094e-01 1
2 0 1.82100000000000012e-01 1.39530000000000098e-01 1
2 0 6.79100000000000037e-01 2.07440000000000124e-01 1
2 0 3.20000000000000007e-02 2.10640000000000133e-01 1
2 0 -2.61900000000000022e-01 1.84450000000000114e-01 1
2 0 -3.78900000000000015e-01 1.46560000000000107e-01 1
2 0 1.06999999999999994e-02 1.47630000000000094e-01 1
2 0 -8.23300000000000032e-01 6.53000000000000802e-02 1
2 0 2.46700000000000003e-01 8.99700000000000777e-02 1
2 0 1.56299999999999994e-01 1.05600000000000083e-01 1
2 0 3.36000000000000021e-01 1.39200000000000101e-01 1
2 0 -6.59900000000000042e-01 7.32100000000000944e-02 1
2 0 1.10319999999999996e+00 1.83530000000000082e-01 1
2 0 -1.38300000000000001e+00 4.52300000000000757e-02 1
2 0 1.45120000000000005e+00 1.90350000000000075e-01 1
2 0 1.14159999999999995e+00 3.04510000000000058e-01 1
2 0 -4.21099999999999974e-01 2.62400000000000078e-01 1
2 0 3.45299999999999996e-01 2.96930000000000083e-01 1
2 0 1.35860000000000003e+00 4.32790000000000119e-01 1
2 0 -1.36080000000000001e+00 2.96710000000000140e-01 1
2 0 -4.16999999999999982e-01 2.55010000000000125e-01 1
2 0 1.28679999999999994e+00 3.83690000000000087e-01 1
2 0 -1.01800000000000002e-01 3.73510000000000064e-01 1
2 0 1.74399999999999999e-01 3.90950000000000075e-01 1
2 0 6.66900000000000048e-01 4.57640000000000102e-01 1
2 0 4.33400000000000007e-01 5.00980000000000092e-01 1
2 0 -1.03400000000000006e-01 4.90640000000000076e-01 1
2 0 -1.04869999999999997e+00 3.85770000000000057e-01 1
2 0 -8.94000000000000017e-01 2.96370000000000022e-01 1
2 0 1.05729999999999991e+00 4.02100000000000013e-01 1
2 0 8.84000000000000008e-01 4.90500000000000047e-01 1
2 0 2.98899999999999999e-01 5.20390000000000019e-01 1
2 0 5.87999999999999967e-01 5.79189999999999983e-01 1
2 0 -1.44520000000000004e+00 4.34670000000000001e-01 1
2 0 -7.42199999999999971e-01 3.60449999999999993e-01 1
2 0 7.04999999999999960e-01 4.30950000000000000e-01 1
2 0 4.85499999999999987e-01 4.79499999999999982e-01 1
2 0 9.74600000000000022e-01 5.76960000000000028e-01 1
2 0 -2.27599999999999997e-01 5.54200000000000026e-01 1
2 0 -1.31929999999999992e+00 4.22270000000000034e-01 1
2 0 -7.25999999999999979e-02 4.15010000000000046e-01 1
2 0 5.38000000000000006e-02 4.20390000000000041e-01 1
2 0 1.27909999999999990e+00 5.48300000000000010e-01 1
2 0 7.81200000000000006e-01 6.26419999999999977e-01 1
2 0 -8.58700000000000019e-01 5.40549999999999975e-01 1
2 0 6.17900000000000005e-01 6.02339999999999987e-01 1
2 0 7.10300000000000042e-01 6.73370000000000024e-01 1
2 0 -1.23019999999999996e+00 5.50350000000000006e-01 1
2 0 1.13299999999999998e-01 5.61679999999999957e-01 1
2 0 5.36900000000000044e-01 6.15369999999999973e-01 1
2 0 7.11999999999999966e-01 6.86570000000000014e-01 1
2 0 -6.71000000000000041e-01 6.19469999999999965e-01 1
2 0 1.20419999999999994e+00 7.39889999999999937e-01 1
2 0 -2.33100000000000002e-01 7.16579999999999884e-01 1
2 0 -8.14899999999999958e-01 6.35089999999999932e-01 1
2 0 -3.41799999999999993e-01 6.00909999999999944e-01 1
2 0 -1.27350000000000008e+00 4.73559999999999925e-01 1
2 0 -8.97299999999999986e-01 3.83829999999999893e-01 1
2 0 1.07000000000000006e+00 4.90829999999999878e-01 1
2 0 1.18629999999999991e+00 6.09459999999999891e-01 1
2 0 -4.58699999999999997e-01 5.63589999999999924e-01 1
2 0 -8.40899999999999981e-01 4.79499999999999926e-01 1
2 0 -3.33899999999999975e-01 4.46109999999999951e-01 1
2 0 -1.34590000000000010e+00 3.11519999999999908e-01 1
2 0 -1.29200000000000009e-01 2.98599999999999921e-01 1
2 0 1.37630000000000008e+00 4.36229999999999896e-01 1
2 0 3.30000000000000016e-02 4.39529999999999921e-01 1
2 0 8.81000000000000005e-01 5.27629999999999932e-01 1
2 0 1.65300000000000002e-01 5.44159999999999977e-01 1
2 0 7.08500000000000019e-01 6.15009999999999946e-01 1
2 0 6.41299999999999981e-01 6.79139999999999966e-01 1
2 0 1.23360000000000003e+00 8.02499999999999991e-01 1
2 0 1.14199999999999996e-01 8.13919999999999977e-01 1
2 0 3.51899999999999991e-01 8.49110000000000031e-01 1
2 0 -8.43300000000000050e-01 7.64780000000000015e-01 1
2 0 4.47900000000000020e-01 8.09570000000000012e-01 1
2 0 -1.11440000000000006e+00 6.98130000000000028e-01 1
2 0 9.15900000000000047e-01 7.89719999999999978e-01 1
2 0 -3.37100000000000011e-01 7.56009999999999960e-01 1
2 0 -3.17300000000000026e-01 7.24279999999999924e-01 1
2 0 -1.38519999999999999e+00 5.85759999999999947e-01 1
2 0 -4.76999999999999993e-02 5.80989999999999895e-01 1
2 0 1.04079999999999995e+00 6.85069999999999846e-01 1
2 0 1.44340000000000002e+00 8.29409999999999870e-01 1
2 0 -7.47299999999999964e-01 7.54679999999999906e-01 1
2 0 -8.88299999999999979e-01 6.65849999999999942e-01 1
2 0 -1.37430000000000008e+00 5.28419999999999890e-01 1
2 0 -8.00000000000000017e-02 5.20419999999999883e-01 1
2 0 1.09149999999999991e+00 6.29569999999999852e-01 1
2 0 1.45459999999999989e+00 7.75029999999999886e-01 1
2 0 4.26300000000000012e-01 8.17659999999999831e-01 1
2 0 4.90000000000000019e-02 8.22559999999999847e-01 1
2 0 -8.00899999999999945e-01 7.42469999999999852e-01 1
2 0 7.66299999999999981e-01 8.19099999999999828e-01 1
2 0 -1.02489999999999992e+00 7.16609999999999858e-01 1
2 0 -5.38900000000000046e-01 6.62719999999999865e-01 1
2 0 6.43000000000000016e-01 7.27019999999999889e-01 1
2 0 5.09000000000000008e-01 7.77919999999999945e-01 1
2 0 -1.18660000000000010e+00 6.59259999999999957e-01 1
2 0 -1.31399999999999989e-01 6.46119999999999917e-01 1
2 0 1.37699999999999989e-01 6.59889999999999866e-01 1
2 0 8.84199999999999986e-01 7.48309999999999809e-01 1
2 0 -1.30299999999999999e-01 7.35279999999999823e-01 1
2 0 -8.10799999999999965e-01 6.54199999999999782e-01 1
2 0 1.33939999999999992e+00 7.88139999999999841e-01 1
2 0 4.34999999999999998e-01 8.31639999999999824e-01 1
2 0 9.21599999999999975e-01 9.23799999999999844e-01 1
2 0 9.37999999999999945e-01 1.00000000000000000e+00 1
2 0 6.30000000000000004e-02 1.00000000000000000e+00 1
2 0 -7.23999999999999977e-01 9.27599999999999980e-01 1
2 0 1.30400000000000005e+00 1.00000000000000000e+00 1
2 0 -3.26799999999999979e-01 9.67319999999999958e-01 1
2 0 3.96399999999999975e-01 1.00000000000000000e+00 1
2 0 4.20800000000000007e-01 1.00000000000000000e+00 1
2 0 -1.89900000000000013e-01 9.81010000000000049e-01 1
2 0 3.28999999999999987e-02 9.84300000000000064e-01 1
2 0 -3.66800000000000015e-01 9.47620000000000018e-01 1
2 0 -2.44999999999999996e-01 9.23120000000000052e-01 1
2 0 -1.43660000000000010e+00 7.79460000000000042e-01 1
2 0 -1.09539999999999993e+00 6.69920000000000071e-01 1
2 0 1.85299999999999992e-01 6.88450000000000117e-01 1
2 0 -7.26800000000000002e-01 6.15770000000000151e-01 1
2 0 -7.35999999999999988e-01 5.42170000000000152e-01 1
2 0 -6.42599999999999949e-01 4.77910000000000168e-01 1
2 0 7.51299999999999968e-01 5.53040000000000198e-01 1
2 0 3.31000000000000016e-01 5.86140000000000216e-01 1
2 0 -1.88500000000000001e-01 5.67290000000000183e-01 1
2 0 1.33190000000000008e+00 7.00480000000000214e-01 1
2 0 1.27990000000000004e+00 8.28470000000000262e-01 1
2 0 -8.20699999999999985e-01 7.46400000000000285e-01 1
2 0 8.16899999999999959e-01 8.28090000000000326e-01 1
2 0 -1.57799999999999996e-01 8.12310000000000310e-01 1
2 0 7.27500000000000036e-01 8.85060000000000291e-01 1
2 0 -1.36749999999999994e+00 7.48310000000000253e-01 1
2 0 -6.80100000000000038e-01 6.80300000000000238e-01 1
2 0 -6.70000000000000040e-01 6.13300000000000178e-01 1
2 0 -8.60099999999999976e-01 5.27290000000000147e-01 1
2 0 -2.20900000000000013e-01 5.05200000000000093e-01 1
2 0 -5.25100000000000011e-01 4.52690000000000092e-01 1
2 0 -7.50700000000000034e-01 3.77620000000000067e-01 1
2 0 -6.94300000000000028e-01 3.08190000000000075e-01 1
2 0 -2.28899999999999992e-01 2.85300000000000054e-01 1
2 0 1.23419999999999996e+00 4.08720000000000083e-01 1
2 0 8.64800000000000013e-01 4.95200000000000085e-01 1
2 0 -1.20659999999999989e+00 3.74540000000000095e-01 1
2 0 -1.09410000000000007e+00 2.65130000000000088e-01 1
2 0 1.20199999999999996e+00 3.85330000000000061e-01 1
2 0 8.36300000000000043e-01 4.68960000000000043e-01 1
2 0 3.92600000000000005e-01 5.08220000000000005e-01 1
2 0 -3.59000000000000014e-02 5.04630000000000023e-01 1
2 0 4.18300000000000005e-01 5.46460000000000057e-01 1
2 0 2.83499999999999974e-01 5.74810000000000043e-01 1
2 0 -1.20239999999999991e+00 4.54570000000000030e-01 1
2 0 6.92599999999999993e-01 5.23830000000000018e-01 1
2 0 3.70800000000000018e-01 5.60910000000000020e-01 1
2 0 -1.35800000000000010e+00 4.25109999999999988e-01 1
2 0 9.67899999999999983e-01 5.21900000000000031e-01 1
2 0 -9.90000000000000081e-03 5.20909999999999984e-01 1
2 0 -6.77699999999999969e-01 4.53139999999999987e-01 1
2 0 -4.32800000000000018e-01 4.09860000000000002e-01 1
2 0 -8.64999999999999991e-01 3.23359999999999981e-01 1
2 0 1.36699999999999999e+00 4.60060000000000024e-01 1
2 0 7.88399999999999990e-01 5.38900000000000046e-01 1
2 0 -9.78199999999999958e-01 4.41080000000000028e-01 1
2 0 2.66900000000000026e-01 4.67770000000000019e-01 1
2 0 9.10299999999999998e-01 5.58799999999999963e-01 1
2 0 -5.94300000000000050e-01 4.99369999999999981e-01 1
2 0 9.21599999999999975e-01 5.91530000000000000e-01 1
2 0 -1.41110000000000002e+00 4.50419999999999987e-01 1
2 0 -2.71500000000000019e-01 4.23269999999999980e-01 1
2 0 -2.57199999999999984e-01 3.97549999999999959e-01 1
2 0 -1.00259999999999994e+00 2.97289999999999943e-01 1
2 0 -8.99999999999999932e-03 2.96389999999999931e-01 1
2 0 3.77400000000000013e-01 3.34129999999999927e-01 1
2 0 2.30599999999999999e-01 3.57189999999999952e-01 1
2 0 1.36420000000000008e+00 4.93609999999999993e-01 1
2 0 1.48120000000000007e+00 6.41730000000000023e-01 1
2 0 -1.49510000000000010e+00 4.92219999999999991e-01 1
2 0 1.32719999999999994e+00 6.24940000000000051e-01 1
2 0 8.12999999999999973e-02 6.33070000000000022e-01 1
2 0 -8.84199999999999986e-01 5.44650000000000079e-01 1
2 0 -1.34660000000000002e+00 4.09990000000000077e-01 1
2 0 1.04099999999999998e-01 4.20400000000000051e-01 1
2 0 1.27099999999999991e+00 5.47500000000000098e-01 1
2 0 -1.56299999999999994e-01 5.31870000000000065e-01 1
2 0 -5.47900000000000054e-01 4.77080000000000060e-01 1
2 0 4.14600000000000024e-01 5.18540000000000112e-01 1
2 0 5.06000000000000005e-01 5.69140000000000090e-01 1
2 0 -4.34099999999999986e-01 5.25730000000000031e-01 1
2 0 -1.11109999999999998e+00 4.14620000000000044e-01 1
2 0 -2.36199999999999993e-01 3.91000000000000014e-01 1
2 0 -2.79100000000000015e-01 3.63090000000000024e-01 1
2 0 9.65500000000000025e-01 4.59640000000000049e-01 1
2 0 6.05600000000000027e-01 5.20199999999999996e-01 1
2 0 -1.11199999999999993e-01 5.09079999999999977e-01 1
2 0 -9.23499999999999988e-01 4.16729999999999989e-01 1
2 0 1.43090000000000006e+00 5.59819999999999984e-01 1
2 0 -9.30200000000000027e-01 4.66799999999999993e-01 1
2 0 1.12500000000000000e+00 5.79300000000000037e-01 1
2 0 -1.06610000000000005e+00 4.72690000000000055e-01 1
2 0 1.33030000000000004e+00 6.05720000000000036e-01 1
2 0 -1.93000000000000005e-01 5.86420000000000052e-01 1
2 0 -3.26699999999999990e-01 5.53750000000000075e-01 1
2 0 -1.43270000000000008e+00 4.10480000000000067e-01 1
2 0 -9.40200000000000036e-01 3.16460000000000075e-01 1
2 0 -8.27400000000000024e-01 2.33720000000000067e-01 1
2 0 1.14650000000000007e+00 3.48370000000000068e-01 1
2 0 2.30099999999999999e-01 3.71380000000000043e-01 1
2 1 -8.53400000000000047e-01 0.00000000000000000e+00 1
2 0 -8.96499999999999964e-01 -8.96500000000000075e-02 1
2 0 -8.17999999999999977e-02 -9.78300000000000003e-02 1
2 0 1.93300000000000000e-01 -7.85000000000000003e-02 1
2 0 4.69100000000000017e-01 -3.15899999999999931e-02 1
2 0 -9.14699999999999958e-01 -1.23059999999999989e-01 1
2 0 -3.46600000000000019e-01 -1.57719999999999999e-01 1
2 0 1.07440000000000002e+00 -5.02799999999999914e-02 1
2 0 -4.71700000000000008e-01 -9.74499999999999950e-02 1
2 0 -1.27259999999999995e+00 -2.24710000000000021e-01 1
2 0 -4.38599999999999990e-01 -2.68570000000000031e-01 1
2 0 -9.99099999999999988e-01 -3.68480000000000030e-01 1
2 0 4.44400000000000017e-01 -3.24039999999999995e-01 1
2 0 -5.62200000000000033e-01 -3.80259999999999987e-01 1
2 0 -9.56999999999999962e-01 -4.75959999999999994e-01 1
2 0 -1.70699999999999991e-01 -4.93029999999999968e-01 1
2 0 -1.46779999999999999e+00 -6.39809999999999990e-01 1
2 0 -1.26699999999999990e+00 -7.66510000000000025e-01 1
2 0 -2.10100000000000009e-01 -7.87519999999999998e-01 1
2 0 1.13549999999999995e+00 -6.73969999999999958e-01 1
2 0 -1.42000000000000008e-02 -6.75389999999999935e-01 1
2 0 -2.82399999999999984e-01 -7.03629999999999978e-01 1
2 0 1.30570000000000008e+00 -5.73059999999999903e-01 1
2 0 7.08099999999999952e-01 -5.02249999999999863e-01 1
2 0 1.21209999999999996e+00 -3.81039999999999879e-01 1
2 0 1.13159999999999994e+00 -2.67879999999999896e-01 1
2 0 -6.37299999999999978e-01 -3.31609999999999905e-01 1
2 0 -1.02950000000000008e+00 -4.34559999999999946e-01 1
2 1 1.35099999999999998e+00 0.00000000000000000e+00 1
2 0 -2.48499999999999999e-01 -2.48500000000000006e-02 1
2 0 2.07999999999999990e-01 -4.05000000000000152e-03 1
2 0 6.15999999999999992e-01 5.75500000000000039e-02 1
2 0 -1.29810000000000003e+00 -7.22600000000000048e-02 1
2 0 -5.51899999999999946e-01 -1.27450000000000008e-01 1
2 0 8.79999999999999949e-02 -1.18650000000000005e-01 1
2 0 -1.02200000000000002e+00 -2.20850000000000019e-01 1
2 0 -8.39400000000000035e-01 -3.04790000000000005e-01 1
2 0 4.69100000000000017e-01 -2.57879999999999998e-01 1
2 0 8.41199999999999948e-01 -1.73759999999999998e-01 1
2 0 -1.82200000000000001e-01 -1.91979999999999984e-01 1
2 0 1.26899999999999991e+00 -6.50799999999999990e-02 1
2 0 6.16999999999999993e-01 -3.37999999999999412e-03 1
2 0 1.16690000000000005e+00 1.13310000000000022e-01 1
2 0 1.27239999999999998e+00 2.40550000000000014e-01 1
2 0 -1.20819999999999994e+00 1.19730000000000017e-01 1
2 0 -1.32610000000000006e+00 -1.28799999999999887e-02 1
2 0 2.99999999999999989e-02 -9.87999999999998949e-03 1
2 0 3.57800000000000007e-01 2.59000000000000098e-02 1
2 0 9.11800000000000055e-01 1.17080000000000017e-01 1
2 0 9.82199999999999962e-01 2.15300000000000019e-01 1
2 0 1.05950000000000011e+00 3.21250000000000036e-01 1
2 0 4.30999999999999994e-01 3.64350000000000063e-01 1
2 0 1.17000000000000007e-01 3.76050000000000051e-01 1
2 0 -1.10050000000000003e+00 2.66000000000000014e-01 1
2 0 -2.82100000000000017e-01 2.37790000000000001e-01 1
2 0 -4.73899999999999988e-01 1.90400000000000014e-01 1
2 0 7.84299999999999997e-01 2.68830000000000013e-01 1
2 0 2.35499999999999987e-01 2.92380000000000029e-01 1
2 0 -8.55999999999999955e-02 2.83820000000000017e-01 1
2 0 1.32319999999999993e+00 4.16140000000000010e-01 1
2 0 -8.46799999999999997e-01 3.31459999999999977e-01 1
2 0 -1.34899999999999998e+00 1.96559999999999985e-01 1
2 0 1.89200000000000007e-01 2.15479999999999977e-01 1
2 0 3.24299999999999977e-01 2.47909999999999964e-01 1
2 0 1.12339999999999995e+00 3.60249999999999959e-01 1
2 0 1.21890000000000009e+00 4.82139999999999957e-01 1
2 0 8.46500000000000030e-01 5.66789999999999905e-01 1
2 0 -4.00200000000000000e-01 5.26769999999999960e-01 1
2 0 1.51400000000000007e-01 5.41910000000000003e-01 1
2 0 6.48299999999999987e-01 6.06740000000000057e-01 1
2 0 1.09680000000000000e+00 7.16420000000000057e-01 1
2 0 3.51200000000000012e-01 7.51540000000000097e-01 1
2 0 -1.39939999999999998e+00 6.11600000000000144e-01 1
2 0 -1.08099999999999996e+00 5.03500000000000170e-01 1
2 0 -7.97200000000000020e-01 4.23780000000000157e-01 1
2 0 -2.79200000000000004e-01 3.95860000000000156e-01 1
2 0 2.13499999999999995e-01 4.17210000000000136e-01 1
2 0 -1.37759999999999994e+00 2.79450000000000143e-01 1
2 0 -1.34559999999999991e+00 1.44890000000000158e-01 1
2 0 1.13300000000000001e+00 2.58190000000000142e-01 1
2 0 -1.46130000000000004e+00 1.12060000000000132e-01 1
2 0 -4.39500000000000002e-01 6.81100000000001288e-02 1
2 0 -7.40099999999999980e-01 -5.89999999999987756e-03 1
2 0 9.78199999999999958e-01 9.19200000000001266e-02 1
2 0 -6.25299999999999967e-01 2.93900000000001244e-02 1
2 0 2.16900000000000009e-01 5.10800000000001253e-02 1
2 0 -4.13999999999999993e-02 4.69400000000001275e-02 1
2 0 2.04199999999999993e-01 6.73600000000001281e-02 1
2 0 1.45710000000000006e+00 2.13070000000000148e-01 1
2 0 2.02100000000000002e-01 2.33280000000000154e-01 1
2 0 -1.23370000000000002e+00 1.09910000000000146e-01 1
2 0 8.93999999999999934e-02 1.18850000000000150e-01 1
2 0 4.96499999999999997e-01 1.68500000000000150e-01 1
2 0 -1.11470000000000002e+00 5.70300000000001361e-02 1
2 0 -6.05299999999999949e-01 -3.49999999999986433e-03 1
2 0 -1.82000000000000009e-02 -5.31999999999986477e-03 1
2 0 -4.11600000000000021e-01 -4.64799999999998686e-02 1
2 0 -7.20500000000000029e-01 -1.18529999999999872e-01 1
2 0 -4.29999999999999966e-02 -1.22829999999999870e-01 1
2 0 1.25239999999999996e+00 2.41000000000012038e-03 1
2 0 6.60399999999999987e-01 6.84500000000001219e-02 1
2 0 -3.28600000000000003e-01 3.55900000000001215e-02 1
2 0 -1.35630000000000006e+00 -1.00039999999999879e-01 1
2 0 -9.73999999999999977e-01 -1.97439999999999893e-01 1
2 0 -5.92000000000000026e-02 -2.03359999999999902e-01 1
2 0 -6.73399999999999999e-01 -2.70699999999999885e-01 1
2 0 -1.48199999999999998e+00 -4.18899999999999884e-01 1
2 0 6.15399999999999947e-01 -3.57359999999999900e-01 1
2 0 -3.84099999999999997e-01 -3.95769999999999900e-01 1
2 0 -8.47400000000000042e-01 -4.80509999999999882e-01 1
2 0 4.05399999999999983e-01 -4.39969999999999861e-01 1
2 0 -7.83699999999999952e-01 -5.18339999999999801e-01 1
2 0 5.39999999999999994e-02 -5.12939999999999841e-01 1
2 0 1.16809999999999992e+00 -3.96129999999999871e-01 1
2 0 1.13820000000000010e+00 -2.82309999999999839e-01 1
