0 002081b3 0 7 00000000 ffffffff 1 1 0 1 0 1 0 1 0 1
0 40208233 0 7 00000000 ffffffff 1 1 0 1 0 1 0 1 0 1
0 f7467ab3 0 7 00000000 ffffffff 1 1 0 1 0 1 0 1 0 1
0 79428fb3 0 7 00000000 ffffffff 1 1 0 1 0 1 0 1 0 1
0 c4855eb3 0 7 00000000 ffffffff 1 1 0 1 0 1 0 1 0 1
0 b513f633 0 7 00000000 ffffffff 1 1 0 1 0 1 0 1 0 1
0 1831b3b3 0 7 00000000 ffffffff 1 1 0 1 0 1 0 1 0 1
0 9e4369b3 0 7 00000000 ffffffff 1 1 0 1 0 1 0 1 0 1
0 565d0d33 0 7 00000000 ffffffff 1 1 0 1 0 1 0 1 0 1
0 fe1ad533 0 7 00000000 ffffffff 1 1 0 1 0 1 0 1 0 1
0 05bbc8b3 0 7 00000000 ffffffff 1 1 0 1 0 1 0 1 0 1
0 0def1933 0 7 00000000 ffffffff 1 1 0 1 0 1 0 1 0 1
0 627884b3 0 7 00000000 ffffffff 1 1 0 1 0 1 0 1 0 1
0 ed8b7933 0 7 00000000 ffffffff 1 1 0 1 0 1 0 1 0 1
0 62aba833 0 7 00000000 ffffffff 1 1 0 1 0 1 0 1 0 1
0 2fc27533 0 7 00000000 ffffffff 1 1 0 1 0 1 0 1 0 1
0 9d6ae833 0 7 00000000 ffffffff 1 1 0 1 0 1 0 1 0 1
0 8f049233 0 7 00000000 ffffffff 1 1 0 1 0 1 0 1 0 1
0 71b27633 0 7 00000000 ffffffff 1 1 0 1 0 1 0 1 0 1
0 b6abf733 0 7 00000000 ffffffff 1 1 0 1 0 1 0 1 0 1
0 202c03b3 0 7 00000000 ffffffff 1 1 0 1 0 1 0 1 0 1
0 c7b30433 0 7 00000000 ffffffff 1 1 0 1 0 1 0 1 0 1
0 867cc233 0 7 00000000 ffffffff 1 1 0 1 0 1 0 1 0 1
0 30a90733 0 7 00000000 ffffffff 1 1 0 1 0 1 0 1 0 1
0 2293c933 0 7 00000000 ffffffff 1 1 0 1 0 1 0 1 0 1
0 bc58c433 0 7 00000000 ffffffff 1 1 0 1 0 1 0 1 0 1
0 0157ecb3 0 7 00000000 ffffffff 1 1 0 1 0 1 0 1 0 1
0 955731b3 0 7 00000000 ffffffff 1 1 0 1 0 1 0 1 0 1
0 0032d833 0 7 00000000 ffffffff 1 1 0 1 0 1 0 1 0 1
0 86b75bb3 0 7 00000000 ffffffff 1 1 0 1 0 1 0 1 0 1
0 9c2e1e33 0 7 00000000 ffffffff 1 1 0 1 0 1 0 1 0 1
0 629641b3 0 7 00000000 ffffffff 1 1 0 1 0 1 0 1 0 1
0 79f421b3 0 7 00000000 ffffffff 1 1 0 1 0 1 0 1 0 1
0 319d92b3 0 7 00000000 ffffffff 1 1 0 1 0 1 0 1 0 1
0 8cc5ed33 0 7 00000000 ffffffff 1 1 0 1 0 1 0 1 0 1
0 af8e66b3 0 7 00000000 ffffffff 1 1 0 1 0 1 0 1 0 1
0 aeaf58b3 0 7 00000000 ffffffff 1 1 0 1 0 1 0 1 0 1
0 2e40f8b3 0 7 00000000 ffffffff 1 1 0 1 0 1 0 1 0 1
0 ca7fffb3 0 7 00000000 ffffffff 1 1 0 1 0 1 0 1 0 1
0 2489a1b3 0 7 00000000 ffffffff 1 1 0 1 0 1 0 1 0 1
0 30e8eab3 0 7 00000000 ffffffff 1 1 0 1 0 1 0 1 0 1
0 242186b3 0 7 00000000 ffffffff 1 1 0 1 0 1 0 1 0 1
0 760aa933 0 7 00000000 ffffffff 1 1 0 1 0 1 0 1 0 1
0 e964c5b3 0 7 00000000 ffffffff 1 1 0 1 0 1 0 1 0 1
0 07a380b3 0 7 00000000 ffffffff 1 1 0 1 0 1 0 1 0 1
0 dce48c33 0 7 00000000 ffffffff 1 1 0 1 0 1 0 1 0 1
0 c58f5433 0 7 00000000 ffffffff 1 1 0 1 0 1 0 1 0 1
0 0ca10bb3 0 7 00000000 ffffffff 1 1 0 1 0 1 0 1 0 1
0 9a976db3 0 7 00000000 ffffffff 1 1 0 1 0 1 0 1 0 1
0 3e54c3b3 0 7 00000000 ffffffff 1 1 0 1 0 1 0 1 0 1
0 83417133 0 7 00000000 ffffffff 1 1 0 1 0 1 0 1 0 1
0 a3489c33 0 7 00000000 ffffffff 1 1 0 1 0 1 0 1 0 1
0 9c4b43b3 0 7 00000000 ffffffff 1 1 0 1 0 1 0 1 0 1
0 0e8388b3 0 7 00000000 ffffffff 1 1 0 1 0 1 0 1 0 1
0 2203bab3 0 7 00000000 ffffffff 1 1 0 1 0 1 0 1 0 1
0 aa5b12b3 0 7 00000000 ffffffff 1 1 0 1 0 1 0 1 0 1
0 85d8b8b3 0 7 00000000 ffffffff 1 1 0 1 0 1 0 1 0 1
0 0a8f0c33 0 7 00000000 ffffffff 1 1 0 1 0 1 0 1 0 1
0 ae7890b3 0 7 00000000 ffffffff 1 1 0 1 0 1 0 1 0 1
0 42ea4233 0 7 00000000 ffffffff 1 1 0 1 0 1 0 1 0 1
0 827bf433 0 7 00000000 ffffffff 1 1 0 1 0 1 0 1 0 1
0 0ba1feb3 0 7 00000000 ffffffff 1 1 0 1 0 1 0 1 0 1
0 ce599933 0 7 00000000 ffffffff 1 1 0 1 0 1 0 1 0 1
0 c4e6efb3 0 7 00000000 ffffffff 1 1 0 1 0 1 0 1 0 1
0 fc568333 0 7 00000000 ffffffff 1 1 0 1 0 1 0 1 0 1
0 f29be5b3 0 7 00000000 ffffffff 1 1 0 1 0 1 0 1 0 1
0 351063b3 0 7 00000000 ffffffff 1 1 0 1 0 1 0 1 0 1
0 c05f4f33 0 7 00000000 ffffffff 1 1 0 1 0 1 0 1 0 1
0 2240e1b3 0 7 00000000 ffffffff 1 1 0 1 0 1 0 1 0 1
0 f6bd3ab3 0 7 00000000 ffffffff 1 1 0 1 0 1 0 1 0 1
0 ebcea933 0 7 00000000 ffffffff 1 1 0 1 0 1 0 1 0 1
0 6b99a233 0 7 00000000 ffffffff 1 1 0 1 0 1 0 1 0 1
0 b7321db3 0 7 00000000 ffffffff 1 1 0 1 0 1 0 1 0 1
0 318c5833 0 7 00000000 ffffffff 1 1 0 1 0 1 0 1 0 1
0 eff629b3 0 7 00000000 ffffffff 1 1 0 1 0 1 0 1 0 1
0 1abc4a33 0 7 00000000 ffffffff 1 1 0 1 0 1 0 1 0 1
0 f07eb4b3 0 7 00000000 ffffffff 1 1 0 1 0 1 0 1 0 1
0 1e7f2633 0 7 00000000 ffffffff 1 1 0 1 0 1 0 1 0 1
0 a67781b3 0 7 00000000 ffffffff 1 1 0 1 0 1 0 1 0 1
0 89558933 0 7 00000000 ffffffff 1 1 0 1 0 1 0 1 0 1
0 e6a017b3 0 7 00000000 ffffffff 1 1 0 1 0 1 0 1 0 1
0 d845cf33 0 7 00000000 ffffffff 1 1 0 1 0 1 0 1 0 1
0 e15580b3 0 7 00000000 ffffffff 1 1 0 1 0 1 0 1 0 1
0 cc55bdb3 0 7 00000000 ffffffff 1 1 0 1 0 1 0 1 0 1
0 b5f121b3 0 7 00000000 ffffffff 1 1 0 1 0 1 0 1 0 1
0 cab786b3 0 7 00000000 ffffffff 1 1 0 1 0 1 0 1 0 1
0 543759b3 0 7 00000000 ffffffff 1 1 0 1 0 1 0 1 0 1
0 e1cb3533 0 7 00000000 ffffffff 1 1 0 1 0 1 0 1 0 1
0 592bbbb3 0 7 00000000 ffffffff 1 1 0 1 0 1 0 1 0 1
0 935f10b3 0 7 00000000 ffffffff 1 1 0 1 0 1 0 1 0 1
0 19acdeb3 0 7 00000000 ffffffff 1 1 0 1 0 1 0 1 0 1
0 20432cb3 0 7 00000000 ffffffff 1 1 0 1 0 1 0 1 0 1
0 fdb718b3 0 7 00000000 ffffffff 1 1 0 1 0 1 0 1 0 1
0 759ebf33 0 7 00000000 ffffffff 1 1 0 1 0 1 0 1 0 1
0 30ee0a33 0 7 00000000 ffffffff 1 1 0 1 0 1 0 1 0 1
0 b69bc233 0 7 00000000 ffffffff 1 1 0 1 0 1 0 1 0 1
0 1530dfb3 0 7 00000000 ffffffff 1 1 0 1 0 1 0 1 0 1
0 07528133 0 7 00000000 ffffffff 1 1 0 1 0 1 0 1 0 1
0 42d137b3 0 7 00000000 ffffffff 1 1 0 1 0 1 0 1 0 1
0 e48ee1b3 0 7 00000000 ffffffff 1 1 0 1 0 1 0 1 0 1
0 68713eb3 0 7 00000000 ffffffff 1 1 0 1 0 1 0 1 0 1
0 368718b3 0 7 00000000 ffffffff 1 1 0 1 0 1 0 1 0 1
0 e50280b3 0 7 00000000 ffffffff 1 1 0 1 0 1 0 1 0 1
0 ff91bdb3 0 7 00000000 ffffffff 1 1 0 1 0 1 0 1 0 1
0 c8940733 0 7 00000000 ffffffff 1 1 0 1 0 1 0 1 0 1
0 0d573233 0 7 00000000 ffffffff 1 1 0 1 0 1 0 1 0 1
0 938f5733 0 7 00000000 ffffffff 1 1 0 1 0 1 0 1 0 1
0 5b788733 0 7 00000000 ffffffff 1 1 0 1 0 1 0 1 0 1
0 c688da33 0 7 00000000 ffffffff 1 1 0 1 0 1 0 1 0 1
0 771195b3 0 7 00000000 ffffffff 1 1 0 1 0 1 0 1 0 1
0 6cfe25b3 0 7 00000000 ffffffff 1 1 0 1 0 1 0 1 0 1
0 f85523b3 0 7 00000000 ffffffff 1 1 0 1 0 1 0 1 0 1
0 e7b42ab3 0 7 00000000 ffffffff 1 1 0 1 0 1 0 1 0 1
0 5a73a2b3 0 7 00000000 ffffffff 1 1 0 1 0 1 0 1 0 1
0 2ff84b33 0 7 00000000 ffffffff 1 1 0 1 0 1 0 1 0 1
0 55ae8eb3 0 7 00000000 ffffffff 1 1 0 1 0 1 0 1 0 1
0 8faee733 0 7 00000000 ffffffff 1 1 0 1 0 1 0 1 0 1
0 9bad27b3 0 7 00000000 ffffffff 1 1 0 1 0 1 0 1 0 1
0 e99900b3 0 7 00000000 ffffffff 1 1 0 1 0 1 0 1 0 1
0 37d7d6b3 0 7 00000000 ffffffff 1 1 0 1 0 1 0 1 0 1
0 bdd4a633 0 7 00000000 ffffffff 1 1 0 1 0 1 0 1 0 1
0 7f2e8933 0 7 00000000 ffffffff 1 1 0 1 0 1 0 1 0 1
0 366301b3 0 7 00000000 ffffffff 1 1 0 1 0 1 0 1 0 1
0 e159b0b3 0 7 00000000 ffffffff 1 1 0 1 0 1 0 1 0 1
0 5ff2aeb3 0 7 00000000 ffffffff 1 1 0 1 0 1 0 1 0 1
0 3c297c33 0 7 00000000 ffffffff 1 1 0 1 0 1 0 1 0 1
0 f9188b33 0 7 00000000 ffffffff 1 1 0 1 0 1 0 1 0 1
0 7ba86db3 0 7 00000000 ffffffff 1 1 0 1 0 1 0 1 0 1
0 a6179e33 0 7 00000000 ffffffff 1 1 0 1 0 1 0 1 0 1
0 92cd36b3 0 7 00000000 ffffffff 1 1 0 1 0 1 0 1 0 1
0 39515a33 0 7 00000000 ffffffff 1 1 0 1 0 1 0 1 0 1
0 78c369b3 0 7 00000000 ffffffff 1 1 0 1 0 1 0 1 0 1
0 0cce0333 0 7 00000000 ffffffff 1 1 0 1 0 1 0 1 0 1
0 7d4b8533 0 7 00000000 ffffffff 1 1 0 1 0 1 0 1 0 1
0 89d37f33 0 7 00000000 ffffffff 1 1 0 1 0 1 0 1 0 1
0 ac6fb0b3 0 7 00000000 ffffffff 1 1 0 1 0 1 0 1 0 1
0 f89774b3 0 7 00000000 ffffffff 1 1 0 1 0 1 0 1 0 1
0 884a12b3 0 7 00000000 ffffffff 1 1 0 1 0 1 0 1 0 1
0 c210cd33 0 7 00000000 ffffffff 1 1 0 1 0 1 0 1 0 1
0 461169b3 0 7 00000000 ffffffff 1 1 0 1 0 1 0 1 0 1
0 2fd64ab3 0 7 00000000 ffffffff 1 1 0 1 0 1 0 1 0 1
0 48a1b833 0 7 00000000 ffffffff 1 1 0 1 0 1 0 1 0 1
0 c09eb133 0 7 00000000 ffffffff 1 1 0 1 0 1 0 1 0 1
0 4a7c2f33 0 7 00000000 ffffffff 1 1 0 1 0 1 0 1 0 1
0 aa5648b3 0 7 00000000 ffffffff 1 1 0 1 0 1 0 1 0 1
0 a06cebb3 0 7 00000000 ffffffff 1 1 0 1 0 1 0 1 0 1
0 c6e2e7b3 0 7 00000000 ffffffff 1 1 0 1 0 1 0 1 0 1
0 615f63b3 0 7 00000000 ffffffff 1 1 0 1 0 1 0 1 0 1
0 d14247b3 0 7 00000000 ffffffff 1 1 0 1 0 1 0 1 0 1
0 fb177633 0 7 00000000 ffffffff 1 1 0 1 0 1 0 1 0 1
0 d94d7033 0 7 00000000 ffffffff 1 1 0 1 0 1 0 1 0 1
0 f7a7a833 0 7 00000000 ffffffff 1 1 0 1 0 1 0 1 0 1
0 500ac433 0 7 00000000 ffffffff 1 1 0 1 0 1 0 1 0 1
0 204fb833 0 7 00000000 ffffffff 1 1 0 1 0 1 0 1 0 1
0 134fca33 0 7 00000000 ffffffff 1 1 0 1 0 1 0 1 0 1
0 47dbf9b3 0 7 00000000 ffffffff 1 1 0 1 0 1 0 1 0 1
0 3059bbb3 0 7 00000000 ffffffff 1 1 0 1 0 1 0 1 0 1
0 1cfcf133 0 7 00000000 ffffffff 1 1 0 1 0 1 0 1 0 1
0 41f96d33 0 7 00000000 ffffffff 1 1 0 1 0 1 0 1 0 1
0 54c8a4b3 0 7 00000000 ffffffff 1 1 0 1 0 1 0 1 0 1
0 84e37833 0 7 00000000 ffffffff 1 1 0 1 0 1 0 1 0 1
0 5c5ccc33 0 7 00000000 ffffffff 1 1 0 1 0 1 0 1 0 1
0 f5518033 0 7 00000000 ffffffff 1 1 0 1 0 1 0 1 0 1
0 b57a8f33 0 7 00000000 ffffffff 1 1 0 1 0 1 0 1 0 1
0 cd46f733 0 7 00000000 ffffffff 1 1 0 1 0 1 0 1 0 1
0 8a5c81b3 0 7 00000000 ffffffff 1 1 0 1 0 1 0 1 0 1
0 c1b4b5b3 0 7 00000000 ffffffff 1 1 0 1 0 1 0 1 0 1
0 c5508433 0 7 00000000 ffffffff 1 1 0 1 0 1 0 1 0 1
0 ecfcda33 0 7 00000000 ffffffff 1 1 0 1 0 1 0 1 0 1
0 863e5733 0 7 00000000 ffffffff 1 1 0 1 0 1 0 1 0 1
0 12bdbb33 0 7 00000000 ffffffff 1 1 0 1 0 1 0 1 0 1
0 fe405833 0 7 00000000 ffffffff 1 1 0 1 0 1 0 1 0 1
0 b112d833 0 7 00000000 ffffffff 1 1 0 1 0 1 0 1 0 1
0 dc5fcb33 0 7 00000000 ffffffff 1 1 0 1 0 1 0 1 0 1
0 3ba463b3 0 7 00000000 ffffffff 1 1 0 1 0 1 0 1 0 1
0 d7781a33 0 7 00000000 ffffffff 1 1 0 1 0 1 0 1 0 1
0 c389c033 0 7 00000000 ffffffff 1 1 0 1 0 1 0 1 0 1
0 089b55b3 0 7 00000000 ffffffff 1 1 0 1 0 1 0 1 0 1
0 ce26d533 0 7 00000000 ffffffff 1 1 0 1 0 1 0 1 0 1
0 4c320933 0 7 00000000 ffffffff 1 1 0 1 0 1 0 1 0 1
0 23235fb3 0 7 00000000 ffffffff 1 1 0 1 0 1 0 1 0 1
0 9a2e43b3 0 7 00000000 ffffffff 1 1 0 1 0 1 0 1 0 1
0 390ddb33 0 7 00000000 ffffffff 1 1 0 1 0 1 0 1 0 1
0 61931233 0 7 00000000 ffffffff 1 1 0 1 0 1 0 1 0 1
0 f772b8b3 0 7 00000000 ffffffff 1 1 0 1 0 1 0 1 0 1
0 405b8bb3 0 7 00000000 ffffffff 1 1 0 1 0 1 0 1 0 1
0 c4ed9633 0 7 00000000 ffffffff 1 1 0 1 0 1 0 1 0 1
0 f23b0c33 0 7 00000000 ffffffff 1 1 0 1 0 1 0 1 0 1
0 0a75e033 0 7 00000000 ffffffff 1 1 0 1 0 1 0 1 0 1
0 2da678b3 0 7 00000000 ffffffff 1 1 0 1 0 1 0 1 0 1
0 a3d02033 0 7 00000000 ffffffff 1 1 0 1 0 1 0 1 0 1
0 0d1a4733 0 7 00000000 ffffffff 1 1 0 1 0 1 0 1 0 1
0 1c43f933 0 7 00000000 ffffffff 1 1 0 1 0 1 0 1 0 1
0 2ffa5fb3 0 7 00000000 ffffffff 1 1 0 1 0 1 0 1 0 1
0 c7715733 0 7 00000000 ffffffff 1 1 0 1 0 1 0 1 0 1
0 6e451433 0 7 00000000 ffffffff 1 1 0 1 0 1 0 1 0 1
0 82f82bb3 0 7 00000000 ffffffff 1 1 0 1 0 1 0 1 0 1
0 3d01e033 0 7 00000000 ffffffff 1 1 0 1 0 1 0 1 0 1
0 fe9027b3 0 7 00000000 ffffffff 1 1 0 1 0 1 0 1 0 1
0 cc5af433 0 7 00000000 ffffffff 1 1 0 1 0 1 0 1 0 1
0 826cb633 0 7 00000000 ffffffff 1 1 0 1 0 1 0 1 0 1
0 45c99e33 0 7 00000000 ffffffff 1 1 0 1 0 1 0 1 0 1
0 7fa1a533 0 7 00000000 ffffffff 1 1 0 1 0 1 0 1 0 1
0 cfa718b3 0 7 00000000 ffffffff 1 1 0 1 0 1 0 1 0 1
0 a15b3533 0 7 00000000 ffffffff 1 1 0 1 0 1 0 1 0 1
0 dc92c233 0 7 00000000 ffffffff 1 1 0 1 0 1 0 1 0 1
0 0ba72333 0 7 00000000 ffffffff 1 1 0 1 0 1 0 1 0 1
0 b73bcb33 0 7 00000000 ffffffff 1 1 0 1 0 1 0 1 0 1
0 21fce433 0 7 00000000 ffffffff 1 1 0 1 0 1 0 1 0 1
0 fa3efb33 0 7 00000000 ffffffff 1 1 0 1 0 1 0 1 0 1
0 dff70f33 0 7 00000000 ffffffff 1 1 0 1 0 1 0 1 0 1
0 19a037b3 0 7 00000000 ffffffff 1 1 0 1 0 1 0 1 0 1
0 9b769a33 0 7 00000000 ffffffff 1 1 0 1 0 1 0 1 0 1
0 27ad85b3 0 7 00000000 ffffffff 1 1 0 1 0 1 0 1 0 1
0 f8b1da33 0 7 00000000 ffffffff 1 1 0 1 0 1 0 1 0 1
0 543acab3 0 7 00000000 ffffffff 1 1 0 1 0 1 0 1 0 1
0 0114c533 0 7 00000000 ffffffff 1 1 0 1 0 1 0 1 0 1
0 80928bb3 0 7 00000000 ffffffff 1 1 0 1 0 1 0 1 0 1
0 85f6b133 0 7 00000000 ffffffff 1 1 0 1 0 1 0 1 0 1
0 ebeaf733 0 7 00000000 ffffffff 1 1 0 1 0 1 0 1 0 1
0 9bd9a433 0 7 00000000 ffffffff 1 1 0 1 0 1 0 1 0 1
0 0627e333 0 7 00000000 ffffffff 1 1 0 1 0 1 0 1 0 1
0 3187d5b3 0 7 00000000 ffffffff 1 1 0 1 0 1 0 1 0 1
0 5ea982b3 0 7 00000000 ffffffff 1 1 0 1 0 1 0 1 0 1
0 97f9d733 0 7 00000000 ffffffff 1 1 0 1 0 1 0 1 0 1
0 c73418b3 0 7 00000000 ffffffff 1 1 0 1 0 1 0 1 0 1
0 aabc9e33 0 7 00000000 ffffffff 1 1 0 1 0 1 0 1 0 1
0 dfaa8eb3 0 7 00000000 ffffffff 1 1 0 1 0 1 0 1 0 1
0 48a71fb3 0 7 00000000 ffffffff 1 1 0 1 0 1 0 1 0 1
0 f8904eb3 0 7 00000000 ffffffff 1 1 0 1 0 1 0 1 0 1
0 fff1dd33 0 7 00000000 ffffffff 1 1 0 1 0 1 0 1 0 1
0 deb6a933 0 7 00000000 ffffffff 1 1 0 1 0 1 0 1 0 1
0 728fceb3 0 7 00000000 ffffffff 1 1 0 1 0 1 0 1 0 1
0 9f326e33 0 7 00000000 ffffffff 1 1 0 1 0 1 0 1 0 1
0 c0c83d33 0 7 00000000 ffffffff 1 1 0 1 0 1 0 1 0 1
0 ff0e8033 0 7 00000000 ffffffff 1 1 0 1 0 1 0 1 0 1
0 07f9c433 0 7 00000000 ffffffff 1 1 0 1 0 1 0 1 0 1
0 4d5934b3 0 7 00000000 ffffffff 1 1 0 1 0 1 0 1 0 1
0 bdf38333 0 7 00000000 ffffffff 1 1 0 1 0 1 0 1 0 1
0 3ec18f33 0 7 00000000 ffffffff 1 1 0 1 0 1 0 1 0 1
0 7d892f33 0 7 00000000 ffffffff 1 1 0 1 0 1 0 1 0 1
0 c658ceb3 0 7 00000000 ffffffff 1 1 0 1 0 1 0 1 0 1
0 4c5b02b3 0 7 00000000 ffffffff 1 1 0 1 0 1 0 1 0 1
0 40686ab3 0 7 00000000 ffffffff 1 1 0 1 0 1 0 1 0 1
0 2f949933 0 7 00000000 ffffffff 1 1 0 1 0 1 0 1 0 1
0 a27cac33 0 7 00000000 ffffffff 1 1 0 1 0 1 0 1 0 1
0 496199b3 0 7 00000000 ffffffff 1 1 0 1 0 1 0 1 0 1
0 b7e870b3 0 7 00000000 ffffffff 1 1 0 1 0 1 0 1 0 1
0 20e87e33 0 7 00000000 ffffffff 1 1 0 1 0 1 0 1 0 1
0 b3fe4bb3 0 7 00000000 ffffffff 1 1 0 1 0 1 0 1 0 1
0 9b6d5533 0 7 00000000 ffffffff 1 1 0 1 0 1 0 1 0 1
0 a0362633 0 7 00000000 ffffffff 1 1 0 1 0 1 0 1 0 1
0 9db7be33 0 7 00000000 ffffffff 1 1 0 1 0 1 0 1 0 1
0 4df1af33 0 7 00000000 ffffffff 1 1 0 1 0 1 0 1 0 1
0 18e4bb33 0 7 00000000 ffffffff 1 1 0 1 0 1 0 1 0 1
0 5ce215b3 0 7 00000000 ffffffff 1 1 0 1 0 1 0 1 0 1
0 40a104b3 0 7 00000000 ffffffff 1 1 0 1 0 1 0 1 0 1
0 ebb7ccb3 0 7 00000000 ffffffff 1 1 0 1 0 1 0 1 0 1
0 bab59333 0 7 00000000 ffffffff 1 1 0 1 0 1 0 1 0 1
0 1b76fab3 0 7 00000000 ffffffff 1 1 0 1 0 1 0 1 0 1
0 b534aeb3 0 7 00000000 ffffffff 1 1 0 1 0 1 0 1 0 1
0 d4f7d8b3 0 7 00000000 ffffffff 1 1 0 1 0 1 0 1 0 1
0 4868af33 0 7 00000000 ffffffff 1 1 0 1 0 1 0 1 0 1
0 80e7ccb3 0 7 00000000 ffffffff 1 1 0 1 0 1 0 1 0 1
0 80448c33 0 7 00000000 ffffffff 1 1 0 1 0 1 0 1 0 1
0 98d8fb33 0 7 00000000 ffffffff 1 1 0 1 0 1 0 1 0 1
0 7b2d59b3 0 7 00000000 ffffffff 1 1 0 1 0 1 0 1 0 1
0 047871b3 0 7 00000000 ffffffff 1 1 0 1 0 1 0 1 0 1
0 e173cf33 0 7 00000000 ffffffff 1 1 0 1 0 1 0 1 0 1
0 d9832633 0 7 00000000 ffffffff 1 1 0 1 0 1 0 1 0 1
0 881e9433 0 7 00000000 ffffffff 1 1 0 1 0 1 0 1 0 1
0 6f550233 0 7 00000000 ffffffff 1 1 0 1 0 1 0 1 0 1
0 c0345cb3 0 7 00000000 ffffffff 1 1 0 1 0 1 0 1 0 1
0 e8d708b3 0 7 00000000 ffffffff 1 1 0 1 0 1 0 1 0 1
0 f1df66b3 0 7 00000000 ffffffff 1 1 0 1 0 1 0 1 0 1
0 4a37c0b3 0 7 00000000 ffffffff 1 1 0 1 0 1 0 1 0 1
0 c8db6833 0 7 00000000 ffffffff 1 1 0 1 0 1 0 1 0 1
0 a41ad333 0 7 00000000 ffffffff 1 1 0 1 0 1 0 1 0 1
0 716a2db3 0 7 00000000 ffffffff 1 1 0 1 0 1 0 1 0 1
0 47ee5db3 0 7 00000000 ffffffff 1 1 0 1 0 1 0 1 0 1
0 45a2aa33 0 7 00000000 ffffffff 1 1 0 1 0 1 0 1 0 1
0 a5c033b3 0 7 00000000 ffffffff 1 1 0 1 0 1 0 1 0 1
0 ca57d533 0 7 00000000 ffffffff 1 1 0 1 0 1 0 1 0 1
0 edb8c5b3 0 7 00000000 ffffffff 1 1 0 1 0 1 0 1 0 1
0 78179e33 0 7 00000000 ffffffff 1 1 0 1 0 1 0 1 0 1
0 e8eddd33 0 7 00000000 ffffffff 1 1 0 1 0 1 0 1 0 1
0 44e188b3 0 7 00000000 ffffffff 1 1 0 1 0 1 0 1 0 1
0 651091b3 0 7 00000000 ffffffff 1 1 0 1 0 1 0 1 0 1
0 0a45c5b3 0 7 00000000 ffffffff 1 1 0 1 0 1 0 1 0 1
0 895345b3 0 7 00000000 ffffffff 1 1 0 1 0 1 0 1 0 1
0 d3d7d333 0 7 00000000 ffffffff 1 1 0 1 0 1 0 1 0 1
0 619ec133 0 7 00000000 ffffffff 1 1 0 1 0 1 0 1 0 1
0 13f6bf33 0 7 00000000 ffffffff 1 1 0 1 0 1 0 1 0 1
0 ff7c8ab3 0 7 00000000 ffffffff 1 1 0 1 0 1 0 1 0 1
0 b7d34733 0 7 00000000 ffffffff 1 1 0 1 0 1 0 1 0 1
0 a4fc2ab3 0 7 00000000 ffffffff 1 1 0 1 0 1 0 1 0 1
0 9376afb3 0 7 00000000 ffffffff 1 1 0 1 0 1 0 1 0 1
0 4716fbb3 0 7 00000000 ffffffff 1 1 0 1 0 1 0 1 0 1
0 bacf5633 0 7 00000000 ffffffff 1 1 0 1 0 1 0 1 0 1
0 a2a450b3 0 7 00000000 ffffffff 1 1 0 1 0 1 0 1 0 1
0 dd72d633 0 7 00000000 ffffffff 1 1 0 1 0 1 0 1 0 1
0 a6b8b8b3 0 7 00000000 ffffffff 1 1 0 1 0 1 0 1 0 1
0 c19c4c33 0 7 00000000 ffffffff 1 1 0 1 0 1 0 1 0 1
0 ae9037b3 0 7 00000000 ffffffff 1 1 0 1 0 1 0 1 0 1
0 74e14bb3 0 7 00000000 ffffffff 1 1 0 1 0 1 0 1 0 1
0 ceecfc33 0 7 00000000 ffffffff 1 1 0 1 0 1 0 1 0 1
0 228fb733 0 7 00000000 ffffffff 1 1 0 1 0 1 0 1 0 1
0 6861c933 0 7 00000000 ffffffff 1 1 0 1 0 1 0 1 0 1
0 a0901e33 0 7 00000000 ffffffff 1 1 0 1 0 1 0 1 0 1
0 f99c5db3 0 7 00000000 ffffffff 1 1 0 1 0 1 0 1 0 1
0 676ec333 0 7 00000000 ffffffff 1 1 0 1 0 1 0 1 0 1
0 82552e33 0 7 00000000 ffffffff 1 1 0 1 0 1 0 1 0 1
0 8616a2b3 0 7 00000000 ffffffff 1 1 0 1 0 1 0 1 0 1
0 a8c78833 0 7 00000000 ffffffff 1 1 0 1 0 1 0 1 0 1
0 523db633 0 7 00000000 ffffffff 1 1 0 1 0 1 0 1 0 1
0 f8a48233 0 7 00000000 ffffffff 1 1 0 1 0 1 0 1 0 1
0 72377733 0 7 00000000 ffffffff 1 1 0 1 0 1 0 1 0 1
0 3d0db733 0 7 00000000 ffffffff 1 1 0 1 0 1 0 1 0 1
0 e4cd76b3 0 7 00000000 ffffffff 1 1 0 1 0 1 0 1 0 1
0 5483eab3 0 7 00000000 ffffffff 1 1 0 1 0 1 0 1 0 1
0 5a9b0833 0 7 00000000 ffffffff 1 1 0 1 0 1 0 1 0 1
0 6d3d1733 0 7 00000000 ffffffff 1 1 0 1 0 1 0 1 0 1
0 d10ddab3 0 7 00000000 ffffffff 1 1 0 1 0 1 0 1 0 1
0 45362db3 0 7 00000000 ffffffff 1 1 0 1 0 1 0 1 0 1
0 25c29933 0 7 00000000 ffffffff 1 1 0 1 0 1 0 1 0 1
0 fa7ee233 0 7 00000000 ffffffff 1 1 0 1 0 1 0 1 0 1
0 4bbb76b3 0 7 00000000 ffffffff 1 1 0 1 0 1 0 1 0 1
0 0a308eb3 0 7 00000000 ffffffff 1 1 0 1 0 1 0 1 0 1
0 fd18b3b3 0 7 00000000 ffffffff 1 1 0 1 0 1 0 1 0 1
0 c031fd33 0 7 00000000 ffffffff 1 1 0 1 0 1 0 1 0 1
0 4b692333 0 7 00000000 ffffffff 1 1 0 1 0 1 0 1 0 1
0 9b491c33 0 7 00000000 ffffffff 1 1 0 1 0 1 0 1 0 1
0 b3295f33 0 7 00000000 ffffffff 1 1 0 1 0 1 0 1 0 1
0 c44977b3 0 7 00000000 ffffffff 1 1 0 1 0 1 0 1 0 1
0 4a3d4c33 0 7 00000000 ffffffff 1 1 0 1 0 1 0 1 0 1
0 dbf0bfb3 0 7 00000000 ffffffff 1 1 0 1 0 1 0 1 0 1
0 39483c33 0 7 00000000 ffffffff 1 1 0 1 0 1 0 1 0 1
0 a715e4b3 0 7 00000000 ffffffff 1 1 0 1 0 1 0 1 0 1
0 3abe8b33 0 7 00000000 ffffffff 1 1 0 1 0 1 0 1 0 1
0 4dee2933 0 7 00000000 ffffffff 1 1 0 1 0 1 0 1 0 1
0 7a7a51b3 0 7 00000000 ffffffff 1 1 0 1 0 1 0 1 0 1
0 ea3bb533 0 7 00000000 ffffffff 1 1 0 1 0 1 0 1 0 1
0 869af1b3 0 7 00000000 ffffffff 1 1 0 1 0 1 0 1 0 1
0 b0239833 0 7 00000000 ffffffff 1 1 0 1 0 1 0 1 0 1
0 94f738b3 0 7 00000000 ffffffff 1 1 0 1 0 1 0 1 0 1
0 bb139233 0 7 00000000 ffffffff 1 1 0 1 0 1 0 1 0 1
0 24835633 0 7 00000000 ffffffff 1 1 0 1 0 1 0 1 0 1
0 ff7bb9b3 0 7 00000000 ffffffff 1 1 0 1 0 1 0 1 0 1
0 ff774d33 0 7 00000000 ffffffff 1 1 0 1 0 1 0 1 0 1
0 8df5a033 0 7 00000000 ffffffff 1 1 0 1 0 1 0 1 0 1
0 f063f733 0 7 00000000 ffffffff 1 1 0 1 0 1 0 1 0 1
0 e0ac8833 0 7 00000000 ffffffff 1 1 0 1 0 1 0 1 0 1
0 febafb33 0 7 00000000 ffffffff 1 1 0 1 0 1 0 1 0 1
0 c99eba33 0 7 00000000 ffffffff 1 1 0 1 0 1 0 1 0 1
0 5841f633 0 7 00000000 ffffffff 1 1 0 1 0 1 0 1 0 1
0 287c95b3 0 7 00000000 ffffffff 1 1 0 1 0 1 0 1 0 1
0 5b68d7b3 0 7 00000000 ffffffff 1 1 0 1 0 1 0 1 0 1
0 57517d33 0 7 00000000 ffffffff 1 1 0 1 0 1 0 1 0 1
0 3da29833 0 7 00000000 ffffffff 1 1 0 1 0 1 0 1 0 1
0 a7754433 0 7 00000000 ffffffff 1 1 0 1 0 1 0 1 0 1
0 6a566633 0 7 00000000 ffffffff 1 1 0 1 0 1 0 1 0 1
0 d1acefb3 0 7 00000000 ffffffff 1 1 0 1 0 1 0 1 0 1
0 2d802e33 0 7 00000000 ffffffff 1 1 0 1 0 1 0 1 0 1
0 8f4f7033 0 7 00000000 ffffffff 1 1 0 1 0 1 0 1 0 1
0 58a8b733 0 7 00000000 ffffffff 1 1 0 1 0 1 0 1 0 1
0 002180b3 0 7 00000000 ffffffff 1 1 0 1 0 1 0 1 0 1
0 7cf2ec33 0 7 00000000 ffffffff 1 1 0 1 0 1 0 1 0 1
0 b1eda0b3 0 7 00000000 ffffffff 1 1 0 1 0 1 0 1 0 1
0 17da9333 0 7 00000000 ffffffff 1 1 0 1 0 1 0 1 0 1
0 b80b3ab3 0 7 00000000 ffffffff 1 1 0 1 0 1 0 1 0 1
0 e8257b33 0 7 00000000 ffffffff 1 1 0 1 0 1 0 1 0 1
0 a9d294b3 0 7 00000000 ffffffff 1 1 0 1 0 1 0 1 0 1
0 9efc15b3 0 7 00000000 ffffffff 1 1 0 1 0 1 0 1 0 1
0 9b9e4bb3 0 7 00000000 ffffffff 1 1 0 1 0 1 0 1 0 1
0 5797cd33 0 7 00000000 ffffffff 1 1 0 1 0 1 0 1 0 1
0 eaefa433 0 7 00000000 ffffffff 1 1 0 1 0 1 0 1 0 1
0 54611433 0 7 00000000 ffffffff 1 1 0 1 0 1 0 1 0 1
0 56bc60b3 0 7 00000000 ffffffff 1 1 0 1 0 1 0 1 0 1
0 04cb28b3 0 7 00000000 ffffffff 1 1 0 1 0 1 0 1 0 1
0 2cbe5b33 0 7 00000000 ffffffff 1 1 0 1 0 1 0 1 0 1
0 09938ab3 0 7 00000000 ffffffff 1 1 0 1 0 1 0 1 0 1
0 b9d181b3 0 7 00000000 ffffffff 1 1 0 1 0 1 0 1 0 1
0 08dd15b3 0 7 00000000 ffffffff 1 1 0 1 0 1 0 1 0 1
0 b2d89833 0 7 00000000 ffffffff 1 1 0 1 0 1 0 1 0 1
0 520bab33 0 7 00000000 ffffffff 1 1 0 1 0 1 0 1 0 1
0 6cbffb33 0 7 00000000 ffffffff 1 1 0 1 0 1 0 1 0 1
0 ec7324b3 0 7 00000000 ffffffff 1 1 0 1 0 1 0 1 0 1
0 c80beeb3 0 7 00000000 ffffffff 1 1 0 1 0 1 0 1 0 1
0 16d17933 0 7 00000000 ffffffff 1 1 0 1 0 1 0 1 0 1
0 4cce4db3 0 7 00000000 ffffffff 1 1 0 1 0 1 0 1 0 1
0 85272633 0 7 00000000 ffffffff 1 1 0 1 0 1 0 1 0 1
0 0c9a7b33 0 7 00000000 ffffffff 1 1 0 1 0 1 0 1 0 1
0 dd1a1633 0 7 00000000 ffffffff 1 1 0 1 0 1 0 1 0 1
0 e916bab3 0 7 00000000 ffffffff 1 1 0 1 0 1 0 1 0 1
0 14b0fab3 0 7 00000000 ffffffff 1 1 0 1 0 1 0 1 0 1
0 306c3eb3 0 7 00000000 ffffffff 1 1 0 1 0 1 0 1 0 1
0 28a1f9b3 0 7 00000000 ffffffff 1 1 0 1 0 1 0 1 0 1
0 b5ac5b33 0 7 00000000 ffffffff 1 1 0 1 0 1 0 1 0 1
0 ab7b0fb3 0 7 00000000 ffffffff 1 1 0 1 0 1 0 1 0 1
0 6c37cdb3 0 7 00000000 ffffffff 1 1 0 1 0 1 0 1 0 1
0 278c7f33 0 7 00000000 ffffffff 1 1 0 1 0 1 0 1 0 1
0 cd227733 0 7 00000000 ffffffff 1 1 0 1 0 1 0 1 0 1
1 fff00093 1 7 ffffffff ffffffff 1 1 0 1 0 1 0 1 0 1
1 00a12083 1 7 0000000a ffffffff 1 1 1 1 0 1 0 1 0 1
1 000080e7 1 7 00000000 ffffffff 1 1 0 1 0 1 0 1 1 1
1 0347f5e7 1 7 00000034 ffffffff 1 1 0 1 0 1 0 1 1 1
1 7100fa03 1 7 00000710 ffffffff 1 1 1 1 0 1 0 1 0 1
1 92741213 1 7 fffff927 ffffffff 1 1 0 1 0 1 0 1 0 1
1 abb00093 1 7 fffffabb ffffffff 1 1 0 1 0 1 0 1 0 1
1 74d85683 1 7 0000074d ffffffff 1 1 1 1 0 1 0 1 0 1
1 460acee7 1 7 00000460 ffffffff 1 1 0 1 0 1 0 1 1 1
1 41d748e7 1 7 0000041d ffffffff 1 1 0 1 0 1 0 1 1 1
1 92b97a93 1 7 fffff92b ffffffff 1 1 0 1 0 1 0 1 0 1
1 f04c5893 1 7 ffffff04 ffffffff 1 1 0 1 0 1 0 1 0 1
1 a46be893 1 7 fffffa46 ffffffff 1 1 0 1 0 1 0 1 0 1
1 199281e7 1 7 00000199 ffffffff 1 1 0 1 0 1 0 1 1 1
1 63a66fe7 1 7 0000063a ffffffff 1 1 0 1 0 1 0 1 1 1
1 23a098e7 1 7 0000023a ffffffff 1 1 0 1 0 1 0 1 1 1
1 1285c013 1 7 00000128 ffffffff 1 1 0 1 0 1 0 1 0 1
1 96685be7 1 7 fffff966 ffffffff 1 1 0 1 0 1 0 1 1 1
1 70eea513 1 7 0000070e ffffffff 1 1 0 1 0 1 0 1 0 1
1 53dc0583 1 7 0000053d ffffffff 1 1 1 1 0 1 0 1 0 1
1 abf8b693 1 7 fffffabf ffffffff 1 1 0 1 0 1 0 1 0 1
1 8b11e693 1 7 fffff8b1 ffffffff 1 1 0 1 0 1 0 1 0 1
1 00426613 1 7 00000004 ffffffff 1 1 0 1 0 1 0 1 0 1
1 938ff9e7 1 7 fffff938 ffffffff 1 1 0 1 0 1 0 1 1 1
1 0b600393 1 7 000000b6 ffffffff 1 1 0 1 0 1 0 1 0 1
1 47232e67 1 7 00000472 ffffffff 1 1 0 1 0 1 0 1 1 1
1 5edcb167 1 7 000005ed ffffffff 1 1 0 1 0 1 0 1 1 1
1 ec454e93 1 7 fffffec4 ffffffff 1 1 0 1 0 1 0 1 0 1
1 5935c703 1 7 00000593 ffffffff 1 1 1 1 0 1 0 1 0 1
1 1e9781e7 1 7 000001e9 ffffffff 1 1 0 1 0 1 0 1 1 1
1 2a50be13 1 7 000002a5 ffffffff 1 1 0 1 0 1 0 1 0 1
1 ead60c67 1 7 fffffead ffffffff 1 1 0 1 0 1 0 1 1 1
1 1ce55d13 1 7 000001ce ffffffff 1 1 0 1 0 1 0 1 0 1
1 7ff80c93 1 7 000007ff ffffffff 1 1 0 1 0 1 0 1 0 1
1 6d14d313 1 7 000006d1 ffffffff 1 1 0 1 0 1 0 1 0 1
1 266e5de7 1 7 00000266 ffffffff 1 1 0 1 0 1 0 1 1 1
1 acda8067 1 7 fffffacd ffffffff 1 1 0 1 0 1 0 1 1 1
1 b000c003 1 7 fffffb00 ffffffff 1 1 1 1 0 1 0 1 0 1
1 a6575803 1 7 fffffa65 ffffffff 1 1 1 1 0 1 0 1 0 1
1 75538f83 1 7 00000755 ffffffff 1 1 1 1 0 1 0 1 0 1
1 dc61f603 1 7 fffffdc6 ffffffff 1 1 1 1 0 1 0 1 0 1
1 7643ca93 1 7 00000764 ffffffff 1 1 0 1 0 1 0 1 0 1
1 71cccb83 1 7 0000071c ffffffff 1 1 1 1 0 1 0 1 0 1
1 0bb55e83 1 7 000000bb ffffffff 1 1 1 1 0 1 0 1 0 1
1 69610f67 1 7 00000696 ffffffff 1 1 0 1 0 1 0 1 1 1
1 a2f67693 1 7 fffffa2f ffffffff 1 1 0 1 0 1 0 1 0 1
1 3be06003 1 7 000003be ffffffff 1 1 1 1 0 1 0 1 0 1
1 7e234b03 1 7 000007e2 ffffffff 1 1 1 1 0 1 0 1 0 1
1 fce51267 1 7 ffffffce ffffffff 1 1 0 1 0 1 0 1 1 1
1 cc60bc67 1 7 fffffcc6 ffffffff 1 1 0 1 0 1 0 1 1 1
1 ba844be7 1 7 fffffba8 ffffffff 1 1 0 1 0 1 0 1 1 1
1 06fc6b03 1 7 0000006f ffffffff 1 1 1 1 0 1 0 1 0 1
1 15fef213 1 7 0000015f ffffffff 1 1 0 1 0 1 0 1 0 1
1 7ae81083 1 7 000007ae ffffffff 1 1 1 1 0 1 0 1 0 1
1 ef517183 1 7 fffffef5 ffffffff 1 1 1 1 0 1 0 1 0 1
1 1792ff83 1 7 00000179 ffffffff 1 1 1 1 0 1 0 1 0 1
1 5f251d83 1 7 000005f2 ffffffff 1 1 1 1 0 1 0 1 0 1
1 cfe4c913 1 7 fffffcfe ffffffff 1 1 0 1 0 1 0 1 0 1
1 14d2ba83 1 7 0000014d ffffffff 1 1 1 1 0 1 0 1 0 1
1 9b767fe7 1 7 fffff9b7 ffffffff 1 1 0 1 0 1 0 1 1 1
1 8f6cf803 1 7 fffff8f6 ffffffff 1 1 1 1 0 1 0 1 0 1
1 465f27e7 1 7 00000465 ffffffff 1 1 0 1 0 1 0 1 1 1
1 18234d03 1 7 00000182 ffffffff 1 1 1 1 0 1 0 1 0 1
1 19d40c83 1 7 0000019d ffffffff 1 1 1 1 0 1 0 1 0 1
1 cd502ae7 1 7 fffffcd5 ffffffff 1 1 0 1 0 1 0 1 1 1
1 97bd2493 1 7 fffff97b ffffffff 1 1 0 1 0 1 0 1 0 1
1 27592413 1 7 00000275 ffffffff 1 1 0 1 0 1 0 1 0 1
1 4c0ce467 1 7 000004c0 ffffffff 1 1 0 1 0 1 0 1 1 1
1 6c85fe83 1 7 000006c8 ffffffff 1 1 1 1 0 1 0 1 0 1
1 1087cd67 1 7 00000108 ffffffff 1 1 0 1 0 1 0 1 1 1
1 ede5cc13 1 7 fffffede ffffffff 1 1 0 1 0 1 0 1 0 1
1 47079d93 1 7 00000470 ffffffff 1 1 0 1 0 1 0 1 0 1
1 ef9b5a13 1 7 fffffef9 ffffffff 1 1 0 1 0 1 0 1 0 1
1 98b71403 1 7 fffff98b ffffffff 1 1 1 1 0 1 0 1 0 1
1 68477f13 1 7 00000684 ffffffff 1 1 0 1 0 1 0 1 0 1
1 baafe013 1 7 fffffbaa ffffffff 1 1 0 1 0 1 0 1 0 1
1 8a5dec83 1 7 fffff8a5 ffffffff 1 1 1 1 0 1 0 1 0 1
1 81a0ff83 1 7 fffff81a ffffffff 1 1 1 1 0 1 0 1 0 1
1 3bf85083 1 7 000003bf ffffffff 1 1 1 1 0 1 0 1 0 1
1 e6684313 1 7 fffffe66 ffffffff 1 1 0 1 0 1 0 1 0 1
1 0e8edbe7 1 7 000000e8 ffffffff 1 1 0 1 0 1 0 1 1 1
1 98ae64e7 1 7 fffff98a ffffffff 1 1 0 1 0 1 0 1 1 1
1 dc3f7367 1 7 fffffdc3 ffffffff 1 1 0 1 0 1 0 1 1 1
1 f4496ae7 1 7 ffffff44 ffffffff 1 1 0 1 0 1 0 1 1 1
1 430f0867 1 7 00000430 ffffffff 1 1 0 1 0 1 0 1 1 1
1 f9821067 1 7 ffffff98 ffffffff 1 1 0 1 0 1 0 1 1 1
1 46afe993 1 7 0000046a ffffffff 1 1 0 1 0 1 0 1 0 1
1 934c4013 1 7 fffff934 ffffffff 1 1 0 1 0 1 0 1 0 1
1 4425c513 1 7 00000442 ffffffff 1 1 0 1 0 1 0 1 0 1
1 89fe3be7 1 7 fffff89f ffffffff 1 1 0 1 0 1 0 1 1 1
1 9e146f03 1 7 fffff9e1 ffffffff 1 1 1 1 0 1 0 1 0 1
1 79e3e113 1 7 0000079e ffffffff 1 1 0 1 0 1 0 1 0 1
1 5c77d683 1 7 000005c7 ffffffff 1 1 1 1 0 1 0 1 0 1
1 108fbc83 1 7 00000108 ffffffff 1 1 1 1 0 1 0 1 0 1
1 71a81c67 1 7 0000071a ffffffff 1 1 0 1 0 1 0 1 1 1
1 c6fd7e03 1 7 fffffc6f ffffffff 1 1 1 1 0 1 0 1 0 1
1 daf884e7 1 7 fffffdaf ffffffff 1 1 0 1 0 1 0 1 1 1
1 d72e0603 1 7 fffffd72 ffffffff 1 1 1 1 0 1 0 1 0 1
1 7b6deae7 1 7 000007b6 ffffffff 1 1 0 1 0 1 0 1 1 1
1 e1d24703 1 7 fffffe1d ffffffff 1 1 1 1 0 1 0 1 0 1
1 acaa1b93 1 7 fffffaca ffffffff 1 1 0 1 0 1 0 1 0 1
1 1e402167 1 7 000001e4 ffffffff 1 1 0 1 0 1 0 1 1 1
1 aa10e803 1 7 fffffaa1 ffffffff 1 1 1 1 0 1 0 1 0 1
1 2f1bd513 1 7 000002f1 ffffffff 1 1 0 1 0 1 0 1 0 1
1 3e1e9e93 1 7 000003e1 ffffffff 1 1 0 1 0 1 0 1 0 1
1 95df0a67 1 7 fffff95d ffffffff 1 1 0 1 0 1 0 1 1 1
1 d9c96c13 1 7 fffffd9c ffffffff 1 1 0 1 0 1 0 1 0 1
1 92094493 1 7 fffff920 ffffffff 1 1 0 1 0 1 0 1 0 1
1 99056f03 1 7 fffff990 ffffffff 1 1 1 1 0 1 0 1 0 1
1 0198aa93 1 7 00000019 ffffffff 1 1 0 1 0 1 0 1 0 1
1 bf201be7 1 7 fffffbf2 ffffffff 1 1 0 1 0 1 0 1 1 1
1 513966e7 1 7 00000513 ffffffff 1 1 0 1 0 1 0 1 1 1
1 9b334a93 1 7 fffff9b3 ffffffff 1 1 0 1 0 1 0 1 0 1
1 253ec183 1 7 00000253 ffffffff 1 1 1 1 0 1 0 1 0 1
1 52d12767 1 7 0000052d ffffffff 1 1 0 1 0 1 0 1 1 1
1 09998183 1 7 00000099 ffffffff 1 1 1 1 0 1 0 1 0 1
1 344a6ce7 1 7 00000344 ffffffff 1 1 0 1 0 1 0 1 1 1
1 e92ad3e7 1 7 fffffe92 ffffffff 1 1 0 1 0 1 0 1 1 1
1 30aa4383 1 7 0000030a ffffffff 1 1 1 1 0 1 0 1 0 1
1 c74ab383 1 7 fffffc74 ffffffff 1 1 1 1 0 1 0 1 0 1
1 fcabc883 1 7 ffffffca ffffffff 1 1 1 1 0 1 0 1 0 1
1 00145693 1 7 00000001 ffffffff 1 1 0 1 0 1 0 1 0 1
1 d2b77c93 1 7 fffffd2b ffffffff 1 1 0 1 0 1 0 1 0 1
1 47e62303 1 7 0000047e ffffffff 1 1 1 1 0 1 0 1 0 1
1 bbb30ee7 1 7 fffffbbb ffffffff 1 1 0 1 0 1 0 1 1 1
1 e8e0ee13 1 7 fffffe8e ffffffff 1 1 0 1 0 1 0 1 0 1
1 5e772493 1 7 000005e7 ffffffff 1 1 0 1 0 1 0 1 0 1
1 bde30f13 1 7 fffffbde ffffffff 1 1 0 1 0 1 0 1 0 1
1 2423ab67 1 7 00000242 ffffffff 1 1 0 1 0 1 0 1 1 1
1 c9fd1c83 1 7 fffffc9f ffffffff 1 1 1 1 0 1 0 1 0 1
1 57dff193 1 7 0000057d ffffffff 1 1 0 1 0 1 0 1 0 1
1 88810703 1 7 fffff888 ffffffff 1 1 1 1 0 1 0 1 0 1
1 9ce30513 1 7 fffff9ce ffffffff 1 1 0 1 0 1 0 1 0 1
1 611b0d93 1 7 00000611 ffffffff 1 1 0 1 0 1 0 1 0 1
1 3dc78283 1 7 000003dc ffffffff 1 1 1 1 0 1 0 1 0 1
1 f67337e7 1 7 ffffff67 ffffffff 1 1 0 1 0 1 0 1 1 1
1 70e5a913 1 7 0000070e ffffffff 1 1 0 1 0 1 0 1 0 1
1 10c5dd93 1 7 0000010c ffffffff 1 1 0 1 0 1 0 1 0 1
1 86d8af67 1 7 fffff86d ffffffff 1 1 0 1 0 1 0 1 1 1
1 09c47d93 1 7 0000009c ffffffff 1 1 0 1 0 1 0 1 0 1
1 21911c03 1 7 00000219 ffffffff 1 1 1 1 0 1 0 1 0 1
1 6bc8f903 1 7 000006bc ffffffff 1 1 1 1 0 1 0 1 0 1
1 c07fd293 1 7 fffffc07 ffffffff 1 1 0 1 0 1 0 1 0 1
1 186be983 1 7 00000186 ffffffff 1 1 1 1 0 1 0 1 0 1
1 9c3bb603 1 7 fffff9c3 ffffffff 1 1 1 1 0 1 0 1 0 1
1 b5319513 1 7 fffffb53 ffffffff 1 1 0 1 0 1 0 1 0 1
1 bd0802e7 1 7 fffffbd0 ffffffff 1 1 0 1 0 1 0 1 1 1
1 8fbceb67 1 7 fffff8fb ffffffff 1 1 0 1 0 1 0 1 1 1
1 2a163003 1 7 000002a1 ffffffff 1 1 1 1 0 1 0 1 0 1
1 e26875e7 1 7 fffffe26 ffffffff 1 1 0 1 0 1 0 1 1 1
1 92ee1c93 1 7 fffff92e ffffffff 1 1 0 1 0 1 0 1 0 1
1 2b324903 1 7 000002b3 ffffffff 1 1 1 1 0 1 0 1 0 1
1 24027f03 1 7 00000240 ffffffff 1 1 1 1 0 1 0 1 0 1
1 289fc383 1 7 00000289 ffffffff 1 1 1 1 0 1 0 1 0 1
1 f5767c93 1 7 ffffff57 ffffffff 1 1 0 1 0 1 0 1 0 1
1 a27e5183 1 7 fffffa27 ffffffff 1 1 1 1 0 1 0 1 0 1
1 357ff903 1 7 00000357 ffffffff 1 1 1 1 0 1 0 1 0 1
1 ce10bc93 1 7 fffffce1 ffffffff 1 1 0 1 0 1 0 1 0 1
1 a7d77803 1 7 fffffa7d ffffffff 1 1 1 1 0 1 0 1 0 1
1 4988b467 1 7 00000498 ffffffff 1 1 0 1 0 1 0 1 1 1
1 7efb2e03 1 7 000007ef ffffffff 1 1 1 1 0 1 0 1 0 1
1 54319a03 1 7 00000543 ffffffff 1 1 1 1 0 1 0 1 0 1
1 36114867 1 7 00000361 ffffffff 1 1 0 1 0 1 0 1 1 1
1 32c7e8e7 1 7 0000032c ffffffff 1 1 0 1 0 1 0 1 1 1
1 069a4b83 1 7 00000069 ffffffff 1 1 1 1 0 1 0 1 0 1
1 92ba1c03 1 7 fffff92b ffffffff 1 1 1 1 0 1 0 1 0 1
1 acf92713 1 7 fffffacf ffffffff 1 1 0 1 0 1 0 1 0 1
1 a9ce2403 1 7 fffffa9c ffffffff 1 1 1 1 0 1 0 1 0 1
1 18e0f893 1 7 0000018e ffffffff 1 1 0 1 0 1 0 1 0 1
1 1effec67 1 7 000001ef ffffffff 1 1 0 1 0 1 0 1 1 1
1 0e553fe7 1 7 000000e5 ffffffff 1 1 0 1 0 1 0 1 1 1
1 6410b067 1 7 00000641 ffffffff 1 1 0 1 0 1 0 1 1 1
1 52fc09e7 1 7 0000052f ffffffff 1 1 0 1 0 1 0 1 1 1
1 f1b86567 1 7 ffffff1b ffffffff 1 1 0 1 0 1 0 1 1 1
1 48a3ed03 1 7 0000048a ffffffff 1 1 1 1 0 1 0 1 0 1
1 2e780c03 1 7 000002e7 ffffffff 1 1 1 1 0 1 0 1 0 1
1 c7e4ec93 1 7 fffffc7e ffffffff 1 1 0 1 0 1 0 1 0 1
1 b97bb283 1 7 fffffb97 ffffffff 1 1 1 1 0 1 0 1 0 1
1 65c81383 1 7 0000065c ffffffff 1 1 1 1 0 1 0 1 0 1
1 2b671167 1 7 000002b6 ffffffff 1 1 0 1 0 1 0 1 1 1
1 4d3c8b67 1 7 000004d3 ffffffff 1 1 0 1 0 1 0 1 1 1
1 ddbac967 1 7 fffffddb ffffffff 1 1 0 1 0 1 0 1 1 1
1 62ed1093 1 7 0000062e ffffffff 1 1 0 1 0 1 0 1 0 1
1 579ca667 1 7 00000579 ffffffff 1 1 0 1 0 1 0 1 1 1
1 3767a803 1 7 00000376 ffffffff 1 1 1 1 0 1 0 1 0 1
1 4d9dbf83 1 7 000004d9 ffffffff 1 1 1 1 0 1 0 1 0 1
1 54554567 1 7 00000545 ffffffff 1 1 0 1 0 1 0 1 1 1
1 22bb8493 1 7 0000022b ffffffff 1 1 0 1 0 1 0 1 0 1
1 b2194ce7 1 7 fffffb21 ffffffff 1 1 0 1 0 1 0 1 1 1
1 e69eb083 1 7 fffffe69 ffffffff 1 1 1 1 0 1 0 1 0 1
1 9ca66683 1 7 fffff9ca ffffffff 1 1 1 1 0 1 0 1 0 1
1 ce818593 1 7 fffffce8 ffffffff 1 1 0 1 0 1 0 1 0 1
1 8307a1e7 1 7 fffff830 ffffffff 1 1 0 1 0 1 0 1 1 1
1 1a0da013 1 7 000001a0 ffffffff 1 1 0 1 0 1 0 1 0 1
1 f04b8013 1 7 ffffff04 ffffffff 1 1 0 1 0 1 0 1 0 1
1 284a79e7 1 7 00000284 ffffffff 1 1 0 1 0 1 0 1 1 1
1 07ebfae7 1 7 0000007e ffffffff 1 1 0 1 0 1 0 1 1 1
1 11d73b83 1 7 0000011d ffffffff 1 1 1 1 0 1 0 1 0 1
1 ff79d193 1 7 fffffff7 ffffffff 1 1 0 1 0 1 0 1 0 1
1 f3f03903 1 7 ffffff3f ffffffff 1 1 1 1 0 1 0 1 0 1
1 d567dc67 1 7 fffffd56 ffffffff 1 1 0 1 0 1 0 1 1 1
1 5e752583 1 7 000005e7 ffffffff 1 1 1 1 0 1 0 1 0 1
1 85893a93 1 7 fffff858 ffffffff 1 1 0 1 0 1 0 1 0 1
1 076364e7 1 7 00000076 ffffffff 1 1 0 1 0 1 0 1 1 1
1 432ecb93 1 7 00000432 ffffffff 1 1 0 1 0 1 0 1 0 1
1 3da3f903 1 7 000003da ffffffff 1 1 1 1 0 1 0 1 0 1
1 48300c67 1 7 00000483 ffffffff 1 1 0 1 0 1 0 1 1 1
1 f351f783 1 7 ffffff35 ffffffff 1 1 1 1 0 1 0 1 0 1
1 86c22113 1 7 fffff86c ffffffff 1 1 0 1 0 1 0 1 0 1
1 c210de13 1 7 fffffc21 ffffffff 1 1 0 1 0 1 0 1 0 1
1 a4014093 1 7 fffffa40 ffffffff 1 1 0 1 0 1 0 1 0 1
1 f840e583 1 7 ffffff84 ffffffff 1 1 1 1 0 1 0 1 0 1
1 d6c40803 1 7 fffffd6c ffffffff 1 1 1 1 0 1 0 1 0 1
1 62d30793 1 7 0000062d ffffffff 1 1 0 1 0 1 0 1 0 1
1 6b71f813 1 7 000006b7 ffffffff 1 1 0 1 0 1 0 1 0 1
1 8fc0ac03 1 7 fffff8fc ffffffff 1 1 1 1 0 1 0 1 0 1
1 ab2656e7 1 7 fffffab2 ffffffff 1 1 0 1 0 1 0 1 1 1
1 09816ce7 1 7 00000098 ffffffff 1 1 0 1 0 1 0 1 1 1
1 3ed2dd03 1 7 000003ed ffffffff 1 1 1 1 0 1 0 1 0 1
1 3b9f9583 1 7 000003b9 ffffffff 1 1 1 1 0 1 0 1 0 1
1 951ed5e7 1 7 fffff951 ffffffff 1 1 0 1 0 1 0 1 1 1
1 35e3ff03 1 7 0000035e ffffffff 1 1 1 1 0 1 0 1 0 1
1 3a17ff13 1 7 000003a1 ffffffff 1 1 0 1 0 1 0 1 0 1
1 896d4993 1 7 fffff896 ffffffff 1 1 0 1 0 1 0 1 0 1
1 9ea97793 1 7 fffff9ea ffffffff 1 1 0 1 0 1 0 1 0 1
1 88a8ec13 1 7 fffff88a ffffffff 1 1 0 1 0 1 0 1 0 1
1 00239a83 1 7 00000002 ffffffff 1 1 1 1 0 1 0 1 0 1
1 97a8f403 1 7 fffff97a ffffffff 1 1 1 1 0 1 0 1 0 1
1 dac8b993 1 7 fffffdac ffffffff 1 1 0 1 0 1 0 1 0 1
1 a1209693 1 7 fffffa12 ffffffff 1 1 0 1 0 1 0 1 0 1
1 9a7cb793 1 7 fffff9a7 ffffffff 1 1 0 1 0 1 0 1 0 1
1 d9127d83 1 7 fffffd91 ffffffff 1 1 1 1 0 1 0 1 0 1
1 fc651613 1 7 ffffffc6 ffffffff 1 1 0 1 0 1 0 1 0 1
1 2a45f093 1 7 000002a4 ffffffff 1 1 0 1 0 1 0 1 0 1
1 3abd1d93 1 7 000003ab ffffffff 1 1 0 1 0 1 0 1 0 1
1 eb08de93 1 7 fffffeb0 ffffffff 1 1 0 1 0 1 0 1 0 1
1 5d661967 1 7 000005d6 ffffffff 1 1 0 1 0 1 0 1 1 1
1 76e57b93 1 7 0000076e ffffffff 1 1 0 1 0 1 0 1 0 1
1 d55cac67 1 7 fffffd55 ffffffff 1 1 0 1 0 1 0 1 1 1
1 a319b583 1 7 fffffa31 ffffffff 1 1 1 1 0 1 0 1 0 1
1 70ad2593 1 7 0000070a ffffffff 1 1 0 1 0 1 0 1 0 1
1 29bfe913 1 7 0000029b ffffffff 1 1 0 1 0 1 0 1 0 1
1 51498613 1 7 00000514 ffffffff 1 1 0 1 0 1 0 1 0 1
1 ea472103 1 7 fffffea4 ffffffff 1 1 1 1 0 1 0 1 0 1
1 01e99803 1 7 0000001e ffffffff 1 1 1 1 0 1 0 1 0 1
1 1f6bac83 1 7 000001f6 ffffffff 1 1 1 1 0 1 0 1 0 1
1 d7f7a703 1 7 fffffd7f ffffffff 1 1 1 1 0 1 0 1 0 1
1 5ef90de7 1 7 000005ef ffffffff 1 1 0 1 0 1 0 1 1 1
1 334e6667 1 7 00000334 ffffffff 1 1 0 1 0 1 0 1 1 1
1 d291f083 1 7 fffffd29 ffffffff 1 1 1 1 0 1 0 1 0 1
1 38bc4203 1 7 0000038b ffffffff 1 1 1 1 0 1 0 1 0 1
1 fd763313 1 7 ffffffd7 ffffffff 1 1 0 1 0 1 0 1 0 1
1 545ec103 1 7 00000545 ffffffff 1 1 1 1 0 1 0 1 0 1
1 8b975667 1 7 fffff8b9 ffffffff 1 1 0 1 0 1 0 1 1 1
1 e9dfb183 1 7 fffffe9d ffffffff 1 1 1 1 0 1 0 1 0 1
1 d490a803 1 7 fffffd49 ffffffff 1 1 1 1 0 1 0 1 0 1
1 edb4abe7 1 7 fffffedb ffffffff 1 1 0 1 0 1 0 1 1 1
1 4e8b5413 1 7 000004e8 ffffffff 1 1 0 1 0 1 0 1 0 1
1 c37fe567 1 7 fffffc37 ffffffff 1 1 0 1 0 1 0 1 1 1
1 26233d67 1 7 00000262 ffffffff 1 1 0 1 0 1 0 1 1 1
1 a6364393 1 7 fffffa63 ffffffff 1 1 0 1 0 1 0 1 0 1
1 70443a13 1 7 00000704 ffffffff 1 1 0 1 0 1 0 1 0 1
1 ab8f5083 1 7 fffffab8 ffffffff 1 1 1 1 0 1 0 1 0 1
1 0ff28513 1 7 000000ff ffffffff 1 1 0 1 0 1 0 1 0 1
1 001a6793 1 7 00000001 ffffffff 1 1 0 1 0 1 0 1 0 1
1 6e240613 1 7 000006e2 ffffffff 1 1 0 1 0 1 0 1 0 1
1 f1bd1b93 1 7 ffffff1b ffffffff 1 1 0 1 0 1 0 1 0 1
1 14a42d03 1 7 0000014a ffffffff 1 1 1 1 0 1 0 1 0 1
1 ba988413 1 7 fffffba9 ffffffff 1 1 0 1 0 1 0 1 0 1
1 368d4967 1 7 00000368 ffffffff 1 1 0 1 0 1 0 1 1 1
1 6ce19383 1 7 000006ce ffffffff 1 1 1 1 0 1 0 1 0 1
1 631a2503 1 7 00000631 ffffffff 1 1 1 1 0 1 0 1 0 1
1 9db89083 1 7 fffff9db ffffffff 1 1 1 1 0 1 0 1 0 1
1 8d7ea083 1 7 fffff8d7 ffffffff 1 1 1 1 0 1 0 1 0 1
1 9f45ba13 1 7 fffff9f4 ffffffff 1 1 0 1 0 1 0 1 0 1
1 f2c13593 1 7 ffffff2c ffffffff 1 1 0 1 0 1 0 1 0 1
1 0a2df967 1 7 000000a2 ffffffff 1 1 0 1 0 1 0 1 1 1
1 aa5a0713 1 7 fffffaa5 ffffffff 1 1 0 1 0 1 0 1 0 1
1 474fbbe7 1 7 00000474 ffffffff 1 1 0 1 0 1 0 1 1 1
1 3d8aaee7 1 7 000003d8 ffffffff 1 1 0 1 0 1 0 1 1 1
1 7077fb93 1 7 00000707 ffffffff 1 1 0 1 0 1 0 1 0 1
1 42697583 1 7 00000426 ffffffff 1 1 1 1 0 1 0 1 0 1
1 5e174c93 1 7 000005e1 ffffffff 1 1 0 1 0 1 0 1 0 1
1 2832a593 1 7 00000283 ffffffff 1 1 0 1 0 1 0 1 0 1
1 eb58d467 1 7 fffffeb5 ffffffff 1 1 0 1 0 1 0 1 1 1
1 b01fda13 1 7 fffffb01 ffffffff 1 1 0 1 0 1 0 1 0 1
1 12f86b83 1 7 0000012f ffffffff 1 1 1 1 0 1 0 1 0 1
1 5dbf5267 1 7 000005db ffffffff 1 1 0 1 0 1 0 1 1 1
1 bec6e313 1 7 fffffbec ffffffff 1 1 0 1 0 1 0 1 0 1
1 c5d5d6e7 1 7 fffffc5d ffffffff 1 1 0 1 0 1 0 1 1 1
1 87abd5e7 1 7 fffff87a ffffffff 1 1 0 1 0 1 0 1 1 1
1 3253b1e7 1 7 00000325 ffffffff 1 1 0 1 0 1 0 1 1 1
1 15e50293 1 7 0000015e ffffffff 1 1 0 1 0 1 0 1 0 1
1 46357093 1 7 00000463 ffffffff 1 1 0 1 0 1 0 1 0 1
1 227f1013 1 7 00000227 ffffffff 1 1 0 1 0 1 0 1 0 1
1 f497e203 1 7 ffffff49 ffffffff 1 1 1 1 0 1 0 1 0 1
1 319ec967 1 7 00000319 ffffffff 1 1 0 1 0 1 0 1 1 1
1 bd387713 1 7 fffffbd3 ffffffff 1 1 0 1 0 1 0 1 0 1
1 09634a13 1 7 00000096 ffffffff 1 1 0 1 0 1 0 1 0 1
1 68345713 1 7 00000683 ffffffff 1 1 0 1 0 1 0 1 0 1
1 51979c13 1 7 00000519 ffffffff 1 1 0 1 0 1 0 1 0 1
1 9ac96303 1 7 fffff9ac ffffffff 1 1 1 1 0 1 0 1 0 1
1 85020493 1 7 fffff850 ffffffff 1 1 0 1 0 1 0 1 0 1
1 6c2f3ee7 1 7 000006c2 ffffffff 1 1 0 1 0 1 0 1 1 1
1 fae544e7 1 7 ffffffae ffffffff 1 1 0 1 0 1 0 1 1 1
1 02baf767 1 7 0000002b ffffffff 1 1 0 1 0 1 0 1 1 1
1 35e7df83 1 7 0000035e ffffffff 1 1 1 1 0 1 0 1 0 1
1 b8831383 1 7 fffffb88 ffffffff 1 1 1 1 0 1 0 1 0 1
1 b455f667 1 7 fffffb45 ffffffff 1 1 0 1 0 1 0 1 1 1
1 38ba4b13 1 7 0000038b ffffffff 1 1 0 1 0 1 0 1 0 1
1 b1228be7 1 7 fffffb12 ffffffff 1 1 0 1 0 1 0 1 1 1
1 61f33093 1 7 0000061f ffffffff 1 1 0 1 0 1 0 1 0 1
1 f4540267 1 7 ffffff45 ffffffff 1 1 0 1 0 1 0 1 1 1
1 d8331593 1 7 fffffd83 ffffffff 1 1 0 1 0 1 0 1 0 1
1 be977b67 1 7 fffffbe9 ffffffff 1 1 0 1 0 1 0 1 1 1
1 fcedb583 1 7 ffffffce ffffffff 1 1 1 1 0 1 0 1 0 1
1 a5d379e7 1 7 fffffa5d ffffffff 1 1 0 1 0 1 0 1 1 1
1 9516fce7 1 7 fffff951 ffffffff 1 1 0 1 0 1 0 1 1 1
1 c634cf83 1 7 fffffc63 ffffffff 1 1 1 1 0 1 0 1 0 1
1 041245e7 1 7 00000041 ffffffff 1 1 0 1 0 1 0 1 1 1
1 32cafee7 1 7 0000032c ffffffff 1 1 0 1 0 1 0 1 1 1
1 2060c613 1 7 00000206 ffffffff 1 1 0 1 0 1 0 1 0 1
1 890fe183 1 7 fffff890 ffffffff 1 1 1 1 0 1 0 1 0 1
1 5230c803 1 7 00000523 ffffffff 1 1 1 1 0 1 0 1 0 1
1 381894e7 1 7 00000381 ffffffff 1 1 0 1 0 1 0 1 1 1
1 c8e15967 1 7 fffffc8e ffffffff 1 1 0 1 0 1 0 1 1 1
1 abafb903 1 7 fffffaba ffffffff 1 1 1 1 0 1 0 1 0 1
1 a32eb667 1 7 fffffa32 ffffffff 1 1 0 1 0 1 0 1 1 1
1 570b8fe7 1 7 00000570 ffffffff 1 1 0 1 0 1 0 1 1 1
1 6a307703 1 7 000006a3 ffffffff 1 1 1 1 0 1 0 1 0 1
1 d0265113 1 7 fffffd02 ffffffff 1 1 0 1 0 1 0 1 0 1
1 ca28ae93 1 7 fffffca2 ffffffff 1 1 0 1 0 1 0 1 0 1
1 7bb9ab67 1 7 000007bb ffffffff 1 1 0 1 0 1 0 1 1 1
1 1a1ea167 1 7 000001a1 ffffffff 1 1 0 1 0 1 0 1 1 1
1 63197d93 1 7 00000631 ffffffff 1 1 0 1 0 1 0 1 0 1
1 bc56b693 1 7 fffffbc5 ffffffff 1 1 0 1 0 1 0 1 0 1
1 fba8c403 1 7 ffffffba ffffffff 1 1 1 1 0 1 0 1 0 1
1 44480513 1 7 00000444 ffffffff 1 1 0 1 0 1 0 1 0 1
1 1a98c867 1 7 000001a9 ffffffff 1 1 0 1 0 1 0 1 1 1
1 230ef113 1 7 00000230 ffffffff 1 1 0 1 0 1 0 1 0 1
1 ef008103 1 7 fffffef0 ffffffff 1 1 1 1 0 1 0 1 0 1
1 3aa0e7e7 1 7 000003aa ffffffff 1 1 0 1 0 1 0 1 1 1
1 853de6e7 1 7 fffff853 ffffffff 1 1 0 1 0 1 0 1 1 1
1 246ebf67 1 7 00000246 ffffffff 1 1 0 1 0 1 0 1 1 1
1 2aa26483 1 7 000002aa ffffffff 1 1 1 1 0 1 0 1 0 1
1 0498bf13 1 7 00000049 ffffffff 1 1 0 1 0 1 0 1 0 1
1 a1038393 1 7 fffffa10 ffffffff 1 1 0 1 0 1 0 1 0 1
1 f8855167 1 7 ffffff88 ffffffff 1 1 0 1 0 1 0 1 1 1
1 49de6ee7 1 7 0000049d ffffffff 1 1 0 1 0 1 0 1 1 1
1 fdcf8193 1 7 ffffffdc ffffffff 1 1 0 1 0 1 0 1 0 1
1 a1f9ff93 1 7 fffffa1f ffffffff 1 1 0 1 0 1 0 1 0 1
1 33ef1193 1 7 0000033e ffffffff 1 1 0 1 0 1 0 1 0 1
1 adf65f83 1 7 fffffadf ffffffff 1 1 1 1 0 1 0 1 0 1
1 5eba2583 1 7 000005eb ffffffff 1 1 1 1 0 1 0 1 0 1
1 3b90c483 1 7 000003b9 ffffffff 1 1 1 1 0 1 0 1 0 1
1 daf8e493 1 7 fffffdaf ffffffff 1 1 0 1 0 1 0 1 0 1
1 fbb80a83 1 7 ffffffbb ffffffff 1 1 1 1 0 1 0 1 0 1
1 3f2ee393 1 7 000003f2 ffffffff 1 1 0 1 0 1 0 1 0 1
1 cb2a5483 1 7 fffffcb2 ffffffff 1 1 1 1 0 1 0 1 0 1
1 e7f13f13 1 7 fffffe7f ffffffff 1 1 0 1 0 1 0 1 0 1
1 3a5322e7 1 7 000003a5 ffffffff 1 1 0 1 0 1 0 1 1 1
1 f13e0513 1 7 ffffff13 ffffffff 1 1 0 1 0 1 0 1 0 1
1 94df1383 1 7 fffff94d ffffffff 1 1 1 1 0 1 0 1 0 1
1 a72af393 1 7 fffffa72 ffffffff 1 1 0 1 0 1 0 1 0 1
1 edfee067 1 7 fffffedf ffffffff 1 1 0 1 0 1 0 1 1 1
1 04b61067 1 7 0000004b ffffffff 1 1 0 1 0 1 0 1 1 1
1 fab89667 1 7 ffffffab ffffffff 1 1 0 1 0 1 0 1 1 1
1 f2303ae7 1 7 ffffff23 ffffffff 1 1 0 1 0 1 0 1 1 1
1 9e453267 1 7 fffff9e4 ffffffff 1 1 0 1 0 1 0 1 1 1
1 6636a903 1 7 00000663 ffffffff 1 1 1 1 0 1 0 1 0 1
1 3c0dc783 1 7 000003c0 ffffffff 1 1 1 1 0 1 0 1 0 1
1 5e23c367 1 7 000005e2 ffffffff 1 1 0 1 0 1 0 1 1 1
1 35e96c03 1 7 0000035e ffffffff 1 1 1 1 0 1 0 1 0 1
1 1e3d8f13 1 7 000001e3 ffffffff 1 1 0 1 0 1 0 1 0 1
1 8fab5de7 1 7 fffff8fa ffffffff 1 1 0 1 0 1 0 1 1 1
1 d8516e83 1 7 fffffd85 ffffffff 1 1 1 1 0 1 0 1 0 1
1 e4e4b293 1 7 fffffe4e ffffffff 1 1 0 1 0 1 0 1 0 1
1 1ddd9613 1 7 000001dd ffffffff 1 1 0 1 0 1 0 1 0 1
1 ee7a6193 1 7 fffffee7 ffffffff 1 1 0 1 0 1 0 1 0 1
1 ffbf7b13 1 7 fffffffb ffffffff 1 1 0 1 0 1 0 1 0 1
1 37a69413 1 7 0000037a ffffffff 1 1 0 1 0 1 0 1 0 1
1 bacb7203 1 7 fffffbac ffffffff 1 1 1 1 0 1 0 1 0 1
1 5d1004e7 1 7 000005d1 ffffffff 1 1 0 1 0 1 0 1 1 1
1 cad6ebe7 1 7 fffffcad ffffffff 1 1 0 1 0 1 0 1 1 1
1 3946af67 1 7 00000394 ffffffff 1 1 0 1 0 1 0 1 1 1
1 8a21f813 1 7 fffff8a2 ffffffff 1 1 0 1 0 1 0 1 0 1
1 20f1f4e7 1 7 0000020f ffffffff 1 1 0 1 0 1 0 1 1 1
1 5058bb13 1 7 00000505 ffffffff 1 1 0 1 0 1 0 1 0 1
1 af712ee7 1 7 fffffaf7 ffffffff 1 1 0 1 0 1 0 1 1 1
1 d8187193 1 7 fffffd81 ffffffff 1 1 0 1 0 1 0 1 0 1
1 751ae503 1 7 00000751 ffffffff 1 1 1 1 0 1 0 1 0 1
1 07972e93 1 7 00000079 ffffffff 1 1 0 1 0 1 0 1 0 1
1 beb0c903 1 7 fffffbeb ffffffff 1 1 1 1 0 1 0 1 0 1
1 6b3c5a83 1 7 000006b3 ffffffff 1 1 1 1 0 1 0 1 0 1
1 f51259e7 1 7 ffffff51 ffffffff 1 1 0 1 0 1 0 1 1 1
1 2aec2683 1 7 000002ae ffffffff 1 1 1 1 0 1 0 1 0 1
1 bdcdd567 1 7 fffffbdc ffffffff 1 1 0 1 0 1 0 1 1 1
1 f0bed367 1 7 ffffff0b ffffffff 1 1 0 1 0 1 0 1 1 1
1 5c84a783 1 7 000005c8 ffffffff 1 1 1 1 0 1 0 1 0 1
1 c0941293 1 7 fffffc09 ffffffff 1 1 0 1 0 1 0 1 0 1
1 07599193 1 7 00000075 ffffffff 1 1 0 1 0 1 0 1 0 1
1 65a181e7 1 7 0000065a ffffffff 1 1 0 1 0 1 0 1 1 1
1 e649b983 1 7 fffffe64 ffffffff 1 1 1 1 0 1 0 1 0 1
2 00112623 2 7 0000000c ffffffff 0 1 0 1 1 1 0 1 0 1
2 fe112e23 2 7 fffffffc ffffffff 0 1 0 1 1 1 0 1 0 1
2 f31361a3 2 7 ffffff23 ffffffff 0 1 0 1 1 1 0 1 0 1
2 41d26523 2 7 0000040a ffffffff 0 1 0 1 1 1 0 1 0 1
2 e1067fa3 2 7 fffffe1f ffffffff 0 1 0 1 1 1 0 1 0 1
2 9d9f0823 2 7 fffff9d0 ffffffff 0 1 0 1 1 1 0 1 0 1
2 2edd3823 2 7 000002f0 ffffffff 0 1 0 1 1 1 0 1 0 1
2 7f4af223 2 7 000007e4 ffffffff 0 1 0 1 1 1 0 1 0 1
2 65bbd7a3 2 7 0000064f ffffffff 0 1 0 1 1 1 0 1 0 1
2 927266a3 2 7 fffff92d ffffffff 0 1 0 1 1 1 0 1 0 1
2 947b0ca3 2 7 fffff959 ffffffff 0 1 0 1 1 1 0 1 0 1
2 9e56b7a3 2 7 fffff9ef ffffffff 0 1 0 1 1 1 0 1 0 1
2 7e409d23 2 7 000007fa ffffffff 0 1 0 1 1 1 0 1 0 1
2 c45373a3 2 7 fffffc47 ffffffff 0 1 0 1 1 1 0 1 0 1
2 9b8c9da3 2 7 fffff9bb ffffffff 0 1 0 1 1 1 0 1 0 1
2 a14e56a3 2 7 fffffa0d ffffffff 0 1 0 1 1 1 0 1 0 1
2 d26a07a3 2 7 fffffd2f ffffffff 0 1 0 1 1 1 0 1 0 1
2 65611023 2 7 00000640 ffffffff 0 1 0 1 1 1 0 1 0 1
2 c42ebfa3 2 7 fffffc5f ffffffff 0 1 0 1 1 1 0 1 0 1
2 7c9b0fa3 2 7 000007df ffffffff 0 1 0 1 1 1 0 1 0 1
2 8775d2a3 2 7 fffff865 ffffffff 0 1 0 1 1 1 0 1 0 1
2 8be48ca3 2 7 fffff8b9 ffffffff 0 1 0 1 1 1 0 1 0 1
2 57509923 2 7 00000572 ffffffff 0 1 0 1 1 1 0 1 0 1
2 e8d91823 2 7 fffffe90 ffffffff 0 1 0 1 1 1 0 1 0 1
2 a7794ea3 2 7 fffffa7d ffffffff 0 1 0 1 1 1 0 1 0 1
2 fa24ac23 2 7 ffffffb8 ffffffff 0 1 0 1 1 1 0 1 0 1
2 a9dae623 2 7 fffffa8c ffffffff 0 1 0 1 1 1 0 1 0 1
2 837ca523 2 7 fffff82a ffffffff 0 1 0 1 1 1 0 1 0 1
2 512b1ea3 2 7 0000051d ffffffff 0 1 0 1 1 1 0 1 0 1
2 ccc8f3a3 2 7 fffffcc7 ffffffff 0 1 0 1 1 1 0 1 0 1
2 f82c9da3 2 7 ffffff9b ffffffff 0 1 0 1 1 1 0 1 0 1
2 0adf9ea3 2 7 000000bd ffffffff 0 1 0 1 1 1 0 1 0 1
2 5a97c223 2 7 000005a4 ffffffff 0 1 0 1 1 1 0 1 0 1
2 fdef0d23 2 7 ffffffda ffffffff 0 1 0 1 1 1 0 1 0 1
2 ac8322a3 2 7 fffffac5 ffffffff 0 1 0 1 1 1 0 1 0 1
2 7869e4a3 2 7 00000789 ffffffff 0 1 0 1 1 1 0 1 0 1
2 e39ec323 2 7 fffffe26 ffffffff 0 1 0 1 1 1 0 1 0 1
2 dffc8523 2 7 fffffdea ffffffff 0 1 0 1 1 1 0 1 0 1
2 0f8eaca3 2 7 000000f9 ffffffff 0 1 0 1 1 1 0 1 0 1
2 da2bad23 2 7 fffffdba ffffffff 0 1 0 1 1 1 0 1 0 1
2 7a6deaa3 2 7 000007b5 ffffffff 0 1 0 1 1 1 0 1 0 1
2 a8829aa3 2 7 fffffa95 ffffffff 0 1 0 1 1 1 0 1 0 1
2 17ef15a3 2 7 0000016b ffffffff 0 1 0 1 1 1 0 1 0 1
2 0d8f3ba3 2 7 000000d7 ffffffff 0 1 0 1 1 1 0 1 0 1
2 47d1d2a3 2 7 00000465 ffffffff 0 1 0 1 1 1 0 1 0 1
2 9a9f2823 2 7 fffff9b0 ffffffff 0 1 0 1 1 1 0 1 0 1
2 06a7fba3 2 7 00000077 ffffffff 0 1 0 1 1 1 0 1 0 1
2 35634723 2 7 0000034e ffffffff 0 1 0 1 1 1 0 1 0 1
2 148c6aa3 2 7 00000155 ffffffff 0 1 0 1 1 1 0 1 0 1
2 4d3e8323 2 7 000004c6 ffffffff 0 1 0 1 1 1 0 1 0 1
2 2f85d1a3 2 7 000002e3 ffffffff 0 1 0 1 1 1 0 1 0 1
2 662fafa3 2 7 0000067f ffffffff 0 1 0 1 1 1 0 1 0 1
2 529cd123 2 7 00000522 ffffffff 0 1 0 1 1 1 0 1 0 1
2 a338a4a3 2 7 fffffa29 ffffffff 0 1 0 1 1 1 0 1 0 1
2 fd93d1a3 2 7 ffffffc3 ffffffff 0 1 0 1 1 1 0 1 0 1
2 911ae0a3 2 7 fffff901 ffffffff 0 1 0 1 1 1 0 1 0 1
2 67d3afa3 2 7 0000067f ffffffff 0 1 0 1 1 1 0 1 0 1
2 a7747d23 2 7 fffffa7a ffffffff 0 1 0 1 1 1 0 1 0 1
2 c5f640a3 2 7 fffffc41 ffffffff 0 1 0 1 1 1 0 1 0 1
2 057d0923 2 7 00000052 ffffffff 0 1 0 1 1 1 0 1 0 1
2 ac23a623 2 7 fffffacc ffffffff 0 1 0 1 1 1 0 1 0 1
2 7efc7ba3 2 7 000007f7 ffffffff 0 1 0 1 1 1 0 1 0 1
2 309a0fa3 2 7 0000031f ffffffff 0 1 0 1 1 1 0 1 0 1
2 846bbb23 2 7 fffff856 ffffffff 0 1 0 1 1 1 0 1 0 1
2 edd42523 2 7 fffffeca ffffffff 0 1 0 1 1 1 0 1 0 1
2 f9d83ca3 2 7 ffffff99 ffffffff 0 1 0 1 1 1 0 1 0 1
2 77a0e9a3 2 7 00000773 ffffffff 0 1 0 1 1 1 0 1 0 1
2 7e5ef723 2 7 000007ee ffffffff 0 1 0 1 1 1 0 1 0 1
2 985a92a3 2 7 fffff985 ffffffff 0 1 0 1 1 1 0 1 0 1
2 0293baa3 2 7 00000035 ffffffff 0 1 0 1 1 1 0 1 0 1
2 1bce40a3 2 7 000001a1 ffffffff 0 1 0 1 1 1 0 1 0 1
2 4fbb0223 2 7 000004e4 ffffffff 0 1 0 1 1 1 0 1 0 1
2 0f48f2a3 2 7 000000e5 ffffffff 0 1 0 1 1 1 0 1 0 1
2 418e9f23 2 7 0000041e ffffffff 0 1 0 1 1 1 0 1 0 1
2 96c85923 2 7 fffff972 ffffffff 0 1 0 1 1 1 0 1 0 1
2 6dd917a3 2 7 000006cf ffffffff 0 1 0 1 1 1 0 1 0 1
2 375f1ea3 2 7 0000037d ffffffff 0 1 0 1 1 1 0 1 0 1
2 d53eaf23 2 7 fffffd5e ffffffff 0 1 0 1 1 1 0 1 0 1
2 be4b3aa3 2 7 fffffbf5 ffffffff 0 1 0 1 1 1 0 1 0 1
2 65d55323 2 7 00000646 ffffffff 0 1 0 1 1 1 0 1 0 1
2 8462e2a3 2 7 fffff845 ffffffff 0 1 0 1 1 1 0 1 0 1
2 969c0aa3 2 7 fffff975 ffffffff 0 1 0 1 1 1 0 1 0 1
2 526ea7a3 2 7 0000052f ffffffff 0 1 0 1 1 1 0 1 0 1
2 d1bcb223 2 7 fffffd04 ffffffff 0 1 0 1 1 1 0 1 0 1
2 55e35a23 2 7 00000554 ffffffff 0 1 0 1 1 1 0 1 0 1
2 a77ddfa3 2 7 fffffa7f ffffffff 0 1 0 1 1 1 0 1 0 1
2 e57de723 2 7 fffffe4e ffffffff 0 1 0 1 1 1 0 1 0 1
2 bc045da3 2 7 fffffbdb ffffffff 0 1 0 1 1 1 0 1 0 1
2 870aee23 2 7 fffff87c ffffffff 0 1 0 1 1 1 0 1 0 1
2 569a5123 2 7 00000562 ffffffff 0 1 0 1 1 1 0 1 0 1
2 76c7c123 2 7 00000762 ffffffff 0 1 0 1 1 1 0 1 0 1
2 65e9e0a3 2 7 00000641 ffffffff 0 1 0 1 1 1 0 1 0 1
2 07a98ea3 2 7 0000007d ffffffff 0 1 0 1 1 1 0 1 0 1
2 85d25c23 2 7 fffff858 ffffffff 0 1 0 1 1 1 0 1 0 1
2 014c2ba3 2 7 00000017 ffffffff 0 1 0 1 1 1 0 1 0 1
2 151000a3 2 7 00000141 ffffffff 0 1 0 1 1 1 0 1 0 1
2 d328dc23 2 7 fffffd38 ffffffff 0 1 0 1 1 1 0 1 0 1
2 9049d1a3 2 7 fffff903 ffffffff 0 1 0 1 1 1 0 1 0 1
2 e1c22e23 2 7 fffffe1c ffffffff 0 1 0 1 1 1 0 1 0 1
2 5d2173a3 2 7 000005c7 ffffffff 0 1 0 1 1 1 0 1 0 1
2 f5a6aba3 2 7 ffffff57 ffffffff 0 1 0 1 1 1 0 1 0 1
2 a0164723 2 7 fffffa0e ffffffff 0 1 0 1 1 1 0 1 0 1
2 19107fa3 2 7 0000019f ffffffff 0 1 0 1 1 1 0 1 0 1
2 d4ee35a3 2 7 fffffd4b ffffffff 0 1 0 1 1 1 0 1 0 1
2 c2c04fa3 2 7 fffffc3f ffffffff 0 1 0 1 1 1 0 1 0 1
2 922aa723 2 7 fffff92e ffffffff 0 1 0 1 1 1 0 1 0 1
2 052c3923 2 7 00000052 ffffffff 0 1 0 1 1 1 0 1 0 1
2 06e6c3a3 2 7 00000067 ffffffff 0 1 0 1 1 1 0 1 0 1
2 9c2c29a3 2 7 fffff9d3 ffffffff 0 1 0 1 1 1 0 1 0 1
2 d0490a23 2 7 fffffd14 ffffffff 0 1 0 1 1 1 0 1 0 1
2 11192123 2 7 00000102 ffffffff 0 1 0 1 1 1 0 1 0 1
2 7788f4a3 2 7 00000769 ffffffff 0 1 0 1 1 1 0 1 0 1
2 161303a3 2 7 00000167 ffffffff 0 1 0 1 1 1 0 1 0 1
2 c88c38a3 2 7 fffffc91 ffffffff 0 1 0 1 1 1 0 1 0 1
2 951f9a23 2 7 fffff954 ffffffff 0 1 0 1 1 1 0 1 0 1
2 e4eaffa3 2 7 fffffe5f ffffffff 0 1 0 1 1 1 0 1 0 1
2 f2410c23 2 7 ffffff38 ffffffff 0 1 0 1 1 1 0 1 0 1
2 ba58aea3 2 7 fffffbbd ffffffff 0 1 0 1 1 1 0 1 0 1
2 a6a63aa3 2 7 fffffa75 ffffffff 0 1 0 1 1 1 0 1 0 1
2 c4ef0f23 2 7 fffffc5e ffffffff 0 1 0 1 1 1 0 1 0 1
2 4712a223 2 7 00000464 ffffffff 0 1 0 1 1 1 0 1 0 1
2 140ddc23 2 7 00000158 ffffffff 0 1 0 1 1 1 0 1 0 1
2 51708fa3 2 7 0000051f ffffffff 0 1 0 1 1 1 0 1 0 1
2 3567f923 2 7 00000352 ffffffff 0 1 0 1 1 1 0 1 0 1
2 26bd7ba3 2 7 00000277 ffffffff 0 1 0 1 1 1 0 1 0 1
2 f2d698a3 2 7 ffffff31 ffffffff 0 1 0 1 1 1 0 1 0 1
2 9c09fb23 2 7 fffff9d6 ffffffff 0 1 0 1 1 1 0 1 0 1
2 7ea3f023 2 7 000007e0 ffffffff 0 1 0 1 1 1 0 1 0 1
2 0ef23d23 2 7 000000fa ffffffff 0 1 0 1 1 1 0 1 0 1
2 9ea352a3 2 7 fffff9e5 ffffffff 0 1 0 1 1 1 0 1 0 1
2 cd5a4223 2 7 fffffcc4 ffffffff 0 1 0 1 1 1 0 1 0 1
2 3910f623 2 7 0000038c ffffffff 0 1 0 1 1 1 0 1 0 1
2 8c347423 2 7 fffff8c8 ffffffff 0 1 0 1 1 1 0 1 0 1
2 5c5ac1a3 2 7 000005c3 ffffffff 0 1 0 1 1 1 0 1 0 1
2 7745ac23 2 7 00000778 ffffffff 0 1 0 1 1 1 0 1 0 1
2 2f6b7b23 2 7 000002f6 ffffffff 0 1 0 1 1 1 0 1 0 1
2 7b42fe23 2 7 000007bc ffffffff 0 1 0 1 1 1 0 1 0 1
2 a6a94523 2 7 fffffa6a ffffffff 0 1 0 1 1 1 0 1 0 1
2 b55db923 2 7 fffffb52 ffffffff 0 1 0 1 1 1 0 1 0 1
2 96282123 2 7 fffff962 ffffffff 0 1 0 1 1 1 0 1 0 1
2 1c1c0323 2 7 000001c6 ffffffff 0 1 0 1 1 1 0 1 0 1
2 26a32d23 2 7 0000027a ffffffff 0 1 0 1 1 1 0 1 0 1
2 2af9c823 2 7 000002b0 ffffffff 0 1 0 1 1 1 0 1 0 1
2 bed50d23 2 7 fffffbfa ffffffff 0 1 0 1 1 1 0 1 0 1
2 d621bea3 2 7 fffffd7d ffffffff 0 1 0 1 1 1 0 1 0 1
2 bcd212a3 2 7 fffffbc5 ffffffff 0 1 0 1 1 1 0 1 0 1
2 7b128da3 2 7 000007bb ffffffff 0 1 0 1 1 1 0 1 0 1
2 1f6252a3 2 7 000001e5 ffffffff 0 1 0 1 1 1 0 1 0 1
2 6a813423 2 7 000006a8 ffffffff 0 1 0 1 1 1 0 1 0 1
2 3a094e23 2 7 000003bc ffffffff 0 1 0 1 1 1 0 1 0 1
2 9cfbfc23 2 7 fffff9d8 ffffffff 0 1 0 1 1 1 0 1 0 1
2 08824623 2 7 0000008c ffffffff 0 1 0 1 1 1 0 1 0 1
2 35b91fa3 2 7 0000035f ffffffff 0 1 0 1 1 1 0 1 0 1
2 5b5b7223 2 7 000005a4 ffffffff 0 1 0 1 1 1 0 1 0 1
2 e6428da3 2 7 fffffe7b ffffffff 0 1 0 1 1 1 0 1 0 1
2 213b27a3 2 7 0000020f ffffffff 0 1 0 1 1 1 0 1 0 1
2 f66a1123 2 7 ffffff62 ffffffff 0 1 0 1 1 1 0 1 0 1
2 ad02d2a3 2 7 fffffac5 ffffffff 0 1 0 1 1 1 0 1 0 1
2 f5491323 2 7 ffffff46 ffffffff 0 1 0 1 1 1 0 1 0 1
2 5fc3b823 2 7 000005f0 ffffffff 0 1 0 1 1 1 0 1 0 1
2 a1ce3923 2 7 fffffa12 ffffffff 0 1 0 1 1 1 0 1 0 1
2 ac21bfa3 2 7 fffffadf ffffffff 0 1 0 1 1 1 0 1 0 1
2 407b1a23 2 7 00000414 ffffffff 0 1 0 1 1 1 0 1 0 1
2 85b26223 2 7 fffff844 ffffffff 0 1 0 1 1 1 0 1 0 1
2 de5f3aa3 2 7 fffffdf5 ffffffff 0 1 0 1 1 1 0 1 0 1
2 b4c66123 2 7 fffffb42 ffffffff 0 1 0 1 1 1 0 1 0 1
2 635827a3 2 7 0000062f ffffffff 0 1 0 1 1 1 0 1 0 1
2 640022a3 2 7 00000645 ffffffff 0 1 0 1 1 1 0 1 0 1
2 7a8e4ba3 2 7 000007b7 ffffffff 0 1 0 1 1 1 0 1 0 1
2 e978f5a3 2 7 fffffe8b ffffffff 0 1 0 1 1 1 0 1 0 1
2 b7bd64a3 2 7 fffffb69 ffffffff 0 1 0 1 1 1 0 1 0 1
2 fa0faca3 2 7 ffffffb9 ffffffff 0 1 0 1 1 1 0 1 0 1
2 5f561023 2 7 000005e0 ffffffff 0 1 0 1 1 1 0 1 0 1
2 9b4844a3 2 7 fffff9a9 ffffffff 0 1 0 1 1 1 0 1 0 1
2 58ffcba3 2 7 00000597 ffffffff 0 1 0 1 1 1 0 1 0 1
2 c514d123 2 7 fffffc42 ffffffff 0 1 0 1 1 1 0 1 0 1
2 40d98723 2 7 0000040e ffffffff 0 1 0 1 1 1 0 1 0 1
2 dc5abea3 2 7 fffffddd ffffffff 0 1 0 1 1 1 0 1 0 1
2 6ae788a3 2 7 000006b1 ffffffff 0 1 0 1 1 1 0 1 0 1
2 6b303a23 2 7 000006b4 ffffffff 0 1 0 1 1 1 0 1 0 1
2 661a5023 2 7 00000660 ffffffff 0 1 0 1 1 1 0 1 0 1
2 f94046a3 2 7 ffffff8d ffffffff 0 1 0 1 1 1 0 1 0 1
2 65b024a3 2 7 00000649 ffffffff 0 1 0 1 1 1 0 1 0 1
2 f3f7df23 2 7 ffffff3e ffffffff 0 1 0 1 1 1 0 1 0 1
2 05750d23 2 7 0000005a ffffffff 0 1 0 1 1 1 0 1 0 1
2 08e1e2a3 2 7 00000085 ffffffff 0 1 0 1 1 1 0 1 0 1
2 9a5533a3 2 7 fffff9a7 ffffffff 0 1 0 1 1 1 0 1 0 1
2 7195f1a3 2 7 00000703 ffffffff 0 1 0 1 1 1 0 1 0 1
2 7cc6f1a3 2 7 000007c3 ffffffff 0 1 0 1 1 1 0 1 0 1
2 960888a3 2 7 fffff971 ffffffff 0 1 0 1 1 1 0 1 0 1
2 1d406023 2 7 000001c0 ffffffff 0 1 0 1 1 1 0 1 0 1
2 a6ce20a3 2 7 fffffa61 ffffffff 0 1 0 1 1 1 0 1 0 1
2 2da7c7a3 2 7 000002cf ffffffff 0 1 0 1 1 1 0 1 0 1
2 89caac23 2 7 fffff898 ffffffff 0 1 0 1 1 1 0 1 0 1
2 fb4421a3 2 7 ffffffa3 ffffffff 0 1 0 1 1 1 0 1 0 1
2 f76d8523 2 7 ffffff6a ffffffff 0 1 0 1 1 1 0 1 0 1
2 0d45dca3 2 7 000000d9 ffffffff 0 1 0 1 1 1 0 1 0 1
2 cb8422a3 2 7 fffffca5 ffffffff 0 1 0 1 1 1 0 1 0 1
2 6072f2a3 2 7 00000605 ffffffff 0 1 0 1 1 1 0 1 0 1
2 237d18a3 2 7 00000231 ffffffff 0 1 0 1 1 1 0 1 0 1
2 8b50d9a3 2 7 fffff8b3 ffffffff 0 1 0 1 1 1 0 1 0 1
2 b5b9c423 2 7 fffffb48 ffffffff 0 1 0 1 1 1 0 1 0 1
2 13967ba3 2 7 00000137 ffffffff 0 1 0 1 1 1 0 1 0 1
2 6d18c9a3 2 7 000006d3 ffffffff 0 1 0 1 1 1 0 1 0 1
2 6b8f5123 2 7 000006a2 ffffffff 0 1 0 1 1 1 0 1 0 1
2 0437cb23 2 7 00000056 ffffffff 0 1 0 1 1 1 0 1 0 1
2 b1cf89a3 2 7 fffffb13 ffffffff 0 1 0 1 1 1 0 1 0 1
2 861d7923 2 7 fffff872 ffffffff 0 1 0 1 1 1 0 1 0 1
2 11b74723 2 7 0000010e ffffffff 0 1 0 1 1 1 0 1 0 1
2 76ba34a3 2 7 00000769 ffffffff 0 1 0 1 1 1 0 1 0 1
2 a9891723 2 7 fffffa8e ffffffff 0 1 0 1 1 1 0 1 0 1
2 1f07fba3 2 7 000001f7 ffffffff 0 1 0 1 1 1 0 1 0 1
2 0325d3a3 2 7 00000027 ffffffff 0 1 0 1 1 1 0 1 0 1
2 438c60a3 2 7 00000421 ffffffff 0 1 0 1 1 1 0 1 0 1
2 2fe8c6a3 2 7 000002ed ffffffff 0 1 0 1 1 1 0 1 0 1
2 ce67b9a3 2 7 fffffcf3 ffffffff 0 1 0 1 1 1 0 1 0 1
2 b0f5e523 2 7 fffffb0a ffffffff 0 1 0 1 1 1 0 1 0 1
2 c298e9a3 2 7 fffffc33 ffffffff 0 1 0 1 1 1 0 1 0 1
2 1080d323 2 7 00000106 ffffffff 0 1 0 1 1 1 0 1 0 1
2 5a4b1d23 2 7 000005ba ffffffff 0 1 0 1 1 1 0 1 0 1
2 1d91c2a3 2 7 000001c5 ffffffff 0 1 0 1 1 1 0 1 0 1
2 2e834d23 2 7 000002fa ffffffff 0 1 0 1 1 1 0 1 0 1
2 e47a1ba3 2 7 fffffe57 ffffffff 0 1 0 1 1 1 0 1 0 1
2 9747efa3 2 7 fffff97f ffffffff 0 1 0 1 1 1 0 1 0 1
2 25a1c8a3 2 7 00000251 ffffffff 0 1 0 1 1 1 0 1 0 1
2 5da9e9a3 2 7 000005d3 ffffffff 0 1 0 1 1 1 0 1 0 1
2 a3667da3 2 7 fffffa3b ffffffff 0 1 0 1 1 1 0 1 0 1
2 56091523 2 7 0000056a ffffffff 0 1 0 1 1 1 0 1 0 1
2 609e7523 2 7 0000060a ffffffff 0 1 0 1 1 1 0 1 0 1
2 18b95523 2 7 0000018a ffffffff 0 1 0 1 1 1 0 1 0 1
2 347eba23 2 7 00000354 ffffffff 0 1 0 1 1 1 0 1 0 1
2 496e2923 2 7 00000492 ffffffff 0 1 0 1 1 1 0 1 0 1
2 eb3d2fa3 2 7 fffffebf ffffffff 0 1 0 1 1 1 0 1 0 1
2 62bb9da3 2 7 0000063b ffffffff 0 1 0 1 1 1 0 1 0 1
2 56e6a223 2 7 00000564 ffffffff 0 1 0 1 1 1 0 1 0 1
2 4b6280a3 2 7 000004a1 ffffffff 0 1 0 1 1 1 0 1 0 1
2 7202b923 2 7 00000732 ffffffff 0 1 0 1 1 1 0 1 0 1
2 6f588223 2 7 000006e4 ffffffff 0 1 0 1 1 1 0 1 0 1
2 e5336523 2 7 fffffe4a ffffffff 0 1 0 1 1 1 0 1 0 1
2 be31ed23 2 7 fffffbfa ffffffff 0 1 0 1 1 1 0 1 0 1
2 74a21b23 2 7 00000756 ffffffff 0 1 0 1 1 1 0 1 0 1
2 afeebda3 2 7 fffffafb ffffffff 0 1 0 1 1 1 0 1 0 1
2 4e00fda3 2 7 000004fb ffffffff 0 1 0 1 1 1 0 1 0 1
2 525e6ea3 2 7 0000053d ffffffff 0 1 0 1 1 1 0 1 0 1
2 9cfdffa3 2 7 fffff9df ffffffff 0 1 0 1 1 1 0 1 0 1
2 71545223 2 7 00000704 ffffffff 0 1 0 1 1 1 0 1 0 1
2 69ea88a3 2 7 00000691 ffffffff 0 1 0 1 1 1 0 1 0 1
2 ecc01c23 2 7 fffffed8 ffffffff 0 1 0 1 1 1 0 1 0 1
2 677c7ba3 2 7 00000677 ffffffff 0 1 0 1 1 1 0 1 0 1
2 7faaab23 2 7 000007f6 ffffffff 0 1 0 1 1 1 0 1 0 1
2 9e0cdea3 2 7 fffff9fd ffffffff 0 1 0 1 1 1 0 1 0 1
2 f0e4c623 2 7 ffffff0c ffffffff 0 1 0 1 1 1 0 1 0 1
2 65e65a23 2 7 00000654 ffffffff 0 1 0 1 1 1 0 1 0 1
2 de2eef23 2 7 fffffdfe ffffffff 0 1 0 1 1 1 0 1 0 1
2 0c2f29a3 2 7 000000d3 ffffffff 0 1 0 1 1 1 0 1 0 1
2 79d779a3 2 7 00000793 ffffffff 0 1 0 1 1 1 0 1 0 1
2 ab81dd23 2 7 fffffaba ffffffff 0 1 0 1 1 1 0 1 0 1
2 ca0aeea3 2 7 fffffcbd ffffffff 0 1 0 1 1 1 0 1 0 1
2 7c08baa3 2 7 000007d5 ffffffff 0 1 0 1 1 1 0 1 0 1
2 385dda23 2 7 00000394 ffffffff 0 1 0 1 1 1 0 1 0 1
2 653218a3 2 7 00000651 ffffffff 0 1 0 1 1 1 0 1 0 1
2 c7969c23 2 7 fffffc78 ffffffff 0 1 0 1 1 1 0 1 0 1
2 13056123 2 7 00000122 ffffffff 0 1 0 1 1 1 0 1 0 1
2 4c2f4d23 2 7 000004da ffffffff 0 1 0 1 1 1 0 1 0 1
2 97a6d1a3 2 7 fffff963 ffffffff 0 1 0 1 1 1 0 1 0 1
2 408c0323 2 7 00000406 ffffffff 0 1 0 1 1 1 0 1 0 1
2 5edad1a3 2 7 000005e3 ffffffff 0 1 0 1 1 1 0 1 0 1
2 4bc72f23 2 7 000004be ffffffff 0 1 0 1 1 1 0 1 0 1
2 a5b97023 2 7 fffffa40 ffffffff 0 1 0 1 1 1 0 1 0 1
2 78d39f23 2 7 0000079e ffffffff 0 1 0 1 1 1 0 1 0 1
2 347d8aa3 2 7 00000355 ffffffff 0 1 0 1 1 1 0 1 0 1
2 dfa406a3 2 7 fffffded ffffffff 0 1 0 1 1 1 0 1 0 1
2 e509c423 2 7 fffffe48 ffffffff 0 1 0 1 1 1 0 1 0 1
2 cdd4a123 2 7 fffffcc2 ffffffff 0 1 0 1 1 1 0 1 0 1
2 b5444d23 2 7 fffffb5a ffffffff 0 1 0 1 1 1 0 1 0 1
2 2ea419a3 2 7 000002f3 ffffffff 0 1 0 1 1 1 0 1 0 1
2 5bcad5a3 2 7 000005ab ffffffff 0 1 0 1 1 1 0 1 0 1
2 6b46dca3 2 7 000006b9 ffffffff 0 1 0 1 1 1 0 1 0 1
2 8bfc65a3 2 7 fffff8ab ffffffff 0 1 0 1 1 1 0 1 0 1
2 d8890f23 2 7 fffffd9e ffffffff 0 1 0 1 1 1 0 1 0 1
2 b1166da3 2 7 fffffb1b ffffffff 0 1 0 1 1 1 0 1 0 1
2 ec2da223 2 7 fffffec4 ffffffff 0 1 0 1 1 1 0 1 0 1
2 8bd72623 2 7 fffff8ac ffffffff 0 1 0 1 1 1 0 1 0 1
2 94678aa3 2 7 fffff955 ffffffff 0 1 0 1 1 1 0 1 0 1
2 0eef3d23 2 7 000000fa ffffffff 0 1 0 1 1 1 0 1 0 1
2 9c324da3 2 7 fffff9db ffffffff 0 1 0 1 1 1 0 1 0 1
2 061fa823 2 7 00000070 ffffffff 0 1 0 1 1 1 0 1 0 1
2 da5f08a3 2 7 fffffdb1 ffffffff 0 1 0 1 1 1 0 1 0 1
2 e2ee96a3 2 7 fffffe2d ffffffff 0 1 0 1 1 1 0 1 0 1
2 406e1fa3 2 7 0000041f ffffffff 0 1 0 1 1 1 0 1 0 1
2 c09a6da3 2 7 fffffc1b ffffffff 0 1 0 1 1 1 0 1 0 1
2 9ea17f23 2 7 fffff9fe ffffffff 0 1 0 1 1 1 0 1 0 1
2 cef4b8a3 2 7 fffffcf1 ffffffff 0 1 0 1 1 1 0 1 0 1
2 c0ab1223 2 7 fffffc04 ffffffff 0 1 0 1 1 1 0 1 0 1
2 f3631f23 2 7 ffffff3e ffffffff 0 1 0 1 1 1 0 1 0 1
2 88be7ea3 2 7 fffff89d ffffffff 0 1 0 1 1 1 0 1 0 1
2 dad56023 2 7 fffffda0 ffffffff 0 1 0 1 1 1 0 1 0 1
2 39a6e9a3 2 7 00000393 ffffffff 0 1 0 1 1 1 0 1 0 1
2 4d2d6323 2 7 000004c6 ffffffff 0 1 0 1 1 1 0 1 0 1
2 513a82a3 2 7 00000505 ffffffff 0 1 0 1 1 1 0 1 0 1
2 88d0e4a3 2 7 fffff889 ffffffff 0 1 0 1 1 1 0 1 0 1
2 c51af723 2 7 fffffc4e ffffffff 0 1 0 1 1 1 0 1 0 1
2 cb69d3a3 2 7 fffffca7 ffffffff 0 1 0 1 1 1 0 1 0 1
2 49dadaa3 2 7 00000495 ffffffff 0 1 0 1 1 1 0 1 0 1
2 287255a3 2 7 0000028b ffffffff 0 1 0 1 1 1 0 1 0 1
2 18809123 2 7 00000182 ffffffff 0 1 0 1 1 1 0 1 0 1
2 b6531da3 2 7 fffffb7b ffffffff 0 1 0 1 1 1 0 1 0 1
2 c1ed0123 2 7 fffffc02 ffffffff 0 1 0 1 1 1 0 1 0 1
2 b7f2cd23 2 7 fffffb7a ffffffff 0 1 0 1 1 1 0 1 0 1
2 87117ca3 2 7 fffff879 ffffffff 0 1 0 1 1 1 0 1 0 1
2 9883c6a3 2 7 fffff98d ffffffff 0 1 0 1 1 1 0 1 0 1
2 9b8b6aa3 2 7 fffff9b5 ffffffff 0 1 0 1 1 1 0 1 0 1
2 72734623 2 7 0000072c ffffffff 0 1 0 1 1 1 0 1 0 1
2 a6ece3a3 2 7 fffffa67 ffffffff 0 1 0 1 1 1 0 1 0 1
2 ade40723 2 7 ffffface ffffffff 0 1 0 1 1 1 0 1 0 1
2 d2676623 2 7 fffffd2c ffffffff 0 1 0 1 1 1 0 1 0 1
2 1ef5a5a3 2 7 000001eb ffffffff 0 1 0 1 1 1 0 1 0 1
2 00be3ba3 2 7 00000017 ffffffff 0 1 0 1 1 1 0 1 0 1
2 f99024a3 2 7 ffffff89 ffffffff 0 1 0 1 1 1 0 1 0 1
2 a59e9b23 2 7 fffffa56 ffffffff 0 1 0 1 1 1 0 1 0 1
2 91202023 2 7 fffff900 ffffffff 0 1 0 1 1 1 0 1 0 1
2 d084f423 2 7 fffffd08 ffffffff 0 1 0 1 1 1 0 1 0 1
2 7e2eb823 2 7 000007f0 ffffffff 0 1 0 1 1 1 0 1 0 1
2 09d836a3 2 7 0000008d ffffffff 0 1 0 1 1 1 0 1 0 1
2 b97698a3 2 7 fffffb91 ffffffff 0 1 0 1 1 1 0 1 0 1
2 0c610b23 2 7 000000d6 ffffffff 0 1 0 1 1 1 0 1 0 1
2 1b218fa3 2 7 000001bf ffffffff 0 1 0 1 1 1 0 1 0 1
2 ba957323 2 7 fffffba6 ffffffff 0 1 0 1 1 1 0 1 0 1
2 c4875c23 2 7 fffffc58 ffffffff 0 1 0 1 1 1 0 1 0 1
2 562712a3 2 7 00000565 ffffffff 0 1 0 1 1 1 0 1 0 1
2 f45b7823 2 7 ffffff50 ffffffff 0 1 0 1 1 1 0 1 0 1
2 39f9cf23 2 7 0000039e ffffffff 0 1 0 1 1 1 0 1 0 1
2 64d86123 2 7 00000642 ffffffff 0 1 0 1 1 1 0 1 0 1
2 148fafa3 2 7 0000015f ffffffff 0 1 0 1 1 1 0 1 0 1
2 1c9361a3 2 7 000001c3 ffffffff 0 1 0 1 1 1 0 1 0 1
2 21649523 2 7 0000020a ffffffff 0 1 0 1 1 1 0 1 0 1
2 be2b0d23 2 7 fffffbfa ffffffff 0 1 0 1 1 1 0 1 0 1
2 956b49a3 2 7 fffff953 ffffffff 0 1 0 1 1 1 0 1 0 1
2 ac755da3 2 7 fffffadb ffffffff 0 1 0 1 1 1 0 1 0 1
2 09235da3 2 7 0000009b ffffffff 0 1 0 1 1 1 0 1 0 1
2 37536523 2 7 0000036a ffffffff 0 1 0 1 1 1 0 1 0 1
2 286eada3 2 7 0000029b ffffffff 0 1 0 1 1 1 0 1 0 1
2 f2081f23 2 7 ffffff3e ffffffff 0 1 0 1 1 1 0 1 0 1
2 90d3bca3 2 7 fffff919 ffffffff 0 1 0 1 1 1 0 1 0 1
2 53ea3ea3 2 7 0000053d ffffffff 0 1 0 1 1 1 0 1 0 1
2 13f04823 2 7 00000130 ffffffff 0 1 0 1 1 1 0 1 0 1
2 120ec1a3 2 7 00000123 ffffffff 0 1 0 1 1 1 0 1 0 1
2 9e797223 2 7 fffff9e4 ffffffff 0 1 0 1 1 1 0 1 0 1
2 daa6e923 2 7 fffffdb2 ffffffff 0 1 0 1 1 1 0 1 0 1
2 f524d423 2 7 ffffff48 ffffffff 0 1 0 1 1 1 0 1 0 1
2 1c1cb6a3 2 7 000001cd ffffffff 0 1 0 1 1 1 0 1 0 1
2 53ec8a23 2 7 00000534 ffffffff 0 1 0 1 1 1 0 1 0 1
2 161d8aa3 2 7 00000175 ffffffff 0 1 0 1 1 1 0 1 0 1
2 66e5c923 2 7 00000672 ffffffff 0 1 0 1 1 1 0 1 0 1
2 b7d48e23 2 7 fffffb7c ffffffff 0 1 0 1 1 1 0 1 0 1
2 3e7a6823 2 7 000003f0 ffffffff 0 1 0 1 1 1 0 1 0 1
2 9a3916a3 2 7 fffff9ad ffffffff 0 1 0 1 1 1 0 1 0 1
2 50fceea3 2 7 0000051d ffffffff 0 1 0 1 1 1 0 1 0 1
2 658940a3 2 7 00000641 ffffffff 0 1 0 1 1 1 0 1 0 1
2 e483fda3 2 7 fffffe5b ffffffff 0 1 0 1 1 1 0 1 0 1
2 b46f6aa3 2 7 fffffb55 ffffffff 0 1 0 1 1 1 0 1 0 1
2 713443a3 2 7 00000707 ffffffff 0 1 0 1 1 1 0 1 0 1
2 af4151a3 2 7 fffffae3 ffffffff 0 1 0 1 1 1 0 1 0 1
2 20c40623 2 7 0000020c ffffffff 0 1 0 1 1 1 0 1 0 1
2 2cb776a3 2 7 000002cd ffffffff 0 1 0 1 1 1 0 1 0 1
2 6ab7b723 2 7 000006ae ffffffff 0 1 0 1 1 1 0 1 0 1
2 72a9b823 2 7 00000730 ffffffff 0 1 0 1 1 1 0 1 0 1
2 90b257a3 2 7 fffff90f ffffffff 0 1 0 1 1 1 0 1 0 1
2 09ad21a3 2 7 00000083 ffffffff 0 1 0 1 1 1 0 1 0 1
2 cd0942a3 2 7 fffffcc5 ffffffff 0 1 0 1 1 1 0 1 0 1
2 3af053a3 2 7 000003a7 ffffffff 0 1 0 1 1 1 0 1 0 1
2 9c497f23 2 7 fffff9de ffffffff 0 1 0 1 1 1 0 1 0 1
2 c972b223 2 7 fffffc84 ffffffff 0 1 0 1 1 1 0 1 0 1
2 4300dba3 2 7 00000437 ffffffff 0 1 0 1 1 1 0 1 0 1
2 29b95ca3 2 7 00000299 ffffffff 0 1 0 1 1 1 0 1 0 1
2 51fa15a3 2 7 0000050b ffffffff 0 1 0 1 1 1 0 1 0 1
2 8dfddca3 2 7 fffff8d9 ffffffff 0 1 0 1 1 1 0 1 0 1
2 f7c269a3 2 7 ffffff73 ffffffff 0 1 0 1 1 1 0 1 0 1
2 a4d90923 2 7 fffffa52 ffffffff 0 1 0 1 1 1 0 1 0 1
2 2b46d923 2 7 000002b2 ffffffff 0 1 0 1 1 1 0 1 0 1
2 da60ed23 2 7 fffffdba ffffffff 0 1 0 1 1 1 0 1 0 1
2 dbbae223 2 7 fffffda4 ffffffff 0 1 0 1 1 1 0 1 0 1
2 8b53c7a3 2 7 fffff8af ffffffff 0 1 0 1 1 1 0 1 0 1
2 8b59eaa3 2 7 fffff8b5 ffffffff 0 1 0 1 1 1 0 1 0 1
2 76005ba3 2 7 00000777 ffffffff 0 1 0 1 1 1 0 1 0 1
2 c7605023 2 7 fffffc60 ffffffff 0 1 0 1 1 1 0 1 0 1
2 06d1d523 2 7 0000006a ffffffff 0 1 0 1 1 1 0 1 0 1
2 18b2ca23 2 7 00000194 ffffffff 0 1 0 1 1 1 0 1 0 1
2 92d63f23 2 7 fffff93e ffffffff 0 1 0 1 1 1 0 1 0 1
2 159a2a23 2 7 00000154 ffffffff 0 1 0 1 1 1 0 1 0 1
2 277df3a3 2 7 00000267 ffffffff 0 1 0 1 1 1 0 1 0 1
2 baed0123 2 7 fffffba2 ffffffff 0 1 0 1 1 1 0 1 0 1
2 7364f7a3 2 7 0000072f ffffffff 0 1 0 1 1 1 0 1 0 1
2 ac8a28a3 2 7 fffffad1 ffffffff 0 1 0 1 1 1 0 1 0 1
2 e164e4a3 2 7 fffffe09 ffffffff 0 1 0 1 1 1 0 1 0 1
2 90fbbaa3 2 7 fffff915 ffffffff 0 1 0 1 1 1 0 1 0 1
2 02a160a3 2 7 00000021 ffffffff 0 1 0 1 1 1 0 1 0 1
2 900ddd23 2 7 fffff91a ffffffff 0 1 0 1 1 1 0 1 0 1
2 1d9365a3 2 7 000001cb ffffffff 0 1 0 1 1 1 0 1 0 1
2 f6cba923 2 7 ffffff72 ffffffff 0 1 0 1 1 1 0 1 0 1
2 357ebf23 2 7 0000035e ffffffff 0 1 0 1 1 1 0 1 0 1
2 2099dfa3 2 7 0000021f ffffffff 0 1 0 1 1 1 0 1 0 1
3 fe000ee3 3 7 fffffffc ffffffff 0 1 0 1 0 1 1 1 0 1
3 8f970163 3 7 fffff0e2 ffffffff 0 1 0 1 0 1 1 1 0 1
3 488c0563 3 7 0000048a ffffffff 0 1 0 1 0 1 1 1 0 1
3 4aa186e3 3 7 00000cac ffffffff 0 1 0 1 0 1 1 1 0 1
3 bb25e1e3 3 7 fffffba2 ffffffff 0 1 0 1 0 1 1 1 0 1
3 5e29bb63 3 7 000005f6 ffffffff 0 1 0 1 0 1 1 1 0 1
3 c9055163 3 7 fffff482 ffffffff 0 1 0 1 0 1 1 1 0 1
3 9ed4d163 3 7 fffff1e2 ffffffff 0 1 0 1 0 1 1 1 0 1
3 9a7381e3 3 7 fffff9a2 ffffffff 0 1 0 1 0 1 1 1 0 1
3 30cce5e3 3 7 00000b0a ffffffff 0 1 0 1 0 1 1 1 0 1
3 e2a31163 3 7 fffff622 ffffffff 0 1 0 1 0 1 1 1 0 1
3 10491463 3 7 00000108 ffffffff 0 1 0 1 0 1 1 1 0 1
3 194874e3 3 7 00000988 ffffffff 0 1 0 1 0 1 1 1 0 1
3 46d26de3 3 7 00000c7a ffffffff 0 1 0 1 0 1 1 1 0 1
3 e97d93e3 3 7 fffffe86 ffffffff 0 1 0 1 0 1 1 1 0 1
3 567ac063 3 7 00000560 ffffffff 0 1 0 1 0 1 1 1 0 1
3 1dd719e3 3 7 000009d2 ffffffff 0 1 0 1 0 1 1 1 0 1
3 753a8ae3 3 7 00000f54 ffffffff 0 1 0 1 0 1 1 1 0 1
3 c291c463 3 7 fffff428 ffffffff 0 1 0 1 0 1 1 1 0 1
3 f31be263 3 7 fffff724 ffffffff 0 1 0 1 0 1 1 1 0 1
3 f6180be3 3 7 ffffff76 ffffffff 0 1 0 1 0 1 1 1 0 1
3 03decde3 3 7 0000083a ffffffff 0 1 0 1 0 1 1 1 0 1
3 9f569de3 3 7 fffff9fa ffffffff 0 1 0 1 0 1 1 1 0 1
3 e0718663 3 7 fffff60c ffffffff 0 1 0 1 0 1 1 1 0 1
3 44c07f63 3 7 0000045e ffffffff 0 1 0 1 0 1 1 1 0 1
3 bf5da463 3 7 fffff3e8 ffffffff 0 1 0 1 0 1 1 1 0 1
3 77bb6763 3 7 0000076e ffffffff 0 1 0 1 0 1 1 1 0 1
3 ea65c0e3 3 7 fffffea0 ffffffff 0 1 0 1 0 1 1 1 0 1
3 379adee3 3 7 00000b7c ffffffff 0 1 0 1 0 1 1 1 0 1
3 fc3e20e3 3 7 ffffffc0 ffffffff 0 1 0 1 0 1 1 1 0 1
3 40385563 3 7 0000040a ffffffff 0 1 0 1 0 1 1 1 0 1
3 4af2bde3 3 7 00000cba ffffffff 0 1 0 1 0 1 1 1 0 1
3 a9189563 3 7 fffff28a ffffffff 0 1 0 1 0 1 1 1 0 1
3 5338c363 3 7 00000526 ffffffff 0 1 0 1 0 1 1 1 0 1
3 fa23d463 3 7 fffff7a8 ffffffff 0 1 0 1 0 1 1 1 0 1
3 404e0c63 3 7 00000418 ffffffff 0 1 0 1 0 1 1 1 0 1
3 303b0263 3 7 00000304 ffffffff 0 1 0 1 0 1 1 1 0 1
3 955b40e3 3 7 fffff940 ffffffff 0 1 0 1 0 1 1 1 0 1
3 14f100e3 3 7 00000940 ffffffff 0 1 0 1 0 1 1 1 0 1
3 e3492ae3 3 7 fffffe34 ffffffff 0 1 0 1 0 1 1 1 0 1
3 ad9e60e3 3 7 fffffac0 ffffffff 0 1 0 1 0 1 1 1 0 1
3 e226a863 3 7 fffff630 ffffffff 0 1 0 1 0 1 1 1 0 1
3 0b202763 3 7 000000ae ffffffff 0 1 0 1 0 1 1 1 0 1
3 1b95dc63 3 7 000001b8 ffffffff 0 1 0 1 0 1 1 1 0 1
3 e1489763 3 7 fffff60e ffffffff 0 1 0 1 0 1 1 1 0 1
3 191c4c63 3 7 00000198 ffffffff 0 1 0 1 0 1 1 1 0 1
3 b6e36ee3 3 7 fffffb7c ffffffff 0 1 0 1 0 1 1 1 0 1
3 16cb2d63 3 7 0000017a ffffffff 0 1 0 1 0 1 1 1 0 1
3 ef9e98e3 3 7 fffffef0 ffffffff 0 1 0 1 0 1 1 1 0 1
3 cf4a1363 3 7 fffff4e6 ffffffff 0 1 0 1 0 1 1 1 0 1
3 bf315c63 3 7 fffff3f8 ffffffff 0 1 0 1 0 1 1 1 0 1
3 4b857b63 3 7 000004b6 ffffffff 0 1 0 1 0 1 1 1 0 1
3 88cf22e3 3 7 fffff884 ffffffff 0 1 0 1 0 1 1 1 0 1
3 9a9e9f63 3 7 fffff1be ffffffff 0 1 0 1 0 1 1 1 0 1
3 ee0e8f63 3 7 fffff6fe ffffffff 0 1 0 1 0 1 1 1 0 1
3 3a6f7463 3 7 000003a8 ffffffff 0 1 0 1 0 1 1 1 0 1
3 1c48dce3 3 7 000009d8 ffffffff 0 1 0 1 0 1 1 1 0 1
3 6e9a6663 3 7 000006ec ffffffff 0 1 0 1 0 1 1 1 0 1
3 56552a63 3 7 00000574 ffffffff 0 1 0 1 0 1 1 1 0 1
3 ac8907e3 3 7 ffffface ffffffff 0 1 0 1 0 1 1 1 0 1
3 b2bae3e3 3 7 fffffb26 ffffffff 0 1 0 1 0 1 1 1 0 1
3 62861263 3 7 00000624 ffffffff 0 1 0 1 0 1 1 1 0 1
3 0b68cde3 3 7 000008ba ffffffff 0 1 0 1 0 1 1 1 0 1
3 b555a0e3 3 7 fffffb40 ffffffff 0 1 0 1 0 1 1 1 0 1
3 a45b1a63 3 7 fffff254 ffffffff 0 1 0 1 0 1 1 1 0 1
3 5af355e3 3 7 00000daa ffffffff 0 1 0 1 0 1 1 1 0 1
3 6c3ebb63 3 7 000006d6 ffffffff 0 1 0 1 0 1 1 1 0 1
3 bdced8e3 3 7 fffffbd0 ffffffff 0 1 0 1 0 1 1 1 0 1
3 8cb6cc63 3 7 fffff0d8 ffffffff 0 1 0 1 0 1 1 1 0 1
3 d5b80de3 3 7 fffffd5a ffffffff 0 1 0 1 0 1 1 1 0 1
3 e1a59be3 3 7 fffffe16 ffffffff 0 1 0 1 0 1 1 1 0 1
3 f28db0e3 3 7 ffffff20 ffffffff 0 1 0 1 0 1 1 1 0 1
3 87e26563 3 7 fffff06a ffffffff 0 1 0 1 0 1 1 1 0 1
3 18343963 3 7 00000192 ffffffff 0 1 0 1 0 1 1 1 0 1
3 525b1b63 3 7 00000536 ffffffff 0 1 0 1 0 1 1 1 0 1
3 26bc0363 3 7 00000266 ffffffff 0 1 0 1 0 1 1 1 0 1
3 c45302e3 3 7 fffffc44 ffffffff 0 1 0 1 0 1 1 1 0 1
3 c26589e3 3 7 fffffc32 ffffffff 0 1 0 1 0 1 1 1 0 1
3 e581b6e3 3 7 fffffe4c ffffffff 0 1 0 1 0 1 1 1 0 1
3 0eff82e3 3 7 000008e4 ffffffff 0 1 0 1 0 1 1 1 0 1
3 eec5a4e3 3 7 fffffee8 ffffffff 0 1 0 1 0 1 1 1 0 1
3 d7a66f63 3 7 fffff57e ffffffff 0 1 0 1 0 1 1 1 0 1
3 6c92fbe3 3 7 00000ed6 ffffffff 0 1 0 1 0 1 1 1 0 1
3 dd2ae863 3 7 fffff5d0 ffffffff 0 1 0 1 0 1 1 1 0 1
3 c9a728e3 3 7 fffffc90 ffffffff 0 1 0 1 0 1 1 1 0 1
3 34c129e3 3 7 00000b52 ffffffff 0 1 0 1 0 1 1 1 0 1
3 e7c1f2e3 3 7 fffffe64 ffffffff 0 1 0 1 0 1 1 1 0 1
3 2219e8e3 3 7 00000a30 ffffffff 0 1 0 1 0 1 1 1 0 1
3 6f0d4d63 3 7 000006fa ffffffff 0 1 0 1 0 1 1 1 0 1
3 6869b4e3 3 7 00000e88 ffffffff 0 1 0 1 0 1 1 1 0 1
3 d5c27fe3 3 7 fffffd5e ffffffff 0 1 0 1 0 1 1 1 0 1
3 165d9863 3 7 00000170 ffffffff 0 1 0 1 0 1 1 1 0 1
3 a64eb9e3 3 7 fffffa72 ffffffff 0 1 0 1 0 1 1 1 0 1
3 a474dae3 3 7 fffffa54 ffffffff 0 1 0 1 0 1 1 1 0 1
3 677c8263 3 7 00000664 ffffffff 0 1 0 1 0 1 1 1 0 1
3 1ae27063 3 7 000001a0 ffffffff 0 1 0 1 0 1 1 1 0 1
3 312c3563 3 7 0000030a ffffffff 0 1 0 1 0 1 1 1 0 1
3 47146a63 3 7 00000474 ffffffff 0 1 0 1 0 1 1 1 0 1
3 5a61e963 3 7 000005b2 ffffffff 0 1 0 1 0 1 1 1 0 1
3 8739dbe3 3 7 fffff876 ffffffff 0 1 0 1 0 1 1 1 0 1
3 dce7dce3 3 7 fffffdd8 ffffffff 0 1 0 1 0 1 1 1 0 1
3 2b9f06e3 3 7 00000aac ffffffff 0 1 0 1 0 1 1 1 0 1
3 8c169ae3 3 7 fffff8d4 ffffffff 0 1 0 1 0 1 1 1 0 1
3 a2a68f63 3 7 fffff23e ffffffff 0 1 0 1 0 1 1 1 0 1
3 d723c1e3 3 7 fffffd62 ffffffff 0 1 0 1 0 1 1 1 0 1
3 703f5263 3 7 00000704 ffffffff 0 1 0 1 0 1 1 1 0 1
3 c5d686e3 3 7 fffffc4c ffffffff 0 1 0 1 0 1 1 1 0 1
3 dca0c563 3 7 fffff5ca ffffffff 0 1 0 1 0 1 1 1 0 1
3 42f59c63 3 7 00000438 ffffffff 0 1 0 1 0 1 1 1 0 1
3 cb5547e3 3 7 fffffcae ffffffff 0 1 0 1 0 1 1 1 0 1
3 1f813b63 3 7 000001f6 ffffffff 0 1 0 1 0 1 1 1 0 1
3 da695063 3 7 fffff5a0 ffffffff 0 1 0 1 0 1 1 1 0 1
3 fff3ebe3 3 7 fffffff6 ffffffff 0 1 0 1 0 1 1 1 0 1
3 cae0d963 3 7 fffff4b2 ffffffff 0 1 0 1 0 1 1 1 0 1
3 c63e1263 3 7 fffff464 ffffffff 0 1 0 1 0 1 1 1 0 1
3 8560b7e3 3 7 fffff84e ffffffff 0 1 0 1 0 1 1 1 0 1
3 989aae63 3 7 fffff19c ffffffff 0 1 0 1 0 1 1 1 0 1
3 db6c9963 3 7 fffff5b2 ffffffff 0 1 0 1 0 1 1 1 0 1
3 08c5d863 3 7 00000090 ffffffff 0 1 0 1 0 1 1 1 0 1
3 a3d9b463 3 7 fffff228 ffffffff 0 1 0 1 0 1 1 1 0 1
3 7c7c51e3 3 7 00000fc2 ffffffff 0 1 0 1 0 1 1 1 0 1
3 14b1d163 3 7 00000142 ffffffff 0 1 0 1 0 1 1 1 0 1
3 52db7663 3 7 0000052c ffffffff 0 1 0 1 0 1 1 1 0 1
3 1377cfe3 3 7 0000093e ffffffff 0 1 0 1 0 1 1 1 0 1
3 98235663 3 7 fffff18c ffffffff 0 1 0 1 0 1 1 1 0 1
3 2a9fbd63 3 7 000002ba ffffffff 0 1 0 1 0 1 1 1 0 1
3 c4548e63 3 7 fffff45c ffffffff 0 1 0 1 0 1 1 1 0 1
3 6a9f6763 3 7 000006ae ffffffff 0 1 0 1 0 1 1 1 0 1
3 e8e31163 3 7 fffff682 ffffffff 0 1 0 1 0 1 1 1 0 1
3 e053c263 3 7 fffff604 ffffffff 0 1 0 1 0 1 1 1 0 1
3 a51293e3 3 7 fffffa46 ffffffff 0 1 0 1 0 1 1 1 0 1
3 3ad2ade3 3 7 00000bba ffffffff 0 1 0 1 0 1 1 1 0 1
3 17e5b763 3 7 0000016e ffffffff 0 1 0 1 0 1 1 1 0 1
3 4b3227e3 3 7 00000cae ffffffff 0 1 0 1 0 1 1 1 0 1
3 4ab5f6e3 3 7 00000cac ffffffff 0 1 0 1 0 1 1 1 0 1
3 081f7c63 3 7 00000098 ffffffff 0 1 0 1 0 1 1 1 0 1
3 a4fe6b63 3 7 fffff256 ffffffff 0 1 0 1 0 1 1 1 0 1
3 3d377463 3 7 000003c8 ffffffff 0 1 0 1 0 1 1 1 0 1
3 9997d963 3 7 fffff192 ffffffff 0 1 0 1 0 1 1 1 0 1
3 16be0063 3 7 00000160 ffffffff 0 1 0 1 0 1 1 1 0 1
3 fa181763 3 7 fffff7ae ffffffff 0 1 0 1 0 1 1 1 0 1
3 8537afe3 3 7 fffff85e ffffffff 0 1 0 1 0 1 1 1 0 1
3 d5a54be3 3 7 fffffd56 ffffffff 0 1 0 1 0 1 1 1 0 1
3 b89c9663 3 7 fffff38c ffffffff 0 1 0 1 0 1 1 1 0 1
3 267fbc63 3 7 00000278 ffffffff 0 1 0 1 0 1 1 1 0 1
3 b27d7f63 3 7 fffff33e ffffffff 0 1 0 1 0 1 1 1 0 1
3 cc0ad163 3 7 fffff4c2 ffffffff 0 1 0 1 0 1 1 1 0 1
3 6109f463 3 7 00000608 ffffffff 0 1 0 1 0 1 1 1 0 1
3 c6d69de3 3 7 fffffc7a ffffffff 0 1 0 1 0 1 1 1 0 1
3 3aff35e3 3 7 00000baa ffffffff 0 1 0 1 0 1 1 1 0 1
3 c38d0be3 3 7 fffffc36 ffffffff 0 1 0 1 0 1 1 1 0 1
3 407e4763 3 7 0000040e ffffffff 0 1 0 1 0 1 1 1 0 1
3 24251463 3 7 00000248 ffffffff 0 1 0 1 0 1 1 1 0 1
3 ce78f0e3 3 7 fffffce0 ffffffff 0 1 0 1 0 1 1 1 0 1
3 f90a84e3 3 7 ffffff88 ffffffff 0 1 0 1 0 1 1 1 0 1
3 07ec0463 3 7 00000068 ffffffff 0 1 0 1 0 1 1 1 0 1
3 24491be3 3 7 00000a56 ffffffff 0 1 0 1 0 1 1 1 0 1
3 4cb9b5e3 3 7 00000cca ffffffff 0 1 0 1 0 1 1 1 0 1
3 e0f50163 3 7 fffff602 ffffffff 0 1 0 1 0 1 1 1 0 1
3 28e856e3 3 7 00000a8c ffffffff 0 1 0 1 0 1 1 1 0 1
3 3fddd8e3 3 7 00000bf0 ffffffff 0 1 0 1 0 1 1 1 0 1
3 765eff63 3 7 0000077e ffffffff 0 1 0 1 0 1 1 1 0 1
3 756a4d63 3 7 0000075a ffffffff 0 1 0 1 0 1 1 1 0 1
3 90b988e3 3 7 fffff910 ffffffff 0 1 0 1 0 1 1 1 0 1
3 48c2a9e3 3 7 00000c92 ffffffff 0 1 0 1 0 1 1 1 0 1
3 4eeda7e3 3 7 00000cee ffffffff 0 1 0 1 0 1 1 1 0 1
3 68c45763 3 7 0000068e ffffffff 0 1 0 1 0 1 1 1 0 1
3 6fae6c63 3 7 000006f8 ffffffff 0 1 0 1 0 1 1 1 0 1
3 c91d6c63 3 7 fffff498 ffffffff 0 1 0 1 0 1 1 1 0 1
3 a96220e3 3 7 fffffa80 ffffffff 0 1 0 1 0 1 1 1 0 1
3 7c9098e3 3 7 00000fd0 ffffffff 0 1 0 1 0 1 1 1 0 1
3 de946a63 3 7 fffff5f4 ffffffff 0 1 0 1 0 1 1 1 0 1
3 c59669e3 3 7 fffffc52 ffffffff 0 1 0 1 0 1 1 1 0 1
3 c00dd0e3 3 7 fffffc00 ffffffff 0 1 0 1 0 1 1 1 0 1
3 d3c16ce3 3 7 fffffd38 ffffffff 0 1 0 1 0 1 1 1 0 1
3 893354e3 3 7 fffff888 ffffffff 0 1 0 1 0 1 1 1 0 1
3 5c061763 3 7 000005ce ffffffff 0 1 0 1 0 1 1 1 0 1
3 0bb20263 3 7 000000a4 ffffffff 0 1 0 1 0 1 1 1 0 1
3 51aa4e63 3 7 0000051c ffffffff 0 1 0 1 0 1 1 1 0 1
3 f8ca37e3 3 7 ffffff8e ffffffff 0 1 0 1 0 1 1 1 0 1
3 8f07d963 3 7 fffff0f2 ffffffff 0 1 0 1 0 1 1 1 0 1
3 d8247ae3 3 7 fffffd94 ffffffff 0 1 0 1 0 1 1 1 0 1
3 1178d0e3 3 7 00000900 ffffffff 0 1 0 1 0 1 1 1 0 1
3 615732e3 3 7 00000e04 ffffffff 0 1 0 1 0 1 1 1 0 1
3 b4f574e3 3 7 fffffb48 ffffffff 0 1 0 1 0 1 1 1 0 1
3 731962e3 3 7 00000f24 ffffffff 0 1 0 1 0 1 1 1 0 1
3 6d9fc063 3 7 000006c0 ffffffff 0 1 0 1 0 1 1 1 0 1
3 f104aae3 3 7 ffffff14 ffffffff 0 1 0 1 0 1 1 1 0 1
3 f47fdde3 3 7 ffffff5a ffffffff 0 1 0 1 0 1 1 1 0 1
3 c0c500e3 3 7 fffffc00 ffffffff 0 1 0 1 0 1 1 1 0 1
3 0bddcb63 3 7 000000b6 ffffffff 0 1 0 1 0 1 1 1 0 1
3 9088b663 3 7 fffff10c ffffffff 0 1 0 1 0 1 1 1 0 1
3 2c1e4963 3 7 000002d2 ffffffff 0 1 0 1 0 1 1 1 0 1
3 50251963 3 7 00000512 ffffffff 0 1 0 1 0 1 1 1 0 1
3 1e5e21e3 3 7 000009e2 ffffffff 0 1 0 1 0 1 1 1 0 1
3 f28acd63 3 7 fffff73a ffffffff 0 1 0 1 0 1 1 1 0 1
3 d43ce163 3 7 fffff542 ffffffff 0 1 0 1 0 1 1 1 0 1
3 04abcb63 3 7 00000056 ffffffff 0 1 0 1 0 1 1 1 0 1
3 deee3b63 3 7 fffff5f6 ffffffff 0 1 0 1 0 1 1 1 0 1
3 15073a63 3 7 00000154 ffffffff 0 1 0 1 0 1 1 1 0 1
3 e64232e3 3 7 fffffe64 ffffffff 0 1 0 1 0 1 1 1 0 1
3 8489f8e3 3 7 fffff850 ffffffff 0 1 0 1 0 1 1 1 0 1
3 aaa2f863 3 7 fffff2b0 ffffffff 0 1 0 1 0 1 1 1 0 1
3 dc915c63 3 7 fffff5d8 ffffffff 0 1 0 1 0 1 1 1 0 1
3 06988ee3 3 7 0000087c ffffffff 0 1 0 1 0 1 1 1 0 1
3 94ef6963 3 7 fffff152 ffffffff 0 1 0 1 0 1 1 1 0 1
3 45facd63 3 7 0000045a ffffffff 0 1 0 1 0 1 1 1 0 1
3 1ab082e3 3 7 000009a4 ffffffff 0 1 0 1 0 1 1 1 0 1
3 e6a82ee3 3 7 fffffe7c ffffffff 0 1 0 1 0 1 1 1 0 1
3 f0b8f5e3 3 7 ffffff0a ffffffff 0 1 0 1 0 1 1 1 0 1
3 3dbf5ae3 3 7 00000bd4 ffffffff 0 1 0 1 0 1 1 1 0 1
3 93c916e3 3 7 fffff92c ffffffff 0 1 0 1 0 1 1 1 0 1
3 3e3a7ae3 3 7 00000bf4 ffffffff 0 1 0 1 0 1 1 1 0 1
3 b00e4063 3 7 fffff300 ffffffff 0 1 0 1 0 1 1 1 0 1
3 04f941e3 3 7 00000842 ffffffff 0 1 0 1 0 1 1 1 0 1
3 0ea25b63 3 7 000000f6 ffffffff 0 1 0 1 0 1 1 1 0 1
3 3cbb10e3 3 7 00000bc0 ffffffff 0 1 0 1 0 1 1 1 0 1
3 7e12bde3 3 7 00000ffa ffffffff 0 1 0 1 0 1 1 1 0 1
3 a3651de3 3 7 fffffa3a ffffffff 0 1 0 1 0 1 1 1 0 1
3 7d375c63 3 7 000007d8 ffffffff 0 1 0 1 0 1 1 1 0 1
3 2370dde3 3 7 00000a3a ffffffff 0 1 0 1 0 1 1 1 0 1
3 d6b482e3 3 7 fffffd64 ffffffff 0 1 0 1 0 1 1 1 0 1
3 81059e63 3 7 fffff01c ffffffff 0 1 0 1 0 1 1 1 0 1
3 a2e07763 3 7 fffff22e ffffffff 0 1 0 1 0 1 1 1 0 1
3 0c409b63 3 7 000000d6 ffffffff 0 1 0 1 0 1 1 1 0 1
3 6f7f94e3 3 7 00000ee8 ffffffff 0 1 0 1 0 1 1 1 0 1
3 41dbc2e3 3 7 00000c04 ffffffff 0 1 0 1 0 1 1 1 0 1
3 08f51663 3 7 0000008c ffffffff 0 1 0 1 0 1 1 1 0 1
3 fbf32663 3 7 fffff7ac ffffffff 0 1 0 1 0 1 1 1 0 1
3 ed062be3 3 7 fffffed6 ffffffff 0 1 0 1 0 1 1 1 0 1
3 82084c63 3 7 fffff038 ffffffff 0 1 0 1 0 1 1 1 0 1
3 c56e6563 3 7 fffff44a ffffffff 0 1 0 1 0 1 1 1 0 1
3 49fd5f63 3 7 0000049e ffffffff 0 1 0 1 0 1 1 1 0 1
3 7ad8ea63 3 7 000007b4 ffffffff 0 1 0 1 0 1 1 1 0 1
3 ac6272e3 3 7 fffffac4 ffffffff 0 1 0 1 0 1 1 1 0 1
3 01273ce3 3 7 00000818 ffffffff 0 1 0 1 0 1 1 1 0 1
3 c67449e3 3 7 fffffc72 ffffffff 0 1 0 1 0 1 1 1 0 1
3 aaaca4e3 3 7 fffffaa8 ffffffff 0 1 0 1 0 1 1 1 0 1
3 4f0a5863 3 7 000004f0 ffffffff 0 1 0 1 0 1 1 1 0 1
3 584eebe3 3 7 00000d96 ffffffff 0 1 0 1 0 1 1 1 0 1
3 086b8463 3 7 00000088 ffffffff 0 1 0 1 0 1 1 1 0 1
3 3c50a763 3 7 000003ce ffffffff 0 1 0 1 0 1 1 1 0 1
3 66af8563 3 7 0000066a ffffffff 0 1 0 1 0 1 1 1 0 1
3 5637a2e3 3 7 00000d64 ffffffff 0 1 0 1 0 1 1 1 0 1
3 5e751de3 3 7 00000dfa ffffffff 0 1 0 1 0 1 1 1 0 1
3 9be23b63 3 7 fffff1b6 ffffffff 0 1 0 1 0 1 1 1 0 1
3 34414c63 3 7 00000358 ffffffff 0 1 0 1 0 1 1 1 0 1
3 a836a6e3 3 7 fffffa8c ffffffff 0 1 0 1 0 1 1 1 0 1
3 e1e21b63 3 7 fffff616 ffffffff 0 1 0 1 0 1 1 1 0 1
3 7ac673e3 3 7 00000fa6 ffffffff 0 1 0 1 0 1 1 1 0 1
3 2e5d4263 3 7 000002e4 ffffffff 0 1 0 1 0 1 1 1 0 1
3 b5b0a6e3 3 7 fffffb4c ffffffff 0 1 0 1 0 1 1 1 0 1
3 037c1be3 3 7 00000836 ffffffff 0 1 0 1 0 1 1 1 0 1
3 ebc4ace3 3 7 fffffeb8 ffffffff 0 1 0 1 0 1 1 1 0 1
3 ea9406e3 3 7 fffffeac ffffffff 0 1 0 1 0 1 1 1 0 1
3 71c577e3 3 7 00000f0e ffffffff 0 1 0 1 0 1 1 1 0 1
3 ffa12ee3 3 7 fffffffc ffffffff 0 1 0 1 0 1 1 1 0 1
3 e3834263 3 7 fffff624 ffffffff 0 1 0 1 0 1 1 1 0 1
3 f79655e3 3 7 ffffff6a ffffffff 0 1 0 1 0 1 1 1 0 1
3 ce100663 3 7 fffff4ec ffffffff 0 1 0 1 0 1 1 1 0 1
3 b7c32f63 3 7 fffff37e ffffffff 0 1 0 1 0 1 1 1 0 1
3 e30a4063 3 7 fffff620 ffffffff 0 1 0 1 0 1 1 1 0 1
3 131ce063 3 7 00000120 ffffffff 0 1 0 1 0 1 1 1 0 1
3 d8cca663 3 7 fffff58c ffffffff 0 1 0 1 0 1 1 1 0 1
3 02cc9de3 3 7 0000083a ffffffff 0 1 0 1 0 1 1 1 0 1
3 57b147e3 3 7 00000d6e ffffffff 0 1 0 1 0 1 1 1 0 1
3 8c5851e3 3 7 fffff8c2 ffffffff 0 1 0 1 0 1 1 1 0 1
3 86541063 3 7 fffff060 ffffffff 0 1 0 1 0 1 1 1 0 1
3 84db5ce3 3 7 fffff858 ffffffff 0 1 0 1 0 1 1 1 0 1
3 76ccf563 3 7 0000076a ffffffff 0 1 0 1 0 1 1 1 0 1
3 c90c2ee3 3 7 fffffc9c ffffffff 0 1 0 1 0 1 1 1 0 1
3 83f21663 3 7 fffff02c ffffffff 0 1 0 1 0 1 1 1 0 1
3 837d2b63 3 7 fffff036 ffffffff 0 1 0 1 0 1 1 1 0 1
3 929827e3 3 7 fffff92e ffffffff 0 1 0 1 0 1 1 1 0 1
3 7141f263 3 7 00000704 ffffffff 0 1 0 1 0 1 1 1 0 1
3 54292ae3 3 7 00000d54 ffffffff 0 1 0 1 0 1 1 1 0 1
3 9dcce563 3 7 fffff1ca ffffffff 0 1 0 1 0 1 1 1 0 1
3 6e65f7e3 3 7 00000eee ffffffff 0 1 0 1 0 1 1 1 0 1
3 f00e3d63 3 7 fffff71a ffffffff 0 1 0 1 0 1 1 1 0 1
3 a7e281e3 3 7 fffffa62 ffffffff 0 1 0 1 0 1 1 1 0 1
3 5501a963 3 7 00000552 ffffffff 0 1 0 1 0 1 1 1 0 1
3 a17f60e3 3 7 fffffa00 ffffffff 0 1 0 1 0 1 1 1 0 1
3 e05a7c63 3 7 fffff618 ffffffff 0 1 0 1 0 1 1 1 0 1
3 b0870fe3 3 7 fffffb1e ffffffff 0 1 0 1 0 1 1 1 0 1
3 4dd59963 3 7 000004d2 ffffffff 0 1 0 1 0 1 1 1 0 1
3 244c8c63 3 7 00000258 ffffffff 0 1 0 1 0 1 1 1 0 1
3 a1873863 3 7 fffff210 ffffffff 0 1 0 1 0 1 1 1 0 1
3 8ea9d7e3 3 7 fffff8ee ffffffff 0 1 0 1 0 1 1 1 0 1
3 84487b63 3 7 fffff056 ffffffff 0 1 0 1 0 1 1 1 0 1
3 c41135e3 3 7 fffffc4a ffffffff 0 1 0 1 0 1 1 1 0 1
3 0de00163 3 7 000000c2 ffffffff 0 1 0 1 0 1 1 1 0 1
3 987823e3 3 7 fffff986 ffffffff 0 1 0 1 0 1 1 1 0 1
3 b8e039e3 3 7 fffffb92 ffffffff 0 1 0 1 0 1 1 1 0 1
3 88ef30e3 3 7 fffff880 ffffffff 0 1 0 1 0 1 1 1 0 1
3 df26c9e3 3 7 fffffdf2 ffffffff 0 1 0 1 0 1 1 1 0 1
3 a12af563 3 7 fffff20a ffffffff 0 1 0 1 0 1 1 1 0 1
3 0f67ad63 3 7 000000fa ffffffff 0 1 0 1 0 1 1 1 0 1
3 38057063 3 7 00000380 ffffffff 0 1 0 1 0 1 1 1 0 1
3 6e7db6e3 3 7 00000eec ffffffff 0 1 0 1 0 1 1 1 0 1
3 44018163 3 7 00000442 ffffffff 0 1 0 1 0 1 1 1 0 1
3 adc440e3 3 7 fffffac0 ffffffff 0 1 0 1 0 1 1 1 0 1
3 8cace5e3 3 7 fffff8ca ffffffff 0 1 0 1 0 1 1 1 0 1
3 afd85763 3 7 fffff2ee ffffffff 0 1 0 1 0 1 1 1 0 1
3 5e8ed0e3 3 7 00000de0 ffffffff 0 1 0 1 0 1 1 1 0 1
3 8483d363 3 7 fffff046 ffffffff 0 1 0 1 0 1 1 1 0 1
3 ecef55e3 3 7 fffffeca ffffffff 0 1 0 1 0 1 1 1 0 1
3 a11ecae3 3 7 fffffa14 ffffffff 0 1 0 1 0 1 1 1 0 1
3 3c4d1fe3 3 7 00000bde ffffffff 0 1 0 1 0 1 1 1 0 1
3 99a79663 3 7 fffff18c ffffffff 0 1 0 1 0 1 1 1 0 1
3 de05b8e3 3 7 fffffdf0 ffffffff 0 1 0 1 0 1 1 1 0 1
3 fff0c7e3 3 7 ffffffee ffffffff 0 1 0 1 0 1 1 1 0 1
3 e554dde3 3 7 fffffe5a ffffffff 0 1 0 1 0 1 1 1 0 1
3 e7cd2b63 3 7 fffff676 ffffffff 0 1 0 1 0 1 1 1 0 1
3 b122c3e3 3 7 fffffb06 ffffffff 0 1 0 1 0 1 1 1 0 1
3 f5d60ce3 3 7 ffffff58 ffffffff 0 1 0 1 0 1 1 1 0 1
3 a17f3663 3 7 fffff20c ffffffff 0 1 0 1 0 1 1 1 0 1
3 c8337363 3 7 fffff486 ffffffff 0 1 0 1 0 1 1 1 0 1
3 f81e3763 3 7 fffff78e ffffffff 0 1 0 1 0 1 1 1 0 1
3 1e8ce163 3 7 000001e2 ffffffff 0 1 0 1 0 1 1 1 0 1
3 5cbd8e63 3 7 000005dc ffffffff 0 1 0 1 0 1 1 1 0 1
3 acbbeae3 3 7 fffffad4 ffffffff 0 1 0 1 0 1 1 1 0 1
3 6ec392e3 3 7 00000ee4 ffffffff 0 1 0 1 0 1 1 1 0 1
3 02993f63 3 7 0000003e ffffffff 0 1 0 1 0 1 1 1 0 1
3 f03967e3 3 7 ffffff0e ffffffff 0 1 0 1 0 1 1 1 0 1
3 16c33063 3 7 00000160 ffffffff 0 1 0 1 0 1 1 1 0 1
3 a80d2d63 3 7 fffff29a ffffffff 0 1 0 1 0 1 1 1 0 1
3 a03db6e3 3 7 fffffa0c ffffffff 0 1 0 1 0 1 1 1 0 1
3 33a5f063 3 7 00000320 ffffffff 0 1 0 1 0 1 1 1 0 1
3 9c4d91e3 3 7 fffff9c2 ffffffff 0 1 0 1 0 1 1 1 0 1
3 b3e62ee3 3 7 fffffb3c ffffffff 0 1 0 1 0 1 1 1 0 1
3 45eebce3 3 7 00000c58 ffffffff 0 1 0 1 0 1 1 1 0 1
3 552098e3 3 7 00000d50 ffffffff 0 1 0 1 0 1 1 1 0 1
3 34729ce3 3 7 00000b58 ffffffff 0 1 0 1 0 1 1 1 0 1
3 08f6f063 3 7 00000080 ffffffff 0 1 0 1 0 1 1 1 0 1
3 6025b463 3 7 00000608 ffffffff 0 1 0 1 0 1 1 1 0 1
3 04870e63 3 7 0000005c ffffffff 0 1 0 1 0 1 1 1 0 1
3 c1a530e3 3 7 fffffc00 ffffffff 0 1 0 1 0 1 1 1 0 1
3 78cf5163 3 7 00000782 ffffffff 0 1 0 1 0 1 1 1 0 1
3 473875e3 3 7 00000c6a ffffffff 0 1 0 1 0 1 1 1 0 1
3 7337d0e3 3 7 00000f20 ffffffff 0 1 0 1 0 1 1 1 0 1
3 59a34ae3 3 7 00000d94 ffffffff 0 1 0 1 0 1 1 1 0 1
3 88c57fe3 3 7 fffff89e ffffffff 0 1 0 1 0 1 1 1 0 1
3 f9bce463 3 7 fffff788 ffffffff 0 1 0 1 0 1 1 1 0 1
3 16a6e6e3 3 7 0000096c ffffffff 0 1 0 1 0 1 1 1 0 1
3 8aae67e3 3 7 fffff8ae ffffffff 0 1 0 1 0 1 1 1 0 1
3 823f3ae3 3 7 fffff834 ffffffff 0 1 0 1 0 1 1 1 0 1
3 5b04f6e3 3 7 00000dac ffffffff 0 1 0 1 0 1 1 1 0 1
3 c4f1bf63 3 7 fffff45e ffffffff 0 1 0 1 0 1 1 1 0 1
3 85ca83e3 3 7 fffff846 ffffffff 0 1 0 1 0 1 1 1 0 1
3 dfb47ce3 3 7 fffffdf8 ffffffff 0 1 0 1 0 1 1 1 0 1
3 7860cde3 3 7 00000f9a ffffffff 0 1 0 1 0 1 1 1 0 1
3 df345963 3 7 fffff5f2 ffffffff 0 1 0 1 0 1 1 1 0 1
3 cf53d563 3 7 fffff4ea ffffffff 0 1 0 1 0 1 1 1 0 1
3 32df4c63 3 7 00000338 ffffffff 0 1 0 1 0 1 1 1 0 1
3 c3db8ee3 3 7 fffffc3c ffffffff 0 1 0 1 0 1 1 1 0 1
3 e9d0f8e3 3 7 fffffe90 ffffffff 0 1 0 1 0 1 1 1 0 1
3 49abd2e3 3 7 00000c84 ffffffff 0 1 0 1 0 1 1 1 0 1
3 72e8a763 3 7 0000072e ffffffff 0 1 0 1 0 1 1 1 0 1
3 37293163 3 7 00000362 ffffffff 0 1 0 1 0 1 1 1 0 1
3 ddedc2e3 3 7 fffffdc4 ffffffff 0 1 0 1 0 1 1 1 0 1
3 b44695e3 3 7 fffffb4a ffffffff 0 1 0 1 0 1 1 1 0 1
3 108d0fe3 3 7 0000091e ffffffff 0 1 0 1 0 1 1 1 0 1
3 400693e3 3 7 00000c06 ffffffff 0 1 0 1 0 1 1 1 0 1
3 8cf2b963 3 7 fffff0d2 ffffffff 0 1 0 1 0 1 1 1 0 1
3 81b84163 3 7 fffff002 ffffffff 0 1 0 1 0 1 1 1 0 1
3 382de763 3 7 0000038e ffffffff 0 1 0 1 0 1 1 1 0 1
3 f64025e3 3 7 ffffff6a ffffffff 0 1 0 1 0 1 1 1 0 1
3 f7d84063 3 7 fffff760 ffffffff 0 1 0 1 0 1 1 1 0 1
3 978f8163 3 7 fffff162 ffffffff 0 1 0 1 0 1 1 1 0 1
3 a5ddfce3 3 7 fffffa58 ffffffff 0 1 0 1 0 1 1 1 0 1
3 23c03ae3 3 7 00000a34 ffffffff 0 1 0 1 0 1 1 1 0 1
3 6334a5e3 3 7 00000e2a ffffffff 0 1 0 1 0 1 1 1 0 1
3 6112b9e3 3 7 00000e12 ffffffff 0 1 0 1 0 1 1 1 0 1
3 495034e3 3 7 00000c88 ffffffff 0 1 0 1 0 1 1 1 0 1
3 cdba8ee3 3 7 fffffcdc ffffffff 0 1 0 1 0 1 1 1 0 1
3 cb1ce963 3 7 fffff4b2 ffffffff 0 1 0 1 0 1 1 1 0 1
3 e5392a63 3 7 fffff654 ffffffff 0 1 0 1 0 1 1 1 0 1
3 80215fe3 3 7 fffff81e ffffffff 0 1 0 1 0 1 1 1 0 1
3 574a84e3 3 7 00000d68 ffffffff 0 1 0 1 0 1 1 1 0 1
3 ef099ce3 3 7 fffffef8 ffffffff 0 1 0 1 0 1 1 1 0 1
3 f515ace3 3 7 ffffff58 ffffffff 0 1 0 1 0 1 1 1 0 1
3 3cc04ce3 3 7 00000bd8 ffffffff 0 1 0 1 0 1 1 1 0 1
3 cfa54b63 3 7 fffff4f6 ffffffff 0 1 0 1 0 1 1 1 0 1
3 a2ae28e3 3 7 fffffa30 ffffffff 0 1 0 1 0 1 1 1 0 1
3 df54a263 3 7 fffff5e4 ffffffff 0 1 0 1 0 1 1 1 0 1
3 88624263 3 7 fffff084 ffffffff 0 1 0 1 0 1 1 1 0 1
3 9e91e5e3 3 7 fffff9ea ffffffff 0 1 0 1 0 1 1 1 0 1
3 b5fe2ce3 3 7 fffffb58 ffffffff 0 1 0 1 0 1 1 1 0 1
3 31f4d2e3 3 7 00000b04 ffffffff 0 1 0 1 0 1 1 1 0 1
3 60f217e3 3 7 00000e0e ffffffff 0 1 0 1 0 1 1 1 0 1
3 3418ed63 3 7 0000035a ffffffff 0 1 0 1 0 1 1 1 0 1
3 df5cf8e3 3 7 fffffdf0 ffffffff 0 1 0 1 0 1 1 1 0 1
3 84d0de63 3 7 fffff05c ffffffff 0 1 0 1 0 1 1 1 0 1
3 d1ee4b63 3 7 fffff516 ffffffff 0 1 0 1 0 1 1 1 0 1
3 e918b663 3 7 fffff68c ffffffff 0 1 0 1 0 1 1 1 0 1
3 b674ace3 3 7 fffffb78 ffffffff 0 1 0 1 0 1 1 1 0 1
3 d5dade63 3 7 fffff55c ffffffff 0 1 0 1 0 1 1 1 0 1
3 c9bb6d63 3 7 fffff49a ffffffff 0 1 0 1 0 1 1 1 0 1
3 602fbd63 3 7 0000061a ffffffff 0 1 0 1 0 1 1 1 0 1
3 7c6271e3 3 7 00000fc2 ffffffff 0 1 0 1 0 1 1 1 0 1
3 49c82ae3 3 7 00000c94 ffffffff 0 1 0 1 0 1 1 1 0 1
4 123452b7 4 7 12345000 ffffffff 1 1 0 1 0 1 0 1 0 1
4 fffff517 4 7 fffff000 ffffffff 1 1 0 1 0 1 0 1 0 1
4 fd914917 4 7 fd914000 ffffffff 1 1 0 1 0 1 0 1 0 1
4 b15ef8b7 4 7 b15ef000 ffffffff 1 1 0 1 0 1 0 1 0 1
4 b8b42f97 4 7 b8b42000 ffffffff 1 1 0 1 0 1 0 1 0 1
4 ad255517 4 7 ad255000 ffffffff 1 1 0 1 0 1 0 1 0 1
4 abfd5c17 4 7 abfd5000 ffffffff 1 1 0 1 0 1 0 1 0 1
4 79ef7137 4 7 79ef7000 ffffffff 1 1 0 1 0 1 0 1 0 1
4 53a10b17 4 7 53a10000 ffffffff 1 1 0 1 0 1 0 1 0 1
4 238e8d37 4 7 238e8000 ffffffff 1 1 0 1 0 1 0 1 0 1
4 7070c217 4 7 7070c000 ffffffff 1 1 0 1 0 1 0 1 0 1
4 8a5aee37 4 7 8a5ae000 ffffffff 1 1 0 1 0 1 0 1 0 1
4 8b5453b7 4 7 8b545000 ffffffff 1 1 0 1 0 1 0 1 0 1
4 e816ed97 4 7 e816e000 ffffffff 1 1 0 1 0 1 0 1 0 1
4 56574f17 4 7 56574000 ffffffff 1 1 0 1 0 1 0 1 0 1
4 aa040237 4 7 aa040000 ffffffff 1 1 0 1 0 1 0 1 0 1
4 6c134a97 4 7 6c134000 ffffffff 1 1 0 1 0 1 0 1 0 1
4 80da3db7 4 7 80da3000 ffffffff 1 1 0 1 0 1 0 1 0 1
4 0e708137 4 7 0e708000 ffffffff 1 1 0 1 0 1 0 1 0 1
4 5b4d7f37 4 7 5b4d7000 ffffffff 1 1 0 1 0 1 0 1 0 1
4 816eda37 4 7 816ed000 ffffffff 1 1 0 1 0 1 0 1 0 1
4 50dffeb7 4 7 50dff000 ffffffff 1 1 0 1 0 1 0 1 0 1
4 af2a2c37 4 7 af2a2000 ffffffff 1 1 0 1 0 1 0 1 0 1
4 76eb1617 4 7 76eb1000 ffffffff 1 1 0 1 0 1 0 1 0 1
4 0bcf1cb7 4 7 0bcf1000 ffffffff 1 1 0 1 0 1 0 1 0 1
4 225e3b37 4 7 225e3000 ffffffff 1 1 0 1 0 1 0 1 0 1
4 22e56637 4 7 22e56000 ffffffff 1 1 0 1 0 1 0 1 0 1
4 189ac437 4 7 189ac000 ffffffff 1 1 0 1 0 1 0 1 0 1
4 ada88397 4 7 ada88000 ffffffff 1 1 0 1 0 1 0 1 0 1
4 9c01c697 4 7 9c01c000 ffffffff 1 1 0 1 0 1 0 1 0 1
4 a47dc637 4 7 a47dc000 ffffffff 1 1 0 1 0 1 0 1 0 1
4 608b9e17 4 7 608b9000 ffffffff 1 1 0 1 0 1 0 1 0 1
4 b092e937 4 7 b092e000 ffffffff 1 1 0 1 0 1 0 1 0 1
4 e9aa0a17 4 7 e9aa0000 ffffffff 1 1 0 1 0 1 0 1 0 1
4 1a4c0b97 4 7 1a4c0000 ffffffff 1 1 0 1 0 1 0 1 0 1
4 5b717a37 4 7 5b717000 ffffffff 1 1 0 1 0 1 0 1 0 1
4 0229a837 4 7 0229a000 ffffffff 1 1 0 1 0 1 0 1 0 1
4 9c6adeb7 4 7 9c6ad000 ffffffff 1 1 0 1 0 1 0 1 0 1
4 9c5ac517 4 7 9c5ac000 ffffffff 1 1 0 1 0 1 0 1 0 1
4 bdc73237 4 7 bdc73000 ffffffff 1 1 0 1 0 1 0 1 0 1
4 be2f5137 4 7 be2f5000 ffffffff 1 1 0 1 0 1 0 1 0 1
4 fec22137 4 7 fec22000 ffffffff 1 1 0 1 0 1 0 1 0 1
4 f3ac0c97 4 7 f3ac0000 ffffffff 1 1 0 1 0 1 0 1 0 1
4 a9bbde97 4 7 a9bbd000 ffffffff 1 1 0 1 0 1 0 1 0 1
4 161fb017 4 7 161fb000 ffffffff 1 1 0 1 0 1 0 1 0 1
4 4b82f897 4 7 4b82f000 ffffffff 1 1 0 1 0 1 0 1 0 1
4 d1be7db7 4 7 d1be7000 ffffffff 1 1 0 1 0 1 0 1 0 1
4 dd465237 4 7 dd465000 ffffffff 1 1 0 1 0 1 0 1 0 1
4 09218717 4 7 09218000 ffffffff 1 1 0 1 0 1 0 1 0 1
4 c9958bb7 4 7 c9958000 ffffffff 1 1 0 1 0 1 0 1 0 1
4 4ae290b7 4 7 4ae29000 ffffffff 1 1 0 1 0 1 0 1 0 1
4 90bd2997 4 7 90bd2000 ffffffff 1 1 0 1 0 1 0 1 0 1
4 5a6d7537 4 7 5a6d7000 ffffffff 1 1 0 1 0 1 0 1 0 1
4 8b86c537 4 7 8b86c000 ffffffff 1 1 0 1 0 1 0 1 0 1
4 a4d17337 4 7 a4d17000 ffffffff 1 1 0 1 0 1 0 1 0 1
4 8a788137 4 7 8a788000 ffffffff 1 1 0 1 0 1 0 1 0 1
4 3e7b2417 4 7 3e7b2000 ffffffff 1 1 0 1 0 1 0 1 0 1
4 bd15db97 4 7 bd15d000 ffffffff 1 1 0 1 0 1 0 1 0 1
4 ccb6f337 4 7 ccb6f000 ffffffff 1 1 0 1 0 1 0 1 0 1
4 d1c44a37 4 7 d1c44000 ffffffff 1 1 0 1 0 1 0 1 0 1
4 c9de6f37 4 7 c9de6000 ffffffff 1 1 0 1 0 1 0 1 0 1
4 f82c1817 4 7 f82c1000 ffffffff 1 1 0 1 0 1 0 1 0 1
4 e9d6fb37 4 7 e9d6f000 ffffffff 1 1 0 1 0 1 0 1 0 1
4 1f6318b7 4 7 1f631000 ffffffff 1 1 0 1 0 1 0 1 0 1
4 b69adf37 4 7 b69ad000 ffffffff 1 1 0 1 0 1 0 1 0 1
4 865cb917 4 7 865cb000 ffffffff 1 1 0 1 0 1 0 1 0 1
4 e3217e97 4 7 e3217000 ffffffff 1 1 0 1 0 1 0 1 0 1
4 c4f62f97 4 7 c4f62000 ffffffff 1 1 0 1 0 1 0 1 0 1
4 f9523397 4 7 f9523000 ffffffff 1 1 0 1 0 1 0 1 0 1
4 d99cd897 4 7 d99cd000 ffffffff 1 1 0 1 0 1 0 1 0 1
4 8ffee9b7 4 7 8ffee000 ffffffff 1 1 0 1 0 1 0 1 0 1
4 6e4f2b97 4 7 6e4f2000 ffffffff 1 1 0 1 0 1 0 1 0 1
4 3da3cf37 4 7 3da3c000 ffffffff 1 1 0 1 0 1 0 1 0 1
4 06b27417 4 7 06b27000 ffffffff 1 1 0 1 0 1 0 1 0 1
4 4370dc37 4 7 4370d000 ffffffff 1 1 0 1 0 1 0 1 0 1
4 e9a1d2b7 4 7 e9a1d000 ffffffff 1 1 0 1 0 1 0 1 0 1
4 320c6837 4 7 320c6000 ffffffff 1 1 0 1 0 1 0 1 0 1
4 1f40c037 4 7 1f40c000 ffffffff 1 1 0 1 0 1 0 1 0 1
4 c95dea97 4 7 c95de000 ffffffff 1 1 0 1 0 1 0 1 0 1
4 dc31f517 4 7 dc31f000 ffffffff 1 1 0 1 0 1 0 1 0 1
4 70f64b97 4 7 70f64000 ffffffff 1 1 0 1 0 1 0 1 0 1
4 c3f1fe17 4 7 c3f1f000 ffffffff 1 1 0 1 0 1 0 1 0 1
4 beb87f37 4 7 beb87000 ffffffff 1 1 0 1 0 1 0 1 0 1
4 9a152897 4 7 9a152000 ffffffff 1 1 0 1 0 1 0 1 0 1
4 8f564217 4 7 8f564000 ffffffff 1 1 0 1 0 1 0 1 0 1
4 08729037 4 7 08729000 ffffffff 1 1 0 1 0 1 0 1 0 1
4 8cf42417 4 7 8cf42000 ffffffff 1 1 0 1 0 1 0 1 0 1
4 4b7a9737 4 7 4b7a9000 ffffffff 1 1 0 1 0 1 0 1 0 1
4 e5179537 4 7 e5179000 ffffffff 1 1 0 1 0 1 0 1 0 1
4 2adb21b7 4 7 2adb2000 ffffffff 1 1 0 1 0 1 0 1 0 1
4 0f9b3b97 4 7 0f9b3000 ffffffff 1 1 0 1 0 1 0 1 0 1
4 516d7797 4 7 516d7000 ffffffff 1 1 0 1 0 1 0 1 0 1
4 302d5997 4 7 302d5000 ffffffff 1 1 0 1 0 1 0 1 0 1
4 fb9d1397 4 7 fb9d1000 ffffffff 1 1 0 1 0 1 0 1 0 1
4 ba694c17 4 7 ba694000 ffffffff 1 1 0 1 0 1 0 1 0 1
4 0f5a6b37 4 7 0f5a6000 ffffffff 1 1 0 1 0 1 0 1 0 1
4 9b9c7137 4 7 9b9c7000 ffffffff 1 1 0 1 0 1 0 1 0 1
4 6e58d417 4 7 6e58d000 ffffffff 1 1 0 1 0 1 0 1 0 1
4 7ca890b7 4 7 7ca89000 ffffffff 1 1 0 1 0 1 0 1 0 1
4 0a83d037 4 7 0a83d000 ffffffff 1 1 0 1 0 1 0 1 0 1
4 30c99017 4 7 30c99000 ffffffff 1 1 0 1 0 1 0 1 0 1
4 468cc117 4 7 468cc000 ffffffff 1 1 0 1 0 1 0 1 0 1
4 330fb317 4 7 330fb000 ffffffff 1 1 0 1 0 1 0 1 0 1
4 9946dc37 4 7 9946d000 ffffffff 1 1 0 1 0 1 0 1 0 1
4 2b5aacb7 4 7 2b5aa000 ffffffff 1 1 0 1 0 1 0 1 0 1
4 7d398597 4 7 7d398000 ffffffff 1 1 0 1 0 1 0 1 0 1
4 637696b7 4 7 63769000 ffffffff 1 1 0 1 0 1 0 1 0 1
4 fe6f9717 4 7 fe6f9000 ffffffff 1 1 0 1 0 1 0 1 0 1
4 39f8f417 4 7 39f8f000 ffffffff 1 1 0 1 0 1 0 1 0 1
4 96bf6c97 4 7 96bf6000 ffffffff 1 1 0 1 0 1 0 1 0 1
4 05164417 4 7 05164000 ffffffff 1 1 0 1 0 1 0 1 0 1
4 0e819b97 4 7 0e819000 ffffffff 1 1 0 1 0 1 0 1 0 1
4 55f29097 4 7 55f29000 ffffffff 1 1 0 1 0 1 0 1 0 1
4 ff58ae37 4 7 ff58a000 ffffffff 1 1 0 1 0 1 0 1 0 1
4 f10f7db7 4 7 f10f7000 ffffffff 1 1 0 1 0 1 0 1 0 1
4 8e163cb7 4 7 8e163000 ffffffff 1 1 0 1 0 1 0 1 0 1
4 dad3d1b7 4 7 dad3d000 ffffffff 1 1 0 1 0 1 0 1 0 1
4 9f897637 4 7 9f897000 ffffffff 1 1 0 1 0 1 0 1 0 1
4 c41e6497 4 7 c41e6000 ffffffff 1 1 0 1 0 1 0 1 0 1
4 20815a97 4 7 20815000 ffffffff 1 1 0 1 0 1 0 1 0 1
4 0ff6d517 4 7 0ff6d000 ffffffff 1 1 0 1 0 1 0 1 0 1
4 c3b31037 4 7 c3b31000 ffffffff 1 1 0 1 0 1 0 1 0 1
4 5236aeb7 4 7 5236a000 ffffffff 1 1 0 1 0 1 0 1 0 1
4 d08e50b7 4 7 d08e5000 ffffffff 1 1 0 1 0 1 0 1 0 1
4 88ec0c17 4 7 88ec0000 ffffffff 1 1 0 1 0 1 0 1 0 1
4 58f42117 4 7 58f42000 ffffffff 1 1 0 1 0 1 0 1 0 1
4 b65627b7 4 7 b6562000 ffffffff 1 1 0 1 0 1 0 1 0 1
4 b5658117 4 7 b5658000 ffffffff 1 1 0 1 0 1 0 1 0 1
4 b22ac3b7 4 7 b22ac000 ffffffff 1 1 0 1 0 1 0 1 0 1
4 f4cb5217 4 7 f4cb5000 ffffffff 1 1 0 1 0 1 0 1 0 1
4 1d166c97 4 7 1d166000 ffffffff 1 1 0 1 0 1 0 1 0 1
4 3e5d46b7 4 7 3e5d4000 ffffffff 1 1 0 1 0 1 0 1 0 1
4 fc9bc697 4 7 fc9bc000 ffffffff 1 1 0 1 0 1 0 1 0 1
4 462a1337 4 7 462a1000 ffffffff 1 1 0 1 0 1 0 1 0 1
4 160f3e37 4 7 160f3000 ffffffff 1 1 0 1 0 1 0 1 0 1
4 22cd9897 4 7 22cd9000 ffffffff 1 1 0 1 0 1 0 1 0 1
4 1d2931b7 4 7 1d293000 ffffffff 1 1 0 1 0 1 0 1 0 1
4 62cc4e37 4 7 62cc4000 ffffffff 1 1 0 1 0 1 0 1 0 1
4 424c5c17 4 7 424c5000 ffffffff 1 1 0 1 0 1 0 1 0 1
4 fbe80b17 4 7 fbe80000 ffffffff 1 1 0 1 0 1 0 1 0 1
4 d0ab8cb7 4 7 d0ab8000 ffffffff 1 1 0 1 0 1 0 1 0 1
4 38008fb7 4 7 38008000 ffffffff 1 1 0 1 0 1 0 1 0 1
4 adde9297 4 7 adde9000 ffffffff 1 1 0 1 0 1 0 1 0 1
4 a4686ab7 4 7 a4686000 ffffffff 1 1 0 1 0 1 0 1 0 1
4 4d6c0017 4 7 4d6c0000 ffffffff 1 1 0 1 0 1 0 1 0 1
4 5da8e297 4 7 5da8e000 ffffffff 1 1 0 1 0 1 0 1 0 1
4 dd84a637 4 7 dd84a000 ffffffff 1 1 0 1 0 1 0 1 0 1
4 5960f9b7 4 7 5960f000 ffffffff 1 1 0 1 0 1 0 1 0 1
4 6c728fb7 4 7 6c728000 ffffffff 1 1 0 1 0 1 0 1 0 1
4 431e0297 4 7 431e0000 ffffffff 1 1 0 1 0 1 0 1 0 1
4 7a476e17 4 7 7a476000 ffffffff 1 1 0 1 0 1 0 1 0 1
4 1f253237 4 7 1f253000 ffffffff 1 1 0 1 0 1 0 1 0 1
4 b39eacb7 4 7 b39ea000 ffffffff 1 1 0 1 0 1 0 1 0 1
4 b4c07d17 4 7 b4c07000 ffffffff 1 1 0 1 0 1 0 1 0 1
4 7c794337 4 7 7c794000 ffffffff 1 1 0 1 0 1 0 1 0 1
4 c9255537 4 7 c9255000 ffffffff 1 1 0 1 0 1 0 1 0 1
4 fed26917 4 7 fed26000 ffffffff 1 1 0 1 0 1 0 1 0 1
4 39aec5b7 4 7 39aec000 ffffffff 1 1 0 1 0 1 0 1 0 1
4 10aba697 4 7 10aba000 ffffffff 1 1 0 1 0 1 0 1 0 1
4 971803b7 4 7 97180000 ffffffff 1 1 0 1 0 1 0 1 0 1
4 c33ef837 4 7 c33ef000 ffffffff 1 1 0 1 0 1 0 1 0 1
4 c801c9b7 4 7 c801c000 ffffffff 1 1 0 1 0 1 0 1 0 1
4 a0b61097 4 7 a0b61000 ffffffff 1 1 0 1 0 1 0 1 0 1
4 27995297 4 7 27995000 ffffffff 1 1 0 1 0 1 0 1 0 1
4 75d81917 4 7 75d81000 ffffffff 1 1 0 1 0 1 0 1 0 1
4 a7864197 4 7 a7864000 ffffffff 1 1 0 1 0 1 0 1 0 1
4 e738b937 4 7 e738b000 ffffffff 1 1 0 1 0 1 0 1 0 1
4 2910f4b7 4 7 2910f000 ffffffff 1 1 0 1 0 1 0 1 0 1
4 858405b7 4 7 85840000 ffffffff 1 1 0 1 0 1 0 1 0 1
4 32e18f17 4 7 32e18000 ffffffff 1 1 0 1 0 1 0 1 0 1
4 7a7d1a17 4 7 7a7d1000 ffffffff 1 1 0 1 0 1 0 1 0 1
4 a59a7a37 4 7 a59a7000 ffffffff 1 1 0 1 0 1 0 1 0 1
4 1f568137 4 7 1f568000 ffffffff 1 1 0 1 0 1 0 1 0 1
4 26af7c17 4 7 26af7000 ffffffff 1 1 0 1 0 1 0 1 0 1
4 6f09eab7 4 7 6f09e000 ffffffff 1 1 0 1 0 1 0 1 0 1
4 4fbaff37 4 7 4fbaf000 ffffffff 1 1 0 1 0 1 0 1 0 1
4 705e4637 4 7 705e4000 ffffffff 1 1 0 1 0 1 0 1 0 1
4 1049e117 4 7 1049e000 ffffffff 1 1 0 1 0 1 0 1 0 1
4 584f0c97 4 7 584f0000 ffffffff 1 1 0 1 0 1 0 1 0 1
4 fbe83db7 4 7 fbe83000 ffffffff 1 1 0 1 0 1 0 1 0 1
4 68d2c517 4 7 68d2c000 ffffffff 1 1 0 1 0 1 0 1 0 1
4 f33ae717 4 7 f33ae000 ffffffff 1 1 0 1 0 1 0 1 0 1
4 b39df897 4 7 b39df000 ffffffff 1 1 0 1 0 1 0 1 0 1
4 1258f237 4 7 1258f000 ffffffff 1 1 0 1 0 1 0 1 0 1
4 ab134897 4 7 ab134000 ffffffff 1 1 0 1 0 1 0 1 0 1
4 2b7c2137 4 7 2b7c2000 ffffffff 1 1 0 1 0 1 0 1 0 1
4 4234f397 4 7 4234f000 ffffffff 1 1 0 1 0 1 0 1 0 1
4 6a3ac637 4 7 6a3ac000 ffffffff 1 1 0 1 0 1 0 1 0 1
4 38d8e997 4 7 38d8e000 ffffffff 1 1 0 1 0 1 0 1 0 1
4 d5f078b7 4 7 d5f07000 ffffffff 1 1 0 1 0 1 0 1 0 1
4 11c490b7 4 7 11c49000 ffffffff 1 1 0 1 0 1 0 1 0 1
4 33fcd097 4 7 33fcd000 ffffffff 1 1 0 1 0 1 0 1 0 1
4 6de7d797 4 7 6de7d000 ffffffff 1 1 0 1 0 1 0 1 0 1
4 a9efd4b7 4 7 a9efd000 ffffffff 1 1 0 1 0 1 0 1 0 1
4 e3a99f37 4 7 e3a99000 ffffffff 1 1 0 1 0 1 0 1 0 1
4 35a51117 4 7 35a51000 ffffffff 1 1 0 1 0 1 0 1 0 1
4 4e562517 4 7 4e562000 ffffffff 1 1 0 1 0 1 0 1 0 1
4 8a75f917 4 7 8a75f000 ffffffff 1 1 0 1 0 1 0 1 0 1
4 c4a4af37 4 7 c4a4a000 ffffffff 1 1 0 1 0 1 0 1 0 1
4 cb15f537 4 7 cb15f000 ffffffff 1 1 0 1 0 1 0 1 0 1
4 706f9297 4 7 706f9000 ffffffff 1 1 0 1 0 1 0 1 0 1
4 dd214f17 4 7 dd214000 ffffffff 1 1 0 1 0 1 0 1 0 1
4 8b0ff497 4 7 8b0ff000 ffffffff 1 1 0 1 0 1 0 1 0 1
4 e5e7f397 4 7 e5e7f000 ffffffff 1 1 0 1 0 1 0 1 0 1
4 61e4ebb7 4 7 61e4e000 ffffffff 1 1 0 1 0 1 0 1 0 1
4 4989be37 4 7 4989b000 ffffffff 1 1 0 1 0 1 0 1 0 1
4 95e497b7 4 7 95e49000 ffffffff 1 1 0 1 0 1 0 1 0 1
4 82463f17 4 7 82463000 ffffffff 1 1 0 1 0 1 0 1 0 1
4 9ead6b97 4 7 9ead6000 ffffffff 1 1 0 1 0 1 0 1 0 1
4 ce1bb997 4 7 ce1bb000 ffffffff 1 1 0 1 0 1 0 1 0 1
4 65a780b7 4 7 65a78000 ffffffff 1 1 0 1 0 1 0 1 0 1
4 809e17b7 4 7 809e1000 ffffffff 1 1 0 1 0 1 0 1 0 1
4 98b8a697 4 7 98b8a000 ffffffff 1 1 0 1 0 1 0 1 0 1
4 49c0aeb7 4 7 49c0a000 ffffffff 1 1 0 1 0 1 0 1 0 1
4 a4c515b7 4 7 a4c51000 ffffffff 1 1 0 1 0 1 0 1 0 1
4 747735b7 4 7 74773000 ffffffff 1 1 0 1 0 1 0 1 0 1
4 de20dd17 4 7 de20d000 ffffffff 1 1 0 1 0 1 0 1 0 1
4 3cc05b17 4 7 3cc05000 ffffffff 1 1 0 1 0 1 0 1 0 1
4 c0593297 4 7 c0593000 ffffffff 1 1 0 1 0 1 0 1 0 1
4 14a9bb37 4 7 14a9b000 ffffffff 1 1 0 1 0 1 0 1 0 1
4 ecbd7017 4 7 ecbd7000 ffffffff 1 1 0 1 0 1 0 1 0 1
4 bd08b037 4 7 bd08b000 ffffffff 1 1 0 1 0 1 0 1 0 1
4 761f1fb7 4 7 761f1000 ffffffff 1 1 0 1 0 1 0 1 0 1
4 fe28b197 4 7 fe28b000 ffffffff 1 1 0 1 0 1 0 1 0 1
4 5ae88597 4 7 5ae88000 ffffffff 1 1 0 1 0 1 0 1 0 1
4 094eb5b7 4 7 094eb000 ffffffff 1 1 0 1 0 1 0 1 0 1
4 2331ef97 4 7 2331e000 ffffffff 1 1 0 1 0 1 0 1 0 1
4 dc18e297 4 7 dc18e000 ffffffff 1 1 0 1 0 1 0 1 0 1
4 37c5a937 4 7 37c5a000 ffffffff 1 1 0 1 0 1 0 1 0 1
4 eaea9237 4 7 eaea9000 ffffffff 1 1 0 1 0 1 0 1 0 1
4 ff287197 4 7 ff287000 ffffffff 1 1 0 1 0 1 0 1 0 1
4 e5cad237 4 7 e5cad000 ffffffff 1 1 0 1 0 1 0 1 0 1
4 08387f17 4 7 08387000 ffffffff 1 1 0 1 0 1 0 1 0 1
4 9494db17 4 7 9494d000 ffffffff 1 1 0 1 0 1 0 1 0 1
4 c6e6b917 4 7 c6e6b000 ffffffff 1 1 0 1 0 1 0 1 0 1
4 6a6c0c97 4 7 6a6c0000 ffffffff 1 1 0 1 0 1 0 1 0 1
4 301fd237 4 7 301fd000 ffffffff 1 1 0 1 0 1 0 1 0 1
4 dca81c17 4 7 dca81000 ffffffff 1 1 0 1 0 1 0 1 0 1
4 cc8c8117 4 7 cc8c8000 ffffffff 1 1 0 1 0 1 0 1 0 1
4 53e2bf17 4 7 53e2b000 ffffffff 1 1 0 1 0 1 0 1 0 1
4 061d9e37 4 7 061d9000 ffffffff 1 1 0 1 0 1 0 1 0 1
4 6247d417 4 7 6247d000 ffffffff 1 1 0 1 0 1 0 1 0 1
4 3cc6d617 4 7 3cc6d000 ffffffff 1 1 0 1 0 1 0 1 0 1
4 12f05317 4 7 12f05000 ffffffff 1 1 0 1 0 1 0 1 0 1
4 b015c697 4 7 b015c000 ffffffff 1 1 0 1 0 1 0 1 0 1
4 b2bc8637 4 7 b2bc8000 ffffffff 1 1 0 1 0 1 0 1 0 1
4 32486617 4 7 32486000 ffffffff 1 1 0 1 0 1 0 1 0 1
4 8469ad37 4 7 8469a000 ffffffff 1 1 0 1 0 1 0 1 0 1
4 744bb297 4 7 744bb000 ffffffff 1 1 0 1 0 1 0 1 0 1
4 3fd82e37 4 7 3fd82000 ffffffff 1 1 0 1 0 1 0 1 0 1
4 69359517 4 7 69359000 ffffffff 1 1 0 1 0 1 0 1 0 1
4 4affce97 4 7 4affc000 ffffffff 1 1 0 1 0 1 0 1 0 1
4 37a2e137 4 7 37a2e000 ffffffff 1 1 0 1 0 1 0 1 0 1
4 d4ca6637 4 7 d4ca6000 ffffffff 1 1 0 1 0 1 0 1 0 1
4 f66f65b7 4 7 f66f6000 ffffffff 1 1 0 1 0 1 0 1 0 1
4 4d3cb797 4 7 4d3cb000 ffffffff 1 1 0 1 0 1 0 1 0 1
4 6da25697 4 7 6da25000 ffffffff 1 1 0 1 0 1 0 1 0 1
4 d7f26b37 4 7 d7f26000 ffffffff 1 1 0 1 0 1 0 1 0 1
4 23ea0817 4 7 23ea0000 ffffffff 1 1 0 1 0 1 0 1 0 1
4 9ec76317 4 7 9ec76000 ffffffff 1 1 0 1 0 1 0 1 0 1
4 6c9194b7 4 7 6c919000 ffffffff 1 1 0 1 0 1 0 1 0 1
4 405a3217 4 7 405a3000 ffffffff 1 1 0 1 0 1 0 1 0 1
4 aa2f3db7 4 7 aa2f3000 ffffffff 1 1 0 1 0 1 0 1 0 1
4 524788b7 4 7 52478000 ffffffff 1 1 0 1 0 1 0 1 0 1
4 07d4d937 4 7 07d4d000 ffffffff 1 1 0 1 0 1 0 1 0 1
4 84d3b1b7 4 7 84d3b000 ffffffff 1 1 0 1 0 1 0 1 0 1
4 81169d37 4 7 81169000 ffffffff 1 1 0 1 0 1 0 1 0 1
4 3da9a397 4 7 3da9a000 ffffffff 1 1 0 1 0 1 0 1 0 1
4 f0751a97 4 7 f0751000 ffffffff 1 1 0 1 0 1 0 1 0 1
4 27c26b97 4 7 27c26000 ffffffff 1 1 0 1 0 1 0 1 0 1
4 83fcf737 4 7 83fcf000 ffffffff 1 1 0 1 0 1 0 1 0 1
4 c7833ab7 4 7 c7833000 ffffffff 1 1 0 1 0 1 0 1 0 1
4 b5c838b7 4 7 b5c83000 ffffffff 1 1 0 1 0 1 0 1 0 1
4 08ea3697 4 7 08ea3000 ffffffff 1 1 0 1 0 1 0 1 0 1
4 63c98537 4 7 63c98000 ffffffff 1 1 0 1 0 1 0 1 0 1
4 535e3697 4 7 535e3000 ffffffff 1 1 0 1 0 1 0 1 0 1
4 993bab97 4 7 993ba000 ffffffff 1 1 0 1 0 1 0 1 0 1
4 a6adf097 4 7 a6adf000 ffffffff 1 1 0 1 0 1 0 1 0 1
4 4af68e17 4 7 4af68000 ffffffff 1 1 0 1 0 1 0 1 0 1
4 18d70637 4 7 18d70000 ffffffff 1 1 0 1 0 1 0 1 0 1
4 56746f17 4 7 56746000 ffffffff 1 1 0 1 0 1 0 1 0 1
4 88dd81b7 4 7 88dd8000 ffffffff 1 1 0 1 0 1 0 1 0 1
4 4a240197 4 7 4a240000 ffffffff 1 1 0 1 0 1 0 1 0 1
4 7fc66537 4 7 7fc66000 ffffffff 1 1 0 1 0 1 0 1 0 1
4 3ce0ed97 4 7 3ce0e000 ffffffff 1 1 0 1 0 1 0 1 0 1
4 300b49b7 4 7 300b4000 ffffffff 1 1 0 1 0 1 0 1 0 1
4 8aef80b7 4 7 8aef8000 ffffffff 1 1 0 1 0 1 0 1 0 1
4 d31c0b37 4 7 d31c0000 ffffffff 1 1 0 1 0 1 0 1 0 1
4 9fd19b97 4 7 9fd19000 ffffffff 1 1 0 1 0 1 0 1 0 1
4 3169a337 4 7 3169a000 ffffffff 1 1 0 1 0 1 0 1 0 1
4 0048a9b7 4 7 0048a000 ffffffff 1 1 0 1 0 1 0 1 0 1
4 3f7456b7 4 7 3f745000 ffffffff 1 1 0 1 0 1 0 1 0 1
4 b6ea54b7 4 7 b6ea5000 ffffffff 1 1 0 1 0 1 0 1 0 1
4 2449d997 4 7 2449d000 ffffffff 1 1 0 1 0 1 0 1 0 1
4 cbbc19b7 4 7 cbbc1000 ffffffff 1 1 0 1 0 1 0 1 0 1
4 7962b997 4 7 7962b000 ffffffff 1 1 0 1 0 1 0 1 0 1
4 7f612cb7 4 7 7f612000 ffffffff 1 1 0 1 0 1 0 1 0 1
4 d0e76037 4 7 d0e76000 ffffffff 1 1 0 1 0 1 0 1 0 1
4 d4853b37 4 7 d4853000 ffffffff 1 1 0 1 0 1 0 1 0 1
4 0a4ea337 4 7 0a4ea000 ffffffff 1 1 0 1 0 1 0 1 0 1
4 a5725337 4 7 a5725000 ffffffff 1 1 0 1 0 1 0 1 0 1
4 5795c497 4 7 5795c000 ffffffff 1 1 0 1 0 1 0 1 0 1
4 706da717 4 7 706da000 ffffffff 1 1 0 1 0 1 0 1 0 1
4 1bacb7b7 4 7 1bacb000 ffffffff 1 1 0 1 0 1 0 1 0 1
4 ab81b337 4 7 ab81b000 ffffffff 1 1 0 1 0 1 0 1 0 1
4 d726a697 4 7 d726a000 ffffffff 1 1 0 1 0 1 0 1 0 1
4 79f7ecb7 4 7 79f7e000 ffffffff 1 1 0 1 0 1 0 1 0 1
4 1f993bb7 4 7 1f993000 ffffffff 1 1 0 1 0 1 0 1 0 1
4 e575d017 4 7 e575d000 ffffffff 1 1 0 1 0 1 0 1 0 1
4 a3a8a8b7 4 7 a3a8a000 ffffffff 1 1 0 1 0 1 0 1 0 1
4 85573697 4 7 85573000 ffffffff 1 1 0 1 0 1 0 1 0 1
4 9da3edb7 4 7 9da3e000 ffffffff 1 1 0 1 0 1 0 1 0 1
4 65e1e817 4 7 65e1e000 ffffffff 1 1 0 1 0 1 0 1 0 1
4 969ca397 4 7 969ca000 ffffffff 1 1 0 1 0 1 0 1 0 1
4 3d3d7797 4 7 3d3d7000 ffffffff 1 1 0 1 0 1 0 1 0 1
4 9ea4abb7 4 7 9ea4a000 ffffffff 1 1 0 1 0 1 0 1 0 1
4 61bc4917 4 7 61bc4000 ffffffff 1 1 0 1 0 1 0 1 0 1
4 7029f337 4 7 7029f000 ffffffff 1 1 0 1 0 1 0 1 0 1
4 91d97117 4 7 91d97000 ffffffff 1 1 0 1 0 1 0 1 0 1
4 016c7e17 4 7 016c7000 ffffffff 1 1 0 1 0 1 0 1 0 1
4 10a02f37 4 7 10a02000 ffffffff 1 1 0 1 0 1 0 1 0 1
4 836e0c97 4 7 836e0000 ffffffff 1 1 0 1 0 1 0 1 0 1
4 06cb56b7 4 7 06cb5000 ffffffff 1 1 0 1 0 1 0 1 0 1
4 5a7ae237 4 7 5a7ae000 ffffffff 1 1 0 1 0 1 0 1 0 1
4 868214b7 4 7 86821000 ffffffff 1 1 0 1 0 1 0 1 0 1
4 c9d19897 4 7 c9d19000 ffffffff 1 1 0 1 0 1 0 1 0 1
4 b94c0997 4 7 b94c0000 ffffffff 1 1 0 1 0 1 0 1 0 1
4 89ca6017 4 7 89ca6000 ffffffff 1 1 0 1 0 1 0 1 0 1
4 f3e5ab37 4 7 f3e5a000 ffffffff 1 1 0 1 0 1 0 1 0 1
4 817aa4b7 4 7 817aa000 ffffffff 1 1 0 1 0 1 0 1 0 1
4 52c9b017 4 7 52c9b000 ffffffff 1 1 0 1 0 1 0 1 0 1
4 a4a42a17 4 7 a4a42000 ffffffff 1 1 0 1 0 1 0 1 0 1
4 4da33f17 4 7 4da33000 ffffffff 1 1 0 1 0 1 0 1 0 1
4 63855937 4 7 63855000 ffffffff 1 1 0 1 0 1 0 1 0 1
4 f2ecaa97 4 7 f2eca000 ffffffff 1 1 0 1 0 1 0 1 0 1
4 4f7645b7 4 7 4f764000 ffffffff 1 1 0 1 0 1 0 1 0 1
4 1273b397 4 7 1273b000 ffffffff 1 1 0 1 0 1 0 1 0 1
4 6b1d6637 4 7 6b1d6000 ffffffff 1 1 0 1 0 1 0 1 0 1
4 40ad9417 4 7 40ad9000 ffffffff 1 1 0 1 0 1 0 1 0 1
4 431e0817 4 7 431e0000 ffffffff 1 1 0 1 0 1 0 1 0 1
4 067c3397 4 7 067c3000 ffffffff 1 1 0 1 0 1 0 1 0 1
4 3239b597 4 7 3239b000 ffffffff 1 1 0 1 0 1 0 1 0 1
4 646e1c37 4 7 646e1000 ffffffff 1 1 0 1 0 1 0 1 0 1
4 719f4a97 4 7 719f4000 ffffffff 1 1 0 1 0 1 0 1 0 1
4 abcc5137 4 7 abcc5000 ffffffff 1 1 0 1 0 1 0 1 0 1
4 042f2c37 4 7 042f2000 ffffffff 1 1 0 1 0 1 0 1 0 1
4 8f75cab7 4 7 8f75c000 ffffffff 1 1 0 1 0 1 0 1 0 1
4 7cd8a097 4 7 7cd8a000 ffffffff 1 1 0 1 0 1 0 1 0 1
4 0477abb7 4 7 0477a000 ffffffff 1 1 0 1 0 1 0 1 0 1
4 9d128c37 4 7 9d128000 ffffffff 1 1 0 1 0 1 0 1 0 1
4 ce8ab837 4 7 ce8ab000 ffffffff 1 1 0 1 0 1 0 1 0 1
4 b8ee5bb7 4 7 b8ee5000 ffffffff 1 1 0 1 0 1 0 1 0 1
4 59ca5d37 4 7 59ca5000 ffffffff 1 1 0 1 0 1 0 1 0 1
4 ef751097 4 7 ef751000 ffffffff 1 1 0 1 0 1 0 1 0 1
4 f3c0c817 4 7 f3c0c000 ffffffff 1 1 0 1 0 1 0 1 0 1
4 47d58eb7 4 7 47d58000 ffffffff 1 1 0 1 0 1 0 1 0 1
4 00a429b7 4 7 00a42000 ffffffff 1 1 0 1 0 1 0 1 0 1
4 0db44a97 4 7 0db44000 ffffffff 1 1 0 1 0 1 0 1 0 1
4 13896637 4 7 13896000 ffffffff 1 1 0 1 0 1 0 1 0 1
4 21307c37 4 7 21307000 ffffffff 1 1 0 1 0 1 0 1 0 1
4 8bf8d337 4 7 8bf8d000 ffffffff 1 1 0 1 0 1 0 1 0 1
4 36276817 4 7 36276000 ffffffff 1 1 0 1 0 1 0 1 0 1
4 9f41be97 4 7 9f41b000 ffffffff 1 1 0 1 0 1 0 1 0 1
4 e8d018b7 4 7 e8d01000 ffffffff 1 1 0 1 0 1 0 1 0 1
4 f8d77db7 4 7 f8d77000 ffffffff 1 1 0 1 0 1 0 1 0 1
4 0ce456b7 4 7 0ce45000 ffffffff 1 1 0 1 0 1 0 1 0 1
4 55285297 4 7 55285000 ffffffff 1 1 0 1 0 1 0 1 0 1
4 94800237 4 7 94800000 ffffffff 1 1 0 1 0 1 0 1 0 1
4 14912397 4 7 14912000 ffffffff 1 1 0 1 0 1 0 1 0 1
4 f9d5ac37 4 7 f9d5a000 ffffffff 1 1 0 1 0 1 0 1 0 1
4 69f90737 4 7 69f90000 ffffffff 1 1 0 1 0 1 0 1 0 1
4 40444f97 4 7 40444000 ffffffff 1 1 0 1 0 1 0 1 0 1
4 bdf7be37 4 7 bdf7b000 ffffffff 1 1 0 1 0 1 0 1 0 1
4 5342b217 4 7 5342b000 ffffffff 1 1 0 1 0 1 0 1 0 1
4 55e2cf97 4 7 55e2c000 ffffffff 1 1 0 1 0 1 0 1 0 1
4 f908e397 4 7 f908e000 ffffffff 1 1 0 1 0 1 0 1 0 1
4 743b1c37 4 7 743b1000 ffffffff 1 1 0 1 0 1 0 1 0 1
4 9605fc97 4 7 9605f000 ffffffff 1 1 0 1 0 1 0 1 0 1
4 017cd1b7 4 7 017cd000 ffffffff 1 1 0 1 0 1 0 1 0 1
4 330c7497 4 7 330c7000 ffffffff 1 1 0 1 0 1 0 1 0 1
4 7d021417 4 7 7d021000 ffffffff 1 1 0 1 0 1 0 1 0 1
4 56ee1737 4 7 56ee1000 ffffffff 1 1 0 1 0 1 0 1 0 1
4 f06ac997 4 7 f06ac000 ffffffff 1 1 0 1 0 1 0 1 0 1
4 f31bd497 4 7 f31bd000 ffffffff 1 1 0 1 0 1 0 1 0 1
4 59a4c997 4 7 59a4c000 ffffffff 1 1 0 1 0 1 0 1 0 1
4 d0261e37 4 7 d0261000 ffffffff 1 1 0 1 0 1 0 1 0 1
4 8e4b8037 4 7 8e4b8000 ffffffff 1 1 0 1 0 1 0 1 0 1
4 9a0952b7 4 7 9a095000 ffffffff 1 1 0 1 0 1 0 1 0 1
4 7acfc217 4 7 7acfc000 ffffffff 1 1 0 1 0 1 0 1 0 1
4 be02d037 4 7 be02d000 ffffffff 1 1 0 1 0 1 0 1 0 1
4 50d97b97 4 7 50d97000 ffffffff 1 1 0 1 0 1 0 1 0 1
4 415f2317 4 7 415f2000 ffffffff 1 1 0 1 0 1 0 1 0 1
4 eb7b2db7 4 7 eb7b2000 ffffffff 1 1 0 1 0 1 0 1 0 1
4 fe768517 4 7 fe768000 ffffffff 1 1 0 1 0 1 0 1 0 1
4 af3581b7 4 7 af358000 ffffffff 1 1 0 1 0 1 0 1 0 1
4 91b87c17 4 7 91b87000 ffffffff 1 1 0 1 0 1 0 1 0 1
4 3bc7f837 4 7 3bc7f000 ffffffff 1 1 0 1 0 1 0 1 0 1
4 b11acc97 4 7 b11ac000 ffffffff 1 1 0 1 0 1 0 1 0 1
4 1cf3e017 4 7 1cf3e000 ffffffff 1 1 0 1 0 1 0 1 0 1
4 9e5c5d17 4 7 9e5c5000 ffffffff 1 1 0 1 0 1 0 1 0 1
4 28c74eb7 4 7 28c74000 ffffffff 1 1 0 1 0 1 0 1 0 1
4 94602f17 4 7 94602000 ffffffff 1 1 0 1 0 1 0 1 0 1
5 008000ef 5 7 00000008 ffffffff 1 1 0 1 0 1 0 1 1 1
5 ffdff0ef 5 7 fffffffc ffffffff 1 1 0 1 0 1 0 1 1 1
5 9d275d6f 5 7 fff751d2 ffffffff 1 1 0 1 0 1 0 1 1 1
5 cc44336f 5 7 fff434c4 ffffffff 1 1 0 1 0 1 0 1 1 1
5 6c225d6f 5 7 000256c2 ffffffff 1 1 0 1 0 1 0 1 1 1
5 b344daef 5 7 fff4d334 ffffffff 1 1 0 1 0 1 0 1 1 1
5 123f38ef 5 7 000f3922 ffffffff 1 1 0 1 0 1 0 1 1 1
5 2960f5ef 5 7 0000f296 ffffffff 1 1 0 1 0 1 0 1 1 1
5 8e49826f 5 7 fff980e4 ffffffff 1 1 0 1 0 1 0 1 1 1
5 49b8036f 5 7 00080c9a ffffffff 1 1 0 1 0 1 0 1 1 1
5 f90c3fef 5 7 fffc3790 ffffffff 1 1 0 1 0 1 0 1 1 1
5 73948bef 5 7 00048f38 ffffffff 1 1 0 1 0 1 0 1 1 1
5 0b9a9b6f 5 7 000a98b8 ffffffff 1 1 0 1 0 1 0 1 1 1
5 0709be6f 5 7 0009b070 ffffffff 1 1 0 1 0 1 0 1 1 1
5 6dedc56f 5 7 000dc6de ffffffff 1 1 0 1 0 1 0 1 1 1
5 2ee8da6f 5 7 0008d2ee ffffffff 1 1 0 1 0 1 0 1 1 1
5 8dd140ef 5 7 fff148dc ffffffff 1 1 0 1 0 1 0 1 1 1
5 947e1fef 5 7 fffe1946 ffffffff 1 1 0 1 0 1 0 1 1 1
5 191003ef 5 7 00000990 ffffffff 1 1 0 1 0 1 0 1 1 1
5 3f9b4f6f 5 7 000b4bf8 ffffffff 1 1 0 1 0 1 0 1 1 1
5 83ccda6f 5 7 fffcd03c ffffffff 1 1 0 1 0 1 0 1 1 1
5 02a46cef 5 7 0004602a ffffffff 1 1 0 1 0 1 0 1 1 1
5 85a58fef 5 7 fff5805a ffffffff 1 1 0 1 0 1 0 1 1 1
5 b33ff86f 5 7 fffffb32 ffffffff 1 1 0 1 0 1 0 1 1 1
5 7b933eef 5 7 00033fb8 ffffffff 1 1 0 1 0 1 0 1 1 1
5 9df4076f 5 7 fff409de ffffffff 1 1 0 1 0 1 0 1 1 1
5 9c1cb66f 5 7 fffcb9c0 ffffffff 1 1 0 1 0 1 0 1 1 1
5 aaffb26f 5 7 ffffbaae ffffffff 1 1 0 1 0 1 0 1 1 1
5 8fbade6f 5 7 fffad8fa ffffffff 1 1 0 1 0 1 0 1 1 1
5 a7f574ef 5 7 fff57a7e ffffffff 1 1 0 1 0 1 0 1 1 1
5 abd7c06f 5 7 fff7cabc ffffffff 1 1 0 1 0 1 0 1 1 1
5 7b58886f 5 7 00088fb4 ffffffff 1 1 0 1 0 1 0 1 1 1
5 563f906f 5 7 000f9d62 ffffffff 1 1 0 1 0 1 0 1 1 1
5 3767836f 5 7 00078376 ffffffff 1 1 0 1 0 1 0 1 1 1
5 7952e1ef 5 7 0002ef94 ffffffff 1 1 0 1 0 1 0 1 1 1
5 c98438ef 5 7 fff43498 ffffffff 1 1 0 1 0 1 0 1 1 1
5 aa71abef 5 7 fff1aaa6 ffffffff 1 1 0 1 0 1 0 1 1 1
5 30864cef 5 7 00064308 ffffffff 1 1 0 1 0 1 0 1 1 1
5 bb03ddef 5 7 fff3d3b0 ffffffff 1 1 0 1 0 1 0 1 1 1
5 cff2bf6f 5 7 fff2bcfe ffffffff 1 1 0 1 0 1 0 1 1 1
5 80142b6f 5 7 fff42800 ffffffff 1 1 0 1 0 1 0 1 1 1
5 c3de4d6f 5 7 fffe4c3c ffffffff 1 1 0 1 0 1 0 1 1 1
5 94d10d6f 5 7 fff1094c ffffffff 1 1 0 1 0 1 0 1 1 1
5 91fab86f 5 7 fffab91e ffffffff 1 1 0 1 0 1 0 1 1 1
5 98ef086f 5 7 ffff018e ffffffff 1 1 0 1 0 1 0 1 1 1
5 b806346f 5 7 fff63380 ffffffff 1 1 0 1 0 1 0 1 1 1
5 6f5d1cef 5 7 000d1ef4 ffffffff 1 1 0 1 0 1 0 1 1 1
5 36280c6f 5 7 00080362 ffffffff 1 1 0 1 0 1 0 1 1 1
5 9cf9796f 5 7 fff979ce ffffffff 1 1 0 1 0 1 0 1 1 1
5 14f07aef 5 7 0000794e ffffffff 1 1 0 1 0 1 0 1 1 1
5 072ab86f 5 7 000ab072 ffffffff 1 1 0 1 0 1 0 1 1 1
5 c51e72ef 5 7 fffe7c50 ffffffff 1 1 0 1 0 1 0 1 1 1
5 f8c149ef 5 7 fff1478c ffffffff 1 1 0 1 0 1 0 1 1 1
5 d7a92c6f 5 7 fff9257a ffffffff 1 1 0 1 0 1 0 1 1 1
5 30c785ef 5 7 0007830c ffffffff 1 1 0 1 0 1 0 1 1 1
5 e913236f 5 7 fff32e90 ffffffff 1 1 0 1 0 1 0 1 1 1
5 db48296f 5 7 fff825b4 ffffffff 1 1 0 1 0 1 0 1 1 1
5 d5cc856f 5 7 fffc855c ffffffff 1 1 0 1 0 1 0 1 1 1
5 3cb9d6ef 5 7 0009dbca ffffffff 1 1 0 1 0 1 0 1 1 1
5 c780c56f 5 7 fff0c478 ffffffff 1 1 0 1 0 1 0 1 1 1
5 f506e76f 5 7 fff6e750 ffffffff 1 1 0 1 0 1 0 1 1 1
5 910086ef 5 7 fff08110 ffffffff 1 1 0 1 0 1 0 1 1 1
5 42a4d4ef 5 7 0004d42a ffffffff 1 1 0 1 0 1 0 1 1 1
5 e364b26f 5 7 fff4b636 ffffffff 1 1 0 1 0 1 0 1 1 1
5 7ad627ef 5 7 00062fac ffffffff 1 1 0 1 0 1 0 1 1 1
5 9c83c66f 5 7 fff3c1c8 ffffffff 1 1 0 1 0 1 0 1 1 1
5 0164386f 5 7 00043016 ffffffff 1 1 0 1 0 1 0 1 1 1
5 950ff06f 5 7 fffff150 ffffffff 1 1 0 1 0 1 0 1 1 1
5 53eabcef 5 7 000ab53e ffffffff 1 1 0 1 0 1 0 1 1 1
5 81b30b6f 5 7 fff3081a ffffffff 1 1 0 1 0 1 0 1 1 1
5 96ebc46f 5 7 fffbc16e ffffffff 1 1 0 1 0 1 0 1 1 1
5 50c40def 5 7 0004050c ffffffff 1 1 0 1 0 1 0 1 1 1
5 9605026f 5 7 fff50160 ffffffff 1 1 0 1 0 1 0 1 1 1
5 a2ce7def 5 7 fffe722c ffffffff 1 1 0 1 0 1 0 1 1 1
5 310dbd6f 5 7 000db310 ffffffff 1 1 0 1 0 1 0 1 1 1
5 5dd982ef 5 7 00098ddc ffffffff 1 1 0 1 0 1 0 1 1 1
5 db5cf5ef 5 7 fffcfdb4 ffffffff 1 1 0 1 0 1 0 1 1 1
5 95e9dc6f 5 7 fff9d15e ffffffff 1 1 0 1 0 1 0 1 1 1
5 c1d6c7ef 5 7 fff6cc1c ffffffff 1 1 0 1 0 1 0 1 1 1
5 c3b094ef 5 7 fff09c3a ffffffff 1 1 0 1 0 1 0 1 1 1
5 54c7a5ef 5 7 0007a54c ffffffff 1 1 0 1 0 1 0 1 1 1
5 d01d42ef 5 7 fffd4d00 ffffffff 1 1 0 1 0 1 0 1 1 1
5 c92821ef 5 7 fff82492 ffffffff 1 1 0 1 0 1 0 1 1 1
5 d6a868ef 5 7 fff8656a ffffffff 1 1 0 1 0 1 0 1 1 1
5 bb741a6f 5 7 fff41bb6 ffffffff 1 1 0 1 0 1 0 1 1 1
5 5114916f 5 7 00049d10 ffffffff 1 1 0 1 0 1 0 1 1 1
5 b696b66f 5 7 fff6bb68 ffffffff 1 1 0 1 0 1 0 1 1 1
5 f8186aef 5 7 fff86f80 ffffffff 1 1 0 1 0 1 0 1 1 1
5 d3493def 5 7 fff93534 ffffffff 1 1 0 1 0 1 0 1 1 1
5 12df45ef 5 7 000f492c ffffffff 1 1 0 1 0 1 0 1 1 1
5 78fc796f 5 7 000c7f8e ffffffff 1 1 0 1 0 1 0 1 1 1
5 3ffc736f 5 7 000c7bfe ffffffff 1 1 0 1 0 1 0 1 1 1
5 1444306f 5 7 00043144 ffffffff 1 1 0 1 0 1 0 1 1 1
5 03ea99ef 5 7 000a903e ffffffff 1 1 0 1 0 1 0 1 1 1
5 a99e2bef 5 7 fffe2a98 ffffffff 1 1 0 1 0 1 0 1 1 1
5 ed9d8c6f 5 7 fffd8ed8 ffffffff 1 1 0 1 0 1 0 1 1 1
5 e79769ef 5 7 fff76e78 ffffffff 1 1 0 1 0 1 0 1 1 1
5 6ab566ef 5 7 00056eaa ffffffff 1 1 0 1 0 1 0 1 1 1
5 650f846f 5 7 000f8650 ffffffff 1 1 0 1 0 1 0 1 1 1
5 851ff8ef 5 7 fffff850 ffffffff 1 1 0 1 0 1 0 1 1 1
5 fcba0c6f 5 7 fffa0fca ffffffff 1 1 0 1 0 1 0 1 1 1
5 b792916f 5 7 fff29b78 ffffffff 1 1 0 1 0 1 0 1 1 1
5 14c0726f 5 7 0000714c ffffffff 1 1 0 1 0 1 0 1 1 1
5 e9d4bcef 5 7 fff4be9c ffffffff 1 1 0 1 0 1 0 1 1 1
5 b4402b6f 5 7 fff02344 ffffffff 1 1 0 1 0 1 0 1 1 1
5 4341d5ef 5 7 0001d434 ffffffff 1 1 0 1 0 1 0 1 1 1
5 777c3cef 5 7 000c3f76 ffffffff 1 1 0 1 0 1 0 1 1 1
5 0bc107ef 5 7 000100bc ffffffff 1 1 0 1 0 1 0 1 1 1
5 5d67306f 5 7 000735d6 ffffffff 1 1 0 1 0 1 0 1 1 1
5 c9ede8ef 5 7 fffde49e ffffffff 1 1 0 1 0 1 0 1 1 1
5 f9a5086f 5 7 fff5079a ffffffff 1 1 0 1 0 1 0 1 1 1
5 647b9aef 5 7 000b9e46 ffffffff 1 1 0 1 0 1 0 1 1 1
5 36d54f6f 5 7 00054b6c ffffffff 1 1 0 1 0 1 0 1 1 1
5 8f6b2e6f 5 7 fffb20f6 ffffffff 1 1 0 1 0 1 0 1 1 1
5 2389c5ef 5 7 0009c238 ffffffff 1 1 0 1 0 1 0 1 1 1
5 7074286f 5 7 00042f06 ffffffff 1 1 0 1 0 1 0 1 1 1
5 33026c6f 5 7 00026330 ffffffff 1 1 0 1 0 1 0 1 1 1
5 344a51ef 5 7 000a5344 ffffffff 1 1 0 1 0 1 0 1 1 1
5 d77aebef 5 7 fffaed76 ffffffff 1 1 0 1 0 1 0 1 1 1
5 2de2816f 5 7 000282de ffffffff 1 1 0 1 0 1 0 1 1 1
5 6d4f39ef 5 7 000f36d4 ffffffff 1 1 0 1 0 1 0 1 1 1
5 e718ec6f 5 7 fff8ee70 ffffffff 1 1 0 1 0 1 0 1 1 1
5 c7e1a46f 5 7 fff1a47e ffffffff 1 1 0 1 0 1 0 1 1 1
5 9bd6f76f 5 7 fff6f9bc ffffffff 1 1 0 1 0 1 0 1 1 1
5 3b9491ef 5 7 00049bb8 ffffffff 1 1 0 1 0 1 0 1 1 1
5 4919cbef 5 7 0009cc90 ffffffff 1 1 0 1 0 1 0 1 1 1
5 4d740a6f 5 7 00040cd6 ffffffff 1 1 0 1 0 1 0 1 1 1
5 4b3fd4ef 5 7 000fdcb2 ffffffff 1 1 0 1 0 1 0 1 1 1
5 812c0eef 5 7 fffc0012 ffffffff 1 1 0 1 0 1 0 1 1 1
5 bad0ed6f 5 7 fff0ebac ffffffff 1 1 0 1 0 1 0 1 1 1
5 d4b4e1ef 5 7 fff4ed4a ffffffff 1 1 0 1 0 1 0 1 1 1
5 488becef 5 7 000be488 ffffffff 1 1 0 1 0 1 0 1 1 1
5 c90341ef 5 7 fff34490 ffffffff 1 1 0 1 0 1 0 1 1 1
5 99aee16f 5 7 fffee19a ffffffff 1 1 0 1 0 1 0 1 1 1
5 26719cef 5 7 00019a66 ffffffff 1 1 0 1 0 1 0 1 1 1
5 f29ab1ef 5 7 fffabf28 ffffffff 1 1 0 1 0 1 0 1 1 1
5 853ef7ef 5 7 fffef852 ffffffff 1 1 0 1 0 1 0 1 1 1
5 0236efef 5 7 0006e822 ffffffff 1 1 0 1 0 1 0 1 1 1
5 33298b6f 5 7 00098332 ffffffff 1 1 0 1 0 1 0 1 1 1
5 24bfa46f 5 7 000faa4a ffffffff 1 1 0 1 0 1 0 1 1 1
5 864247ef 5 7 fff24064 ffffffff 1 1 0 1 0 1 0 1 1 1
5 479304ef 5 7 00030c78 ffffffff 1 1 0 1 0 1 0 1 1 1
5 4bd4c56f 5 7 0004ccbc ffffffff 1 1 0 1 0 1 0 1 1 1
5 59257a6f 5 7 00057592 ffffffff 1 1 0 1 0 1 0 1 1 1
5 878e93ef 5 7 fffe9078 ffffffff 1 1 0 1 0 1 0 1 1 1
5 6a89ef6f 5 7 0009e6a8 ffffffff 1 1 0 1 0 1 0 1 1 1
5 bb6eceef 5 7 fffec3b6 ffffffff 1 1 0 1 0 1 0 1 1 1
5 a32efb6f 5 7 fffef232 ffffffff 1 1 0 1 0 1 0 1 1 1
5 e386176f 5 7 fff61638 ffffffff 1 1 0 1 0 1 0 1 1 1
5 d795edef 5 7 fff5ed78 ffffffff 1 1 0 1 0 1 0 1 1 1
5 bddb506f 5 7 fffb5bdc ffffffff 1 1 0 1 0 1 0 1 1 1
5 4a9f53ef 5 7 000f5ca8 ffffffff 1 1 0 1 0 1 0 1 1 1
5 5b77ab6f 5 7 0007adb6 ffffffff 1 1 0 1 0 1 0 1 1 1
5 da6adb6f 5 7 fffad5a6 ffffffff 1 1 0 1 0 1 0 1 1 1
5 85d0176f 5 7 fff0185c ffffffff 1 1 0 1 0 1 0 1 1 1
5 b8aa836f 5 7 fffa838a ffffffff 1 1 0 1 0 1 0 1 1 1
5 f7b3286f 5 7 fff32f7a ffffffff 1 1 0 1 0 1 0 1 1 1
5 a9d340ef 5 7 fff34a9c ffffffff 1 1 0 1 0 1 0 1 1 1
5 501480ef 5 7 00048d00 ffffffff 1 1 0 1 0 1 0 1 1 1
5 34fd4d6f 5 7 000d4b4e ffffffff 1 1 0 1 0 1 0 1 1 1
5 8bd39d6f 5 7 fff398bc ffffffff 1 1 0 1 0 1 0 1 1 1
5 48c8df6f 5 7 0008d48c ffffffff 1 1 0 1 0 1 0 1 1 1
5 ead0aa6f 5 7 fff0aeac ffffffff 1 1 0 1 0 1 0 1 1 1
5 71ea48ef 5 7 000a471e ffffffff 1 1 0 1 0 1 0 1 1 1
5 3a509eef 5 7 00009ba4 ffffffff 1 1 0 1 0 1 0 1 1 1
5 d140686f 5 7 fff06514 ffffffff 1 1 0 1 0 1 0 1 1 1
5 c779fe6f 5 7 fff9fc76 ffffffff 1 1 0 1 0 1 0 1 1 1
5 a67559ef 5 7 fff55a66 ffffffff 1 1 0 1 0 1 0 1 1 1
5 0dcab36f 5 7 000ab0dc ffffffff 1 1 0 1 0 1 0 1 1 1
5 65ccc4ef 5 7 000cc65c ffffffff 1 1 0 1 0 1 0 1 1 1
5 5bacadef 5 7 000ca5ba ffffffff 1 1 0 1 0 1 0 1 1 1
5 2939e3ef 5 7 0009ea92 ffffffff 1 1 0 1 0 1 0 1 1 1
5 6d8a9c6f 5 7 000a96d8 ffffffff 1 1 0 1 0 1 0 1 1 1
5 5c01686f 5 7 000165c0 ffffffff 1 1 0 1 0 1 0 1 1 1
5 d2234c6f 5 7 fff34522 ffffffff 1 1 0 1 0 1 0 1 1 1
5 30bcac6f 5 7 000cab0a ffffffff 1 1 0 1 0 1 0 1 1 1
5 f38b3c6f 5 7 fffb3738 ffffffff 1 1 0 1 0 1 0 1 1 1
5 a39f976f 5 7 ffff9a38 ffffffff 1 1 0 1 0 1 0 1 1 1
5 ba7bc66f 5 7 fffbcba6 ffffffff 1 1 0 1 0 1 0 1 1 1
5 9d7b23ef 5 7 fffb29d6 ffffffff 1 1 0 1 0 1 0 1 1 1
5 bb21d06f 5 7 fff1d3b2 ffffffff 1 1 0 1 0 1 0 1 1 1
5 d680fbef 5 7 fff0f568 ffffffff 1 1 0 1 0 1 0 1 1 1
5 fd30286f 5 7 fff02fd2 ffffffff 1 1 0 1 0 1 0 1 1 1
5 6123886f 5 7 00038612 ffffffff 1 1 0 1 0 1 0 1 1 1
5 2b64696f 5 7 000462b6 ffffffff 1 1 0 1 0 1 0 1 1 1
5 abf7ad6f 5 7 fff7aabe ffffffff 1 1 0 1 0 1 0 1 1 1
5 f9c3c7ef 5 7 fff3c79c ffffffff 1 1 0 1 0 1 0 1 1 1
5 b88398ef 5 7 fff39388 ffffffff 1 1 0 1 0 1 0 1 1 1
5 f4a0d0ef 5 7 fff0d74a ffffffff 1 1 0 1 0 1 0 1 1 1
5 68bc99ef 5 7 000c9e8a ffffffff 1 1 0 1 0 1 0 1 1 1
5 cdd2986f 5 7 fff29cdc ffffffff 1 1 0 1 0 1 0 1 1 1
5 75d451ef 5 7 00045f5c ffffffff 1 1 0 1 0 1 0 1 1 1
5 e23762ef 5 7 fff76e22 ffffffff 1 1 0 1 0 1 0 1 1 1
5 d926736f 5 7 fff67592 ffffffff 1 1 0 1 0 1 0 1 1 1
5 783d2fef 5 7 000d2f82 ffffffff 1 1 0 1 0 1 0 1 1 1
5 a10e6d6f 5 7 fffe6210 ffffffff 1 1 0 1 0 1 0 1 1 1
5 64caa6ef 5 7 000aa64c ffffffff 1 1 0 1 0 1 0 1 1 1
5 a9b1aa6f 5 7 fff1aa9a ffffffff 1 1 0 1 0 1 0 1 1 1
5 fa81e36f 5 7 fff1e7a8 ffffffff 1 1 0 1 0 1 0 1 1 1
5 c7ac0bef 5 7 fffc047a ffffffff 1 1 0 1 0 1 0 1 1 1
5 aa72746f 5 7 fff27aa6 ffffffff 1 1 0 1 0 1 0 1 1 1
5 9e2d756f 5 7 fffd71e2 ffffffff 1 1 0 1 0 1 0 1 1 1
5 39bfe86f 5 7 000feb9a ffffffff 1 1 0 1 0 1 0 1 1 1
5 b4e2d4ef 5 7 fff2d34e ffffffff 1 1 0 1 0 1 0 1 1 1
5 a01c5eef 5 7 fffc5a00 ffffffff 1 1 0 1 0 1 0 1 1 1
5 1e550aef 5 7 000509e4 ffffffff 1 1 0 1 0 1 0 1 1 1
5 d279336f 5 7 fff93d26 ffffffff 1 1 0 1 0 1 0 1 1 1
5 2a2d96ef 5 7 000d92a2 ffffffff 1 1 0 1 0 1 0 1 1 1
5 dc47a26f 5 7 fff7a5c4 ffffffff 1 1 0 1 0 1 0 1 1 1
5 539b4a6f 5 7 000b4d38 ffffffff 1 1 0 1 0 1 0 1 1 1
5 269585ef 5 7 00058a68 ffffffff 1 1 0 1 0 1 0 1 1 1
5 6539be6f 5 7 0009be52 ffffffff 1 1 0 1 0 1 0 1 1 1
5 70f4a6ef 5 7 0004af0e ffffffff 1 1 0 1 0 1 0 1 1 1
5 7035e26f 5 7 0005ef02 ffffffff 1 1 0 1 0 1 0 1 1 1
5 c48ee0ef 5 7 fffee448 ffffffff 1 1 0 1 0 1 0 1 1 1
5 944acc6f 5 7 fffac144 ffffffff 1 1 0 1 0 1 0 1 1 1
5 b8da136f 5 7 fffa1b8c ffffffff 1 1 0 1 0 1 0 1 1 1
5 ab0796ef 5 7 fff792b0 ffffffff 1 1 0 1 0 1 0 1 1 1
5 898828ef 5 7 fff82098 ffffffff 1 1 0 1 0 1 0 1 1 1
5 5b4e5aef 5 7 000e55b4 ffffffff 1 1 0 1 0 1 0 1 1 1
5 da036cef 5 7 fff365a0 ffffffff 1 1 0 1 0 1 0 1 1 1
5 d241806f 5 7 fff18524 ffffffff 1 1 0 1 0 1 0 1 1 1
5 79a0ceef 5 7 0000c79a ffffffff 1 1 0 1 0 1 0 1 1 1
5 d05b3e6f 5 7 fffb3d04 ffffffff 1 1 0 1 0 1 0 1 1 1
5 bcef1eef 5 7 ffff13ce ffffffff 1 1 0 1 0 1 0 1 1 1
5 9bc39bef 5 7 fff391bc ffffffff 1 1 0 1 0 1 0 1 1 1
5 afecfdef 5 7 fffcf2fe ffffffff 1 1 0 1 0 1 0 1 1 1
5 8522106f 5 7 fff21052 ffffffff 1 1 0 1 0 1 0 1 1 1
5 0ebe356f 5 7 000e38ea ffffffff 1 1 0 1 0 1 0 1 1 1
5 ba8f28ef 5 7 ffff23a8 ffffffff 1 1 0 1 0 1 0 1 1 1
5 a9fe38ef 5 7 fffe3a9e ffffffff 1 1 0 1 0 1 0 1 1 1
5 f446b0ef 5 7 fff6b744 ffffffff 1 1 0 1 0 1 0 1 1 1
5 89fb3eef 5 7 fffb389e ffffffff 1 1 0 1 0 1 0 1 1 1
5 4222e4ef 5 7 0002e422 ffffffff 1 1 0 1 0 1 0 1 1 1
5 2248e06f 5 7 0008e224 ffffffff 1 1 0 1 0 1 0 1 1 1
5 e77c9def 5 7 fffc9e76 ffffffff 1 1 0 1 0 1 0 1 1 1
5 399ece6f 5 7 000ecb98 ffffffff 1 1 0 1 0 1 0 1 1 1
5 e85c2c6f 5 7 fffc2e84 ffffffff 1 1 0 1 0 1 0 1 1 1
5 19b70fef 5 7 0007099a ffffffff 1 1 0 1 0 1 0 1 1 1
5 01aeafef 5 7 000ea01a ffffffff 1 1 0 1 0 1 0 1 1 1
5 cf0385ef 5 7 fff384f0 ffffffff 1 1 0 1 0 1 0 1 1 1
5 8332816f 5 7 fff28832 ffffffff 1 1 0 1 0 1 0 1 1 1
5 689a576f 5 7 000a5e88 ffffffff 1 1 0 1 0 1 0 1 1 1
5 14f6dcef 5 7 0006d94e ffffffff 1 1 0 1 0 1 0 1 1 1
5 6f2f116f 5 7 000f16f2 ffffffff 1 1 0 1 0 1 0 1 1 1
5 f0304e6f 5 7 fff04f02 ffffffff 1 1 0 1 0 1 0 1 1 1
5 14ac386f 5 7 000c314a ffffffff 1 1 0 1 0 1 0 1 1 1
5 acf0556f 5 7 fff05ace ffffffff 1 1 0 1 0 1 0 1 1 1
5 9096296f 5 7 fff62908 ffffffff 1 1 0 1 0 1 0 1 1 1
5 00bd356f 5 7 000d380a ffffffff 1 1 0 1 0 1 0 1 1 1
5 274176ef 5 7 00017274 ffffffff 1 1 0 1 0 1 0 1 1 1
5 f5c1e6ef 5 7 fff1e75c ffffffff 1 1 0 1 0 1 0 1 1 1
5 552243ef 5 7 00024552 ffffffff 1 1 0 1 0 1 0 1 1 1
5 832ae8ef 5 7 fffae032 ffffffff 1 1 0 1 0 1 0 1 1 1
5 61f2bfef 5 7 0002be1e ffffffff 1 1 0 1 0 1 0 1 1 1
5 9097c56f 5 7 fff7c908 ffffffff 1 1 0 1 0 1 0 1 1 1
5 ca5b756f 5 7 fffb7ca4 ffffffff 1 1 0 1 0 1 0 1 1 1
5 07f640ef 5 7 0006487e ffffffff 1 1 0 1 0 1 0 1 1 1
5 3e4658ef 5 7 000653e4 ffffffff 1 1 0 1 0 1 0 1 1 1
5 db8c0c6f 5 7 fffc05b8 ffffffff 1 1 0 1 0 1 0 1 1 1
5 5e4af66f 5 7 000af5e4 ffffffff 1 1 0 1 0 1 0 1 1 1
5 0c91816f 5 7 000188c8 ffffffff 1 1 0 1 0 1 0 1 1 1
5 4281306f 5 7 00013428 ffffffff 1 1 0 1 0 1 0 1 1 1
5 928212ef 5 7 fff21128 ffffffff 1 1 0 1 0 1 0 1 1 1
5 d32e41ef 5 7 fffe4532 ffffffff 1 1 0 1 0 1 0 1 1 1
5 9924786f 5 7 fff47192 ffffffff 1 1 0 1 0 1 0 1 1 1
5 6cecf6ef 5 7 000cf6ce ffffffff 1 1 0 1 0 1 0 1 1 1
5 a0151bef 5 7 fff51a00 ffffffff 1 1 0 1 0 1 0 1 1 1
5 2d8d20ef 5 7 000d22d8 ffffffff 1 1 0 1 0 1 0 1 1 1
5 bb5a3c6f 5 7 fffa3bb4 ffffffff 1 1 0 1 0 1 0 1 1 1
5 70220eef 5 7 00020702 ffffffff 1 1 0 1 0 1 0 1 1 1
5 f0befeef 5 7 fffeff0a ffffffff 1 1 0 1 0 1 0 1 1 1
5 51dc166f 5 7 000c1d1c ffffffff 1 1 0 1 0 1 0 1 1 1
5 8e12336f 5 7 fff238e0 ffffffff 1 1 0 1 0 1 0 1 1 1
5 9fc0b1ef 5 7 fff0b1fc ffffffff 1 1 0 1 0 1 0 1 1 1
5 10dbc9ef 5 7 000bc90c ffffffff 1 1 0 1 0 1 0 1 1 1
5 c2fc296f 5 7 fffc2c2e ffffffff 1 1 0 1 0 1 0 1 1 1
5 deff2eef 5 7 ffff2dee ffffffff 1 1 0 1 0 1 0 1 1 1
5 2bc6a46f 5 7 0006a2bc ffffffff 1 1 0 1 0 1 0 1 1 1
5 36c2b7ef 5 7 0002b36c ffffffff 1 1 0 1 0 1 0 1 1 1
5 8d58096f 5 7 fff808d4 ffffffff 1 1 0 1 0 1 0 1 1 1
5 f20166ef 5 7 fff16720 ffffffff 1 1 0 1 0 1 0 1 1 1
5 50135d6f 5 7 00035d00 ffffffff 1 1 0 1 0 1 0 1 1 1
5 e8dcfc6f 5 7 fffcfe8c ffffffff 1 1 0 1 0 1 0 1 1 1
5 52368b6f 5 7 00068d22 ffffffff 1 1 0 1 0 1 0 1 1 1
5 6c27236f 5 7 000726c2 ffffffff 1 1 0 1 0 1 0 1 1 1
5 d36f9bef 5 7 ffff9536 ffffffff 1 1 0 1 0 1 0 1 1 1
5 b62071ef 5 7 fff07362 ffffffff 1 1 0 1 0 1 0 1 1 1
5 ff9b706f 5 7 fffb7ff8 ffffffff 1 1 0 1 0 1 0 1 1 1
5 12b71a6f 5 7 0007192a ffffffff 1 1 0 1 0 1 0 1 1 1
5 a6fe736f 5 7 fffe7a6e ffffffff 1 1 0 1 0 1 0 1 1 1
5 20cc28ef 5 7 000c220c ffffffff 1 1 0 1 0 1 0 1 1 1
5 3e3fb36f 5 7 000fbbe2 ffffffff 1 1 0 1 0 1 0 1 1 1
5 71df84ef 5 7 000f8f1c ffffffff 1 1 0 1 0 1 0 1 1 1
5 37d6a5ef 5 7 0006ab7c ffffffff 1 1 0 1 0 1 0 1 1 1
5 d005e86f 5 7 fff5e500 ffffffff 1 1 0 1 0 1 0 1 1 1
5 d16868ef 5 7 fff86516 ffffffff 1 1 0 1 0 1 0 1 1 1
5 38df066f 5 7 000f0b8c ffffffff 1 1 0 1 0 1 0 1 1 1
5 b406c0ef 5 7 fff6c340 ffffffff 1 1 0 1 0 1 0 1 1 1
5 420b5def 5 7 000b5420 ffffffff 1 1 0 1 0 1 0 1 1 1
5 b4f7f3ef 5 7 fff7fb4e ffffffff 1 1 0 1 0 1 0 1 1 1
5 10cae2ef 5 7 000ae10c ffffffff 1 1 0 1 0 1 0 1 1 1
5 298de2ef 5 7 000de298 ffffffff 1 1 0 1 0 1 0 1 1 1
5 5516c0ef 5 7 0006cd50 ffffffff 1 1 0 1 0 1 0 1 1 1
5 c7e9ceef 5 7 fff9c47e ffffffff 1 1 0 1 0 1 0 1 1 1
5 225cc96f 5 7 000cca24 ffffffff 1 1 0 1 0 1 0 1 1 1
5 5aa82c6f 5 7 000825aa ffffffff 1 1 0 1 0 1 0 1 1 1
5 c42af2ef 5 7 fffaf442 ffffffff 1 1 0 1 0 1 0 1 1 1
5 6122ae6f 5 7 0002a612 ffffffff 1 1 0 1 0 1 0 1 1 1
5 1d969cef 5 7 000699d8 ffffffff 1 1 0 1 0 1 0 1 1 1
5 cbc75b6f 5 7 fff754bc ffffffff 1 1 0 1 0 1 0 1 1 1
5 c481cd6f 5 7 fff1c448 ffffffff 1 1 0 1 0 1 0 1 1 1
5 10deb26f 5 7 000eb90c ffffffff 1 1 0 1 0 1 0 1 1 1
5 845b256f 5 7 fffb2844 ffffffff 1 1 0 1 0 1 0 1 1 1
5 2956376f 5 7 00063a94 ffffffff 1 1 0 1 0 1 0 1 1 1
5 3157ebef 5 7 0007eb14 ffffffff 1 1 0 1 0 1 0 1 1 1
5 fad4c96f 5 7 fff4cfac ffffffff 1 1 0 1 0 1 0 1 1 1
5 9d93786f 5 7 fff379d8 ffffffff 1 1 0 1 0 1 0 1 1 1
5 d1e81a6f 5 7 fff8151e ffffffff 1 1 0 1 0 1 0 1 1 1
5 bf7325ef 5 7 fff32bf6 ffffffff 1 1 0 1 0 1 0 1 1 1
5 478f576f 5 7 000f5478 ffffffff 1 1 0 1 0 1 0 1 1 1
5 5a1de46f 5 7 000deda0 ffffffff 1 1 0 1 0 1 0 1 1 1
5 7e96c26f 5 7 0006cfe8 ffffffff 1 1 0 1 0 1 0 1 1 1
5 24ca7e6f 5 7 000a724c ffffffff 1 1 0 1 0 1 0 1 1 1
5 d4f96bef 5 7 fff96d4e ffffffff 1 1 0 1 0 1 0 1 1 1
5 453a8fef 5 7 000a8c52 ffffffff 1 1 0 1 0 1 0 1 1 1
5 674d156f 5 7 000d1674 ffffffff 1 1 0 1 0 1 0 1 1 1
5 9799b46f 5 7 fff9b978 ffffffff 1 1 0 1 0 1 0 1 1 1
5 f675156f 5 7 fff51f66 ffffffff 1 1 0 1 0 1 0 1 1 1
5 0f2f08ef 5 7 000f00f2 ffffffff 1 1 0 1 0 1 0 1 1 1
5 6617f46f 5 7 0007fe60 ffffffff 1 1 0 1 0 1 0 1 1 1
5 e665cdef 5 7 fff5c666 ffffffff 1 1 0 1 0 1 0 1 1 1
5 6a4d5f6f 5 7 000d56a4 ffffffff 1 1 0 1 0 1 0 1 1 1
5 5049c2ef 5 7 0009c504 ffffffff 1 1 0 1 0 1 0 1 1 1
5 943c386f 5 7 fffc3942 ffffffff 1 1 0 1 0 1 0 1 1 1
5 bc9331ef 5 7 fff33bc8 ffffffff 1 1 0 1 0 1 0 1 1 1
5 8c7d5cef 5 7 fffd58c6 ffffffff 1 1 0 1 0 1 0 1 1 1
5 45ffe26f 5 7 000fec5e ffffffff 1 1 0 1 0 1 0 1 1 1
5 b152c26f 5 7 fff2cb14 ffffffff 1 1 0 1 0 1 0 1 1 1
5 488c646f 5 7 000c6488 ffffffff 1 1 0 1 0 1 0 1 1 1
5 2fbe0a6f 5 7 000e0afa ffffffff 1 1 0 1 0 1 0 1 1 1
5 75ad1aef 5 7 000d175a ffffffff 1 1 0 1 0 1 0 1 1 1
5 1a3dbcef 5 7 000db9a2 ffffffff 1 1 0 1 0 1 0 1 1 1
5 5f14736f 5 7 00047df0 ffffffff 1 1 0 1 0 1 0 1 1 1
5 11a5d96f 5 7 0005d11a ffffffff 1 1 0 1 0 1 0 1 1 1
5 b91327ef 5 7 fff32b90 ffffffff 1 1 0 1 0 1 0 1 1 1
5 66921eef 5 7 00021e68 ffffffff 1 1 0 1 0 1 0 1 1 1
5 45c563ef 5 7 0005645c ffffffff 1 1 0 1 0 1 0 1 1 1
5 0e1dbfef 5 7 000db8e0 ffffffff 1 1 0 1 0 1 0 1 1 1
5 64cdc4ef 5 7 000dc64c ffffffff 1 1 0 1 0 1 0 1 1 1
5 c5ad9fef 5 7 fffd945a ffffffff 1 1 0 1 0 1 0 1 1 1
5 750280ef 5 7 00028750 ffffffff 1 1 0 1 0 1 0 1 1 1
5 b7f70fef 5 7 fff70b7e ffffffff 1 1 0 1 0 1 0 1 1 1
5 193325ef 5 7 00032992 ffffffff 1 1 0 1 0 1 0 1 1 1
5 8f1a23ef 5 7 fffa28f0 ffffffff 1 1 0 1 0 1 0 1 1 1
5 5d634d6f 5 7 000345d6 ffffffff 1 1 0 1 0 1 0 1 1 1
5 8be5d56f 5 7 fff5d0be ffffffff 1 1 0 1 0 1 0 1 1 1
5 6bbe9f6f 5 7 000e9eba ffffffff 1 1 0 1 0 1 0 1 1 1
5 d092b26f 5 7 fff2bd08 ffffffff 1 1 0 1 0 1 0 1 1 1
5 6b8a51ef 5 7 000a56b8 ffffffff 1 1 0 1 0 1 0 1 1 1
5 370800ef 5 7 00080370 ffffffff 1 1 0 1 0 1 0 1 1 1
5 0f0e56ef 5 7 000e50f0 ffffffff 1 1 0 1 0 1 0 1 1 1
5 2a2fcfef 5 7 000fc2a2 ffffffff 1 1 0 1 0 1 0 1 1 1
5 13c77c6f 5 7 0007713c ffffffff 1 1 0 1 0 1 0 1 1 1
5 ed2a10ef 5 7 fffa16d2 ffffffff 1 1 0 1 0 1 0 1 1 1
5 3889716f 5 7 00097388 ffffffff 1 1 0 1 0 1 0 1 1 1
5 d68fdcef 5 7 ffffd568 ffffffff 1 1 0 1 0 1 0 1 1 1
5 ed8499ef 5 7 fff496d8 ffffffff 1 1 0 1 0 1 0 1 1 1
5 83088aef 5 7 fff88030 ffffffff 1 1 0 1 0 1 0 1 1 1
5 87bbf86f 5 7 fffbf87a ffffffff 1 1 0 1 0 1 0 1 1 1
5 49f0a16f 5 7 0000ac9e ffffffff 1 1 0 1 0 1 0 1 1 1
5 1ef92bef 5 7 000929ee ffffffff 1 1 0 1 0 1 0 1 1 1
5 03f5d56f 5 7 0005d83e ffffffff 1 1 0 1 0 1 0 1 1 1
5 01ec8f6f 5 7 000c801e ffffffff 1 1 0 1 0 1 0 1 1 1
5 713c1d6f 5 7 000c1f12 ffffffff 1 1 0 1 0 1 0 1 1 1
5 6882fdef 5 7 0002f688 ffffffff 1 1 0 1 0 1 0 1 1 1
5 a11b856f 5 7 fffb8a10 ffffffff 1 1 0 1 0 1 0 1 1 1
5 bf6a39ef 5 7 fffa33f6 ffffffff 1 1 0 1 0 1 0 1 1 1
5 4f26056f 5 7 000604f2 ffffffff 1 1 0 1 0 1 0 1 1 1
5 59222d6f 5 7 00022592 ffffffff 1 1 0 1 0 1 0 1 1 1
5 595fba6f 5 7 000fbd94 ffffffff 1 1 0 1 0 1 0 1 1 1
5 8d72bdef 5 7 fff2b8d6 ffffffff 1 1 0 1 0 1 0 1 1 1
5 3f6613ef 5 7 000613f6 ffffffff 1 1 0 1 0 1 0 1 1 1
5 d333a9ef 5 7 fff3ad32 ffffffff 1 1 0 1 0 1 0 1 1 1
5 c1c5bc6f 5 7 fff5b41c ffffffff 1 1 0 1 0 1 0 1 1 1
5 8376f46f 5 7 fff6f836 ffffffff 1 1 0 1 0 1 0 1 1 1
5 cc45456f 5 7 fff544c4 ffffffff 1 1 0 1 0 1 0 1 1 1
5 41efeeef 5 7 000fe41e ffffffff 1 1 0 1 0 1 0 1 1 1
5 e193c1ef 5 7 fff3ce18 ffffffff 1 1 0 1 0 1 0 1 1 1
5 0fbb0e6f 5 7 000b08fa ffffffff 1 1 0 1 0 1 0 1 1 1
5 e0c7cb6f 5 7 fff7c60c ffffffff 1 1 0 1 0 1 0 1 1 1
5 b611696f 5 7 fff16b60 ffffffff 1 1 0 1 0 1 0 1 1 1
5 e35c46ef 5 7 fffc4e34 ffffffff 1 1 0 1 0 1 0 1 1 1
5 64d6216f 5 7 00062e4c ffffffff 1 1 0 1 0 1 0 1 1 1
5 c49ea76f 5 7 fffeac48 ffffffff 1 1 0 1 0 1 0 1 1 1
5 d29b0b6f 5 7 fffb0d28 ffffffff 1 1 0 1 0 1 0 1 1 1
5 55abd2ef 5 7 000bd55a ffffffff 1 1 0 1 0 1 0 1 1 1
5 8db327ef 5 7 fff328da ffffffff 1 1 0 1 0 1 0 1 1 1
5 04e57bef 5 7 0005704e ffffffff 1 1 0 1 0 1 0 1 1 1
5 058533ef 5 7 00053058 ffffffff 1 1 0 1 0 1 0 1 1 1
5 6be2e76f 5 7 0002e6be ffffffff 1 1 0 1 0 1 0 1 1 1
5 4a7986ef 5 7 00098ca6 ffffffff 1 1 0 1 0 1 0 1 1 1
6 5a3e573f 7 7 00000000 ffffffff 0 1 0 1 0 1 0 1 0 1
6 24908d86 7 7 00000000 ffffffff 0 1 0 1 0 1 0 1 0 1
6 87dbf4db 7 7 00000000 ffffffff 0 1 0 1 0 1 0 1 0 1
6 db361d71 7 7 00000000 ffffffff 0 1 0 1 0 1 0 1 0 1
6 ba67da74 7 7 00000000 ffffffff 0 1 0 1 0 1 0 1 0 1
6 a2e5ea4e 7 7 00000000 ffffffff 0 1 0 1 0 1 0 1 0 1
6 8cee69f9 7 7 00000000 ffffffff 0 1 0 1 0 1 0 1 0 1
6 c7f29289 7 7 00000000 ffffffff 0 1 0 1 0 1 0 1 0 1
6 043c2318 7 7 00000000 ffffffff 0 1 0 1 0 1 0 1 0 1
6 c9c134ae 7 7 00000000 ffffffff 0 1 0 1 0 1 0 1 0 1
6 c43a01ac 7 7 00000000 ffffffff 0 1 0 1 0 1 0 1 0 1
6 883a279d 7 7 00000000 ffffffff 0 1 0 1 0 1 0 1 0 1
6 b8cefaa2 7 7 00000000 ffffffff 0 1 0 1 0 1 0 1 0 1
6 360035d1 7 7 00000000 ffffffff 0 1 0 1 0 1 0 1 0 1
6 03179900 7 7 00000000 ffffffff 0 1 0 1 0 1 0 1 0 1
6 f0b9db1a 7 7 00000000 ffffffff 0 1 0 1 0 1 0 1 0 1
6 2ca59fe2 7 7 00000000 ffffffff 0 1 0 1 0 1 0 1 0 1
6 23722169 7 7 00000000 ffffffff 0 1 0 1 0 1 0 1 0 1
6 2826742b 7 7 00000000 ffffffff 0 1 0 1 0 1 0 1 0 1
6 93b69534 7 7 00000000 ffffffff 0 1 0 1 0 1 0 1 0 1
6 7cb29f7a 7 7 00000000 ffffffff 0 1 0 1 0 1 0 1 0 1
6 e2bede22 7 7 00000000 ffffffff 0 1 0 1 0 1 0 1 0 1
6 b91dc3b1 7 7 00000000 ffffffff 0 1 0 1 0 1 0 1 0 1
6 5b8e4e49 7 7 00000000 ffffffff 0 1 0 1 0 1 0 1 0 1
6 252235cb 7 7 00000000 ffffffff 0 1 0 1 0 1 0 1 0 1
6 ba520346 7 7 00000000 ffffffff 0 1 0 1 0 1 0 1 0 1
6 d9a5e8d5 7 7 00000000 ffffffff 0 1 0 1 0 1 0 1 0 1
6 26e3c684 7 7 00000000 ffffffff 0 1 0 1 0 1 0 1 0 1
6 8415526b 7 7 00000000 ffffffff 0 1 0 1 0 1 0 1 0 1
6 a786b645 7 7 00000000 ffffffff 0 1 0 1 0 1 0 1 0 1
6 5e630ce2 7 7 00000000 ffffffff 0 1 0 1 0 1 0 1 0 1
6 f0ebbbf2 7 7 00000000 ffffffff 0 1 0 1 0 1 0 1 0 1
6 d712f873 7 7 00000000 ffffffff 0 1 0 1 0 1 0 1 0 1
6 40ef9677 7 7 00000000 ffffffff 0 1 0 1 0 1 0 1 0 1
6 c30426db 7 7 00000000 ffffffff 0 1 0 1 0 1 0 1 0 1
6 b23b0a87 7 7 00000000 ffffffff 0 1 0 1 0 1 0 1 0 1
6 6d3c9570 7 7 00000000 ffffffff 0 1 0 1 0 1 0 1 0 1
6 dddac35d 7 7 00000000 ffffffff 0 1 0 1 0 1 0 1 0 1
6 f3b55159 7 7 00000000 ffffffff 0 1 0 1 0 1 0 1 0 1
6 e4097fe2 7 7 00000000 ffffffff 0 1 0 1 0 1 0 1 0 1
6 5deb02d3 7 7 00000000 ffffffff 0 1 0 1 0 1 0 1 0 1
6 f065bf4a 7 7 00000000 ffffffff 0 1 0 1 0 1 0 1 0 1
6 1346f4e9 7 7 00000000 ffffffff 0 1 0 1 0 1 0 1 0 1
6 dc7d3db5 7 7 00000000 ffffffff 0 1 0 1 0 1 0 1 0 1
6 f7eaff0b 7 7 00000000 ffffffff 0 1 0 1 0 1 0 1 0 1
6 8307dd19 7 7 00000000 ffffffff 0 1 0 1 0 1 0 1 0 1
6 a81fd23c 7 7 00000000 ffffffff 0 1 0 1 0 1 0 1 0 1
6 5f6f4296 7 7 00000000 ffffffff 0 1 0 1 0 1 0 1 0 1
6 c250e6ad 7 7 00000000 ffffffff 0 1 0 1 0 1 0 1 0 1
6 6bbda73b 7 7 00000000 ffffffff 0 1 0 1 0 1 0 1 0 1
6 ce88cd15 7 7 00000000 ffffffff 0 1 0 1 0 1 0 1 0 1
6 b6efa57b 7 7 00000000 ffffffff 0 1 0 1 0 1 0 1 0 1
6 8b67abac 7 7 00000000 ffffffff 0 1 0 1 0 1 0 1 0 1
6 cc70c3c2 7 7 00000000 ffffffff 0 1 0 1 0 1 0 1 0 1
6 1a4c37b9 7 7 00000000 ffffffff 0 1 0 1 0 1 0 1 0 1
6 40509b4f 7 7 00000000 ffffffff 0 1 0 1 0 1 0 1 0 1
6 308e1cbb 7 7 00000000 ffffffff 0 1 0 1 0 1 0 1 0 1
6 13f0f492 7 7 00000000 ffffffff 0 1 0 1 0 1 0 1 0 1
6 0799325e 7 7 00000000 ffffffff 0 1 0 1 0 1 0 1 0 1
6 fdf2e6a5 7 7 00000000 ffffffff 0 1 0 1 0 1 0 1 0 1
6 d5755aa2 7 7 00000000 ffffffff 0 1 0 1 0 1 0 1 0 1
6 733f5d0a 7 7 00000000 ffffffff 0 1 0 1 0 1 0 1 0 1
6 5fe8b2af 7 7 00000000 ffffffff 0 1 0 1 0 1 0 1 0 1
6 8cd33e3c 7 7 00000000 ffffffff 0 1 0 1 0 1 0 1 0 1
6 5ce9068c 7 7 00000000 ffffffff 0 1 0 1 0 1 0 1 0 1
6 5a7a4069 7 7 00000000 ffffffff 0 1 0 1 0 1 0 1 0 1
6 80953691 7 7 00000000 ffffffff 0 1 0 1 0 1 0 1 0 1
6 128b6855 7 7 00000000 ffffffff 0 1 0 1 0 1 0 1 0 1
6 af1f1ec5 7 7 00000000 ffffffff 0 1 0 1 0 1 0 1 0 1
6 e3901142 7 7 00000000 ffffffff 0 1 0 1 0 1 0 1 0 1
6 c5bde699 7 7 00000000 ffffffff 0 1 0 1 0 1 0 1 0 1
6 f497af1e 7 7 00000000 ffffffff 0 1 0 1 0 1 0 1 0 1
6 553e4066 7 7 00000000 ffffffff 0 1 0 1 0 1 0 1 0 1
6 416e3007 7 7 00000000 ffffffff 0 1 0 1 0 1 0 1 0 1
6 a707e42a 7 7 00000000 ffffffff 0 1 0 1 0 1 0 1 0 1
6 71327a44 7 7 00000000 ffffffff 0 1 0 1 0 1 0 1 0 1
6 3288a7a1 7 7 00000000 ffffffff 0 1 0 1 0 1 0 1 0 1
6 6269a8e6 7 7 00000000 ffffffff 0 1 0 1 0 1 0 1 0 1
6 2b32529e 7 7 00000000 ffffffff 0 1 0 1 0 1 0 1 0 1
6 166ec911 7 7 00000000 ffffffff 0 1 0 1 0 1 0 1 0 1
6 f7339195 7 7 00000000 ffffffff 0 1 0 1 0 1 0 1 0 1
6 cc1ec4bc 7 7 00000000 ffffffff 0 1 0 1 0 1 0 1 0 1
6 5d19ee99 7 7 00000000 ffffffff 0 1 0 1 0 1 0 1 0 1
6 eb5c6f49 7 7 00000000 ffffffff 0 1 0 1 0 1 0 1 0 1
6 2b950e25 7 7 00000000 ffffffff 0 1 0 1 0 1 0 1 0 1
6 c867f486 7 7 00000000 ffffffff 0 1 0 1 0 1 0 1 0 1
6 bf1864a7 7 7 00000000 ffffffff 0 1 0 1 0 1 0 1 0 1
6 f596a5b1 7 7 00000000 ffffffff 0 1 0 1 0 1 0 1 0 1
6 83438ae2 7 7 00000000 ffffffff 0 1 0 1 0 1 0 1 0 1
6 bd950289 7 7 00000000 ffffffff 0 1 0 1 0 1 0 1 0 1
6 c8b5fb15 7 7 00000000 ffffffff 0 1 0 1 0 1 0 1 0 1
6 0d5b1f01 7 7 00000000 ffffffff 0 1 0 1 0 1 0 1 0 1
6 49eef20d 7 7 00000000 ffffffff 0 1 0 1 0 1 0 1 0 1
6 a958e0d9 7 7 00000000 ffffffff 0 1 0 1 0 1 0 1 0 1
6 177eabdb 7 7 00000000 ffffffff 0 1 0 1 0 1 0 1 0 1
6 22a054ac 7 7 00000000 ffffffff 0 1 0 1 0 1 0 1 0 1
6 0848f942 7 7 00000000 ffffffff 0 1 0 1 0 1 0 1 0 1
6 b4639118 7 7 00000000 ffffffff 0 1 0 1 0 1 0 1 0 1
6 94994b2d 7 7 00000000 ffffffff 0 1 0 1 0 1 0 1 0 1
6 000d49d5 7 7 00000000 ffffffff 0 1 0 1 0 1 0 1 0 1
6 a87a3e0c 7 7 00000000 ffffffff 0 1 0 1 0 1 0 1 0 1
6 f8deb785 7 7 00000000 ffffffff 0 1 0 1 0 1 0 1 0 1
6 a8ea8b0e 7 7 00000000 ffffffff 0 1 0 1 0 1 0 1 0 1
6 7675c947 7 7 00000000 ffffffff 0 1 0 1 0 1 0 1 0 1
6 b06e40c3 7 7 00000000 ffffffff 0 1 0 1 0 1 0 1 0 1
6 cae27f09 7 7 00000000 ffffffff 0 1 0 1 0 1 0 1 0 1
6 6465ca59 7 7 00000000 ffffffff 0 1 0 1 0 1 0 1 0 1
6 61383247 7 7 00000000 ffffffff 0 1 0 1 0 1 0 1 0 1
6 613b087f 7 7 00000000 ffffffff 0 1 0 1 0 1 0 1 0 1
6 269141d9 7 7 00000000 ffffffff 0 1 0 1 0 1 0 1 0 1
6 0eab5b42 7 7 00000000 ffffffff 0 1 0 1 0 1 0 1 0 1
6 c4e7458c 7 7 00000000 ffffffff 0 1 0 1 0 1 0 1 0 1
6 f91c8132 7 7 00000000 ffffffff 0 1 0 1 0 1 0 1 0 1
6 6fb8bc91 7 7 00000000 ffffffff 0 1 0 1 0 1 0 1 0 1
6 a7eca09c 7 7 00000000 ffffffff 0 1 0 1 0 1 0 1 0 1
6 23496ec1 7 7 00000000 ffffffff 0 1 0 1 0 1 0 1 0 1
6 3f49884c 7 7 00000000 ffffffff 0 1 0 1 0 1 0 1 0 1
6 53c1eea4 7 7 00000000 ffffffff 0 1 0 1 0 1 0 1 0 1
6 5e2110b9 7 7 00000000 ffffffff 0 1 0 1 0 1 0 1 0 1
6 f1e81a44 7 7 00000000 ffffffff 0 1 0 1 0 1 0 1 0 1
6 27fad456 7 7 00000000 ffffffff 0 1 0 1 0 1 0 1 0 1
6 291ba884 7 7 00000000 ffffffff 0 1 0 1 0 1 0 1 0 1
6 c6b6b6ce 7 7 00000000 ffffffff 0 1 0 1 0 1 0 1 0 1
6 074ed9bf 7 7 00000000 ffffffff 0 1 0 1 0 1 0 1 0 1
6 aa4c014b 7 7 00000000 ffffffff 0 1 0 1 0 1 0 1 0 1
6 eb81be45 7 7 00000000 ffffffff 0 1 0 1 0 1 0 1 0 1
6 4adfa940 7 7 00000000 ffffffff 0 1 0 1 0 1 0 1 0 1
6 d818a188 7 7 00000000 ffffffff 0 1 0 1 0 1 0 1 0 1
6 b5b9e41e 7 7 00000000 ffffffff 0 1 0 1 0 1 0 1 0 1
6 c6b7cd9d 7 7 00000000 ffffffff 0 1 0 1 0 1 0 1 0 1
6 29a81eb5 7 7 00000000 ffffffff 0 1 0 1 0 1 0 1 0 1
6 83fef329 7 7 00000000 ffffffff 0 1 0 1 0 1 0 1 0 1
6 10d66292 7 7 00000000 ffffffff 0 1 0 1 0 1 0 1 0 1
6 5a0be496 7 7 00000000 ffffffff 0 1 0 1 0 1 0 1 0 1
6 fe8fc0d5 7 7 00000000 ffffffff 0 1 0 1 0 1 0 1 0 1
6 4fcc632e 7 7 00000000 ffffffff 0 1 0 1 0 1 0 1 0 1
6 e4976987 7 7 00000000 ffffffff 0 1 0 1 0 1 0 1 0 1
6 57fa04e4 7 7 00000000 ffffffff 0 1 0 1 0 1 0 1 0 1
6 c9c446a7 7 7 00000000 ffffffff 0 1 0 1 0 1 0 1 0 1
6 265b368d 7 7 00000000 ffffffff 0 1 0 1 0 1 0 1 0 1
6 c9a0762c 7 7 00000000 ffffffff 0 1 0 1 0 1 0 1 0 1
6 8f5f0a84 7 7 00000000 ffffffff 0 1 0 1 0 1 0 1 0 1
6 3656a1d3 7 7 00000000 ffffffff 0 1 0 1 0 1 0 1 0 1
6 747d8396 7 7 00000000 ffffffff 0 1 0 1 0 1 0 1 0 1
6 bde97d9f 7 7 00000000 ffffffff 0 1 0 1 0 1 0 1 0 1
6 e95b07d0 7 7 00000000 ffffffff 0 1 0 1 0 1 0 1 0 1
6 33177ff4 7 7 00000000 ffffffff 0 1 0 1 0 1 0 1 0 1
6 f34ff139 7 7 00000000 ffffffff 0 1 0 1 0 1 0 1 0 1
6 f1864cfc 7 7 00000000 ffffffff 0 1 0 1 0 1 0 1 0 1
6 2de52307 7 7 00000000 ffffffff 0 1 0 1 0 1 0 1 0 1
6 4a707b5d 7 7 00000000 ffffffff 0 1 0 1 0 1 0 1 0 1
6 feb39128 7 7 00000000 ffffffff 0 1 0 1 0 1 0 1 0 1
6 7c6e03f5 7 7 00000000 ffffffff 0 1 0 1 0 1 0 1 0 1
6 6d2f2494 7 7 00000000 ffffffff 0 1 0 1 0 1 0 1 0 1
6 2ab73ac8 7 7 00000000 ffffffff 0 1 0 1 0 1 0 1 0 1
6 ec89029f 7 7 00000000 ffffffff 0 1 0 1 0 1 0 1 0 1
6 4cea6ad1 7 7 00000000 ffffffff 0 1 0 1 0 1 0 1 0 1
6 0b3bafc8 7 7 00000000 ffffffff 0 1 0 1 0 1 0 1 0 1
6 31f0dd54 7 7 00000000 ffffffff 0 1 0 1 0 1 0 1 0 1
6 3cffe10a 7 7 00000000 ffffffff 0 1 0 1 0 1 0 1 0 1
6 3b350879 7 7 00000000 ffffffff 0 1 0 1 0 1 0 1 0 1
6 ba7e3b24 7 7 00000000 ffffffff 0 1 0 1 0 1 0 1 0 1
6 dbc13e32 7 7 00000000 ffffffff 0 1 0 1 0 1 0 1 0 1
6 2f540494 7 7 00000000 ffffffff 0 1 0 1 0 1 0 1 0 1
6 7bd1188c 7 7 00000000 ffffffff 0 1 0 1 0 1 0 1 0 1
6 f4d0b4ca 7 7 00000000 ffffffff 0 1 0 1 0 1 0 1 0 1
6 058c500f 7 7 00000000 ffffffff 0 1 0 1 0 1 0 1 0 1
6 135d7d70 7 7 00000000 ffffffff 0 1 0 1 0 1 0 1 0 1
6 b81f1eb6 7 7 00000000 ffffffff 0 1 0 1 0 1 0 1 0 1
6 bfa39f3e 7 7 00000000 ffffffff 0 1 0 1 0 1 0 1 0 1
6 2f582a5b 7 7 00000000 ffffffff 0 1 0 1 0 1 0 1 0 1
6 aca59606 7 7 00000000 ffffffff 0 1 0 1 0 1 0 1 0 1
6 7273b157 7 7 00000000 ffffffff 0 1 0 1 0 1 0 1 0 1
6 7f28c001 7 7 00000000 ffffffff 0 1 0 1 0 1 0 1 0 1
6 aea09109 7 7 00000000 ffffffff 0 1 0 1 0 1 0 1 0 1
6 334a730d 7 7 00000000 ffffffff 0 1 0 1 0 1 0 1 0 1
6 d9589e78 7 7 00000000 ffffffff 0 1 0 1 0 1 0 1 0 1
6 55154b20 7 7 00000000 ffffffff 0 1 0 1 0 1 0 1 0 1
6 7667fe9e 7 7 00000000 ffffffff 0 1 0 1 0 1 0 1 0 1
6 7e9e412a 7 7 00000000 ffffffff 0 1 0 1 0 1 0 1 0 1
6 ca3e6480 7 7 00000000 ffffffff 0 1 0 1 0 1 0 1 0 1
6 78ce51cc 7 7 00000000 ffffffff 0 1 0 1 0 1 0 1 0 1
6 e734dc98 7 7 00000000 ffffffff 0 1 0 1 0 1 0 1 0 1
6 b8e3cc87 7 7 00000000 ffffffff 0 1 0 1 0 1 0 1 0 1
6 8842db9f 7 7 00000000 ffffffff 0 1 0 1 0 1 0 1 0 1
6 e3273473 7 7 00000000 ffffffff 0 1 0 1 0 1 0 1 0 1
6 746b94cb 7 7 00000000 ffffffff 0 1 0 1 0 1 0 1 0 1
6 caeaa35e 7 7 00000000 ffffffff 0 1 0 1 0 1 0 1 0 1
6 ffe5dbea 7 7 00000000 ffffffff 0 1 0 1 0 1 0 1 0 1
6 35ee70af 7 7 00000000 ffffffff 0 1 0 1 0 1 0 1 0 1
6 3ac86029 7 7 00000000 ffffffff 0 1 0 1 0 1 0 1 0 1
6 1d9729aa 7 7 00000000 ffffffff 0 1 0 1 0 1 0 1 0 1
6 38f3f1cf 7 7 00000000 ffffffff 0 1 0 1 0 1 0 1 0 1
6 c0003199 7 7 00000000 ffffffff 0 1 0 1 0 1 0 1 0 1
6 338892af 7 7 00000000 ffffffff 0 1 0 1 0 1 0 1 0 1
6 ddbc6005 7 7 00000000 ffffffff 0 1 0 1 0 1 0 1 0 1
6 d976bcc9 7 7 00000000 ffffffff 0 1 0 1 0 1 0 1 0 1
6 12ca2069 7 7 00000000 ffffffff 0 1 0 1 0 1 0 1 0 1
6 c61d0a79 7 7 00000000 ffffffff 0 1 0 1 0 1 0 1 0 1
6 79cf7a14 7 7 00000000 ffffffff 0 1 0 1 0 1 0 1 0 1
6 10e30682 7 7 00000000 ffffffff 0 1 0 1 0 1 0 1 0 1
6 47a852c0 7 7 00000000 ffffffff 0 1 0 1 0 1 0 1 0 1
6 54ed10f3 7 7 00000000 ffffffff 0 1 0 1 0 1 0 1 0 1
6 61e9ff78 7 7 00000000 ffffffff 0 1 0 1 0 1 0 1 0 1
6 1c0c1c04 7 7 00000000 ffffffff 0 1 0 1 0 1 0 1 0 1
6 4944e276 7 7 00000000 ffffffff 0 1 0 1 0 1 0 1 0 1
6 94f263e1 7 7 00000000 ffffffff 0 1 0 1 0 1 0 1 0 1
6 3cc053dc 7 7 00000000 ffffffff 0 1 0 1 0 1 0 1 0 1
6 de753270 7 7 00000000 ffffffff 0 1 0 1 0 1 0 1 0 1
6 0a4fee0a 7 7 00000000 ffffffff 0 1 0 1 0 1 0 1 0 1
6 4ef129c5 7 7 00000000 ffffffff 0 1 0 1 0 1 0 1 0 1
6 5425bdd8 7 7 00000000 ffffffff 0 1 0 1 0 1 0 1 0 1
6 68f39aec 7 7 00000000 ffffffff 0 1 0 1 0 1 0 1 0 1
6 d52c27b6 7 7 00000000 ffffffff 0 1 0 1 0 1 0 1 0 1
6 5f3f7414 7 7 00000000 ffffffff 0 1 0 1 0 1 0 1 0 1
6 2f98ec76 7 7 00000000 ffffffff 0 1 0 1 0 1 0 1 0 1
6 28920508 7 7 00000000 ffffffff 0 1 0 1 0 1 0 1 0 1
6 5bb837e4 7 7 00000000 ffffffff 0 1 0 1 0 1 0 1 0 1
6 2e898fe4 7 7 00000000 ffffffff 0 1 0 1 0 1 0 1 0 1
6 e75d7f28 7 7 00000000 ffffffff 0 1 0 1 0 1 0 1 0 1
6 49a43b6b 7 7 00000000 ffffffff 0 1 0 1 0 1 0 1 0 1
6 8fe9963b 7 7 00000000 ffffffff 0 1 0 1 0 1 0 1 0 1
6 24d13fc1 7 7 00000000 ffffffff 0 1 0 1 0 1 0 1 0 1
6 75ca5021 7 7 00000000 ffffffff 0 1 0 1 0 1 0 1 0 1
6 445e9faa 7 7 00000000 ffffffff 0 1 0 1 0 1 0 1 0 1
6 c30a9b2f 7 7 00000000 ffffffff 0 1 0 1 0 1 0 1 0 1
6 03180aac 7 7 00000000 ffffffff 0 1 0 1 0 1 0 1 0 1
6 2c83c0d4 7 7 00000000 ffffffff 0 1 0 1 0 1 0 1 0 1
6 8d8b483e 7 7 00000000 ffffffff 0 1 0 1 0 1 0 1 0 1
6 ff2c5ad1 7 7 00000000 ffffffff 0 1 0 1 0 1 0 1 0 1
6 f7c4673f 7 7 00000000 ffffffff 0 1 0 1 0 1 0 1 0 1
6 fd148688 7 7 00000000 ffffffff 0 1 0 1 0 1 0 1 0 1
6 c0cf0e25 7 7 00000000 ffffffff 0 1 0 1 0 1 0 1 0 1
6 b5b00f02 7 7 00000000 ffffffff 0 1 0 1 0 1 0 1 0 1
6 737722ac 7 7 00000000 ffffffff 0 1 0 1 0 1 0 1 0 1
6 400a5b56 7 7 00000000 ffffffff 0 1 0 1 0 1 0 1 0 1
6 91892321 7 7 00000000 ffffffff 0 1 0 1 0 1 0 1 0 1
6 da26f888 7 7 00000000 ffffffff 0 1 0 1 0 1 0 1 0 1
6 60776bfd 7 7 00000000 ffffffff 0 1 0 1 0 1 0 1 0 1
6 0ee97170 7 7 00000000 ffffffff 0 1 0 1 0 1 0 1 0 1
6 d6dd64ac 7 7 00000000 ffffffff 0 1 0 1 0 1 0 1 0 1
6 69439ad7 7 7 00000000 ffffffff 0 1 0 1 0 1 0 1 0 1
6 5bd6e162 7 7 00000000 ffffffff 0 1 0 1 0 1 0 1 0 1
6 a1130eeb 7 7 00000000 ffffffff 0 1 0 1 0 1 0 1 0 1
6 3c69528d 7 7 00000000 ffffffff 0 1 0 1 0 1 0 1 0 1
6 bcd6d12e 7 7 00000000 ffffffff 0 1 0 1 0 1 0 1 0 1
6 a4195730 7 7 00000000 ffffffff 0 1 0 1 0 1 0 1 0 1
6 b616a304 7 7 00000000 ffffffff 0 1 0 1 0 1 0 1 0 1
6 104c2f4e 7 7 00000000 ffffffff 0 1 0 1 0 1 0 1 0 1
6 f7eff382 7 7 00000000 ffffffff 0 1 0 1 0 1 0 1 0 1
6 a6efcca8 7 7 00000000 ffffffff 0 1 0 1 0 1 0 1 0 1
6 2e4dad6b 7 7 00000000 ffffffff 0 1 0 1 0 1 0 1 0 1
6 7fdd6d2d 7 7 00000000 ffffffff 0 1 0 1 0 1 0 1 0 1
6 d76f700d 7 7 00000000 ffffffff 0 1 0 1 0 1 0 1 0 1
6 003e608f 7 7 00000000 ffffffff 0 1 0 1 0 1 0 1 0 1
6 b9c18b08 7 7 00000000 ffffffff 0 1 0 1 0 1 0 1 0 1
6 4f797b24 7 7 00000000 ffffffff 0 1 0 1 0 1 0 1 0 1
6 00149204 7 7 00000000 ffffffff 0 1 0 1 0 1 0 1 0 1
6 a9aecdbf 7 7 00000000 ffffffff 0 1 0 1 0 1 0 1 0 1
6 8e6c4c61 7 7 00000000 ffffffff 0 1 0 1 0 1 0 1 0 1
6 f785dbf0 7 7 00000000 ffffffff 0 1 0 1 0 1 0 1 0 1
6 a3ef065f 7 7 00000000 ffffffff 0 1 0 1 0 1 0 1 0 1
6 64c865ab 7 7 00000000 ffffffff 0 1 0 1 0 1 0 1 0 1
6 40327ea7 7 7 00000000 ffffffff 0 1 0 1 0 1 0 1 0 1
6 c2b61a5f 7 7 00000000 ffffffff 0 1 0 1 0 1 0 1 0 1
6 d77a88fe 7 7 00000000 ffffffff 0 1 0 1 0 1 0 1 0 1
6 6a7b8c32 7 7 00000000 ffffffff 0 1 0 1 0 1 0 1 0 1
6 fcf70238 7 7 00000000 ffffffff 0 1 0 1 0 1 0 1 0 1
6 3f0858e0 7 7 00000000 ffffffff 0 1 0 1 0 1 0 1 0 1
6 9df5349b 7 7 00000000 ffffffff 0 1 0 1 0 1 0 1 0 1
6 11fc449c 7 7 00000000 ffffffff 0 1 0 1 0 1 0 1 0 1
6 fa69027e 7 7 00000000 ffffffff 0 1 0 1 0 1 0 1 0 1
6 000cba66 7 7 00000000 ffffffff 0 1 0 1 0 1 0 1 0 1
6 046b4e38 7 7 00000000 ffffffff 0 1 0 1 0 1 0 1 0 1
6 89caf2be 7 7 00000000 ffffffff 0 1 0 1 0 1 0 1 0 1
6 66c74a21 7 7 00000000 ffffffff 0 1 0 1 0 1 0 1 0 1
6 d410f57a 7 7 00000000 ffffffff 0 1 0 1 0 1 0 1 0 1
6 04dc51f4 7 7 00000000 ffffffff 0 1 0 1 0 1 0 1 0 1
6 48f5f3bb 7 7 00000000 ffffffff 0 1 0 1 0 1 0 1 0 1
6 9c0fcaf6 7 7 00000000 ffffffff 0 1 0 1 0 1 0 1 0 1
6 21b44d6b 7 7 00000000 ffffffff 0 1 0 1 0 1 0 1 0 1
6 2eff9f45 7 7 00000000 ffffffff 0 1 0 1 0 1 0 1 0 1
6 bae415cd 7 7 00000000 ffffffff 0 1 0 1 0 1 0 1 0 1
6 e6b12944 7 7 00000000 ffffffff 0 1 0 1 0 1 0 1 0 1
6 b3f09109 7 7 00000000 ffffffff 0 1 0 1 0 1 0 1 0 1
6 24cb8434 7 7 00000000 ffffffff 0 1 0 1 0 1 0 1 0 1
6 c39733f6 7 7 00000000 ffffffff 0 1 0 1 0 1 0 1 0 1
6 2965bef8 7 7 00000000 ffffffff 0 1 0 1 0 1 0 1 0 1
6 002915a4 7 7 00000000 ffffffff 0 1 0 1 0 1 0 1 0 1
6 838447ba 7 7 00000000 ffffffff 0 1 0 1 0 1 0 1 0 1
6 2d70fc9e 7 7 00000000 ffffffff 0 1 0 1 0 1 0 1 0 1
6 e5a342d6 7 7 00000000 ffffffff 0 1 0 1 0 1 0 1 0 1
6 0fe625f2 7 7 00000000 ffffffff 0 1 0 1 0 1 0 1 0 1
6 15c05bcf 7 7 00000000 ffffffff 0 1 0 1 0 1 0 1 0 1
6 e7279774 7 7 00000000 ffffffff 0 1 0 1 0 1 0 1 0 1
6 59ec80af 7 7 00000000 ffffffff 0 1 0 1 0 1 0 1 0 1
6 f92c3e54 7 7 00000000 ffffffff 0 1 0 1 0 1 0 1 0 1
6 df89bfc6 7 7 00000000 ffffffff 0 1 0 1 0 1 0 1 0 1
6 c3b62277 7 7 00000000 ffffffff 0 1 0 1 0 1 0 1 0 1
6 07cfe096 7 7 00000000 ffffffff 0 1 0 1 0 1 0 1 0 1
