0 1 0 00 0 0 0 1 0 0 00 00 0 1 0 0 0 1 0 f
1 0 1 40 0 0 1 1 0 3 40 ff 0 1 0 0 0 1 1 f
2 0 1 40 0 0 0 1 0 0 00 00 1 1 0 3 0 1 1 f
3 0 1 80 0 0 1 1 1 3 80 ff 0 1 0 0 0 1 3 f
3 0 1 10 0 0 1 1 2 3 10 ff 0 1 0 0 0 1 7 f
3 0 1 20 0 0 1 1 3 3 20 ff 0 1 0 0 0 1 f f
4 0 1 99 0 0 0 1 0 0 00 00 0 1 0 0 1 1 f f
5 0 1 10 0 0 0 1 0 0 00 00 1 1 2 3 0 1 f f
6 0 1 99 1 2 1 1 2 3 99 ff 0 1 0 0 0 1 f f
6 0 0 00 1 0 0 1 0 0 00 00 0 1 0 0 0 1 e f
6 0 1 40 0 0 1 1 0 3 40 ff 0 1 0 0 0 1 f f
7 0 1 75 0 0 0 1 0 0 00 00 0 1 0 0 1 1 f f
7 0 0 ac 1 3 0 1 0 0 00 00 0 1 0 0 0 1 7 f
7 0 0 02 1 1 0 1 0 0 00 00 0 1 0 0 0 1 5 f
7 0 1 03 0 0 1 1 1 3 03 ff 0 1 0 0 0 1 7 f
7 0 1 c0 1 1 1 1 1 3 c0 ff 0 1 0 0 0 1 7 f
7 0 0 22 0 0 0 1 0 0 00 00 0 1 0 0 0 1 7 f
7 0 1 64 1 2 1 1 2 3 64 ff 0 1 0 0 0 1 7 f
7 0 0 07 0 0 0 1 0 0 00 00 0 1 0 0 0 1 7 f
7 0 1 95 1 2 1 1 2 3 95 ff 0 1 0 0 0 1 7 f
7 0 1 06 1 2 1 1 2 3 06 ff 0 1 0 0 0 1 7 f
7 0 0 02 0 0 0 1 0 0 00 00 0 1 0 0 0 1 7 f
7 0 1 07 0 0 1 1 3 3 07 ff 0 1 0 0 0 1 f f
7 0 0 37 1 2 0 1 0 0 00 00 0 1 0 0 0 1 b f
7 0 0 d5 0 0 0 1 0 0 00 00 0 1 0 0 0 1 b f
7 0 1 01 0 0 1 1 2 3 01 ff 0 1 0 0 0 1 f f
7 0 1 02 0 0 0 1 0 0 00 00 0 1 0 0 1 1 f f
7 0 1 1b 0 0 0 1 0 0 00 00 0 1 0 0 1 1 f f
7 0 1 3f 1 0 1 1 0 3 3f ff 0 1 0 0 0 1 f f
7 0 0 02 0 0 0 1 0 0 00 00 0 1 0 0 0 1 f f
7 0 0 90 1 1 0 1 0 0 00 00 0 1 0 0 0 1 d f
7 0 1 72 0 0 1 1 1 3 72 ff 0 1 0 0 0 1 f f
7 0 1 02 0 0 0 1 0 0 00 00 0 1 0 0 1 1 f f
7 0 0 06 0 0 0 1 0 0 00 00 0 1 0 0 0 1 f f
7 0 0 03 0 0 0 1 0 0 00 00 0 1 0 0 0 1 f f
7 0 0 80 1 2 0 1 0 0 00 00 0 1 0 0 0 1 b f
7 0 0 01 1 0 0 1 0 0 00 00 0 1 0 0 0 1 a f
7 0 0 63 0 0 0 1 0 0 00 00 0 1 0 0 0 1 a f
7 0 1 06 0 0 1 1 0 3 06 ff 0 1 0 0 0 1 b f
7 0 0 0f 1 0 0 1 0 0 00 00 0 1 0 0 0 1 a f
7 0 0 03 1 3 0 1 0 0 00 00 0 1 0 0 0 1 2 f
7 0 1 5b 1 1 1 1 0 3 5b ff 0 1 0 0 0 1 1 f
7 0 1 04 0 0 1 1 1 3 04 ff 0 1 0 0 0 1 3 f
7 0 1 d8 0 0 1 1 2 3 d8 ff 0 1 0 0 0 1 7 f
7 0 1 3a 0 0 1 1 3 3 3a ff 0 1 0 0 0 1 f f
7 0 1 05 1 3 1 1 3 3 05 ff 0 1 0 0 0 1 f f
7 0 0 01 0 0 0 1 0 0 00 00 0 1 0 0 0 1 f f
7 0 0 62 0 0 0 1 0 0 00 00 0 1 0 0 0 1 f f
7 0 1 63 0 0 0 1 0 0 00 00 0 1 0 0 1 1 f f
7 0 0 02 1 0 0 1 0 0 00 00 0 1 0 0 0 1 e f
7 0 0 01 0 0 0 1 0 0 00 00 0 1 0 0 0 1 e f
7 0 0 53 0 0 0 1 0 0 00 00 0 1 0 0 0 1 e f
7 0 0 01 1 2 0 1 0 0 00 00 0 1 0 0 0 1 a f
7 0 0 00 1 1 0 1 0 0 00 00 0 1 0 0 0 1 8 f
7 0 0 3b 0 0 0 1 0 0 00 00 0 1 0 0 0 1 8 f
7 0 0 89 0 0 0 1 0 0 00 00 0 1 0 0 0 1 8 f
7 0 0 15 0 0 0 1 0 0 00 00 0 1 0 0 0 1 8 f
7 0 1 30 0 0 1 1 0 3 30 ff 0 1 0 0 0 1 9 f
7 0 1 a8 1 3 1 1 1 3 a8 ff 0 1 0 0 0 1 3 f
7 0 1 05 1 1 1 1 1 3 05 ff 0 1 0 0 0 1 3 f
7 0 1 04 0 0 1 1 2 3 04 ff 0 1 0 0 0 1 7 f
7 0 1 ae 0 0 1 1 3 3 ae ff 0 1 0 0 0 1 f f
7 0 0 ab 1 0 0 1 0 0 00 00 0 1 0 0 0 1 e f
7 0 0 0b 0 0 0 1 0 0 00 00 0 1 0 0 0 1 e f
7 0 1 07 0 0 1 1 0 3 07 ff 0 1 0 0 0 1 f f
7 0 1 06 0 0 0 1 0 0 00 00 0 1 0 0 1 1 f f
7 0 0 06 0 0 0 1 0 0 00 00 0 1 0 0 0 1 f f
7 0 0 02 0 0 0 1 0 0 00 00 0 1 0 0 0 1 f f
7 0 0 06 1 0 0 1 0 0 00 00 0 1 0 0 0 1 e f
7 0 1 06 0 0 1 1 0 3 06 ff 0 1 0 0 0 1 f f
7 0 1 77 0 0 0 1 0 0 00 00 0 1 0 0 1 1 f f
7 0 0 97 0 0 0 1 0 0 00 00 0 1 0 0 0 1 f f
7 0 1 03 0 0 0 1 0 0 00 00 0 1 0 0 1 1 f f
7 0 1 06 0 0 0 1 0 0 00 00 1 1 0 3 0 1 f f
7 0 1 eb 1 2 1 1 2 3 eb ff 0 1 0 0 0 1 f f
7 0 0 03 1 1 0 1 0 0 00 00 0 1 0 0 0 1 d f
7 0 0 01 0 0 0 1 0 0 00 00 0 1 0 0 0 1 d f
7 0 0 fc 1 3 0 1 0 0 00 00 0 1 0 0 0 1 5 f
7 0 0 07 1 0 0 1 0 0 00 00 0 1 0 0 0 1 4 f
7 0 1 60 0 0 1 1 0 3 60 ff 0 1 0 0 0 1 5 f
7 0 0 00 0 0 0 1 0 0 00 00 0 1 0 0 0 1 5 f
7 0 1 07 0 0 1 1 1 3 07 ff 0 1 0 0 0 1 7 f
7 0 0 02 0 0 0 1 0 0 00 00 0 1 0 0 0 1 7 f
7 0 1 7b 1 0 1 1 0 3 7b ff 0 1 0 0 0 1 7 f
7 0 1 e5 0 0 1 1 3 3 e5 ff 0 1 0 0 0 1 f f
7 0 1 52 1 3 1 1 3 3 52 ff 0 1 0 0 0 1 f f
7 0 1 00 0 0 0 1 0 0 00 00 0 1 0 0 1 1 f f
7 0 1 07 0 0 0 1 0 0 00 00 1 1 1 3 0 1 f f
7 0 0 26 0 0 0 1 0 0 00 00 0 1 0 0 0 1 f f
7 0 0 03 1 0 0 1 0 0 00 00 0 1 0 0 0 1 e f
7 0 1 01 0 0 1 1 0 3 01 ff 0 1 0 0 0 1 f f
7 0 0 7c 0 0 0 1 0 0 00 00 0 1 0 0 0 1 f f
7 0 0 03 0 0 0 1 0 0 00 00 0 1 0 0 0 1 f f
7 0 0 00 1 0 0 1 0 0 00 00 0 1 0 0 0 1 e f
7 0 1 4d 1 1 1 1 0 3 4d ff 0 1 0 0 0 1 d f
7 0 1 06 0 0 1 1 1 3 06 ff 0 1 0 0 0 1 f f
7 0 0 00 1 1 0 1 0 0 00 00 0 1 0 0 0 1 d f
7 0 0 00 1 3 0 1 0 0 00 00 0 1 0 0 0 1 5 f
7 0 1 04 0 0 1 1 1 3 04 ff 0 1 0 0 0 1 7 f
7 0 1 99 0 0 1 1 3 3 99 ff 0 1 0 0 0 1 f f
7 0 0 00 1 3 0 1 0 0 00 00 0 1 0 0 0 1 7 f
7 0 1 07 0 0 1 1 3 3 07 ff 0 1 0 0 0 1 f f
7 0 0 01 0 0 0 1 0 0 00 00 0 1 0 0 0 1 f f
7 0 1 0e 0 0 0 1 0 0 00 00 0 1 0 0 1 1 f f
7 0 1 00 0 0 0 1 0 0 00 00 0 1 0 0 1 1 f f
7 0 0 c9 1 3 0 1 0 0 00 00 0 1 0 0 0 1 7 f
7 0 1 04 0 0 0 1 0 0 00 00 1 1 1 3 0 1 7 f
7 0 1 ea 0 0 1 1 3 3 ea ff 0 1 0 0 0 1 f f
7 0 0 a2 0 0 0 1 0 0 00 00 0 1 0 0 0 1 f f
7 0 0 05 0 0 0 1 0 0 00 00 0 1 0 0 0 1 f f
7 0 1 04 0 0 0 1 0 0 00 00 1 1 1 3 0 1 f f
7 0 0 ad 0 0 0 1 0 0 00 00 0 1 0 0 0 1 f f
7 0 1 01 1 3 1 1 3 3 01 ff 0 1 0 0 0 1 f f
7 0 1 f4 0 0 0 1 0 0 00 00 0 1 0 0 1 1 f f
7 0 1 f0 0 0 0 1 0 0 00 00 0 1 0 0 1 1 f f
7 0 0 5d 0 0 0 1 0 0 00 00 0 1 0 0 0 1 f f
7 0 1 04 0 0 0 1 0 0 00 00 1 1 1 3 0 1 f f
7 0 1 c1 0 0 0 1 0 0 00 00 0 1 0 0 1 1 f f
7 0 0 13 1 2 0 1 0 0 00 00 0 1 0 0 0 1 b f
7 0 1 31 0 0 1 1 2 3 31 ff 0 1 0 0 0 1 f f
7 0 0 d9 1 2 0 1 0 0 00 00 0 1 0 0 0 1 b f
7 0 1 3d 1 0 1 1 0 3 3d ff 0 1 0 0 0 1 b f
7 0 1 06 1 1 1 1 1 3 06 ff 0 1 0 0 0 1 b f
7 0 1 2d 0 0 1 1 2 3 2d ff 0 1 0 0 0 1 f f
7 0 1 06 0 0 0 1 0 0 00 00 1 1 1 3 0 1 f f
7 0 0 06 0 0 0 1 0 0 00 00 0 1 0 0 0 1 f f
7 0 0 e5 0 0 0 1 0 0 00 00 0 1 0 0 0 1 f f
7 0 1 07 0 0 0 1 0 0 00 00 0 1 0 0 1 1 f f
7 0 1 06 1 1 1 1 1 3 06 ff 0 1 0 0 0 1 f f
7 0 0 07 0 0 0 1 0 0 00 00 0 1 0 0 0 1 f f
7 0 1 d9 0 0 0 1 0 0 00 00 0 1 0 0 1 1 f f
7 0 1 02 1 2 1 1 2 3 02 ff 0 1 0 0 0 1 f f
7 0 1 06 0 0 0 1 0 0 00 00 1 1 1 3 0 1 f f
7 0 0 af 0 0 0 1 0 0 00 00 0 1 0 0 0 1 f f
7 0 1 d8 0 0 0 1 0 0 00 00 0 1 0 0 1 1 f f
7 0 1 05 0 0 0 1 0 0 00 00 0 1 0 0 1 1 f f
7 0 0 04 0 0 0 1 0 0 00 00 0 1 0 0 0 1 f f
7 0 1 05 0 0 0 1 0 0 00 00 0 1 0 0 1 1 f f
7 0 1 db 0 0 0 1 0 0 00 00 0 1 0 0 1 1 f f
7 0 1 03 1 0 1 1 0 3 03 ff 0 1 0 0 0 1 f f
7 0 1 9a 1 0 1 1 0 3 9a ff 0 1 0 0 0 1 f f
7 0 1 86 1 0 1 1 0 3 86 ff 0 1 0 0 0 1 f f
7 0 1 05 0 0 0 1 0 0 00 00 0 1 0 0 1 1 f f
7 0 1 07 1 3 1 1 3 3 07 ff 0 1 0 0 0 1 f f
7 0 0 00 1 2 0 1 0 0 00 00 0 1 0 0 0 1 b f
7 0 1 07 0 0 0 1 0 0 00 00 1 1 3 3 0 1 b f
7 0 1 03 0 0 1 1 2 3 03 ff 0 1 0 0 0 1 f f
7 0 1 7e 0 0 0 1 0 0 00 00 0 1 0 0 1 1 f f
7 0 1 06 0 0 0 1 0 0 00 00 1 1 1 3 0 1 f f
7 0 1 07 0 0 0 1 0 0 00 00 1 1 3 3 0 1 f f
7 0 0 01 0 0 0 1 0 0 00 00 0 1 0 0 0 1 f f
7 0 1 f8 0 0 0 1 0 0 00 00 0 1 0 0 1 1 f f
7 0 1 00 1 2 1 1 2 3 00 ff 0 1 0 0 0 1 f f
7 0 1 48 0 0 0 1 0 0 00 00 0 1 0 0 1 1 f f
7 0 1 b7 1 1 1 1 1 3 b7 ff 0 1 0 0 0 1 f f
7 0 1 c5 0 0 0 1 0 0 00 00 0 1 0 0 1 1 f f
7 0 1 7a 1 0 1 1 0 3 7a ff 0 1 0 0 0 1 f f
7 0 1 00 1 3 0 1 0 0 00 00 1 1 2 3 0 1 7 f
7 0 1 01 0 0 1 1 3 3 01 ff 0 1 0 0 0 1 f f
7 0 1 04 0 0 0 1 0 0 00 00 0 1 0 0 1 1 f f
7 0 0 04 1 3 0 1 0 0 00 00 0 1 0 0 0 1 7 f
7 0 1 c3 0 0 1 1 3 3 c3 ff 0 1 0 0 0 1 f f
7 0 0 2b 0 0 0 1 0 0 00 00 0 1 0 0 0 1 f f
7 0 0 00 0 0 0 1 0 0 00 00 0 1 0 0 0 1 f f
7 0 0 45 0 0 0 1 0 0 00 00 0 1 0 0 0 1 f f
7 0 1 01 0 0 0 1 0 0 00 00 0 1 0 0 1 1 f f
7 0 1 05 0 0 0 1 0 0 00 00 0 1 0 0 1 1 f f
7 0 1 07 1 3 1 1 3 3 07 ff 0 1 0 0 0 1 f f
7 0 1 c7 0 0 0 1 0 0 00 00 0 1 0 0 1 1 f f
7 0 0 01 1 3 0 1 0 0 00 00 0 1 0 0 0 1 7 f
7 0 1 d7 1 1 1 1 1 3 d7 ff 0 1 0 0 0 1 7 f
7 0 1 70 0 0 1 1 3 3 70 ff 0 1 0 0 0 1 f f
7 0 1 e7 0 0 0 1 0 0 00 00 0 1 0 0 1 1 f f
7 0 1 04 0 0 0 1 0 0 00 00 0 1 0 0 1 1 f f
7 0 1 06 0 0 0 1 0 0 00 00 0 1 0 0 1 1 f f
7 0 0 3f 1 1 0 1 0 0 00 00 0 1 0 0 0 1 d f
7 0 0 9f 0 0 0 1 0 0 00 00 0 1 0 0 0 1 d f
7 0 0 05 0 0 0 1 0 0 00 00 0 1 0 0 0 1 d f
7 0 0 d6 1 2 0 1 0 0 00 00 0 1 0 0 0 1 9 f
7 0 0 02 1 3 0 1 0 0 00 00 0 1 0 0 0 1 1 f
7 0 0 05 0 0 0 1 0 0 00 00 0 1 0 0 0 1 1 f
7 0 1 07 0 0 1 1 1 3 07 ff 0 1 0 0 0 1 3 f
7 0 1 03 1 1 1 1 1 3 03 ff 0 1 0 0 0 1 3 f
7 0 1 06 0 0 1 1 2 3 06 ff 0 1 0 0 0 1 7 f
7 0 1 02 1 0 1 1 0 3 02 ff 0 1 0 0 0 1 7 f
7 0 1 00 1 2 1 1 2 3 00 ff 0 1 0 0 0 1 7 f
7 0 1 49 0 0 1 1 3 3 49 ff 0 1 0 0 0 1 f f
7 0 1 a5 0 0 0 1 0 0 00 00 0 1 0 0 1 1 f f
7 0 1 06 0 0 0 1 0 0 00 00 0 1 0 0 1 1 f f
7 0 1 04 0 0 0 1 0 0 00 00 0 1 0 0 1 1 f f
7 0 0 01 1 2 0 1 0 0 00 00 0 1 0 0 0 1 b f
7 0 0 9e 0 0 0 1 0 0 00 00 0 1 0 0 0 1 b f
7 0 1 92 0 0 1 1 2 3 92 ff 0 1 0 0 0 1 f f
7 0 1 d1 0 0 0 1 0 0 00 00 0 1 0 0 1 1 f f
7 0 1 21 0 0 0 1 0 0 00 00 0 1 0 0 1 1 f f
7 0 0 9c 0 0 0 1 0 0 00 00 0 1 0 0 0 1 f f
7 0 0 74 0 0 0 1 0 0 00 00 0 1 0 0 0 1 f f
7 0 1 00 0 0 0 1 0 0 00 00 0 1 0 0 1 1 f f
7 0 0 04 0 0 0 1 0 0 00 00 0 1 0 0 0 1 f f
7 0 1 7a 1 0 1 1 0 3 7a ff 0 1 0 0 0 1 f f
7 0 1 04 0 0 0 1 0 0 00 00 0 1 0 0 1 1 f f
7 0 1 03 1 0 0 1 0 0 00 00 1 1 1 3 0 1 e f
7 0 1 14 0 0 1 1 0 3 14 ff 0 1 0 0 0 1 f f
7 0 0 05 0 0 0 1 0 0 00 00 0 1 0 0 0 1 f f
7 0 0 05 0 0 0 1 0 0 00 00 0 1 0 0 0 1 f f
7 0 1 00 0 0 0 1 0 0 00 00 0 1 0 0 1 1 f f
7 0 0 bf 1 3 0 1 0 0 00 00 0 1 0 0 0 1 7 f
7 0 0 03 0 0 0 1 0 0 00 00 0 1 0 0 0 1 7 f
7 0 1 d5 1 2 1 1 2 3 d5 ff 0 1 0 0 0 1 7 f
7 0 0 dd 1 0 0 1 0 0 00 00 0 1 0 0 0 1 6 f
7 0 1 62 0 0 1 1 0 3 62 ff 0 1 0 0 0 1 7 f
7 0 1 05 0 0 1 1 3 3 05 ff 0 1 0 0 0 1 f f
7 0 0 07 1 3 0 1 0 0 00 00 0 1 0 0 0 1 7 f
7 0 0 06 0 0 0 1 0 0 00 00 0 1 0 0 0 1 7 f
7 0 1 01 0 0 1 1 3 3 01 ff 0 1 0 0 0 1 f f
7 0 1 48 0 0 0 1 0 0 00 00 0 1 0 0 1 1 f f
7 0 0 ab 0 0 0 1 0 0 00 00 0 1 0 0 0 1 f f
7 0 1 04 0 0 0 1 0 0 00 00 0 1 0 0 1 1 f f
7 0 1 c2 0 0 0 1 0 0 00 00 0 1 0 0 1 1 f f
7 0 1 69 0 0 0 1 0 0 00 00 0 1 0 0 1 1 f f
7 0 1 75 0 0 0 1 0 0 00 00 0 1 0 0 1 1 f f
7 0 0 02 0 0 0 1 0 0 00 00 0 1 0 0 0 1 f f
7 0 1 8f 0 0 0 1 0 0 00 00 0 1 0 0 1 1 f f
7 0 1 06 0 0 0 1 0 0 00 00 0 1 0 0 1 1 f f
7 0 0 cc 0 0 0 1 0 0 00 00 0 1 0 0 0 1 f f
7 0 1 02 0 0 0 1 0 0 00 00 0 1 0 0 1 1 f f
7 0 1 77 0 0 0 1 0 0 00 00 0 1 0 0 1 1 f f
7 0 0 49 0 0 0 1 0 0 00 00 0 1 0 0 0 1 f f
7 0 1 05 0 0 0 1 0 0 00 00 0 1 0 0 1 1 f f
7 0 0 04 0 0 0 1 0 0 00 00 0 1 0 0 0 1 f f
7 0 0 03 1 0 0 1 0 0 00 00 0 1 0 0 0 1 e f
7 0 0 88 0 0 0 1 0 0 00 00 0 1 0 0 0 1 e f
7 0 1 07 0 0 1 1 0 3 07 ff 0 1 0 0 0 1 f f
7 0 1 06 1 2 1 1 2 3 06 ff 0 1 0 0 0 1 f f
7 0 1 ba 0 0 0 1 0 0 00 00 0 1 0 0 1 1 f f
7 0 1 05 0 0 0 1 0 0 00 00 0 1 0 0 1 1 f f
7 0 0 01 0 0 0 1 0 0 00 00 0 1 0 0 0 1 f f
7 0 0 5a 0 0 0 1 0 0 00 00 0 1 0 0 0 1 f f
7 0 0 43 0 0 0 1 0 0 00 00 0 1 0 0 0 1 f f
7 0 1 00 0 0 0 1 0 0 00 00 0 1 0 0 1 1 f f
7 0 1 78 0 0 0 1 0 0 00 00 0 1 0 0 1 1 f f
7 0 1 00 0 0 0 1 0 0 00 00 0 1 0 0 1 1 f f
7 0 0 26 0 0 0 1 0 0 00 00 0 1 0 0 0 1 f f
7 0 1 55 0 0 0 1 0 0 00 00 0 1 0 0 1 1 f f
7 0 1 3a 0 0 0 1 0 0 00 00 0 1 0 0 1 1 f f
7 0 1 b7 0 0 0 1 0 0 00 00 0 1 0 0 1 1 f f
7 0 0 24 0 0 0 1 0 0 00 00 0 1 0 0 0 1 f f
7 0 0 fb 0 0 0 1 0 0 00 00 0 1 0 0 0 1 f f
7 0 1 03 0 0 0 1 0 0 00 00 1 1 1 3 0 1 f f
7 0 1 07 1 2 0 1 0 0 00 00 1 1 0 3 0 1 b f
7 0 0 07 0 0 0 1 0 0 00 00 0 1 0 0 0 1 b f
7 0 1 07 0 0 0 1 0 0 00 00 1 1 0 3 0 1 b f
7 0 1 90 0 0 1 1 2 3 90 ff 0 1 0 0 0 1 f f
7 0 1 6e 0 0 0 1 0 0 00 00 0 1 0 0 1 1 f f
7 0 1 7a 1 0 1 1 0 3 7a ff 0 1 0 0 0 1 f f
7 0 1 f2 0 0 0 1 0 0 00 00 0 1 0 0 1 1 f f
7 0 1 00 1 1 1 1 1 3 00 ff 0 1 0 0 0 1 f f
7 0 1 b0 1 0 1 1 0 3 b0 ff 0 1 0 0 0 1 f f
7 0 1 06 0 0 0 1 0 0 00 00 0 1 0 0 1 1 f f
7 0 0 cf 0 0 0 1 0 0 00 00 0 1 0 0 0 1 f f
7 0 1 00 0 0 0 1 0 0 00 00 1 1 1 3 0 1 f f
7 0 0 b4 0 0 0 1 0 0 00 00 0 1 0 0 0 1 f f
7 0 1 04 0 0 0 1 0 0 00 00 0 1 0 0 1 1 f f
7 0 1 61 0 0 0 1 0 0 00 00 0 1 0 0 1 1 f f
7 0 1 01 0 0 0 1 0 0 00 00 1 1 3 3 0 1 f f
7 0 0 06 0 0 0 1 0 0 00 00 0 1 0 0 0 1 f f
7 0 1 21 0 0 0 1 0 0 00 00 0 1 0 0 1 1 f f
7 0 0 d9 0 0 0 1 0 0 00 00 0 1 0 0 0 1 f f
7 0 1 9e 0 0 0 1 0 0 00 00 0 1 0 0 1 1 f f
7 0 1 ef 0 0 0 1 0 0 00 00 0 1 0 0 1 1 f f
7 0 0 00 0 0 0 1 0 0 00 00 0 1 0 0 0 1 f f
7 0 1 06 0 0 0 1 0 0 00 00 0 1 0 0 1 1 f f
7 0 0 01 0 0 0 1 0 0 00 00 0 1 0 0 0 1 f f
7 0 0 c1 1 0 0 1 0 0 00 00 0 1 0 0 0 1 e f
7 0 0 13 0 0 0 1 0 0 00 00 0 1 0 0 0 1 e f
7 0 0 06 0 0 0 1 0 0 00 00 0 1 0 0 0 1 e f
7 0 1 d4 0 0 1 1 0 3 d4 ff 0 1 0 0 0 1 f f
7 0 1 05 0 0 0 1 0 0 00 00 0 1 0 0 1 1 f f
7 0 1 00 0 0 0 1 0 0 00 00 1 1 1 3 0 1 f f
7 0 0 01 0 0 0 1 0 0 00 00 0 1 0 0 0 1 f f
7 0 1 0e 0 0 0 1 0 0 00 00 0 1 0 0 1 1 f f
7 0 1 53 0 0 0 1 0 0 00 00 0 1 0 0 1 1 f f
7 0 0 02 0 0 0 1 0 0 00 00 0 1 0 0 0 1 f f
7 0 1 4d 0 0 0 1 0 0 00 00 0 1 0 0 1 1 f f
7 0 0 2b 1 0 0 1 0 0 00 00 0 1 0 0 0 1 e f
7 0 1 00 1 3 0 1 0 0 00 00 1 1 1 3 0 1 6 f
7 0 1 e3 0 0 1 1 0 3 e3 ff 0 1 0 0 0 1 7 f
7 0 1 64 0 0 1 1 3 3 64 ff 0 1 0 0 0 1 f f
7 0 1 e7 0 0 0 1 0 0 00 00 0 1 0 0 1 1 f f
7 0 0 01 0 0 0 1 0 0 00 00 0 1 0 0 0 1 f f
7 0 0 05 1 2 0 1 0 0 00 00 0 1 0 0 0 1 b f
7 0 1 fe 1 0 1 1 0 3 fe ff 0 1 0 0 0 1 b f
7 0 0 06 1 1 0 1 0 0 00 00 0 1 0 0 0 1 9 f
7 0 1 df 0 0 1 1 1 3 df ff 0 1 0 0 0 1 b f
7 0 1 05 1 0 1 1 0 3 05 ff 0 1 0 0 0 1 b f
7 0 1 1c 0 0 1 1 2 3 1c ff 0 1 0 0 0 1 f f
7 0 1 06 0 0 0 1 0 0 00 00 0 1 0 0 1 1 f f
7 0 0 96 0 0 0 1 0 0 00 00 0 1 0 0 0 1 f f
7 0 0 25 0 0 0 1 0 0 00 00 0 1 0 0 0 1 f f
7 0 0 05 0 0 0 1 0 0 00 00 0 1 0 0 0 1 f f
7 0 0 04 1 1 0 1 0 0 00 00 0 1 0 0 0 1 d f
7 0 0 01 0 0 0 1 0 0 00 00 0 1 0 0 0 1 d f
7 0 0 07 0 0 0 1 0 0 00 00 0 1 0 0 0 1 d f
7 0 0 05 0 0 0 1 0 0 00 00 0 1 0 0 0 1 d f
7 0 1 69 0 0 1 1 1 3 69 ff 0 1 0 0 0 1 f f
7 0 1 59 1 3 1 1 3 3 59 ff 0 1 0 0 0 1 f f
7 0 1 03 0 0 0 1 0 0 00 00 0 1 0 0 1 1 f f
7 0 0 00 1 2 0 1 0 0 00 00 0 1 0 0 0 1 b f
7 0 1 f9 0 0 1 1 2 3 f9 ff 0 1 0 0 0 1 f f
7 0 1 04 1 3 1 1 3 3 04 ff 0 1 0 0 0 1 f f
7 0 1 ca 0 0 0 1 0 0 00 00 0 1 0 0 1 1 f f
7 0 0 07 0 0 0 1 0 0 00 00 0 1 0 0 0 1 f f
7 0 0 f6 1 1 0 1 0 0 00 00 0 1 0 0 0 1 d f
7 0 1 01 0 0 1 1 1 3 01 ff 0 1 0 0 0 1 f f
7 0 1 07 0 0 0 1 0 0 00 00 0 1 0 0 1 1 f f
7 0 1 e3 1 3 1 1 3 3 e3 ff 0 1 0 0 0 1 f f
7 0 1 07 0 0 0 1 0 0 00 00 0 1 0 0 1 1 f f
7 0 0 07 0 0 0 1 0 0 00 00 0 1 0 0 0 1 f f
7 0 0 75 0 0 0 1 0 0 00 00 0 1 0 0 0 1 f f
7 0 1 53 0 0 0 1 0 0 00 00 0 1 0 0 1 1 f f
7 0 0 01 1 0 0 1 0 0 00 00 0 1 0 0 0 1 e f
7 0 0 06 0 0 0 1 0 0 00 00 0 1 0 0 0 1 e f
7 0 1 3d 0 0 1 1 0 3 3d ff 0 1 0 0 0 1 f f
7 0 1 03 0 0 0 1 0 0 00 00 0 1 0 0 1 1 f f
7 0 1 df 0 0 0 1 0 0 00 00 0 1 0 0 1 1 f f
7 0 1 03 0 0 0 1 0 0 00 00 0 1 0 0 1 1 f f
7 0 0 06 1 0 0 1 0 0 00 00 0 1 0 0 0 1 e f
7 0 0 03 0 0 0 1 0 0 00 00 0 1 0 0 0 1 e f
7 0 0 04 0 0 0 1 0 0 00 00 0 1 0 0 0 1 e f
7 0 0 00 1 1 0 1 0 0 00 00 0 1 0 0 0 1 c f
7 0 0 df 0 0 0 1 0 0 00 00 0 1 0 0 0 1 c f
7 0 1 05 0 0 1 1 0 3 05 ff 0 1 0 0 0 1 d f
7 0 1 06 0 0 1 1 1 3 06 ff 0 1 0 0 0 1 f f
7 0 0 c2 0 0 0 1 0 0 00 00 0 1 0 0 0 1 f f
7 0 1 e3 0 0 0 1 0 0 00 00 1 1 3 3 0 1 f f
7 0 1 ff 0 0 0 1 0 0 00 00 0 1 0 0 1 1 f f
7 0 1 f2 0 0 0 1 0 0 00 00 0 1 0 0 1 1 f f
7 0 0 00 1 3 0 1 0 0 00 00 0 1 0 0 0 1 7 f
7 0 0 c4 0 0 0 1 0 0 00 00 0 1 0 0 0 1 7 f
7 0 1 01 0 0 1 1 3 3 01 ff 0 1 0 0 0 1 f f
7 0 1 01 0 0 0 1 0 0 00 00 1 1 3 3 0 1 f f
7 0 0 00 0 0 0 1 0 0 00 00 0 1 0 0 0 1 f f
7 0 1 00 0 0 0 1 0 0 00 00 0 1 0 0 1 1 f f
7 0 1 db 1 1 1 1 1 3 db ff 0 1 0 0 0 1 f f
7 0 0 04 1 3 0 1 0 0 00 00 0 1 0 0 0 1 7 f
7 0 1 02 1 0 1 1 0 3 02 ff 0 1 0 0 0 1 7 f
7 0 1 40 0 0 1 1 3 3 40 ff 0 1 0 0 0 1 f f
7 0 0 07 1 0 0 1 0 0 00 00 0 1 0 0 0 1 e f
7 0 1 39 0 0 1 1 0 3 39 ff 0 1 0 0 0 1 f f
7 0 0 2e 0 0 0 1 0 0 00 00 0 1 0 0 0 1 f f
7 0 1 02 1 0 1 1 0 3 02 ff 0 1 0 0 0 1 f f
7 0 1 02 0 0 0 1 0 0 00 00 1 1 0 3 0 1 f f
7 0 0 42 0 0 0 1 0 0 00 00 0 1 0 0 0 1 f f
7 0 0 05 0 0 0 1 0 0 00 00 0 1 0 0 0 1 f f
7 0 0 01 1 2 0 1 0 0 00 00 0 1 0 0 0 1 b f
7 0 0 12 0 0 0 1 0 0 00 00 0 1 0 0 0 1 b f
7 0 0 00 1 3 0 1 0 0 00 00 0 1 0 0 0 1 3 f
7 0 0 a5 0 0 0 1 0 0 00 00 0 1 0 0 0 1 3 f
7 0 1 60 0 0 1 1 2 3 60 ff 0 1 0 0 0 1 7 f
7 0 1 54 1 1 1 1 1 3 54 ff 0 1 0 0 0 1 7 f
7 0 0 66 0 0 0 1 0 0 00 00 0 1 0 0 0 1 7 f
7 0 1 35 0 0 1 1 3 3 35 ff 0 1 0 0 0 1 f f
7 0 1 01 0 0 0 1 0 0 00 00 0 1 0 0 1 1 f f
7 0 1 00 0 0 0 1 0 0 00 00 0 1 0 0 1 1 f f
7 0 0 06 0 0 0 1 0 0 00 00 0 1 0 0 0 1 f f
7 0 1 49 0 0 0 1 0 0 00 00 0 1 0 0 1 1 f f
7 0 1 b2 0 0 0 1 0 0 00 00 0 1 0 0 1 1 f f
7 0 1 02 0 0 0 1 0 0 00 00 1 1 0 3 0 1 f f
7 0 1 01 0 0 0 1 0 0 00 00 0 1 0 0 1 1 f f
7 0 0 d8 0 0 0 1 0 0 00 00 0 1 0 0 0 1 f f
7 0 1 04 1 3 1 1 3 3 04 ff 0 1 0 0 0 1 f f
7 0 0 18 0 0 0 1 0 0 00 00 0 1 0 0 0 1 f f
7 0 1 ec 0 0 0 1 0 0 00 00 0 1 0 0 1 1 f f
7 0 1 06 0 0 0 1 0 0 00 00 0 1 0 0 1 1 f f
7 0 1 01 0 0 0 1 0 0 00 00 0 1 0 0 1 1 f f
7 0 1 8e 1 0 1 1 0 3 8e ff 0 1 0 0 0 1 f f
7 0 1 01 0 0 0 1 0 0 00 00 0 1 0 0 1 1 f f
7 0 0 20 0 0 0 1 0 0 00 00 0 1 0 0 0 1 f f
7 0 1 04 1 1 0 1 0 0 00 00 1 1 3 3 0 1 d f
7 0 1 05 1 0 1 1 0 3 05 ff 0 1 0 0 0 1 d f
7 0 0 02 0 0 0 1 0 0 00 00 0 1 0 0 0 1 d f
7 0 0 a9 0 0 0 1 0 0 00 00 0 1 0 0 0 1 d f
7 0 0 98 0 0 0 1 0 0 00 00 0 1 0 0 0 1 d f
7 0 1 04 0 0 0 1 0 0 00 00 1 1 3 3 0 1 d f
7 0 0 2d 0 0 0 1 0 0 00 00 0 1 0 0 0 1 d f
7 0 1 f6 0 0 1 1 1 3 f6 ff 0 1 0 0 0 1 f f
7 0 0 04 0 0 0 1 0 0 00 00 0 1 0 0 0 1 f f
7 0 1 56 0 0 0 1 0 0 00 00 0 1 0 0 1 1 f f
7 0 0 06 1 3 0 1 0 0 00 00 0 1 0 0 0 1 7 f
7 0 0 9f 0 0 0 1 0 0 00 00 0 1 0 0 0 1 7 f
7 0 0 58 0 0 0 1 0 0 00 00 0 1 0 0 0 1 7 f
7 0 0 04 0 0 0 1 0 0 00 00 0 1 0 0 0 1 7 f
7 0 0 06 1 1 0 1 0 0 00 00 0 1 0 0 0 1 5 f
7 0 0 91 0 0 0 1 0 0 00 00 0 1 0 0 0 1 5 f
7 0 1 07 0 0 1 1 1 3 07 ff 0 1 0 0 0 1 7 f
7 0 1 02 1 2 1 1 2 3 02 ff 0 1 0 0 0 1 7 f
7 0 0 aa 0 0 0 1 0 0 00 00 0 1 0 0 0 1 7 f
7 0 0 05 0 0 0 1 0 0 00 00 0 1 0 0 0 1 7 f
7 0 1 01 0 0 1 1 3 3 01 ff 0 1 0 0 0 1 f f
7 0 0 f1 0 0 0 1 0 0 00 00 0 1 0 0 0 1 f f
7 0 0 01 0 0 0 1 0 0 00 00 0 1 0 0 0 1 f f
7 0 1 04 0 0 0 1 0 0 00 00 0 1 0 0 1 1 f f
7 0 0 02 0 0 0 1 0 0 00 00 0 1 0 0 0 1 f f
7 0 0 e7 0 0 0 1 0 0 00 00 0 1 0 0 0 1 f f
7 0 1 9c 0 0 0 1 0 0 00 00 0 1 0 0 1 1 f f
7 0 0 53 0 0 0 1 0 0 00 00 0 1 0 0 0 1 f f
7 0 0 03 0 0 0 1 0 0 00 00 0 1 0 0 0 1 f f
7 0 0 06 1 0 0 1 0 0 00 00 0 1 0 0 0 1 e f
7 0 0 00 1 2 0 1 0 0 00 00 0 1 0 0 0 1 a f
7 0 0 01 0 0 0 1 0 0 00 00 0 1 0 0 0 1 a f
7 0 0 05 0 0 0 1 0 0 00 00 0 1 0 0 0 1 a f
7 0 0 26 1 3 0 1 0 0 00 00 0 1 0 0 0 1 2 f
7 0 1 02 1 1 1 1 0 3 02 ff 0 1 0 0 0 1 1 f
7 0 1 91 0 0 1 1 1 3 91 ff 0 1 0 0 0 1 3 f
7 0 1 07 1 0 1 1 0 3 07 ff 0 1 0 0 0 1 3 f
7 0 0 00 0 0 0 1 0 0 00 00 0 1 0 0 0 1 3 f
7 0 0 03 0 0 0 1 0 0 00 00 0 1 0 0 0 1 3 f
7 0 0 ef 0 0 0 1 0 0 00 00 0 1 0 0 0 1 3 f
7 0 1 ad 0 0 1 1 2 3 ad ff 0 1 0 0 0 1 7 f
7 0 1 08 0 0 1 1 3 3 08 ff 0 1 0 0 0 1 f f
7 1 1 33 0 0 0 1 0 0 00 00 0 1 0 0 0 1 0 f
7 0 1 07 0 0 1 1 0 3 07 ff 0 1 0 0 0 1 1 f
7 0 1 03 1 0 1 1 0 3 03 ff 0 1 0 0 0 1 1 f
7 0 1 35 1 0 1 1 0 3 35 ff 0 1 0 0 0 1 1 f
7 0 1 6b 0 0 1 1 1 3 6b ff 0 1 0 0 0 1 3 f
7 0 1 38 0 0 1 1 2 3 38 ff 0 1 0 0 0 1 7 f
7 0 0 02 0 0 0 1 0 0 00 00 0 1 0 0 0 1 7 f
7 0 1 03 0 0 1 1 3 3 03 ff 0 1 0 0 0 1 f f
7 0 0 fd 1 2 0 1 0 0 00 00 0 1 0 0 0 1 b f
7 0 0 c2 0 0 0 1 0 0 00 00 0 1 0 0 0 1 b f
7 0 1 33 0 0 1 1 2 3 33 ff 0 1 0 0 0 1 f f
7 0 0 06 0 0 0 1 0 0 00 00 0 1 0 0 0 1 f f
7 0 0 03 1 3 0 1 0 0 00 00 0 1 0 0 0 1 7 f
7 0 0 00 0 0 0 1 0 0 00 00 0 1 0 0 0 1 7 f
7 0 1 06 0 0 1 1 3 3 06 ff 0 1 0 0 0 1 f f
7 0 0 00 1 3 0 1 0 0 00 00 0 1 0 0 0 1 7 f
7 0 0 03 0 0 0 1 0 0 00 00 0 1 0 0 0 1 7 f
7 0 1 05 0 0 1 1 3 3 05 ff 0 1 0 0 0 1 f f
7 0 1 a4 0 0 0 1 0 0 00 00 0 1 0 0 1 1 f f
7 0 0 02 0 0 0 1 0 0 00 00 0 1 0 0 0 1 f f
7 0 1 05 0 0 0 1 0 0 00 00 1 1 3 3 0 1 f f
7 0 0 12 0 0 0 1 0 0 00 00 0 1 0 0 0 1 f f
7 0 0 06 0 0 0 1 0 0 00 00 0 1 0 0 0 1 f f
7 0 1 03 1 0 1 1 0 3 03 ff 0 1 0 0 0 1 f f
7 0 0 02 0 0 0 1 0 0 00 00 0 1 0 0 0 1 f f
7 0 0 03 0 0 0 1 0 0 00 00 0 1 0 0 0 1 f f
7 0 1 fe 0 0 0 1 0 0 00 00 0 1 0 0 1 1 f f
7 0 1 07 0 0 0 1 0 0 00 00 0 1 0 0 1 1 f f
7 0 0 16 0 0 0 1 0 0 00 00 0 1 0 0 0 1 f f
7 0 0 02 0 0 0 1 0 0 00 00 0 1 0 0 0 1 f f
7 0 1 07 0 0 0 1 0 0 00 00 0 1 0 0 1 1 f f
7 0 1 07 0 0 0 1 0 0 00 00 0 1 0 0 1 1 f f
7 0 1 05 0 0 0 1 0 0 00 00 1 1 3 3 0 1 f f
7 0 1 e8 1 2 1 1 2 3 e8 ff 0 1 0 0 0 1 f f
7 0 0 7f 0 0 0 1 0 0 00 00 0 1 0 0 0 1 f f
7 0 0 06 0 0 0 1 0 0 00 00 0 1 0 0 0 1 f f
7 0 1 e8 0 0 0 1 0 0 00 00 1 1 2 3 0 1 f f
7 0 1 05 0 0 0 1 0 0 00 00 1 1 3 3 0 1 f f
7 0 1 04 0 0 0 1 0 0 00 00 0 1 0 0 1 1 f f
7 0 1 06 0 0 0 1 0 0 00 00 0 1 0 0 1 1 f f
7 0 1 01 1 1 1 1 1 3 01 ff 0 1 0 0 0 1 f f
7 0 1 06 1 2 1 1 2 3 06 ff 0 1 0 0 0 1 f f
7 0 1 06 0 0 0 1 0 0 00 00 1 1 2 3 0 1 f f
7 0 0 4c 1 3 0 1 0 0 00 00 0 1 0 0 0 1 7 f
7 0 1 5d 1 1 1 1 1 3 5d ff 0 1 0 0 0 1 7 f
7 0 1 06 0 0 0 1 0 0 00 00 1 1 2 3 0 1 7 f
7 0 1 07 1 1 1 1 1 3 07 ff 0 1 0 0 0 1 7 f
7 0 1 46 0 0 1 1 3 3 46 ff 0 1 0 0 0 1 f f
7 0 1 d2 0 0 0 1 0 0 00 00 0 1 0 0 1 1 f f
7 0 0 d5 0 0 0 1 0 0 00 00 0 1 0 0 0 1 f f
7 0 1 89 0 0 0 1 0 0 00 00 0 1 0 0 1 1 f f
7 0 0 16 0 0 0 1 0 0 00 00 0 1 0 0 0 1 f f
7 0 1 03 1 3 0 1 0 0 00 00 1 1 0 3 0 1 7 f
7 0 0 01 0 0 0 1 0 0 00 00 0 1 0 0 0 1 7 f
7 0 0 04 0 0 0 1 0 0 00 00 0 1 0 0 0 1 7 f
7 0 1 01 0 0 1 1 3 3 01 ff 0 1 0 0 0 1 f f
7 0 1 55 1 0 1 1 0 3 55 ff 0 1 0 0 0 1 f f
7 0 1 d9 0 0 0 1 0 0 00 00 0 1 0 0 1 1 f f
7 0 0 72 0 0 0 1 0 0 00 00 0 1 0 0 0 1 f f
7 0 1 9b 0 0 0 1 0 0 00 00 0 1 0 0 1 1 f f
7 0 1 63 1 3 1 1 3 3 63 ff 0 1 0 0 0 1 f f
7 0 1 3d 0 0 0 1 0 0 00 00 0 1 0 0 1 1 f f
7 0 1 02 0 0 0 1 0 0 00 00 0 1 0 0 1 1 f f
7 0 1 02 1 2 1 1 2 3 02 ff 0 1 0 0 0 1 f f
7 0 1 05 1 3 1 1 3 3 05 ff 0 1 0 0 0 1 f f
7 0 1 03 0 0 0 1 0 0 00 00 0 1 0 0 1 1 f f
7 0 1 01 1 1 1 1 1 3 01 ff 0 1 0 0 0 1 f f
7 0 1 04 0 0 0 1 0 0 00 00 0 1 0 0 1 1 f f
7 0 1 ba 0 0 0 1 0 0 00 00 0 1 0 0 1 1 f f
7 0 0 00 0 0 0 1 0 0 00 00 0 1 0 0 0 1 f f
7 0 1 04 0 0 0 1 0 0 00 00 0 1 0 0 1 1 f f
7 0 1 00 0 0 0 1 0 0 00 00 0 1 0 0 1 1 f f
7 0 1 ea 1 1 1 1 1 3 ea ff 0 1 0 0 0 1 f f
7 0 1 39 1 0 1 1 0 3 39 ff 0 1 0 0 0 1 f f
7 0 0 03 0 0 0 1 0 0 00 00 0 1 0 0 0 1 f f
7 0 0 47 0 0 0 1 0 0 00 00 0 1 0 0 0 1 f f
7 0 1 62 0 0 0 1 0 0 00 00 0 1 0 0 1 1 f f
7 0 1 01 0 0 0 1 0 0 00 00 0 1 0 0 1 1 f f
7 0 0 04 0 0 0 1 0 0 00 00 0 1 0 0 0 1 f f
7 0 1 9d 0 0 0 1 0 0 00 00 0 1 0 0 1 1 f f
7 0 0 03 0 0 0 1 0 0 00 00 0 1 0 0 0 1 f f
7 0 0 04 0 0 0 1 0 0 00 00 0 1 0 0 0 1 f f
7 0 1 e6 1 3 1 1 3 3 e6 ff 0 1 0 0 0 1 f f
7 0 1 b4 0 0 0 1 0 0 00 00 0 1 0 0 1 1 f f
7 0 1 de 0 0 0 1 0 0 00 00 0 1 0 0 1 1 f f
7 0 1 00 0 0 0 1 0 0 00 00 0 1 0 0 1 1 f f
7 0 0 01 1 1 0 1 0 0 00 00 0 1 0 0 0 1 d f
7 0 0 01 0 0 0 1 0 0 00 00 0 1 0 0 0 1 d f
7 0 1 01 0 0 1 1 1 3 01 ff 0 1 0 0 0 1 f f
7 0 1 01 0 0 0 1 0 0 00 00 1 1 1 3 0 1 f f
7 0 1 56 0 0 0 1 0 0 00 00 0 1 0 0 1 1 f f
7 0 0 04 1 1 0 1 0 0 00 00 0 1 0 0 0 1 d f
7 0 0 06 0 0 0 1 0 0 00 00 0 1 0 0 0 1 d f
7 0 0 01 0 0 0 1 0 0 00 00 0 1 0 0 0 1 d f
7 0 1 4c 1 3 1 1 1 3 4c ff 0 1 0 0 0 1 7 f
7 0 0 01 1 1 0 1 0 0 00 00 0 1 0 0 0 1 5 f
7 0 1 21 1 2 1 1 1 3 21 ff 0 1 0 0 0 1 3 f
7 0 1 90 0 0 1 1 2 3 90 ff 0 1 0 0 0 1 7 f
7 0 0 06 0 0 0 1 0 0 00 00 0 1 0 0 0 1 7 f
7 0 1 05 0 0 1 1 3 3 05 ff 0 1 0 0 0 1 f f
7 0 0 04 0 0 0 1 0 0 00 00 0 1 0 0 0 1 f f
7 0 0 01 1 0 0 1 0 0 00 00 0 1 0 0 0 1 e f
7 0 0 04 0 0 0 1 0 0 00 00 0 1 0 0 0 1 e f
7 0 1 05 0 0 0 1 0 0 00 00 1 1 3 3 0 1 e f
7 0 1 01 0 0 1 1 0 3 01 ff 0 1 0 0 0 1 f f
7 0 1 07 0 0 0 1 0 0 00 00 0 1 0 0 1 1 f f
7 0 0 b2 0 0 0 1 0 0 00 00 0 1 0 0 0 1 f f
7 0 1 a5 1 0 1 1 0 3 a5 ff 0 1 0 0 0 1 f f
7 0 1 ef 0 0 0 1 0 0 00 00 0 1 0 0 1 1 f f
7 0 0 f8 1 1 0 1 0 0 00 00 0 1 0 0 0 1 d f
7 0 0 ed 1 0 0 1 0 0 00 00 0 1 0 0 0 1 c f
7 0 1 01 0 0 1 1 0 3 01 ff 0 1 0 0 0 1 d f
7 0 1 a9 0 0 1 1 1 3 a9 ff 0 1 0 0 0 1 f f
7 0 1 3d 0 0 0 1 0 0 00 00 0 1 0 0 1 1 f f
7 0 1 04 1 0 1 1 0 3 04 ff 0 1 0 0 0 1 f f
7 0 1 05 0 0 0 1 0 0 00 00 1 1 3 3 0 1 f f
7 0 1 02 0 0 0 1 0 0 00 00 0 1 0 0 1 1 f f
7 0 1 8e 1 1 1 1 1 3 8e ff 0 1 0 0 0 1 f f
7 0 1 e8 1 2 1 1 2 3 e8 ff 0 1 0 0 0 1 f f
7 0 0 1b 1 0 0 1 0 0 00 00 0 1 0 0 0 1 e f
7 0 1 03 0 0 1 1 0 3 03 ff 0 1 0 0 0 1 f f
7 0 1 1d 0 0 0 1 0 0 00 00 0 1 0 0 1 1 f f
7 0 0 02 0 0 0 1 0 0 00 00 0 1 0 0 0 1 f f
7 0 0 bd 1 1 0 1 0 0 00 00 0 1 0 0 0 1 d f
7 0 0 00 0 0 0 1 0 0 00 00 0 1 0 0 0 1 d f
7 0 0 01 0 0 0 1 0 0 00 00 0 1 0 0 0 1 d f
7 0 1 0b 0 0 1 1 1 3 0b ff 0 1 0 0 0 1 f f
7 0 0 04 0 0 0 1 0 0 00 00 0 1 0 0 0 1 f f
7 0 0 8e 0 0 0 1 0 0 00 00 0 1 0 0 0 1 f f
7 0 0 59 1 3 0 1 0 0 00 00 0 1 0 0 0 1 7 f
7 0 1 07 0 0 1 1 3 3 07 ff 0 1 0 0 0 1 f f
7 0 1 02 0 0 0 1 0 0 00 00 0 1 0 0 1 1 f f
7 0 0 e7 0 0 0 1 0 0 00 00 0 1 0 0 0 1 f f
7 0 1 09 0 0 0 1 0 0 00 00 0 1 0 0 1 1 f f
7 0 0 ed 1 2 0 1 0 0 00 00 0 1 0 0 0 1 b f
7 0 1 03 0 0 0 1 0 0 00 00 1 1 0 3 0 1 b f
7 0 0 27 0 0 0 1 0 0 00 00 0 1 0 0 0 1 b f
7 0 1 32 0 0 1 1 2 3 32 ff 0 1 0 0 0 1 f f
7 0 1 05 0 0 0 1 0 0 00 00 0 1 0 0 1 1 f f
7 0 0 00 0 0 0 1 0 0 00 00 0 1 0 0 0 1 f f
7 0 0 05 0 0 0 1 0 0 00 00 0 1 0 0 0 1 f f
7 0 0 aa 0 0 0 1 0 0 00 00 0 1 0 0 0 1 f f
7 0 0 dc 1 1 0 1 0 0 00 00 0 1 0 0 0 1 d f
7 0 1 04 0 0 1 1 1 3 04 ff 0 1 0 0 0 1 f f
7 0 1 56 0 0 0 1 0 0 00 00 0 1 0 0 1 1 f f
7 0 1 d1 0 0 0 1 0 0 00 00 0 1 0 0 1 1 f f
7 0 0 80 0 0 0 1 0 0 00 00 0 1 0 0 0 1 f f
7 0 1 c5 0 0 0 1 0 0 00 00 0 1 0 0 1 1 f f
7 0 1 8d 0 0 0 1 0 0 00 00 0 1 0 0 1 1 f f
7 0 0 03 1 3 0 1 0 0 00 00 0 1 0 0 0 1 7 f
7 0 0 04 1 1 0 1 0 0 00 00 0 1 0 0 0 1 5 f
7 0 1 dd 1 2 1 1 1 3 dd ff 0 1 0 0 0 1 3 f
7 0 0 02 0 0 0 1 0 0 00 00 0 1 0 0 0 1 3 f
7 0 1 5f 0 0 1 1 2 3 5f ff 0 1 0 0 0 1 7 f
7 0 0 06 1 2 0 1 0 0 00 00 0 1 0 0 0 1 3 f
7 0 1 06 0 0 1 1 2 3 06 ff 0 1 0 0 0 1 7 f
7 0 0 b6 0 0 0 1 0 0 00 00 0 1 0 0 0 1 7 f
7 0 0 00 0 0 0 1 0 0 00 00 0 1 0 0 0 1 7 f
7 0 0 6f 0 0 0 1 0 0 00 00 0 1 0 0 0 1 7 f
7 0 1 79 0 0 1 1 3 3 79 ff 0 1 0 0 0 1 f f
7 0 1 02 1 2 1 1 2 3 02 ff 0 1 0 0 0 1 f f
7 0 0 94 0 0 0 1 0 0 00 00 0 1 0 0 0 1 f f
7 0 1 05 1 3 1 1 3 3 05 ff 0 1 0 0 0 1 f f
7 0 1 06 0 0 0 1 0 0 00 00 0 1 0 0 1 1 f f
7 0 1 05 1 0 0 1 0 0 00 00 1 1 3 3 0 1 e f
7 0 0 52 0 0 0 1 0 0 00 00 0 1 0 0 0 1 e f
7 0 0 15 1 2 0 1 0 0 00 00 0 1 0 0 0 1 a f
7 0 1 02 1 1 1 1 0 3 02 ff 0 1 0 0 0 1 9 f
7 0 0 06 0 0 0 1 0 0 00 00 0 1 0 0 0 1 9 f
7 0 0 3c 0 0 0 1 0 0 00 00 0 1 0 0 0 1 9 f
7 0 1 b1 1 0 1 1 0 3 b1 ff 0 1 0 0 0 1 9 f
7 0 1 07 0 0 1 1 1 3 07 ff 0 1 0 0 0 1 b f
7 0 0 07 0 0 0 1 0 0 00 00 0 1 0 0 0 1 b f
7 0 0 ca 0 0 0 1 0 0 00 00 0 1 0 0 0 1 b f
7 0 1 26 0 0 1 1 2 3 26 ff 0 1 0 0 0 1 f f
7 0 1 07 0 0 0 1 0 0 00 00 1 1 1 3 0 1 f f
7 0 0 b4 0 0 0 1 0 0 00 00 0 1 0 0 0 1 f f
7 0 1 00 0 0 0 1 0 0 00 00 0 1 0 0 1 1 f f
7 0 1 03 0 0 0 1 0 0 00 00 0 1 0 0 1 1 f f
7 0 0 14 1 1 0 1 0 0 00 00 0 1 0 0 0 1 d f
7 0 0 06 0 0 0 1 0 0 00 00 0 1 0 0 0 1 d f
7 0 0 e2 0 0 0 1 0 0 00 00 0 1 0 0 0 1 d f
7 0 0 8c 0 0 0 1 0 0 00 00 0 1 0 0 0 1 d f
7 0 1 bc 0 0 1 1 1 3 bc ff 0 1 0 0 0 1 f f
7 0 1 07 1 1 1 1 1 3 07 ff 0 1 0 0 0 1 f f
7 0 1 17 0 0 0 1 0 0 00 00 0 1 0 0 1 1 f f
7 0 1 06 0 0 0 1 0 0 00 00 0 1 0 0 1 1 f f
7 0 0 b2 0 0 0 1 0 0 00 00 0 1 0 0 0 1 f f
7 0 0 04 0 0 0 1 0 0 00 00 0 1 0 0 0 1 f f
7 0 0 66 0 0 0 1 0 0 00 00 0 1 0 0 0 1 f f
7 0 1 6b 1 3 1 1 3 3 6b ff 0 1 0 0 0 1 f f
7 0 0 1c 0 0 0 1 0 0 00 00 0 1 0 0 0 1 f f
7 0 1 06 1 0 1 1 0 3 06 ff 0 1 0 0 0 1 f f
7 0 1 05 0 0 0 1 0 0 00 00 0 1 0 0 1 1 f f
7 0 1 22 1 3 1 1 3 3 22 ff 0 1 0 0 0 1 f f
7 0 0 02 1 0 0 1 0 0 00 00 0 1 0 0 0 1 e f
7 0 0 06 0 0 0 1 0 0 00 00 0 1 0 0 0 1 e f
7 0 0 05 0 0 0 1 0 0 00 00 0 1 0 0 0 1 e f
7 0 1 04 0 0 1 1 0 3 04 ff 0 1 0 0 0 1 f f
7 0 1 05 0 0 0 1 0 0 00 00 0 1 0 0 1 1 f f
7 0 1 01 0 0 0 1 0 0 00 00 0 1 0 0 1 1 f f
7 0 0 e4 0 0 0 1 0 0 00 00 0 1 0 0 0 1 f f
7 0 1 d3 0 0 0 1 0 0 00 00 0 1 0 0 1 1 f f
7 0 1 39 0 0 0 1 0 0 00 00 0 1 0 0 1 1 f f
7 0 1 7d 0 0 0 1 0 0 00 00 0 1 0 0 1 1 f f
7 0 1 38 0 0 0 1 0 0 00 00 0 1 0 0 1 1 f f
7 0 1 4a 0 0 0 1 0 0 00 00 0 1 0 0 1 1 f f
7 0 1 cd 0 0 0 1 0 0 00 00 0 1 0 0 1 1 f f
7 0 1 01 1 2 1 1 2 3 01 ff 0 1 0 0 0 1 f f
7 0 0 00 0 0 0 1 0 0 00 00 0 1 0 0 0 1 f f
7 0 1 01 0 0 0 1 0 0 00 00 1 1 2 3 0 1 f f
7 0 1 02 1 1 1 1 1 3 02 ff 0 1 0 0 0 1 f f
7 0 0 05 0 0 0 1 0 0 00 00 0 1 0 0 0 1 f f
7 0 1 01 0 0 0 1 0 0 00 00 1 1 2 3 0 1 f f
7 0 1 93 1 2 1 1 2 3 93 ff 0 1 0 0 0 1 f f
7 0 1 26 0 0 0 1 0 0 00 00 0 1 0 0 1 1 f f
7 0 0 03 1 3 0 1 0 0 00 00 0 1 0 0 0 1 7 f
7 0 0 3e 0 0 0 1 0 0 00 00 0 1 0 0 0 1 7 f
7 0 0 04 1 1 0 1 0 0 00 00 0 1 0 0 0 1 5 f
7 0 1 00 0 0 1 1 1 3 00 ff 0 1 0 0 0 1 7 f
7 0 1 af 0 0 1 1 3 3 af ff 0 1 0 0 0 1 f f
7 0 0 05 0 0 0 1 0 0 00 00 0 1 0 0 0 1 f f
7 0 1 01 1 3 1 1 3 3 01 ff 0 1 0 0 0 1 f f
7 0 1 e1 0 0 0 1 0 0 00 00 0 1 0 0 1 1 f f
7 0 0 1e 1 3 0 1 0 0 00 00 0 1 0 0 0 1 7 f
7 0 1 dc 0 0 1 1 3 3 dc ff 0 1 0 0 0 1 f f
7 0 0 d8 0 0 0 1 0 0 00 00 0 1 0 0 0 1 f f
7 0 0 86 0 0 0 1 0 0 00 00 0 1 0 0 0 1 f f
7 0 0 d0 1 1 0 1 0 0 00 00 0 1 0 0 0 1 d f
7 0 1 02 1 0 1 1 0 3 02 ff 0 1 0 0 0 1 d f
7 0 0 31 0 0 0 1 0 0 00 00 0 1 0 0 0 1 d f
7 0 1 d1 0 0 1 1 1 3 d1 ff 0 1 0 0 0 1 f f
7 0 0 b6 1 3 0 1 0 0 00 00 0 1 0 0 0 1 7 f
7 0 1 06 0 0 1 1 3 3 06 ff 0 1 0 0 0 1 f f
7 0 1 06 0 0 0 1 0 0 00 00 1 1 3 3 0 1 f f
7 0 1 05 0 0 0 1 0 0 00 00 0 1 0 0 1 1 f f
7 0 1 e4 0 0 0 1 0 0 00 00 0 1 0 0 1 1 f f
7 0 1 07 1 0 1 1 0 3 07 ff 0 1 0 0 0 1 f f
7 0 0 be 0 0 0 1 0 0 00 00 0 1 0 0 0 1 f f
7 0 1 65 0 0 0 1 0 0 00 00 0 1 0 0 1 1 f f
7 0 0 89 0 0 0 1 0 0 00 00 0 1 0 0 0 1 f f
7 0 1 00 0 0 0 1 0 0 00 00 0 1 0 0 1 1 f f
7 0 0 01 1 0 0 1 0 0 00 00 0 1 0 0 0 1 e f
7 0 1 04 1 3 1 1 0 3 04 ff 0 1 0 0 0 1 7 f
7 0 0 00 1 1 0 1 0 0 00 00 0 1 0 0 0 1 5 f
7 0 0 04 0 0 0 1 0 0 00 00 0 1 0 0 0 1 5 f
7 0 1 04 1 0 1 1 0 3 04 ff 0 1 0 0 0 1 5 f
7 0 0 40 1 2 0 1 0 0 00 00 0 1 0 0 0 1 1 f
7 0 1 c7 0 0 1 1 1 3 c7 ff 0 1 0 0 0 1 3 f
7 0 1 02 0 0 1 1 2 3 02 ff 0 1 0 0 0 1 7 f
7 0 0 06 0 0 0 1 0 0 00 00 0 1 0 0 0 1 7 f
7 0 0 07 0 0 0 1 0 0 00 00 0 1 0 0 0 1 7 f
7 0 1 23 1 0 1 1 0 3 23 ff 0 1 0 0 0 1 7 f
7 0 1 35 0 0 1 1 3 3 35 ff 0 1 0 0 0 1 f f
7 0 1 41 0 0 0 1 0 0 00 00 0 1 0 0 1 1 f f
7 0 1 02 0 0 0 1 0 0 00 00 1 1 2 3 0 1 f f
7 0 1 df 1 2 1 1 2 3 df ff 0 1 0 0 0 1 f f
7 0 1 31 0 0 0 1 0 0 00 00 0 1 0 0 1 1 f f
7 0 0 51 0 0 0 1 0 0 00 00 0 1 0 0 0 1 f f
7 0 0 05 1 1 0 1 0 0 00 00 0 1 0 0 0 1 d f
7 0 1 06 0 0 1 1 1 3 06 ff 0 1 0 0 0 1 f f
7 0 0 02 1 1 0 1 0 0 00 00 0 1 0 0 0 1 d f
7 0 1 a7 0 0 1 1 1 3 a7 ff 0 1 0 0 0 1 f f
7 0 1 65 0 0 0 1 0 0 00 00 0 1 0 0 1 1 f f
7 0 1 aa 1 1 1 1 1 3 aa ff 0 1 0 0 0 1 f f
7 0 0 03 0 0 0 1 0 0 00 00 0 1 0 0 0 1 f f
7 0 1 00 0 0 0 1 0 0 00 00 0 1 0 0 1 1 f f
7 0 1 05 0 0 0 1 0 0 00 00 0 1 0 0 1 1 f f
7 0 1 01 0 0 0 1 0 0 00 00 0 1 0 0 1 1 f f
7 0 0 06 1 1 0 1 0 0 00 00 0 1 0 0 0 1 d f
7 0 0 07 1 0 0 1 0 0 00 00 0 1 0 0 0 1 c f
7 0 0 26 0 0 0 1 0 0 00 00 0 1 0 0 0 1 c f
7 0 1 e9 1 3 1 1 0 3 e9 ff 0 1 0 0 0 1 5 f
7 0 0 10 1 0 0 1 0 0 00 00 0 1 0 0 0 1 4 f
7 0 1 d7 0 0 1 1 0 3 d7 ff 0 1 0 0 0 1 5 f
7 0 0 c9 0 0 0 1 0 0 00 00 0 1 0 0 0 1 5 f
7 0 1 06 1 0 1 1 0 3 06 ff 0 1 0 0 0 1 5 f
7 0 1 04 0 0 1 1 1 3 04 ff 0 1 0 0 0 1 7 f
7 0 0 05 0 0 0 1 0 0 00 00 0 1 0 0 0 1 7 f
7 0 1 01 0 0 1 1 3 3 01 ff 0 1 0 0 0 1 f f
7 0 1 02 0 0 0 1 0 0 00 00 0 1 0 0 1 1 f f
7 0 1 19 0 0 0 1 0 0 00 00 0 1 0 0 1 1 f f
7 0 1 01 0 0 0 1 0 0 00 00 1 1 3 3 0 1 f f
7 0 1 05 0 0 0 1 0 0 00 00 0 1 0 0 1 1 f f
7 0 1 d1 0 0 0 1 0 0 00 00 0 1 0 0 1 1 f f
7 0 0 68 0 0 0 1 0 0 00 00 0 1 0 0 0 1 f f
7 0 1 06 1 0 1 1 0 3 06 ff 0 1 0 0 0 1 f f
7 0 1 02 1 2 1 1 2 3 02 ff 0 1 0 0 0 1 f f
7 0 1 c1 0 0 0 1 0 0 00 00 0 1 0 0 1 1 f f
7 0 0 a7 0 0 0 1 0 0 00 00 0 1 0 0 0 1 f f
7 0 1 07 0 0 0 1 0 0 00 00 0 1 0 0 1 1 f f
7 0 0 04 0 0 0 1 0 0 00 00 0 1 0 0 0 1 f f
7 0 1 04 0 0 0 1 0 0 00 00 1 1 1 3 0 1 f f
7 0 1 28 0 0 0 1 0 0 00 00 0 1 0 0 1 1 f f
7 0 1 9a 0 0 0 1 0 0 00 00 0 1 0 0 1 1 f f
7 0 1 02 1 2 1 1 2 3 02 ff 0 1 0 0 0 1 f f
7 0 0 05 0 0 0 1 0 0 00 00 0 1 0 0 0 1 f f
7 0 1 02 0 0 0 1 0 0 00 00 1 1 2 3 0 1 f f
7 0 1 cd 0 0 0 1 0 0 00 00 0 1 0 0 1 1 f f
7 0 1 20 0 0 0 1 0 0 00 00 0 1 0 0 1 1 f f
7 0 0 05 1 1 0 1 0 0 00 00 0 1 0 0 0 1 d f
7 0 0 07 0 0 0 1 0 0 00 00 0 1 0 0 0 1 d f
7 0 0 25 0 0 0 1 0 0 00 00 0 1 0 0 0 1 d f
7 0 1 03 0 0 1 1 1 3 03 ff 0 1 0 0 0 1 f f
7 0 0 1a 1 1 0 1 0 0 00 00 0 1 0 0 0 1 d f
7 0 0 04 0 0 0 1 0 0 00 00 0 1 0 0 0 1 d f
7 0 0 83 0 0 0 1 0 0 00 00 0 1 0 0 0 1 d f
7 0 1 03 1 3 1 1 1 3 03 ff 0 1 0 0 0 1 7 f
7 0 1 7c 0 0 1 1 3 3 7c ff 0 1 0 0 0 1 f f
7 0 1 94 0 0 0 1 0 0 00 00 0 1 0 0 1 1 f f
7 0 0 e7 0 0 0 1 0 0 00 00 0 1 0 0 0 1 f f
7 0 1 c6 0 0 0 1 0 0 00 00 0 1 0 0 1 1 f f
7 0 1 08 0 0 0 1 0 0 00 00 0 1 0 0 1 1 f f
7 0 0 b6 0 0 0 1 0 0 00 00 0 1 0 0 0 1 f f
7 0 0 69 1 2 0 1 0 0 00 00 0 1 0 0 0 1 b f
7 0 0 61 0 0 0 1 0 0 00 00 0 1 0 0 0 1 b f
7 0 0 05 1 3 0 1 0 0 00 00 0 1 0 0 0 1 3 f
7 0 1 73 1 1 1 1 1 3 73 ff 0 1 0 0 0 1 3 f
7 0 1 02 1 1 1 1 1 3 02 ff 0 1 0 0 0 1 3 f
7 0 1 02 1 1 1 1 1 3 02 ff 0 1 0 0 0 1 3 f
7 0 1 bc 0 0 1 1 2 3 bc ff 0 1 0 0 0 1 7 f
7 0 1 c1 0 0 1 1 3 3 c1 ff 0 1 0 0 0 1 f f
7 0 1 c9 0 0 0 1 0 0 00 00 0 1 0 0 1 1 f f
7 0 0 05 0 0 0 1 0 0 00 00 0 1 0 0 0 1 f f
7 0 0 6b 0 0 0 1 0 0 00 00 0 1 0 0 0 1 f f
7 0 0 07 1 2 0 1 0 0 00 00 0 1 0 0 0 1 b f
7 0 0 db 0 0 0 1 0 0 00 00 0 1 0 0 0 1 b f
7 0 0 31 0 0 0 1 0 0 00 00 0 1 0 0 0 1 b f
7 0 0 a8 0 0 0 1 0 0 00 00 0 1 0 0 0 1 b f
7 0 0 03 0 0 0 1 0 0 00 00 0 1 0 0 0 1 b f
7 0 1 03 0 0 1 1 2 3 03 ff 0 1 0 0 0 1 f f
7 0 0 00 0 0 0 1 0 0 00 00 0 1 0 0 0 1 f f
7 0 1 c8 1 2 1 1 2 3 c8 ff 0 1 0 0 0 1 f f
7 0 0 07 0 0 0 1 0 0 00 00 0 1 0 0 0 1 f f
7 0 0 03 0 0 0 1 0 0 00 00 0 1 0 0 0 1 f f
7 0 0 5f 0 0 0 1 0 0 00 00 0 1 0 0 0 1 f f
7 0 1 d4 0 0 0 1 0 0 00 00 0 1 0 0 1 1 f f
7 0 1 ac 0 0 0 1 0 0 00 00 0 1 0 0 1 1 f f
7 0 1 45 0 0 0 1 0 0 00 00 0 1 0 0 1 1 f f
7 0 0 d2 0 0 0 1 0 0 00 00 0 1 0 0 0 1 f f
7 0 1 11 0 0 0 1 0 0 00 00 0 1 0 0 1 1 f f
7 0 1 00 0 0 0 1 0 0 00 00 0 1 0 0 1 1 f f
7 0 1 4d 0 0 0 1 0 0 00 00 0 1 0 0 1 1 f f
7 0 1 04 0 0 0 1 0 0 00 00 0 1 0 0 1 1 f f
7 0 0 72 0 0 0 1 0 0 00 00 0 1 0 0 0 1 f f
7 0 1 b7 0 0 0 1 0 0 00 00 0 1 0 0 1 1 f f
7 0 1 04 0 0 0 1 0 0 00 00 0 1 0 0 1 1 f f
7 0 1 03 1 0 1 1 0 3 03 ff 0 1 0 0 0 1 f f
7 0 1 91 0 0 0 1 0 0 00 00 0 1 0 0 1 1 f f
7 0 0 06 1 2 0 1 0 0 00 00 0 1 0 0 0 1 b f
7 0 0 47 0 0 0 1 0 0 00 00 0 1 0 0 0 1 b f
7 0 1 bd 0 0 1 1 2 3 bd ff 0 1 0 0 0 1 f f
7 0 0 02 1 2 0 1 0 0 00 00 0 1 0 0 0 1 b f
7 0 0 06 1 1 0 1 0 0 00 00 0 1 0 0 0 1 9 f
7 0 1 76 0 0 1 1 1 3 76 ff 0 1 0 0 0 1 b f
7 0 1 00 0 0 1 1 2 3 00 ff 0 1 0 0 0 1 f f
7 0 0 04 1 0 0 1 0 0 00 00 0 1 0 0 0 1 e f
7 0 0 01 0 0 0 1 0 0 00 00 0 1 0 0 0 1 e f
7 0 1 04 1 1 1 1 0 3 04 ff 0 1 0 0 0 1 d f
7 0 1 06 0 0 1 1 1 3 06 ff 0 1 0 0 0 1 f f
7 0 1 92 0 0 0 1 0 0 00 00 0 1 0 0 1 1 f f
7 0 1 da 1 0 1 1 0 3 da ff 0 1 0 0 0 1 f f
7 0 1 05 0 0 0 1 0 0 00 00 0 1 0 0 1 1 f f
7 0 1 04 0 0 0 1 0 0 00 00 0 1 0 0 1 1 f f
7 0 0 07 0 0 0 1 0 0 00 00 0 1 0 0 0 1 f f
7 0 1 97 0 0 0 1 0 0 00 00 0 1 0 0 1 1 f f
7 0 1 13 0 0 0 1 0 0 00 00 0 1 0 0 1 1 f f
7 0 0 93 1 3 0 1 0 0 00 00 0 1 0 0 0 1 7 f
7 0 0 01 0 0 0 1 0 0 00 00 0 1 0 0 0 1 7 f
7 0 1 01 1 0 1 1 0 3 01 ff 0 1 0 0 0 1 7 f
7 0 1 05 1 0 1 1 0 3 05 ff 0 1 0 0 0 1 7 f
7 0 1 5f 0 0 1 1 3 3 5f ff 0 1 0 0 0 1 f f
7 0 0 ec 1 0 0 1 0 0 00 00 0 1 0 0 0 1 e f
7 0 1 04 0 0 1 1 0 3 04 ff 0 1 0 0 0 1 f f
7 0 1 53 0 0 0 1 0 0 00 00 0 1 0 0 1 1 f f
7 0 0 52 0 0 0 1 0 0 00 00 0 1 0 0 0 1 f f
7 0 1 50 0 0 0 1 0 0 00 00 0 1 0 0 1 1 f f
7 0 0 cc 1 1 0 1 0 0 00 00 0 1 0 0 0 1 d f
7 0 1 ff 1 3 1 1 1 3 ff ff 0 1 0 0 0 1 7 f
7 0 1 01 1 1 1 1 1 3 01 ff 0 1 0 0 0 1 7 f
7 1 1 1a 0 0 0 1 0 0 00 00 0 1 0 0 0 1 0 f
7 0 1 01 0 0 1 1 0 3 01 ff 0 1 0 0 0 1 1 f
7 0 1 00 0 0 1 1 1 3 00 ff 0 1 0 0 0 1 3 f
7 0 1 38 0 0 1 1 2 3 38 ff 0 1 0 0 0 1 7 f
7 0 1 03 1 1 1 1 1 3 03 ff 0 1 0 0 0 1 7 f
7 0 1 ba 1 0 1 1 0 3 ba ff 0 1 0 0 0 1 7 f
7 0 0 07 0 0 0 1 0 0 00 00 0 1 0 0 0 1 7 f
7 0 1 9a 0 0 1 1 3 3 9a ff 0 1 0 0 0 1 f f
7 0 1 2a 0 0 0 1 0 0 00 00 0 1 0 0 1 1 f f
7 0 0 04 0 0 0 1 0 0 00 00 0 1 0 0 0 1 f f
7 0 0 03 0 0 0 1 0 0 00 00 0 1 0 0 0 1 f f
7 0 1 4f 0 0 0 1 0 0 00 00 0 1 0 0 1 1 f f
7 0 1 00 0 0 0 1 0 0 00 00 0 1 0 0 1 1 f f
7 0 0 20 1 2 0 1 0 0 00 00 0 1 0 0 0 1 b f
7 0 0 03 0 0 0 1 0 0 00 00 0 1 0 0 0 1 b f
7 0 1 07 0 0 1 1 2 3 07 ff 0 1 0 0 0 1 f f
7 0 1 d8 0 0 0 1 0 0 00 00 0 1 0 0 1 1 f f
7 0 1 27 1 1 1 1 1 3 27 ff 0 1 0 0 0 1 f f
7 0 1 00 0 0 0 1 0 0 00 00 0 1 0 0 1 1 f f
7 0 0 04 0 0 0 1 0 0 00 00 0 1 0 0 0 1 f f
7 0 1 af 0 0 0 1 0 0 00 00 0 1 0 0 1 1 f f
7 0 1 04 0 0 0 1 0 0 00 00 0 1 0 0 1 1 f f
7 0 1 cf 0 0 0 1 0 0 00 00 0 1 0 0 1 1 f f
7 0 1 7d 1 2 1 1 2 3 7d ff 0 1 0 0 0 1 f f
7 0 1 b3 0 0 0 1 0 0 00 00 0 1 0 0 1 1 f f
7 0 0 07 0 0 0 1 0 0 00 00 0 1 0 0 0 1 f f
7 0 0 98 0 0 0 1 0 0 00 00 0 1 0 0 0 1 f f
7 0 0 07 1 3 0 1 0 0 00 00 0 1 0 0 0 1 7 f
7 0 0 06 1 0 0 1 0 0 00 00 0 1 0 0 0 1 6 f
7 0 0 03 0 0 0 1 0 0 00 00 0 1 0 0 0 1 6 f
7 0 0 3e 0 0 0 1 0 0 00 00 0 1 0 0 0 1 6 f
7 0 0 01 0 0 0 1 0 0 00 00 0 1 0 0 0 1 6 f
7 0 0 75 0 0 0 1 0 0 00 00 0 1 0 0 0 1 6 f
7 0 0 07 0 0 0 1 0 0 00 00 0 1 0 0 0 1 6 f
7 0 1 79 0 0 1 1 0 3 79 ff 0 1 0 0 0 1 7 f
7 0 0 57 1 2 0 1 0 0 00 00 0 1 0 0 0 1 3 f
7 0 0 61 0 0 0 1 0 0 00 00 0 1 0 0 0 1 3 f
7 0 0 07 0 0 0 1 0 0 00 00 0 1 0 0 0 1 3 f
7 0 0 03 0 0 0 1 0 0 00 00 0 1 0 0 0 1 3 f
7 0 0 02 0 0 0 1 0 0 00 00 0 1 0 0 0 1 3 f
7 0 1 56 0 0 1 1 2 3 56 ff 0 1 0 0 0 1 7 f
7 0 1 39 0 0 1 1 3 3 39 ff 0 1 0 0 0 1 f f
7 0 0 a0 0 0 0 1 0 0 00 00 0 1 0 0 0 1 f f
7 0 1 65 0 0 0 1 0 0 00 00 0 1 0 0 1 1 f f
7 0 1 4a 0 0 0 1 0 0 00 00 0 1 0 0 1 1 f f
7 0 1 37 0 0 0 1 0 0 00 00 0 1 0 0 1 1 f f
7 0 0 7c 1 3 0 1 0 0 00 00 0 1 0 0 0 1 7 f
7 0 0 1b 0 0 0 1 0 0 00 00 0 1 0 0 0 1 7 f
7 0 1 48 1 1 1 1 1 3 48 ff 0 1 0 0 0 1 7 f
7 0 1 04 0 0 1 1 3 3 04 ff 0 1 0 0 0 1 f f
7 0 1 d6 0 0 0 1 0 0 00 00 0 1 0 0 1 1 f f
7 0 0 51 1 3 0 1 0 0 00 00 0 1 0 0 0 1 7 f
7 0 0 01 0 0 0 1 0 0 00 00 0 1 0 0 0 1 7 f
7 0 0 00 0 0 0 1 0 0 00 00 0 1 0 0 0 1 7 f
7 0 1 78 0 0 1 1 3 3 78 ff 0 1 0 0 0 1 f f
7 0 1 a1 0 0 0 1 0 0 00 00 0 1 0 0 1 1 f f
7 0 0 14 0 0 0 1 0 0 00 00 0 1 0 0 0 1 f f
7 0 1 df 0 0 0 1 0 0 00 00 0 1 0 0 1 1 f f
7 0 1 04 1 2 1 1 2 3 04 ff 0 1 0 0 0 1 f f
7 0 0 04 0 0 0 1 0 0 00 00 0 1 0 0 0 1 f f
7 0 1 04 0 0 0 1 0 0 00 00 1 1 2 3 0 1 f f
7 0 1 fc 0 0 0 1 0 0 00 00 0 1 0 0 1 1 f f
7 0 1 07 0 0 0 1 0 0 00 00 0 1 0 0 1 1 f f
7 0 1 f5 0 0 0 1 0 0 00 00 0 1 0 0 1 1 f f
7 0 1 03 0 0 0 1 0 0 00 00 0 1 0 0 1 1 f f
7 0 1 f4 1 2 1 1 2 3 f4 ff 0 1 0 0 0 1 f f
7 0 1 0a 0 0 0 1 0 0 00 00 0 1 0 0 1 1 f f
7 0 1 01 1 1 1 1 1 3 01 ff 0 1 0 0 0 1 f f
7 0 1 27 0 0 0 1 0 0 00 00 0 1 0 0 1 1 f f
7 0 1 06 0 0 0 1 0 0 00 00 0 1 0 0 1 1 f f
7 0 0 45 0 0 0 1 0 0 00 00 0 1 0 0 0 1 f f
7 0 1 00 0 0 0 1 0 0 00 00 0 1 0 0 1 1 f f
7 0 1 02 0 0 0 1 0 0 00 00 0 1 0 0 1 1 f f
7 0 1 84 1 1 1 1 1 3 84 ff 0 1 0 0 0 1 f f
7 0 1 03 0 0 0 1 0 0 00 00 0 1 0 0 1 1 f f
7 0 0 04 0 0 0 1 0 0 00 00 0 1 0 0 0 1 f f
7 0 0 3a 0 0 0 1 0 0 00 00 0 1 0 0 0 1 f f
7 0 1 03 0 0 0 1 0 0 00 00 0 1 0 0 1 1 f f
7 0 1 04 0 0 0 1 0 0 00 00 0 1 0 0 1 1 f f
7 0 1 3d 0 0 0 1 0 0 00 00 0 1 0 0 1 1 f f
7 0 1 01 1 3 1 1 3 3 01 ff 0 1 0 0 0 1 f f
7 0 1 00 0 0 0 1 0 0 00 00 0 1 0 0 1 1 f f
7 0 1 06 0 0 0 1 0 0 00 00 0 1 0 0 1 1 f f
7 0 1 de 1 2 1 1 2 3 de ff 0 1 0 0 0 1 f f
7 0 1 03 1 2 1 1 2 3 03 ff 0 1 0 0 0 1 f f
7 0 0 cf 0 0 0 1 0 0 00 00 0 1 0 0 0 1 f f
7 0 1 39 0 0 0 1 0 0 00 00 0 1 0 0 1 1 f f
7 0 0 00 0 0 0 1 0 0 00 00 0 1 0 0 0 1 f f
7 0 0 90 0 0 0 1 0 0 00 00 0 1 0 0 0 1 f f
7 0 1 06 1 1 1 1 1 3 06 ff 0 1 0 0 0 1 f f
7 0 0 02 0 0 0 1 0 0 00 00 0 1 0 0 0 1 f f
7 0 1 a4 0 0 0 1 0 0 00 00 0 1 0 0 1 1 f f
7 0 1 57 0 0 0 1 0 0 00 00 0 1 0 0 1 1 f f
7 0 1 00 0 0 0 1 0 0 00 00 0 1 0 0 1 1 f f
7 0 0 03 0 0 0 1 0 0 00 00 0 1 0 0 0 1 f f
7 0 1 a9 0 0 0 1 0 0 00 00 0 1 0 0 1 1 f f
7 0 1 00 0 0 0 1 0 0 00 00 0 1 0 0 1 1 f f
7 0 1 cc 0 0 0 1 0 0 00 00 0 1 0 0 1 1 f f
7 0 1 01 0 0 0 1 0 0 00 00 1 1 3 3 0 1 f f
7 0 1 f5 0 0 0 1 0 0 00 00 0 1 0 0 1 1 f f
7 0 1 02 0 0 0 1 0 0 00 00 0 1 0 0 1 1 f f
7 0 1 af 1 3 1 1 3 3 af ff 0 1 0 0 0 1 f f
7 0 1 e9 0 0 0 1 0 0 00 00 0 1 0 0 1 1 f f
7 0 1 01 0 0 0 1 0 0 00 00 0 1 0 0 1 1 f f
7 0 1 0d 0 0 0 1 0 0 00 00 0 1 0 0 1 1 f f
7 0 1 3b 0 0 0 1 0 0 00 00 0 1 0 0 1 1 f f
7 0 1 45 1 1 1 1 1 3 45 ff 0 1 0 0 0 1 f f
7 0 0 02 1 2 0 1 0 0 00 00 0 1 0 0 0 1 b f
7 0 1 01 0 0 1 1 2 3 01 ff 0 1 0 0 0 1 f f
7 0 1 3b 0 0 0 1 0 0 00 00 0 1 0 0 1 1 f f
7 0 0 5a 0 0 0 1 0 0 00 00 0 1 0 0 0 1 f f
7 0 1 00 0 0 0 1 0 0 00 00 0 1 0 0 1 1 f f
7 0 0 01 0 0 0 1 0 0 00 00 0 1 0 0 0 1 f f
7 0 1 02 1 0 1 1 0 3 02 ff 0 1 0 0 0 1 f f
7 0 0 2c 1 3 0 1 0 0 00 00 0 1 0 0 0 1 7 f
7 0 0 05 1 1 0 1 0 0 00 00 0 1 0 0 0 1 5 f
7 0 0 bb 1 2 0 1 0 0 00 00 0 1 0 0 0 1 1 f
7 0 0 06 1 0 0 1 0 0 00 00 0 1 0 0 0 1 0 f
7 0 0 08 0 0 0 1 0 0 00 00 0 1 0 0 0 1 0 f
7 0 0 83 0 0 0 1 0 0 00 00 0 1 0 0 0 1 0 f
7 0 1 9b 0 0 1 1 0 3 9b ff 0 1 0 0 0 1 1 f
7 0 1 29 1 0 1 1 0 3 29 ff 0 1 0 0 0 1 1 f
7 0 1 c1 0 0 1 1 1 3 c1 ff 0 1 0 0 0 1 3 f
7 0 0 01 0 0 0 1 0 0 00 00 0 1 0 0 0 1 3 f
7 0 1 33 0 0 1 1 2 3 33 ff 0 1 0 0 0 1 7 f
7 0 0 18 0 0 0 1 0 0 00 00 0 1 0 0 0 1 7 f
7 0 1 00 0 0 1 1 3 3 00 ff 0 1 0 0 0 1 f f
7 0 1 3c 0 0 0 1 0 0 00 00 0 1 0 0 1 1 f f
7 0 0 02 0 0 0 1 0 0 00 00 0 1 0 0 0 1 f f
7 0 1 06 1 0 1 1 0 3 06 ff 0 1 0 0 0 1 f f
7 0 1 da 0 0 0 1 0 0 00 00 0 1 0 0 1 1 f f
7 0 1 03 0 0 0 1 0 0 00 00 0 1 0 0 1 1 f f
7 0 1 04 1 2 1 1 2 3 04 ff 0 1 0 0 0 1 f f
7 0 1 45 0 0 0 1 0 0 00 00 0 1 0 0 1 1 f f
7 0 1 a5 1 0 1 1 0 3 a5 ff 0 1 0 0 0 1 f f
7 0 0 9e 1 1 0 1 0 0 00 00 0 1 0 0 0 1 d f
7 0 1 d0 0 0 1 1 1 3 d0 ff 0 1 0 0 0 1 f f
7 0 0 01 0 0 0 1 0 0 00 00 0 1 0 0 0 1 f f
7 0 1 00 0 0 0 1 0 0 00 00 1 1 3 3 0 1 f f
7 0 1 02 0 0 0 1 0 0 00 00 0 1 0 0 1 1 f f
7 0 1 d5 0 0 0 1 0 0 00 00 0 1 0 0 1 1 f f
7 0 0 00 0 0 0 1 0 0 00 00 0 1 0 0 0 1 f f
7 0 1 c4 1 3 1 1 3 3 c4 ff 0 1 0 0 0 1 f f
7 0 1 04 0 0 0 1 0 0 00 00 1 1 2 3 0 1 f f
7 0 0 05 0 0 0 1 0 0 00 00 0 1 0 0 0 1 f f
7 0 1 1c 1 1 1 1 1 3 1c ff 0 1 0 0 0 1 f f
7 0 0 00 0 0 0 1 0 0 00 00 0 1 0 0 0 1 f f
7 0 0 03 1 2 0 1 0 0 00 00 0 1 0 0 0 1 b f
7 0 0 50 1 1 0 1 0 0 00 00 0 1 0 0 0 1 9 f
7 0 0 00 0 0 0 1 0 0 00 00 0 1 0 0 0 1 9 f
7 0 1 00 1 3 1 1 1 3 00 ff 0 1 0 0 0 1 3 f
7 0 1 03 0 0 1 1 2 3 03 ff 0 1 0 0 0 1 7 f
7 0 0 04 1 1 0 1 0 0 00 00 0 1 0 0 0 1 5 f
7 0 1 21 0 0 1 1 1 3 21 ff 0 1 0 0 0 1 7 f
7 0 0 84 0 0 0 1 0 0 00 00 0 1 0 0 0 1 7 f
7 0 1 e3 0 0 1 1 3 3 e3 ff 0 1 0 0 0 1 f f
7 0 1 03 1 0 0 1 0 0 00 00 1 1 2 3 0 1 e f
7 0 1 01 0 0 1 1 0 3 01 ff 0 1 0 0 0 1 f f
7 0 1 02 0 0 0 1 0 0 00 00 0 1 0 0 1 1 f f
7 0 1 5c 0 0 0 1 0 0 00 00 0 1 0 0 1 1 f f
7 0 0 23 1 0 0 1 0 0 00 00 0 1 0 0 0 1 e f
7 0 1 29 0 0 1 1 0 3 29 ff 0 1 0 0 0 1 f f
7 0 1 a4 1 1 1 1 1 3 a4 ff 0 1 0 0 0 1 f f
7 0 0 d7 1 0 0 1 0 0 00 00 0 1 0 0 0 1 e f
7 0 0 00 0 0 0 1 0 0 00 00 0 1 0 0 0 1 e f
7 0 1 04 1 2 1 1 0 3 04 ff 0 1 0 0 0 1 b f
7 0 1 18 0 0 1 1 2 3 18 ff 0 1 0 0 0 1 f f
7 0 1 e3 0 0 0 1 0 0 00 00 1 1 3 3 0 1 f f
7 0 1 4e 1 0 1 1 0 3 4e ff 0 1 0 0 0 1 f f
7 0 1 d5 0 0 0 1 0 0 00 00 0 1 0 0 1 1 f f
7 0 1 07 0 0 0 1 0 0 00 00 0 1 0 0 1 1 f f
7 0 0 01 0 0 0 1 0 0 00 00 0 1 0 0 0 1 f f
7 0 0 ba 0 0 0 1 0 0 00 00 0 1 0 0 0 1 f f
7 0 1 01 0 0 0 1 0 0 00 00 0 1 0 0 1 1 f f
7 0 0 e8 0 0 0 1 0 0 00 00 0 1 0 0 0 1 f f
7 0 0 02 0 0 0 1 0 0 00 00 0 1 0 0 0 1 f f
7 0 1 03 1 2 1 1 2 3 03 ff 0 1 0 0 0 1 f f
7 0 1 00 0 0 0 1 0 0 00 00 0 1 0 0 1 1 f f
7 0 0 06 1 3 0 1 0 0 00 00 0 1 0 0 0 1 7 f
7 0 1 1d 0 0 1 1 3 3 1d ff 0 1 0 0 0 1 f f
7 0 0 0d 0 0 0 1 0 0 00 00 0 1 0 0 0 1 f f
7 0 1 01 0 0 0 1 0 0 00 00 0 1 0 0 1 1 f f
7 0 1 07 0 0 0 1 0 0 00 00 0 1 0 0 1 1 f f
7 0 1 70 0 0 0 1 0 0 00 00 0 1 0 0 1 1 f f
7 0 1 04 0 0 0 1 0 0 00 00 0 1 0 0 1 1 f f
7 0 1 07 0 0 0 1 0 0 00 00 0 1 0 0 1 1 f f
7 0 1 b7 0 0 0 1 0 0 00 00 0 1 0 0 1 1 f f
7 0 0 e3 0 0 0 1 0 0 00 00 0 1 0 0 0 1 f f
7 0 0 01 0 0 0 1 0 0 00 00 0 1 0 0 0 1 f f
7 0 1 56 0 0 0 1 0 0 00 00 0 1 0 0 1 1 f f
7 0 0 80 0 0 0 1 0 0 00 00 0 1 0 0 0 1 f f
7 0 1 33 0 0 0 1 0 0 00 00 0 1 0 0 1 1 f f
7 0 1 24 1 0 1 1 0 3 24 ff 0 1 0 0 0 1 f f
7 0 1 89 1 2 1 1 2 3 89 ff 0 1 0 0 0 1 f f
7 0 0 79 0 0 0 1 0 0 00 00 0 1 0 0 0 1 f f
7 0 1 04 0 0 0 1 0 0 00 00 0 1 0 0 1 1 f f
7 0 0 01 0 0 0 1 0 0 00 00 0 1 0 0 0 1 f f
7 0 0 07 0 0 0 1 0 0 00 00 0 1 0 0 0 1 f f
7 0 1 07 0 0 0 1 0 0 00 00 0 1 0 0 1 1 f f
7 0 1 d5 1 1 1 1 1 3 d5 ff 0 1 0 0 0 1 f f
7 0 1 02 0 0 0 1 0 0 00 00 0 1 0 0 1 1 f f
7 0 1 d3 1 0 1 1 0 3 d3 ff 0 1 0 0 0 1 f f
7 0 0 9e 1 1 0 1 0 0 00 00 0 1 0 0 0 1 d f
7 0 0 69 1 2 0 1 0 0 00 00 0 1 0 0 0 1 9 f
7 0 1 05 1 3 1 1 1 3 05 ff 0 1 0 0 0 1 3 f
7 0 1 d8 0 0 1 1 2 3 d8 ff 0 1 0 0 0 1 7 f
7 0 0 02 1 0 0 1 0 0 00 00 0 1 0 0 0 1 6 f
7 0 1 39 1 2 1 1 0 3 39 ff 0 1 0 0 0 1 3 f
7 0 1 03 0 0 1 1 2 3 03 ff 0 1 0 0 0 1 7 f
7 0 0 63 1 2 0 1 0 0 00 00 0 1 0 0 0 1 3 f
7 0 1 5b 0 0 1 1 2 3 5b ff 0 1 0 0 0 1 7 f
7 0 1 5a 1 2 1 1 2 3 5a ff 0 1 0 0 0 1 7 f
7 0 0 43 0 0 0 1 0 0 00 00 0 1 0 0 0 1 7 f
7 0 0 db 1 1 0 1 0 0 00 00 0 1 0 0 0 1 5 f
7 0 0 07 0 0 0 1 0 0 00 00 0 1 0 0 0 1 5 f
7 0 1 01 0 0 1 1 1 3 01 ff 0 1 0 0 0 1 7 f
7 0 1 e5 0 0 1 1 3 3 e5 ff 0 1 0 0 0 1 f f
7 0 0 07 0 0 0 1 0 0 00 00 0 1 0 0 0 1 f f
7 0 0 9c 1 2 0 1 0 0 00 00 0 1 0 0 0 1 b f
7 0 1 0b 0 0 1 1 2 3 0b ff 0 1 0 0 0 1 f f
7 0 1 00 1 3 1 1 3 3 00 ff 0 1 0 0 0 1 f f
7 0 1 3a 0 0 0 1 0 0 00 00 0 1 0 0 1 1 f f
7 0 1 0e 1 3 1 1 3 3 0e ff 0 1 0 0 0 1 f f
7 0 1 05 0 0 0 1 0 0 00 00 0 1 0 0 1 1 f f
7 0 1 8e 0 0 0 1 0 0 00 00 0 1 0 0 1 1 f f
7 0 1 02 1 3 1 1 3 3 02 ff 0 1 0 0 0 1 f f
7 0 1 c7 0 0 0 1 0 0 00 00 0 1 0 0 1 1 f f
7 0 1 e8 0 0 0 1 0 0 00 00 0 1 0 0 1 1 f f
7 0 1 6b 0 0 0 1 0 0 00 00 0 1 0 0 1 1 f f
7 0 1 13 0 0 0 1 0 0 00 00 0 1 0 0 1 1 f f
7 0 1 82 0 0 0 1 0 0 00 00 0 1 0 0 1 1 f f
7 0 0 f4 1 1 0 1 0 0 00 00 0 1 0 0 0 1 d f
7 0 0 01 0 0 0 1 0 0 00 00 0 1 0 0 0 1 d f
7 0 0 00 0 0 0 1 0 0 00 00 0 1 0 0 0 1 d f
7 0 0 dd 0 0 0 1 0 0 00 00 0 1 0 0 0 1 d f
7 0 1 8e 1 0 1 1 0 3 8e ff 0 1 0 0 0 1 d f
7 0 0 52 0 0 0 1 0 0 00 00 0 1 0 0 0 1 d f
7 0 1 07 0 0 1 1 1 3 07 ff 0 1 0 0 0 1 f f
7 0 1 01 1 3 1 1 3 3 01 ff 0 1 0 0 0 1 f f
7 0 0 07 0 0 0 1 0 0 00 00 0 1 0 0 0 1 f f
7 0 0 11 0 0 0 1 0 0 00 00 0 1 0 0 0 1 f f
7 0 0 04 0 0 0 1 0 0 00 00 0 1 0 0 0 1 f f
7 0 0 5f 1 0 0 1 0 0 00 00 0 1 0 0 0 1 e f
7 0 0 24 0 0 0 1 0 0 00 00 0 1 0 0 0 1 e f
7 0 0 03 1 2 0 1 0 0 00 00 0 1 0 0 0 1 a f
7 0 1 cf 0 0 1 1 0 3 cf ff 0 1 0 0 0 1 b f
7 0 1 00 0 0 1 1 2 3 00 ff 0 1 0 0 0 1 f f
7 0 0 7a 1 3 0 1 0 0 00 00 0 1 0 0 0 1 7 f
7 0 1 aa 0 0 1 1 3 3 aa ff 0 1 0 0 0 1 f f
7 0 1 05 0 0 0 1 0 0 00 00 0 1 0 0 1 1 f f
7 0 0 04 0 0 0 1 0 0 00 00 0 1 0 0 0 1 f f
7 0 0 6d 0 0 0 1 0 0 00 00 0 1 0 0 0 1 f f
7 0 0 a3 1 3 0 1 0 0 00 00 0 1 0 0 0 1 7 f
7 0 1 8e 0 0 1 1 3 3 8e ff 0 1 0 0 0 1 f f
7 0 1 05 1 1 1 1 1 3 05 ff 0 1 0 0 0 1 f f
7 0 0 01 0 0 0 1 0 0 00 00 0 1 0 0 0 1 f f
7 0 1 58 1 2 1 1 2 3 58 ff 0 1 0 0 0 1 f f
7 0 1 19 1 3 1 1 3 3 19 ff 0 1 0 0 0 1 f f
7 0 0 fb 0 0 0 1 0 0 00 00 0 1 0 0 0 1 f f
7 0 1 3f 0 0 0 1 0 0 00 00 0 1 0 0 1 1 f f
7 0 0 5f 0 0 0 1 0 0 00 00 0 1 0 0 0 1 f f
7 0 0 31 0 0 0 1 0 0 00 00 0 1 0 0 0 1 f f
7 0 1 01 1 0 1 1 0 3 01 ff 0 1 0 0 0 1 f f
7 0 0 03 0 0 0 1 0 0 00 00 0 1 0 0 0 1 f f
7 0 1 00 0 0 0 1 0 0 00 00 0 1 0 0 1 1 f f
7 0 0 01 0 0 0 1 0 0 00 00 0 1 0 0 0 1 f f
7 0 0 05 0 0 0 1 0 0 00 00 0 1 0 0 0 1 f f
7 0 1 00 1 0 1 1 0 3 00 ff 0 1 0 0 0 1 f f
7 0 1 04 1 1 1 1 1 3 04 ff 0 1 0 0 0 1 f f
7 0 0 07 0 0 0 1 0 0 00 00 0 1 0 0 0 1 f f
7 0 0 02 1 0 0 1 0 0 00 00 0 1 0 0 0 1 e f
7 0 1 03 0 0 1 1 0 3 03 ff 0 1 0 0 0 1 f f
7 0 0 1c 0 0 0 1 0 0 00 00 0 1 0 0 0 1 f f
7 0 1 ad 0 0 0 1 0 0 00 00 0 1 0 0 1 1 f f
7 0 0 02 0 0 0 1 0 0 00 00 0 1 0 0 0 1 f f
7 0 1 00 0 0 0 1 0 0 00 00 0 1 0 0 1 1 f f
7 0 1 91 0 0 0 1 0 0 00 00 0 1 0 0 1 1 f f
7 0 0 59 0 0 0 1 0 0 00 00 0 1 0 0 0 1 f f
7 0 1 e1 0 0 0 1 0 0 00 00 0 1 0 0 1 1 f f
7 0 1 04 0 0 0 1 0 0 00 00 1 1 1 3 0 1 f f
7 0 0 0f 1 0 0 1 0 0 00 00 0 1 0 0 0 1 e f
7 0 0 12 1 1 0 1 0 0 00 00 0 1 0 0 0 1 c f
7 0 0 16 0 0 0 1 0 0 00 00 0 1 0 0 0 1 c f
7 0 0 db 1 2 0 1 0 0 00 00 0 1 0 0 0 1 8 f
7 0 1 ac 1 3 1 1 0 3 ac ff 0 1 0 0 0 1 1 f
7 0 0 01 0 0 0 1 0 0 00 00 0 1 0 0 0 1 1 f
7 0 0 36 0 0 0 1 0 0 00 00 0 1 0 0 0 1 1 f
7 0 1 01 0 0 1 1 1 3 01 ff 0 1 0 0 0 1 3 f
7 0 0 45 1 1 0 1 0 0 00 00 0 1 0 0 0 1 1 f
7 0 1 d6 1 0 1 1 0 3 d6 ff 0 1 0 0 0 1 1 f
7 0 1 01 1 0 1 1 0 3 01 ff 0 1 0 0 0 1 1 f
7 0 0 02 0 0 0 1 0 0 00 00 0 1 0 0 0 1 1 f
7 0 1 83 0 0 1 1 1 3 83 ff 0 1 0 0 0 1 3 f
7 0 0 a2 0 0 0 1 0 0 00 00 0 1 0 0 0 1 3 f
7 0 1 43 0 0 1 1 2 3 43 ff 0 1 0 0 0 1 7 f
7 0 1 17 0 0 1 1 3 3 17 ff 0 1 0 0 0 1 f f
7 0 1 00 0 0 0 1 0 0 00 00 0 1 0 0 1 1 f f
7 0 0 06 0 0 0 1 0 0 00 00 0 1 0 0 0 1 f f
7 0 1 03 0 0 0 1 0 0 00 00 0 1 0 0 1 1 f f
7 0 0 03 0 0 0 1 0 0 00 00 0 1 0 0 0 1 f f
7 0 1 62 1 3 1 1 3 3 62 ff 0 1 0 0 0 1 f f
7 0 1 c7 0 0 0 1 0 0 00 00 0 1 0 0 1 1 f f
7 0 0 03 0 0 0 1 0 0 00 00 0 1 0 0 0 1 f f
7 0 0 03 1 3 0 1 0 0 00 00 0 1 0 0 0 1 7 f
7 0 0 06 0 0 0 1 0 0 00 00 0 1 0 0 0 1 7 f
7 0 0 04 0 0 0 1 0 0 00 00 0 1 0 0 0 1 7 f
7 0 1 05 0 0 1 1 3 3 05 ff 0 1 0 0 0 1 f f
7 0 0 da 1 0 0 1 0 0 00 00 0 1 0 0 0 1 e f
7 0 1 05 0 0 0 1 0 0 00 00 1 1 3 3 0 1 e f
7 0 1 07 0 0 1 1 0 3 07 ff 0 1 0 0 0 1 f f
7 0 1 24 0 0 0 1 0 0 00 00 0 1 0 0 1 1 f f
7 0 1 01 0 0 0 1 0 0 00 00 0 1 0 0 1 1 f f
7 0 1 1f 0 0 0 1 0 0 00 00 0 1 0 0 1 1 f f
7 0 0 0e 1 0 0 1 0 0 00 00 0 1 0 0 0 1 e f
7 0 1 02 0 0 1 1 0 3 02 ff 0 1 0 0 0 1 f f
7 0 0 17 1 3 0 1 0 0 00 00 0 1 0 0 0 1 7 f
7 0 1 05 0 0 1 1 3 3 05 ff 0 1 0 0 0 1 f f
7 0 1 b4 1 2 1 1 2 3 b4 ff 0 1 0 0 0 1 f f
7 0 0 01 0 0 0 1 0 0 00 00 0 1 0 0 0 1 f f
7 0 1 03 0 0 0 1 0 0 00 00 0 1 0 0 1 1 f f
7 0 1 07 0 0 0 1 0 0 00 00 0 1 0 0 1 1 f f
7 0 0 01 1 2 0 1 0 0 00 00 0 1 0 0 0 1 b f
7 0 0 03 1 0 0 1 0 0 00 00 0 1 0 0 0 1 a f
7 0 1 04 1 3 1 1 0 3 04 ff 0 1 0 0 0 1 3 f
7 0 0 39 1 1 0 1 0 0 00 00 0 1 0 0 0 1 1 f
7 0 0 aa 0 0 0 1 0 0 00 00 0 1 0 0 0 1 1 f
7 0 1 98 1 0 1 1 0 3 98 ff 0 1 0 0 0 1 1 f
7 0 1 03 0 0 1 1 1 3 03 ff 0 1 0 0 0 1 3 f
7 0 1 06 0 0 1 1 2 3 06 ff 0 1 0 0 0 1 7 f
7 0 1 01 0 0 1 1 3 3 01 ff 0 1 0 0 0 1 f f
7 0 1 f5 0 0 0 1 0 0 00 00 0 1 0 0 1 1 f f
7 0 0 0e 1 3 0 1 0 0 00 00 0 1 0 0 0 1 7 f
7 0 0 06 0 0 0 1 0 0 00 00 0 1 0 0 0 1 7 f
7 0 0 05 1 2 0 1 0 0 00 00 0 1 0 0 0 1 3 f
7 0 0 01 0 0 0 1 0 0 00 00 0 1 0 0 0 1 3 f
7 0 1 05 0 0 1 1 2 3 05 ff 0 1 0 0 0 1 7 f
7 0 0 07 0 0 0 1 0 0 00 00 0 1 0 0 0 1 7 f
7 0 1 01 0 0 1 1 3 3 01 ff 0 1 0 0 0 1 f f
7 0 1 07 0 0 0 1 0 0 00 00 0 1 0 0 1 1 f f
7 0 0 37 1 3 0 1 0 0 00 00 0 1 0 0 0 1 7 f
7 0 0 01 0 0 0 1 0 0 00 00 0 1 0 0 0 1 7 f
7 0 0 53 0 0 0 1 0 0 00 00 0 1 0 0 0 1 7 f
7 0 0 ce 1 0 0 1 0 0 00 00 0 1 0 0 0 1 6 f
7 0 1 01 0 0 1 1 0 3 01 ff 0 1 0 0 0 1 7 f
7 0 0 01 0 0 0 1 0 0 00 00 0 1 0 0 0 1 7 f
7 0 1 04 0 0 1 1 3 3 04 ff 0 1 0 0 0 1 f f
7 0 1 07 0 0 0 1 0 0 00 00 0 1 0 0 1 1 f f
7 0 1 00 1 1 1 1 1 3 00 ff 0 1 0 0 0 1 f f
7 0 1 27 1 2 1 1 2 3 27 ff 0 1 0 0 0 1 f f
7 0 0 02 0 0 0 1 0 0 00 00 0 1 0 0 0 1 f f
7 0 1 a2 0 0 0 1 0 0 00 00 0 1 0 0 1 1 f f
7 0 1 06 1 0 1 1 0 3 06 ff 0 1 0 0 0 1 f f
7 0 0 03 1 1 0 1 0 0 00 00 0 1 0 0 0 1 d f
7 0 1 52 1 0 1 1 0 3 52 ff 0 1 0 0 0 1 d f
7 0 0 a1 0 0 0 1 0 0 00 00 0 1 0 0 0 1 d f
7 0 1 61 0 0 1 1 1 3 61 ff 0 1 0 0 0 1 f f
7 0 1 08 0 0 0 1 0 0 00 00 0 1 0 0 1 1 f f
7 0 1 03 0 0 0 1 0 0 00 00 0 1 0 0 1 1 f f
7 0 1 01 1 0 1 1 0 3 01 ff 0 1 0 0 0 1 f f
7 0 0 03 0 0 0 1 0 0 00 00 0 1 0 0 0 1 f f
7 0 1 d6 0 0 0 1 0 0 00 00 0 1 0 0 1 1 f f
7 0 0 0d 1 3 0 1 0 0 00 00 0 1 0 0 0 1 7 f
7 0 1 00 0 0 1 1 3 3 00 ff 0 1 0 0 0 1 f f
7 0 1 00 0 0 0 1 0 0 00 00 1 1 3 3 0 1 f f
7 0 1 01 0 0 0 1 0 0 00 00 1 1 0 3 0 1 f f
7 0 1 d1 0 0 0 1 0 0 00 00 0 1 0 0 1 1 f f
7 0 1 28 1 3 1 1 3 3 28 ff 0 1 0 0 0 1 f f
7 0 0 05 0 0 0 1 0 0 00 00 0 1 0 0 0 1 f f
7 0 1 88 0 0 0 1 0 0 00 00 0 1 0 0 1 1 f f
7 0 0 af 0 0 0 1 0 0 00 00 0 1 0 0 0 1 f f
7 0 0 00 1 3 0 1 0 0 00 00 0 1 0 0 0 1 7 f
7 0 0 05 0 0 0 1 0 0 00 00 0 1 0 0 0 1 7 f
7 0 0 02 1 2 0 1 0 0 00 00 0 1 0 0 0 1 3 f
7 0 1 77 0 0 1 1 2 3 77 ff 0 1 0 0 0 1 7 f
7 0 0 dd 0 0 0 1 0 0 00 00 0 1 0 0 0 1 7 f
7 0 0 01 0 0 0 1 0 0 00 00 0 1 0 0 0 1 7 f
7 0 1 8e 1 0 1 1 0 3 8e ff 0 1 0 0 0 1 7 f
7 0 0 00 0 0 0 1 0 0 00 00 0 1 0 0 0 1 7 f
7 0 1 04 0 0 1 1 3 3 04 ff 0 1 0 0 0 1 f f
7 0 0 00 0 0 0 1 0 0 00 00 0 1 0 0 0 1 f f
7 0 1 9a 1 1 1 1 1 3 9a ff 0 1 0 0 0 1 f f
7 0 0 ae 1 2 0 1 0 0 00 00 0 1 0 0 0 1 b f
7 0 0 ff 1 0 0 1 0 0 00 00 0 1 0 0 0 1 a f
7 0 1 07 1 3 1 1 0 3 07 ff 0 1 0 0 0 1 3 f
7 0 0 00 0 0 0 1 0 0 00 00 0 1 0 0 0 1 3 f
7 0 1 02 0 0 1 1 2 3 02 ff 0 1 0 0 0 1 7 f
7 0 1 bd 0 0 1 1 3 3 bd ff 0 1 0 0 0 1 f f
7 0 0 06 1 1 0 1 0 0 00 00 0 1 0 0 0 1 d f
7 0 1 04 0 0 1 1 1 3 04 ff 0 1 0 0 0 1 f f
7 0 1 e2 0 0 0 1 0 0 00 00 0 1 0 0 1 1 f f
7 0 1 61 0 0 0 1 0 0 00 00 0 1 0 0 1 1 f f
7 0 1 04 1 3 0 1 0 0 00 00 1 1 1 3 0 1 7 f
7 0 1 05 0 0 1 1 3 3 05 ff 0 1 0 0 0 1 f f
7 0 1 02 0 0 0 1 0 0 00 00 1 1 2 3 0 1 f f
7 0 1 05 0 0 0 1 0 0 00 00 1 1 3 3 0 1 f f
7 0 1 23 1 3 1 1 3 3 23 ff 0 1 0 0 0 1 f f
7 0 0 e2 1 3 0 1 0 0 00 00 0 1 0 0 0 1 7 f
7 0 1 00 0 0 1 1 3 3 00 ff 0 1 0 0 0 1 f f
7 0 1 c8 0 0 0 1 0 0 00 00 0 1 0 0 1 1 f f
7 0 0 07 1 1 0 1 0 0 00 00 0 1 0 0 0 1 d f
7 0 1 02 1 3 0 1 0 0 00 00 1 1 2 3 0 1 5 f
7 0 0 97 0 0 0 1 0 0 00 00 0 1 0 0 0 1 5 f
7 0 1 02 0 0 0 1 0 0 00 00 1 1 2 3 0 1 5 f
7 0 1 04 0 0 1 1 1 3 04 ff 0 1 0 0 0 1 7 f
7 0 0 59 0 0 0 1 0 0 00 00 0 1 0 0 0 1 7 f
7 0 0 cf 1 2 0 1 0 0 00 00 0 1 0 0 0 1 3 f
7 0 0 87 0 0 0 1 0 0 00 00 0 1 0 0 0 1 3 f
7 0 0 07 1 0 0 1 0 0 00 00 0 1 0 0 0 1 2 f
7 0 1 04 0 0 0 1 0 0 00 00 1 1 1 3 0 1 2 f
7 0 1 00 0 0 1 1 0 3 00 ff 0 1 0 0 0 1 3 f
7 0 1 06 0 0 1 1 2 3 06 ff 0 1 0 0 0 1 7 f
7 0 1 00 0 0 0 1 0 0 00 00 1 1 0 3 0 1 7 f
7 0 0 7b 0 0 0 1 0 0 00 00 0 1 0 0 0 1 7 f
7 0 1 e9 0 0 1 1 3 3 e9 ff 0 1 0 0 0 1 f f
7 0 0 0b 0 0 0 1 0 0 00 00 0 1 0 0 0 1 f f
7 0 1 70 1 1 1 1 1 3 70 ff 0 1 0 0 0 1 f f
7 0 1 f7 1 2 1 1 2 3 f7 ff 0 1 0 0 0 1 f f
7 0 1 b9 0 0 0 1 0 0 00 00 0 1 0 0 1 1 f f
7 0 0 00 0 0 0 1 0 0 00 00 0 1 0 0 0 1 f f
7 0 1 39 1 2 1 1 2 3 39 ff 0 1 0 0 0 1 f f
7 0 1 fe 1 2 1 1 2 3 fe ff 0 1 0 0 0 1 f f
7 0 1 06 0 0 0 1 0 0 00 00 0 1 0 0 1 1 f f
7 0 1 04 1 2 1 1 2 3 04 ff 0 1 0 0 0 1 f f
7 0 0 02 0 0 0 1 0 0 00 00 0 1 0 0 0 1 f f
7 0 1 54 0 0 0 1 0 0 00 00 0 1 0 0 1 1 f f
7 0 1 07 1 2 1 1 2 3 07 ff 0 1 0 0 0 1 f f
7 0 1 ff 0 0 0 1 0 0 00 00 0 1 0 0 1 1 f f
7 0 1 05 0 0 0 1 0 0 00 00 0 1 0 0 1 1 f f
7 0 0 50 1 2 0 1 0 0 00 00 0 1 0 0 0 1 b f
7 0 1 82 1 0 1 1 0 3 82 ff 0 1 0 0 0 1 b f
7 0 0 05 1 3 0 1 0 0 00 00 0 1 0 0 0 1 3 f
7 0 0 bb 0 0 0 1 0 0 00 00 0 1 0 0 0 1 3 f
7 0 1 53 0 0 1 1 2 3 53 ff 0 1 0 0 0 1 7 f
7 0 1 86 0 0 1 1 3 3 86 ff 0 1 0 0 0 1 f f
7 0 1 d7 0 0 0 1 0 0 00 00 0 1 0 0 1 1 f f
7 0 1 07 0 0 0 1 0 0 00 00 0 1 0 0 1 1 f f
7 0 1 00 0 0 0 1 0 0 00 00 0 1 0 0 1 1 f f
7 0 1 13 1 3 1 1 3 3 13 ff 0 1 0 0 0 1 f f
7 0 0 05 0 0 0 1 0 0 00 00 0 1 0 0 0 1 f f
7 0 0 98 0 0 0 1 0 0 00 00 0 1 0 0 0 1 f f
7 0 0 04 1 3 0 1 0 0 00 00 0 1 0 0 0 1 7 f
7 0 0 42 0 0 0 1 0 0 00 00 0 1 0 0 0 1 7 f
7 0 1 ed 0 0 1 1 3 3 ed ff 0 1 0 0 0 1 f f
7 0 0 00 0 0 0 1 0 0 00 00 0 1 0 0 0 1 f f
7 0 1 00 1 1 1 1 1 3 00 ff 0 1 0 0 0 1 f f
7 0 1 58 0 0 0 1 0 0 00 00 0 1 0 0 1 1 f f
7 0 0 06 0 0 0 1 0 0 00 00 0 1 0 0 0 1 f f
7 0 1 68 1 3 1 1 3 3 68 ff 0 1 0 0 0 1 f f
7 0 1 ab 0 0 0 1 0 0 00 00 0 1 0 0 1 1 f f
7 0 1 dd 1 1 1 1 1 3 dd ff 0 1 0 0 0 1 f f
7 0 1 3f 0 0 0 1 0 0 00 00 0 1 0 0 1 1 f f
7 0 0 04 0 0 0 1 0 0 00 00 0 1 0 0 0 1 f f
7 0 0 07 0 0 0 1 0 0 00 00 0 1 0 0 0 1 f f
7 0 1 bd 0 0 0 1 0 0 00 00 0 1 0 0 1 1 f f
7 0 1 05 0 0 0 1 0 0 00 00 0 1 0 0 1 1 f f
7 0 1 17 0 0 0 1 0 0 00 00 0 1 0 0 1 1 f f
7 0 0 90 0 0 0 1 0 0 00 00 0 1 0 0 0 1 f f
7 0 0 31 1 2 0 1 0 0 00 00 0 1 0 0 0 1 b f
7 0 0 fb 1 1 0 1 0 0 00 00 0 1 0 0 0 1 9 f
7 0 1 88 0 0 1 1 1 3 88 ff 0 1 0 0 0 1 b f
7 0 0 6c 1 1 0 1 0 0 00 00 0 1 0 0 0 1 9 f
7 0 0 56 0 0 0 1 0 0 00 00 0 1 0 0 0 1 9 f
7 0 1 00 1 3 1 1 1 3 00 ff 0 1 0 0 0 1 3 f
7 0 1 00 0 0 0 1 0 0 00 00 1 1 1 3 0 1 3 f
7 0 1 1c 1 1 1 1 1 3 1c ff 0 1 0 0 0 1 3 f
7 0 0 02 0 0 0 1 0 0 00 00 0 1 0 0 0 1 3 f
7 0 1 37 0 0 1 1 2 3 37 ff 0 1 0 0 0 1 7 f
7 0 1 06 0 0 1 1 3 3 06 ff 0 1 0 0 0 1 f f
7 0 1 03 0 0 0 1 0 0 00 00 0 1 0 0 1 1 f f
7 0 0 07 1 2 0 1 0 0 00 00 0 1 0 0 0 1 b f
7 0 0 71 0 0 0 1 0 0 00 00 0 1 0 0 0 1 b f
7 0 1 36 1 0 1 1 0 3 36 ff 0 1 0 0 0 1 b f
7 0 1 ec 0 0 1 1 2 3 ec ff 0 1 0 0 0 1 f f
7 0 0 01 0 0 0 1 0 0 00 00 0 1 0 0 0 1 f f
7 0 1 00 0 0 0 1 0 0 00 00 0 1 0 0 1 1 f f
7 0 1 05 0 0 0 1 0 0 00 00 0 1 0 0 1 1 f f
7 0 1 01 1 3 1 1 3 3 01 ff 0 1 0 0 0 1 f f
7 0 1 01 0 0 0 1 0 0 00 00 1 1 3 3 0 1 f f
7 0 0 42 0 0 0 1 0 0 00 00 0 1 0 0 0 1 f f
7 0 0 03 0 0 0 1 0 0 00 00 0 1 0 0 0 1 f f
7 0 1 00 0 0 0 1 0 0 00 00 0 1 0 0 1 1 f f
7 0 1 6b 1 2 1 1 2 3 6b ff 0 1 0 0 0 1 f f
7 0 0 d8 0 0 0 1 0 0 00 00 0 1 0 0 0 1 f f
7 0 1 97 1 2 1 1 2 3 97 ff 0 1 0 0 0 1 f f
7 0 0 7e 0 0 0 1 0 0 00 00 0 1 0 0 0 1 f f
7 0 1 01 0 0 0 1 0 0 00 00 1 1 3 3 0 1 f f
7 0 1 08 1 1 1 1 1 3 08 ff 0 1 0 0 0 1 f f
7 0 1 4f 0 0 0 1 0 0 00 00 0 1 0 0 1 1 f f
7 0 0 ef 0 0 0 1 0 0 00 00 0 1 0 0 0 1 f f
7 0 1 b5 0 0 0 1 0 0 00 00 0 1 0 0 1 1 f f
7 0 1 04 1 2 1 1 2 3 04 ff 0 1 0 0 0 1 f f
7 0 1 45 0 0 0 1 0 0 00 00 0 1 0 0 1 1 f f
7 0 0 2a 0 0 0 1 0 0 00 00 0 1 0 0 0 1 f f
7 0 1 05 0 0 0 1 0 0 00 00 0 1 0 0 1 1 f f
7 0 0 74 1 0 0 1 0 0 00 00 0 1 0 0 0 1 e f
7 0 1 53 1 3 1 1 0 3 53 ff 0 1 0 0 0 1 7 f
7 0 0 00 1 2 0 1 0 0 00 00 0 1 0 0 0 1 3 f
7 0 1 03 1 1 1 1 1 3 03 ff 0 1 0 0 0 1 3 f
7 0 0 e4 0 0 0 1 0 0 00 00 0 1 0 0 0 1 3 f
7 0 0 02 0 0 0 1 0 0 00 00 0 1 0 0 0 1 3 f
7 0 0 01 0 0 0 1 0 0 00 00 0 1 0 0 0 1 3 f
7 0 0 65 1 0 0 1 0 0 00 00 0 1 0 0 0 1 2 f
7 0 1 0e 0 0 1 1 0 3 0e ff 0 1 0 0 0 1 3 f
7 0 1 b4 0 0 1 1 2 3 b4 ff 0 1 0 0 0 1 7 f
7 0 1 06 0 0 1 1 3 3 06 ff 0 1 0 0 0 1 f f
7 0 1 01 1 2 1 1 2 3 01 ff 0 1 0 0 0 1 f f
7 0 0 62 1 0 0 1 0 0 00 00 0 1 0 0 0 1 e f
7 0 1 4c 0 0 1 1 0 3 4c ff 0 1 0 0 0 1 f f
7 0 0 e6 0 0 0 1 0 0 00 00 0 1 0 0 0 1 f f
7 0 1 08 1 3 1 1 3 3 08 ff 0 1 0 0 0 1 f f
7 0 1 9d 0 0 0 1 0 0 00 00 0 1 0 0 1 1 f f
7 0 0 07 0 0 0 1 0 0 00 00 0 1 0 0 0 1 f f
7 0 0 6c 1 2 0 1 0 0 00 00 0 1 0 0 0 1 b f
7 0 1 03 0 0 0 1 0 0 00 00 1 1 1 3 0 1 b f
7 0 1 ed 0 0 1 1 2 3 ed ff 0 1 0 0 0 1 f f
7 0 0 f2 0 0 0 1 0 0 00 00 0 1 0 0 0 1 f f
7 0 1 e9 0 0 0 1 0 0 00 00 0 1 0 0 1 1 f f
7 0 0 00 0 0 0 1 0 0 00 00 0 1 0 0 0 1 f f
7 0 0 da 1 3 0 1 0 0 00 00 0 1 0 0 0 1 7 f
7 0 0 12 0 0 0 1 0 0 00 00 0 1 0 0 0 1 7 f
7 0 1 59 1 0 1 1 0 3 59 ff 0 1 0 0 0 1 7 f
7 0 0 07 0 0 0 1 0 0 00 00 0 1 0 0 0 1 7 f
7 0 0 ef 1 1 0 1 0 0 00 00 0 1 0 0 0 1 5 f
7 0 1 88 0 0 1 1 1 3 88 ff 0 1 0 0 0 1 7 f
7 0 1 6c 0 0 1 1 3 3 6c ff 0 1 0 0 0 1 f f
7 0 0 58 0 0 0 1 0 0 00 00 0 1 0 0 0 1 f f
7 0 1 ee 0 0 0 1 0 0 00 00 0 1 0 0 1 1 f f
7 0 0 a4 0 0 0 1 0 0 00 00 0 1 0 0 0 1 f f
7 0 0 06 0 0 0 1 0 0 00 00 0 1 0 0 0 1 f f
7 0 0 4f 0 0 0 1 0 0 00 00 0 1 0 0 0 1 f f
7 0 0 04 0 0 0 1 0 0 00 00 0 1 0 0 0 1 f f
7 0 1 03 0 0 0 1 0 0 00 00 0 1 0 0 1 1 f f
7 0 0 04 0 0 0 1 0 0 00 00 0 1 0 0 0 1 f f
7 0 0 06 1 2 0 1 0 0 00 00 0 1 0 0 0 1 b f
7 0 1 02 1 3 1 1 2 3 02 ff 0 1 0 0 0 1 7 f
7 0 1 4f 0 0 1 1 3 3 4f ff 0 1 0 0 0 1 f f
7 0 0 02 0 0 0 1 0 0 00 00 0 1 0 0 0 1 f f
7 0 1 00 0 0 0 1 0 0 00 00 0 1 0 0 1 1 f f
7 0 0 02 0 0 0 1 0 0 00 00 0 1 0 0 0 1 f f
7 0 0 03 0 0 0 1 0 0 00 00 0 1 0 0 0 1 f f
7 0 1 75 1 0 1 1 0 3 75 ff 0 1 0 0 0 1 f f
7 0 0 0b 0 0 0 1 0 0 00 00 0 1 0 0 0 1 f f
7 0 1 06 1 0 1 1 0 3 06 ff 0 1 0 0 0 1 f f
7 0 0 64 0 0 0 1 0 0 00 00 0 1 0 0 0 1 f f
7 0 1 4f 0 0 0 1 0 0 00 00 1 1 3 3 0 1 f f
7 0 1 01 0 0 0 1 0 0 00 00 0 1 0 0 1 1 f f
7 0 1 10 0 0 0 1 0 0 00 00 0 1 0 0 1 1 f f
7 0 0 90 1 2 0 1 0 0 00 00 0 1 0 0 0 1 b f
7 0 1 04 1 3 1 1 2 3 04 ff 0 1 0 0 0 1 7 f
7 0 0 d8 0 0 0 1 0 0 00 00 0 1 0 0 0 1 7 f
7 0 1 9c 0 0 1 1 3 3 9c ff 0 1 0 0 0 1 f f
7 0 1 07 0 0 0 1 0 0 00 00 0 1 0 0 1 1 f f
7 0 0 05 0 0 0 1 0 0 00 00 0 1 0 0 0 1 f f
7 0 0 f4 0 0 0 1 0 0 00 00 0 1 0 0 0 1 f f
7 0 1 eb 0 0 0 1 0 0 00 00 0 1 0 0 1 1 f f
7 0 1 07 0 0 0 1 0 0 00 00 0 1 0 0 1 1 f f
7 0 0 02 0 0 0 1 0 0 00 00 0 1 0 0 0 1 f f
7 0 1 8b 0 0 0 1 0 0 00 00 0 1 0 0 1 1 f f
7 0 1 06 1 1 0 1 0 0 00 00 1 1 0 3 0 1 d f
7 0 1 06 0 0 0 1 0 0 00 00 1 1 0 3 0 1 d f
7 0 0 06 0 0 0 1 0 0 00 00 0 1 0 0 0 1 d f
7 0 0 0d 1 0 0 1 0 0 00 00 0 1 0 0 0 1 c f
7 0 0 02 0 0 0 1 0 0 00 00 0 1 0 0 0 1 c f
7 0 0 01 0 0 0 1 0 0 00 00 0 1 0 0 0 1 c f
7 0 0 4f 0 0 0 1 0 0 00 00 0 1 0 0 0 1 c f
7 0 0 ff 0 0 0 1 0 0 00 00 0 1 0 0 0 1 c f
7 0 1 01 0 0 1 1 0 3 01 ff 0 1 0 0 0 1 d f
7 0 0 05 0 0 0 1 0 0 00 00 0 1 0 0 0 1 d f
7 0 1 07 1 3 1 1 1 3 07 ff 0 1 0 0 0 1 7 f
7 0 0 07 0 0 0 1 0 0 00 00 0 1 0 0 0 1 7 f
7 0 1 05 1 0 1 1 0 3 05 ff 0 1 0 0 0 1 7 f
7 0 1 04 0 0 0 1 0 0 00 00 1 1 2 3 0 1 7 f
7 0 1 03 0 0 1 1 3 3 03 ff 0 1 0 0 0 1 f f
7 0 1 00 0 0 0 1 0 0 00 00 0 1 0 0 1 1 f f
7 0 1 67 0 0 0 1 0 0 00 00 0 1 0 0 1 1 f f
7 0 1 a7 0 0 0 1 0 0 00 00 0 1 0 0 1 1 f f
7 0 0 06 0 0 0 1 0 0 00 00 0 1 0 0 0 1 f f
7 0 1 06 0 0 0 1 0 0 00 00 0 1 0 0 1 1 f f
7 0 1 27 0 0 0 1 0 0 00 00 0 1 0 0 1 1 f f
7 0 0 01 0 0 0 1 0 0 00 00 0 1 0 0 0 1 f f
7 0 0 26 0 0 0 1 0 0 00 00 0 1 0 0 0 1 f f
7 0 0 07 1 1 0 1 0 0 00 00 0 1 0 0 0 1 d f
7 0 1 28 1 2 1 1 1 3 28 ff 0 1 0 0 0 1 b f
7 0 1 4c 1 3 1 1 2 3 4c ff 0 1 0 0 0 1 7 f
7 0 1 4f 0 0 1 1 3 3 4f ff 0 1 0 0 0 1 f f
7 0 1 dd 0 0 0 1 0 0 00 00 0 1 0 0 1 1 f f
7 0 1 67 0 0 0 1 0 0 00 00 0 1 0 0 1 1 f f
7 0 0 07 0 0 0 1 0 0 00 00 0 1 0 0 0 1 f f
7 0 0 41 0 0 0 1 0 0 00 00 0 1 0 0 0 1 f f
7 0 0 02 0 0 0 1 0 0 00 00 0 1 0 0 0 1 f f
7 0 0 05 1 1 0 1 0 0 00 00 0 1 0 0 0 1 d f
7 0 0 05 1 2 0 1 0 0 00 00 0 1 0 0 0 1 9 f
7 0 0 04 0 0 0 1 0 0 00 00 0 1 0 0 0 1 9 f
7 0 1 06 0 0 1 1 1 3 06 ff 0 1 0 0 0 1 b f
7 0 0 07 0 0 0 1 0 0 00 00 0 1 0 0 0 1 b f
7 0 1 06 1 3 0 1 0 0 00 00 1 1 1 3 0 1 3 f
7 0 1 02 0 0 1 1 2 3 02 ff 0 1 0 0 0 1 7 f
7 0 0 14 0 0 0 1 0 0 00 00 0 1 0 0 0 1 7 f
7 0 1 32 0 0 1 1 3 3 32 ff 0 1 0 0 0 1 f f
7 0 1 06 0 0 0 1 0 0 00 00 1 1 1 3 0 1 f f
7 0 1 34 0 0 0 1 0 0 00 00 0 1 0 0 1 1 f f
7 0 0 c8 0 0 0 1 0 0 00 00 0 1 0 0 0 1 f f
7 0 1 05 0 0 0 1 0 0 00 00 1 1 0 3 0 1 f f
7 0 1 c3 0 0 0 1 0 0 00 00 0 1 0 0 1 1 f f
7 0 0 07 0 0 0 1 0 0 00 00 0 1 0 0 0 1 f f
7 0 1 05 1 3 0 1 0 0 00 00 1 1 0 3 0 1 7 f
7 0 1 c7 0 0 1 1 3 3 c7 ff 0 1 0 0 0 1 f f
7 0 1 ef 0 0 0 1 0 0 00 00 0 1 0 0 1 1 f f
7 0 0 00 0 0 0 1 0 0 00 00 0 1 0 0 0 1 f f
7 0 0 01 0 0 0 1 0 0 00 00 0 1 0 0 0 1 f f
7 0 0 e6 0 0 0 1 0 0 00 00 0 1 0 0 0 1 f f
7 0 1 06 0 0 0 1 0 0 00 00 1 1 1 3 0 1 f f
7 0 0 06 0 0 0 1 0 0 00 00 0 1 0 0 0 1 f f
7 0 1 b3 0 0 0 1 0 0 00 00 0 1 0 0 1 1 f f
7 0 0 00 0 0 0 1 0 0 00 00 0 1 0 0 0 1 f f
7 0 0 01 1 0 0 1 0 0 00 00 0 1 0 0 0 1 e f
7 0 1 f0 0 0 1 1 0 3 f0 ff 0 1 0 0 0 1 f f
7 0 1 e8 0 0 0 1 0 0 00 00 0 1 0 0 1 1 f f
7 0 0 5a 0 0 0 1 0 0 00 00 0 1 0 0 0 1 f f
7 0 1 30 1 1 1 1 1 3 30 ff 0 1 0 0 0 1 f f
7 0 1 e6 0 0 0 1 0 0 00 00 0 1 0 0 1 1 f f
7 0 1 d4 0 0 0 1 0 0 00 00 0 1 0 0 1 1 f f
7 0 1 00 0 0 0 1 0 0 00 00 0 1 0 0 1 1 f f
7 0 1 da 0 0 0 1 0 0 00 00 0 1 0 0 1 1 f f
7 0 1 03 0 0 0 1 0 0 00 00 0 1 0 0 1 1 f f
7 0 1 04 1 1 1 1 1 3 04 ff 0 1 0 0 0 1 f f
7 0 1 00 0 0 0 1 0 0 00 00 0 1 0 0 1 1 f f
7 0 1 7d 0 0 0 1 0 0 00 00 0 1 0 0 1 1 f f
7 0 1 f5 0 0 0 1 0 0 00 00 0 1 0 0 1 1 f f
7 0 1 07 0 0 0 1 0 0 00 00 0 1 0 0 1 1 f f
7 0 0 02 0 0 0 1 0 0 00 00 0 1 0 0 0 1 f f
7 0 0 07 0 0 0 1 0 0 00 00 0 1 0 0 0 1 f f
7 0 1 a6 1 2 1 1 2 3 a6 ff 0 1 0 0 0 1 f f
7 0 1 07 0 0 0 1 0 0 00 00 0 1 0 0 1 1 f f
7 0 0 00 0 0 0 1 0 0 00 00 0 1 0 0 0 1 f f
7 0 1 f1 0 0 0 1 0 0 00 00 0 1 0 0 1 1 f f
7 0 1 14 0 0 0 1 0 0 00 00 0 1 0 0 1 1 f f
7 0 1 07 1 1 1 1 1 3 07 ff 0 1 0 0 0 1 f f
7 0 1 01 0 0 0 1 0 0 00 00 0 1 0 0 1 1 f f
7 0 1 b6 0 0 0 1 0 0 00 00 0 1 0 0 1 1 f f
7 0 1 a9 1 3 1 1 3 3 a9 ff 0 1 0 0 0 1 f f
7 0 0 02 0 0 0 1 0 0 00 00 0 1 0 0 0 1 f f
7 0 0 01 0 0 0 1 0 0 00 00 0 1 0 0 0 1 f f
7 0 1 05 1 1 1 1 1 3 05 ff 0 1 0 0 0 1 f f
7 0 0 01 1 2 0 1 0 0 00 00 0 1 0 0 0 1 b f
7 0 1 ee 0 0 1 1 2 3 ee ff 0 1 0 0 0 1 f f
7 0 0 04 0 0 0 1 0 0 00 00 0 1 0 0 0 1 f f
7 0 1 1d 0 0 0 1 0 0 00 00 0 1 0 0 1 1 f f
7 0 0 e1 0 0 0 1 0 0 00 00 0 1 0 0 0 1 f f
7 0 0 00 0 0 0 1 0 0 00 00 0 1 0 0 0 1 f f
7 0 0 2d 0 0 0 1 0 0 00 00 0 1 0 0 0 1 f f
7 0 1 04 0 0 0 1 0 0 00 00 0 1 0 0 1 1 f f
7 0 0 44 1 0 0 1 0 0 00 00 0 1 0 0 0 1 e f
7 0 0 04 0 0 0 1 0 0 00 00 0 1 0 0 0 1 e f
7 0 0 01 0 0 0 1 0 0 00 00 0 1 0 0 0 1 e f
7 0 0 07 1 1 0 1 0 0 00 00 0 1 0 0 0 1 c f
7 0 1 04 0 0 1 1 0 3 04 ff 0 1 0 0 0 1 d f
7 0 0 02 1 0 0 1 0 0 00 00 0 1 0 0 0 1 c f
7 0 0 06 0 0 0 1 0 0 00 00 0 1 0 0 0 1 c f
7 0 1 b2 0 0 1 1 0 3 b2 ff 0 1 0 0 0 1 d f
7 0 0 07 0 0 0 1 0 0 00 00 0 1 0 0 0 1 d f
7 0 1 d9 0 0 1 1 1 3 d9 ff 0 1 0 0 0 1 f f
7 0 1 29 0 0 0 1 0 0 00 00 0 1 0 0 1 1 f f
7 0 1 73 1 0 1 1 0 3 73 ff 0 1 0 0 0 1 f f
7 0 1 02 0 0 0 1 0 0 00 00 0 1 0 0 1 1 f f
7 0 1 2c 1 2 1 1 2 3 2c ff 0 1 0 0 0 1 f f
7 0 0 07 0 0 0 1 0 0 00 00 0 1 0 0 0 1 f f
7 0 1 05 1 1 1 1 1 3 05 ff 0 1 0 0 0 1 f f
7 0 1 04 0 0 0 1 0 0 00 00 0 1 0 0 1 1 f f
7 0 1 03 0 0 0 1 0 0 00 00 0 1 0 0 1 1 f f
7 0 1 03 1 1 1 1 1 3 03 ff 0 1 0 0 0 1 f f
7 0 0 04 0 0 0 1 0 0 00 00 0 1 0 0 0 1 f f
7 0 1 03 1 2 0 1 0 0 00 00 1 1 1 3 0 1 b f
7 0 0 06 0 0 0 1 0 0 00 00 0 1 0 0 0 1 b f
7 0 0 02 0 0 0 1 0 0 00 00 0 1 0 0 0 1 b f
7 0 1 73 0 0 0 1 0 0 00 00 1 1 0 3 0 1 b f
7 0 0 26 1 1 0 1 0 0 00 00 0 1 0 0 0 1 9 f
7 0 0 02 0 0 0 1 0 0 00 00 0 1 0 0 0 1 9 f
7 0 1 5c 1 0 1 1 0 3 5c ff 0 1 0 0 0 1 9 f
7 0 0 d0 1 3 0 1 0 0 00 00 0 1 0 0 0 1 1 f
7 0 0 6a 0 0 0 1 0 0 00 00 0 1 0 0 0 1 1 f
7 0 0 1f 0 0 0 1 0 0 00 00 0 1 0 0 0 1 1 f
7 0 0 df 0 0 0 1 0 0 00 00 0 1 0 0 0 1 1 f
7 0 0 00 1 0 0 1 0 0 00 00 0 1 0 0 0 1 0 f
7 0 1 39 0 0 1 1 0 3 39 ff 0 1 0 0 0 1 1 f
7 0 1 00 1 0 1 1 0 3 00 ff 0 1 0 0 0 1 1 f
7 0 0 03 0 0 0 1 0 0 00 00 0 1 0 0 0 1 1 f
7 0 0 04 0 0 0 1 0 0 00 00 0 1 0 0 0 1 1 f
7 0 0 07 1 0 0 1 0 0 00 00 0 1 0 0 0 1 0 f
7 0 1 05 0 0 1 1 0 3 05 ff 0 1 0 0 0 1 1 f
7 0 0 04 1 0 0 1 0 0 00 00 0 1 0 0 0 1 0 f
7 0 1 16 0 0 1 1 0 3 16 ff 0 1 0 0 0 1 1 f
7 0 1 d8 0 0 1 1 1 3 d8 ff 0 1 0 0 0 1 3 f
7 0 1 e2 0 0 1 1 2 3 e2 ff 0 1 0 0 0 1 7 f
7 0 1 00 0 0 1 1 3 3 00 ff 0 1 0 0 0 1 f f
7 0 0 12 0 0 0 1 0 0 00 00 0 1 0 0 0 1 f f
7 0 1 07 1 1 1 1 1 3 07 ff 0 1 0 0 0 1 f f
7 0 1 b0 0 0 0 1 0 0 00 00 0 1 0 0 1 1 f f
7 0 1 7d 0 0 0 1 0 0 00 00 0 1 0 0 1 1 f f
7 0 1 05 0 0 0 1 0 0 00 00 0 1 0 0 1 1 f f
7 0 0 43 0 0 0 1 0 0 00 00 0 1 0 0 0 1 f f
7 0 1 39 0 0 0 1 0 0 00 00 0 1 0 0 1 1 f f
7 0 0 06 0 0 0 1 0 0 00 00 0 1 0 0 0 1 f f
7 0 0 1c 0 0 0 1 0 0 00 00 0 1 0 0 0 1 f f
7 0 1 6e 0 0 0 1 0 0 00 00 0 1 0 0 1 1 f f
7 0 1 b8 0 0 0 1 0 0 00 00 0 1 0 0 1 1 f f
7 0 1 01 0 0 0 1 0 0 00 00 0 1 0 0 1 1 f f
7 0 1 03 1 1 1 1 1 3 03 ff 0 1 0 0 0 1 f f
7 0 1 06 0 0 0 1 0 0 00 00 0 1 0 0 1 1 f f
7 0 1 04 0 0 0 1 0 0 00 00 0 1 0 0 1 1 f f
7 0 1 01 0 0 0 1 0 0 00 00 0 1 0 0 1 1 f f
7 0 1 02 0 0 0 1 0 0 00 00 0 1 0 0 1 1 f f
7 0 1 00 0 0 0 1 0 0 00 00 1 1 3 3 0 1 f f
7 0 1 01 0 0 0 1 0 0 00 00 0 1 0 0 1 1 f f
7 0 1 9e 0 0 0 1 0 0 00 00 0 1 0 0 1 1 f f
7 0 1 14 0 0 0 1 0 0 00 00 0 1 0 0 1 1 f f
7 0 1 03 1 0 0 1 0 0 00 00 1 1 1 3 0 1 e f
7 0 0 ac 0 0 0 1 0 0 00 00 0 1 0 0 0 1 e f
7 0 1 06 1 3 1 1 0 3 06 ff 0 1 0 0 0 1 7 f
7 0 1 e1 0 0 1 1 3 3 e1 ff 0 1 0 0 0 1 f f
7 0 0 72 0 0 0 1 0 0 00 00 0 1 0 0 0 1 f f
7 0 1 01 1 2 1 1 2 3 01 ff 0 1 0 0 0 1 f f
7 0 1 4b 1 3 1 1 3 3 4b ff 0 1 0 0 0 1 f f
7 0 1 01 1 3 0 1 0 0 00 00 1 1 2 3 0 1 7 f
7 0 1 07 0 0 1 1 3 3 07 ff 0 1 0 0 0 1 f f
7 0 0 41 0 0 0 1 0 0 00 00 0 1 0 0 0 1 f f
7 0 1 be 1 2 1 1 2 3 be ff 0 1 0 0 0 1 f f
7 0 1 a9 1 2 1 1 2 3 a9 ff 0 1 0 0 0 1 f f
7 0 0 02 0 0 0 1 0 0 00 00 0 1 0 0 0 1 f f
7 0 1 23 1 2 1 1 2 3 23 ff 0 1 0 0 0 1 f f
7 0 0 e1 0 0 0 1 0 0 00 00 0 1 0 0 0 1 f f
7 0 0 1a 0 0 0 1 0 0 00 00 0 1 0 0 0 1 f f
7 0 0 06 1 0 0 1 0 0 00 00 0 1 0 0 0 1 e f
7 0 1 04 0 0 1 1 0 3 04 ff 0 1 0 0 0 1 f f
7 0 0 38 1 3 0 1 0 0 00 00 0 1 0 0 0 1 7 f
7 0 1 02 0 0 1 1 3 3 02 ff 0 1 0 0 0 1 f f
7 0 1 07 0 0 0 1 0 0 00 00 0 1 0 0 1 1 f f
7 0 1 09 1 1 1 1 1 3 09 ff 0 1 0 0 0 1 f f
7 0 0 06 0 0 0 1 0 0 00 00 0 1 0 0 0 1 f f
7 0 0 02 0 0 0 1 0 0 00 00 0 1 0 0 0 1 f f
7 0 1 2b 1 2 1 1 2 3 2b ff 0 1 0 0 0 1 f f
7 0 1 06 0 0 0 1 0 0 00 00 0 1 0 0 1 1 f f
7 0 1 01 0 0 0 1 0 0 00 00 0 1 0 0 1 1 f f
7 0 1 ca 0 0 0 1 0 0 00 00 0 1 0 0 1 1 f f
7 0 1 04 0 0 0 1 0 0 00 00 1 1 0 3 0 1 f f
7 0 1 f6 0 0 0 1 0 0 00 00 0 1 0 0 1 1 f f
7 0 1 02 0 0 0 1 0 0 00 00 1 1 3 3 0 1 f f
7 0 1 02 0 0 0 1 0 0 00 00 1 1 3 3 0 1 f f
7 0 1 03 0 0 0 1 0 0 00 00 0 1 0 0 1 1 f f
7 0 0 06 0 0 0 1 0 0 00 00 0 1 0 0 0 1 f f
7 0 1 36 1 1 1 1 1 3 36 ff 0 1 0 0 0 1 f f
7 0 1 eb 0 0 0 1 0 0 00 00 0 1 0 0 1 1 f f
7 0 0 04 0 0 0 1 0 0 00 00 0 1 0 0 0 1 f f
7 0 1 e8 0 0 0 1 0 0 00 00 0 1 0 0 1 1 f f
7 0 1 07 1 2 1 1 2 3 07 ff 0 1 0 0 0 1 f f
7 0 1 20 0 0 0 1 0 0 00 00 0 1 0 0 1 1 f f
7 0 1 bf 0 0 0 1 0 0 00 00 0 1 0 0 1 1 f f
7 0 1 da 1 3 1 1 3 3 da ff 0 1 0 0 0 1 f f
7 0 1 cf 0 0 0 1 0 0 00 00 0 1 0 0 1 1 f f
7 0 0 01 0 0 0 1 0 0 00 00 0 1 0 0 0 1 f f
7 0 0 06 0 0 0 1 0 0 00 00 0 1 0 0 0 1 f f
7 0 1 35 0 0 0 1 0 0 00 00 0 1 0 0 1 1 f f
7 0 0 16 0 0 0 1 0 0 00 00 0 1 0 0 0 1 f f
7 0 1 03 0 0 0 1 0 0 00 00 0 1 0 0 1 1 f f
7 0 1 0c 0 0 0 1 0 0 00 00 0 1 0 0 1 1 f f
7 0 1 02 0 0 0 1 0 0 00 00 0 1 0 0 1 1 f f
7 0 1 a3 1 3 1 1 3 3 a3 ff 0 1 0 0 0 1 f f
7 0 1 05 0 0 0 1 0 0 00 00 0 1 0 0 1 1 f f
7 0 1 03 0 0 0 1 0 0 00 00 0 1 0 0 1 1 f f
7 0 0 c3 0 0 0 1 0 0 00 00 0 1 0 0 0 1 f f
7 0 1 a0 1 0 1 1 0 3 a0 ff 0 1 0 0 0 1 f f
7 0 1 05 0 0 0 1 0 0 00 00 0 1 0 0 1 1 f f
7 0 1 06 0 0 0 1 0 0 00 00 0 1 0 0 1 1 f f
7 0 0 dd 0 0 0 1 0 0 00 00 0 1 0 0 0 1 f f
7 0 1 05 1 2 1 1 2 3 05 ff 0 1 0 0 0 1 f f
7 0 1 07 0 0 0 1 0 0 00 00 0 1 0 0 1 1 f f
7 0 0 c5 1 3 0 1 0 0 00 00 0 1 0 0 0 1 7 f
7 0 0 06 1 1 0 1 0 0 00 00 0 1 0 0 0 1 5 f
7 0 0 82 0 0 0 1 0 0 00 00 0 1 0 0 0 1 5 f
7 0 1 8b 0 0 1 1 1 3 8b ff 0 1 0 0 0 1 7 f
7 0 1 06 0 0 1 1 3 3 06 ff 0 1 0 0 0 1 f f
7 0 0 05 1 2 0 1 0 0 00 00 0 1 0 0 0 1 b f
7 0 0 06 1 1 0 1 0 0 00 00 0 1 0 0 0 1 9 f
7 0 0 88 0 0 0 1 0 0 00 00 0 1 0 0 0 1 9 f
7 0 1 a1 0 0 1 1 1 3 a1 ff 0 1 0 0 0 1 b f
7 0 1 56 1 0 1 1 0 3 56 ff 0 1 0 0 0 1 b f
7 0 1 00 1 3 1 1 2 3 00 ff 0 1 0 0 0 1 7 f
7 0 1 05 0 0 1 1 3 3 05 ff 0 1 0 0 0 1 f f
7 0 0 93 0 0 0 1 0 0 00 00 0 1 0 0 0 1 f f
7 0 1 86 0 0 0 1 0 0 00 00 0 1 0 0 1 1 f f
7 0 0 81 0 0 0 1 0 0 00 00 0 1 0 0 0 1 f f
7 0 1 fb 0 0 0 1 0 0 00 00 0 1 0 0 1 1 f f
7 0 1 f9 0 0 0 1 0 0 00 00 0 1 0 0 1 1 f f
7 0 1 e7 0 0 0 1 0 0 00 00 0 1 0 0 1 1 f f
7 0 1 03 0 0 0 1 0 0 00 00 0 1 0 0 1 1 f f
7 0 1 9e 0 0 0 1 0 0 00 00 0 1 0 0 1 1 f f
7 0 1 05 1 2 0 1 0 0 00 00 1 1 3 3 0 1 b f
7 0 0 b4 1 3 0 1 0 0 00 00 0 1 0 0 0 1 3 f
7 0 1 06 0 0 1 1 2 3 06 ff 0 1 0 0 0 1 7 f
7 0 0 06 1 0 0 1 0 0 00 00 0 1 0 0 0 1 6 f
7 0 0 eb 1 1 0 1 0 0 00 00 0 1 0 0 0 1 4 f
7 0 1 f8 0 0 1 1 0 3 f8 ff 0 1 0 0 0 1 5 f
7 0 1 06 1 2 1 1 1 3 06 ff 0 1 0 0 0 1 3 f
7 0 0 02 1 0 0 1 0 0 00 00 0 1 0 0 0 1 2 f
7 0 0 73 0 0 0 1 0 0 00 00 0 1 0 0 0 1 2 f
7 0 1 07 0 0 1 1 0 3 07 ff 0 1 0 0 0 1 3 f
7 0 1 01 1 0 1 1 0 3 01 ff 0 1 0 0 0 1 3 f
7 0 1 46 0 0 1 1 2 3 46 ff 0 1 0 0 0 1 7 f
7 0 1 c3 0 0 1 1 3 3 c3 ff 0 1 0 0 0 1 f f
7 0 1 07 1 3 1 1 3 3 07 ff 0 1 0 0 0 1 f f
7 0 0 04 0 0 0 1 0 0 00 00 0 1 0 0 0 1 f f
7 0 1 89 1 0 1 1 0 3 89 ff 0 1 0 0 0 1 f f
7 0 1 00 0 0 0 1 0 0 00 00 0 1 0 0 1 1 f f
7 0 1 e5 0 0 0 1 0 0 00 00 0 1 0 0 1 1 f f
7 0 0 07 0 0 0 1 0 0 00 00 0 1 0 0 0 1 f f
7 0 1 00 1 0 1 1 0 3 00 ff 0 1 0 0 0 1 f f
7 0 1 04 0 0 0 1 0 0 00 00 0 1 0 0 1 1 f f
7 0 1 05 1 1 1 1 1 3 05 ff 0 1 0 0 0 1 f f
7 0 0 05 0 0 0 1 0 0 00 00 0 1 0 0 0 1 f f
7 0 1 01 0 0 0 1 0 0 00 00 0 1 0 0 1 1 f f
7 0 1 63 1 2 1 1 2 3 63 ff 0 1 0 0 0 1 f f
7 0 0 02 0 0 0 1 0 0 00 00 0 1 0 0 0 1 f f
7 0 1 00 0 0 0 1 0 0 00 00 1 1 0 3 0 1 f f
7 0 0 01 0 0 0 1 0 0 00 00 0 1 0 0 0 1 f f
7 0 1 03 0 0 0 1 0 0 00 00 0 1 0 0 1 1 f f
7 0 0 51 0 0 0 1 0 0 00 00 0 1 0 0 0 1 f f
7 0 1 07 1 2 0 1 0 0 00 00 1 1 3 3 0 1 b f
7 0 1 00 0 0 0 1 0 0 00 00 1 1 0 3 0 1 b f
7 0 0 02 0 0 0 1 0 0 00 00 0 1 0 0 0 1 b f
7 0 1 9f 0 0 1 1 2 3 9f ff 0 1 0 0 0 1 f f
7 0 1 87 0 0 0 1 0 0 00 00 0 1 0 0 1 1 f f
7 0 1 70 0 0 0 1 0 0 00 00 0 1 0 0 1 1 f f
7 0 1 03 1 0 1 1 0 3 03 ff 0 1 0 0 0 1 f f
7 0 1 06 0 0 0 1 0 0 00 00 0 1 0 0 1 1 f f
7 0 0 03 1 1 0 1 0 0 00 00 0 1 0 0 0 1 d f
7 0 1 01 0 0 1 1 1 3 01 ff 0 1 0 0 0 1 f f
7 0 0 9c 0 0 0 1 0 0 00 00 0 1 0 0 0 1 f f
7 0 0 ca 0 0 0 1 0 0 00 00 0 1 0 0 0 1 f f
7 0 1 bc 0 0 0 1 0 0 00 00 0 1 0 0 1 1 f f
7 0 1 00 0 0 0 1 0 0 00 00 0 1 0 0 1 1 f f
7 0 1 05 0 0 0 1 0 0 00 00 0 1 0 0 1 1 f f
7 0 1 8c 0 0 0 1 0 0 00 00 0 1 0 0 1 1 f f
7 0 1 2e 0 0 0 1 0 0 00 00 0 1 0 0 1 1 f f
7 0 1 53 0 0 0 1 0 0 00 00 0 1 0 0 1 1 f f
7 0 1 06 0 0 0 1 0 0 00 00 0 1 0 0 1 1 f f
7 0 0 f9 1 0 0 1 0 0 00 00 0 1 0 0 0 1 e f
7 0 0 9b 0 0 0 1 0 0 00 00 0 1 0 0 0 1 e f
7 0 0 03 0 0 0 1 0 0 00 00 0 1 0 0 0 1 e f
7 0 1 7c 0 0 1 1 0 3 7c ff 0 1 0 0 0 1 f f
7 0 0 75 0 0 0 1 0 0 00 00 0 1 0 0 0 1 f f
7 0 1 01 0 0 0 1 0 0 00 00 1 1 1 3 0 1 f f
7 0 1 06 1 1 1 1 1 3 06 ff 0 1 0 0 0 1 f f
7 0 0 02 1 0 0 1 0 0 00 00 0 1 0 0 0 1 e f
7 0 1 06 1 2 0 1 0 0 00 00 1 1 1 3 0 1 a f
7 0 1 3e 0 0 1 1 0 3 3e ff 0 1 0 0 0 1 b f
7 0 1 de 0 0 1 1 2 3 de ff 0 1 0 0 0 1 f f
7 0 0 9d 1 3 0 1 0 0 00 00 0 1 0 0 0 1 7 f
7 0 1 4c 1 1 1 1 1 3 4c ff 0 1 0 0 0 1 7 f
7 0 0 cd 1 0 0 1 0 0 00 00 0 1 0 0 0 1 6 f
7 0 1 04 1 2 1 1 0 3 04 ff 0 1 0 0 0 1 3 f
7 0 0 07 0 0 0 1 0 0 00 00 0 1 0 0 0 1 3 f
7 0 1 03 1 0 1 1 0 3 03 ff 0 1 0 0 0 1 3 f
7 0 0 10 1 1 0 1 0 0 00 00 0 1 0 0 0 1 1 f
7 0 1 02 1 0 1 1 0 3 02 ff 0 1 0 0 0 1 1 f
7 0 0 05 0 0 0 1 0 0 00 00 0 1 0 0 0 1 1 f
7 0 1 a8 1 0 1 1 0 3 a8 ff 0 1 0 0 0 1 1 f
7 0 1 03 0 0 1 1 1 3 03 ff 0 1 0 0 0 1 3 f
7 0 1 10 1 1 1 1 1 3 10 ff 0 1 0 0 0 1 3 f
7 0 1 63 0 0 1 1 2 3 63 ff 0 1 0 0 0 1 7 f
7 0 0 02 0 0 0 1 0 0 00 00 0 1 0 0 0 1 7 f
7 0 1 38 1 1 1 1 1 3 38 ff 0 1 0 0 0 1 7 f
7 0 1 01 0 0 1 1 3 3 01 ff 0 1 0 0 0 1 f f
7 0 0 03 0 0 0 1 0 0 00 00 0 1 0 0 0 1 f f
7 0 1 04 0 0 0 1 0 0 00 00 0 1 0 0 1 1 f f
7 0 1 02 1 1 1 1 1 3 02 ff 0 1 0 0 0 1 f f
7 0 1 04 1 0 1 1 0 3 04 ff 0 1 0 0 0 1 f f
7 0 1 00 0 0 0 1 0 0 00 00 0 1 0 0 1 1 f f
7 0 1 01 1 1 0 1 0 0 00 00 1 1 3 3 0 1 d f
7 0 1 03 0 0 1 1 1 3 03 ff 0 1 0 0 0 1 f f
7 0 1 e3 1 0 1 1 0 3 e3 ff 0 1 0 0 0 1 f f
7 0 0 04 1 3 0 1 0 0 00 00 0 1 0 0 0 1 7 f
7 0 0 03 0 0 0 1 0 0 00 00 0 1 0 0 0 1 7 f
7 0 0 00 1 0 0 1 0 0 00 00 0 1 0 0 0 1 6 f
7 0 1 06 0 0 1 1 0 3 06 ff 0 1 0 0 0 1 7 f
7 0 1 00 1 0 1 1 0 3 00 ff 0 1 0 0 0 1 7 f
7 0 0 00 0 0 0 1 0 0 00 00 0 1 0 0 0 1 7 f
7 0 1 d4 1 0 1 1 0 3 d4 ff 0 1 0 0 0 1 7 f
7 0 0 73 1 1 0 1 0 0 00 00 0 1 0 0 0 1 5 f
7 0 1 37 0 0 1 1 1 3 37 ff 0 1 0 0 0 1 7 f
7 0 1 c5 0 0 1 1 3 3 c5 ff 0 1 0 0 0 1 f f
7 0 1 9c 0 0 0 1 0 0 00 00 0 1 0 0 1 1 f f
7 0 0 86 0 0 0 1 0 0 00 00 0 1 0 0 0 1 f f
7 0 1 02 1 1 1 1 1 3 02 ff 0 1 0 0 0 1 f f
7 0 0 c8 0 0 0 1 0 0 00 00 0 1 0 0 0 1 f f
7 0 1 4f 0 0 0 1 0 0 00 00 0 1 0 0 1 1 f f
7 0 0 e8 0 0 0 1 0 0 00 00 0 1 0 0 0 1 f f
7 0 0 21 0 0 0 1 0 0 00 00 0 1 0 0 0 1 f f
7 0 0 41 0 0 0 1 0 0 00 00 0 1 0 0 0 1 f f
7 0 1 03 0 0 0 1 0 0 00 00 0 1 0 0 1 1 f f
7 0 0 05 0 0 0 1 0 0 00 00 0 1 0 0 0 1 f f
7 0 1 40 0 0 0 1 0 0 00 00 0 1 0 0 1 1 f f
7 0 0 58 0 0 0 1 0 0 00 00 0 1 0 0 0 1 f f
7 0 0 06 0 0 0 1 0 0 00 00 0 1 0 0 0 1 f f
7 0 1 5b 1 1 1 1 1 3 5b ff 0 1 0 0 0 1 f f
7 0 1 ec 0 0 0 1 0 0 00 00 0 1 0 0 1 1 f f
7 0 1 05 1 3 1 1 3 3 05 ff 0 1 0 0 0 1 f f
7 0 1 00 0 0 0 1 0 0 00 00 0 1 0 0 1 1 f f
7 0 0 05 0 0 0 1 0 0 00 00 0 1 0 0 0 1 f f
7 0 0 6b 1 0 0 1 0 0 00 00 0 1 0 0 0 1 e f
7 0 0 01 0 0 0 1 0 0 00 00 0 1 0 0 0 1 e f
7 0 0 00 0 0 0 1 0 0 00 00 0 1 0 0 0 1 e f
7 0 0 00 1 3 0 1 0 0 00 00 0 1 0 0 0 1 6 f
7 0 1 55 1 1 1 1 0 3 55 ff 0 1 0 0 0 1 5 f
7 0 0 00 0 0 0 1 0 0 00 00 0 1 0 0 0 1 5 f
7 0 1 04 0 0 1 1 1 3 04 ff 0 1 0 0 0 1 7 f
7 0 1 3d 0 0 1 1 3 3 3d ff 0 1 0 0 0 1 f f
7 0 1 9a 0 0 0 1 0 0 00 00 0 1 0 0 1 1 f f
7 0 1 6c 0 0 0 1 0 0 00 00 0 1 0 0 1 1 f f
7 0 0 03 0 0 0 1 0 0 00 00 0 1 0 0 0 1 f f
7 0 0 21 0 0 0 1 0 0 00 00 0 1 0 0 0 1 f f
7 0 1 03 0 0 0 1 0 0 00 00 0 1 0 0 1 1 f f
7 0 1 fb 0 0 0 1 0 0 00 00 0 1 0 0 1 1 f f
7 0 1 01 1 3 1 1 3 3 01 ff 0 1 0 0 0 1 f f
7 0 1 d7 1 2 1 1 2 3 d7 ff 0 1 0 0 0 1 f f
7 0 1 02 0 0 0 1 0 0 00 00 0 1 0 0 1 1 f f
7 0 0 8d 0 0 0 1 0 0 00 00 0 1 0 0 0 1 f f
7 0 1 06 0 0 0 1 0 0 00 00 0 1 0 0 1 1 f f
7 0 1 80 1 1 1 1 1 3 80 ff 0 1 0 0 0 1 f f
7 0 1 05 0 0 0 1 0 0 00 00 0 1 0 0 1 1 f f
7 0 0 d4 0 0 0 1 0 0 00 00 0 1 0 0 0 1 f f
7 0 0 07 0 0 0 1 0 0 00 00 0 1 0 0 0 1 f f
7 0 0 82 0 0 0 1 0 0 00 00 0 1 0 0 0 1 f f
7 0 0 2c 0 0 0 1 0 0 00 00 0 1 0 0 0 1 f f
7 0 0 01 1 3 0 1 0 0 00 00 0 1 0 0 0 1 7 f
7 0 1 51 0 0 1 1 3 3 51 ff 0 1 0 0 0 1 f f
7 0 1 28 1 2 1 1 2 3 28 ff 0 1 0 0 0 1 f f
7 0 1 6e 1 2 1 1 2 3 6e ff 0 1 0 0 0 1 f f
7 0 0 01 0 0 0 1 0 0 00 00 0 1 0 0 0 1 f f
7 0 1 02 0 0 0 1 0 0 00 00 0 1 0 0 1 1 f f
7 0 1 00 0 0 0 1 0 0 00 00 0 1 0 0 1 1 f f
7 0 0 85 1 2 0 1 0 0 00 00 0 1 0 0 0 1 b f
7 0 1 1b 1 0 1 1 0 3 1b ff 0 1 0 0 0 1 b f
7 0 1 49 1 3 1 1 2 3 49 ff 0 1 0 0 0 1 7 f
7 0 0 9b 1 0 0 1 0 0 00 00 0 1 0 0 0 1 6 f
7 0 1 03 0 0 1 1 0 3 03 ff 0 1 0 0 0 1 7 f
7 0 0 41 1 0 0 1 0 0 00 00 0 1 0 0 0 1 6 f
7 0 1 06 0 0 1 1 0 3 06 ff 0 1 0 0 0 1 7 f
7 0 1 30 0 0 1 1 3 3 30 ff 0 1 0 0 0 1 f f
7 0 1 f4 1 3 1 1 3 3 f4 ff 0 1 0 0 0 1 f f
7 0 1 b7 0 0 0 1 0 0 00 00 0 1 0 0 1 1 f f
7 0 1 02 0 0 0 1 0 0 00 00 0 1 0 0 1 1 f f
7 0 1 05 0 0 0 1 0 0 00 00 0 1 0 0 1 1 f f
7 0 0 e1 1 1 0 1 0 0 00 00 0 1 0 0 0 1 d f
7 0 1 0c 0 0 1 1 1 3 0c ff 0 1 0 0 0 1 f f
7 0 1 07 1 0 1 1 0 3 07 ff 0 1 0 0 0 1 f f
7 0 1 00 0 0 0 1 0 0 00 00 0 1 0 0 1 1 f f
7 0 1 05 1 1 1 1 1 3 05 ff 0 1 0 0 0 1 f f
7 0 0 06 0 0 0 1 0 0 00 00 0 1 0 0 0 1 f f
7 0 1 8b 0 0 0 1 0 0 00 00 0 1 0 0 1 1 f f
7 0 1 03 1 3 1 1 3 3 03 ff 0 1 0 0 0 1 f f
7 0 1 0b 0 0 0 1 0 0 00 00 0 1 0 0 1 1 f f
7 0 1 00 1 1 1 1 1 3 00 ff 0 1 0 0 0 1 f f
7 0 1 07 0 0 0 1 0 0 00 00 1 1 0 3 0 1 f f
7 0 0 72 0 0 0 1 0 0 00 00 0 1 0 0 0 1 f f
7 0 1 02 1 2 1 1 2 3 02 ff 0 1 0 0 0 1 f f
7 0 1 01 0 0 0 1 0 0 00 00 0 1 0 0 1 1 f f
7 0 1 7b 0 0 0 1 0 0 00 00 0 1 0 0 1 1 f f
7 0 0 07 0 0 0 1 0 0 00 00 0 1 0 0 0 1 f f
7 0 0 ca 0 0 0 1 0 0 00 00 0 1 0 0 0 1 f f
7 0 1 04 1 2 1 1 2 3 04 ff 0 1 0 0 0 1 f f
7 0 1 5d 1 1 1 1 1 3 5d ff 0 1 0 0 0 1 f f
7 0 1 07 1 0 1 1 0 3 07 ff 0 1 0 0 0 1 f f
7 0 1 04 1 1 0 1 0 0 00 00 1 1 2 3 0 1 d f
7 0 0 b3 0 0 0 1 0 0 00 00 0 1 0 0 0 1 d f
7 0 1 19 1 2 1 1 1 3 19 ff 0 1 0 0 0 1 b f
7 0 0 06 0 0 0 1 0 0 00 00 0 1 0 0 0 1 b f
7 0 1 d7 1 3 1 1 2 3 d7 ff 0 1 0 0 0 1 7 f
7 0 0 05 0 0 0 1 0 0 00 00 0 1 0 0 0 1 7 f
7 0 1 ff 0 0 1 1 3 3 ff ff 0 1 0 0 0 1 f f
7 0 1 00 1 3 1 1 3 3 00 ff 0 1 0 0 0 1 f f
7 0 1 00 1 3 1 1 3 3 00 ff 0 1 0 0 0 1 f f
7 0 1 c1 0 0 0 1 0 0 00 00 0 1 0 0 1 1 f f
7 0 1 06 0 0 0 1 0 0 00 00 0 1 0 0 1 1 f f
7 0 1 c7 0 0 0 1 0 0 00 00 0 1 0 0 1 1 f f
7 0 1 07 0 0 0 1 0 0 00 00 1 1 0 3 0 1 f f
7 0 0 05 0 0 0 1 0 0 00 00 0 1 0 0 0 1 f f
7 0 0 03 0 0 0 1 0 0 00 00 0 1 0 0 0 1 f f
7 0 0 76 1 2 0 1 0 0 00 00 0 1 0 0 0 1 b f
7 0 1 c6 1 1 1 1 1 3 c6 ff 0 1 0 0 0 1 b f
7 0 1 06 0 0 1 1 2 3 06 ff 0 1 0 0 0 1 f f
7 0 0 00 0 0 0 1 0 0 00 00 0 1 0 0 0 1 f f
7 0 1 11 0 0 0 1 0 0 00 00 0 1 0 0 1 1 f f
7 0 1 06 0 0 0 1 0 0 00 00 1 1 2 3 0 1 f f
7 0 1 0e 0 0 0 1 0 0 00 00 0 1 0 0 1 1 f f
7 0 1 b6 1 1 1 1 1 3 b6 ff 0 1 0 0 0 1 f f
7 0 0 03 1 0 0 1 0 0 00 00 0 1 0 0 0 1 e f
7 0 1 75 1 1 1 1 0 3 75 ff 0 1 0 0 0 1 d f
7 0 0 07 1 2 0 1 0 0 00 00 0 1 0 0 0 1 9 f
7 0 0 ad 0 0 0 1 0 0 00 00 0 1 0 0 0 1 9 f
7 0 0 06 0 0 0 1 0 0 00 00 0 1 0 0 0 1 9 f
7 0 0 03 0 0 0 1 0 0 00 00 0 1 0 0 0 1 9 f
7 0 1 c1 1 3 1 1 1 3 c1 ff 0 1 0 0 0 1 3 f
7 0 0 66 1 1 0 1 0 0 00 00 0 1 0 0 0 1 1 f
7 0 1 03 1 0 1 1 0 3 03 ff 0 1 0 0 0 1 1 f
7 0 1 b9 1 0 1 1 0 3 b9 ff 0 1 0 0 0 1 1 f
7 0 0 29 0 0 0 1 0 0 00 00 0 1 0 0 0 1 1 f
7 0 0 05 0 0 0 1 0 0 00 00 0 1 0 0 0 1 1 f
7 0 0 07 0 0 0 1 0 0 00 00 0 1 0 0 0 1 1 f
7 0 0 c1 0 0 0 1 0 0 00 00 0 1 0 0 0 1 1 f
7 0 0 02 0 0 0 1 0 0 00 00 0 1 0 0 0 1 1 f
7 0 0 c3 0 0 0 1 0 0 00 00 0 1 0 0 0 1 1 f
7 0 1 fe 0 0 1 1 1 3 fe ff 0 1 0 0 0 1 3 f
7 0 0 07 0 0 0 1 0 0 00 00 0 1 0 0 0 1 3 f
7 0 1 06 1 1 1 1 1 3 06 ff 0 1 0 0 0 1 3 f
7 0 0 00 0 0 0 1 0 0 00 00 0 1 0 0 0 1 3 f
7 0 1 94 1 1 1 1 1 3 94 ff 0 1 0 0 0 1 3 f
7 0 0 01 0 0 0 1 0 0 00 00 0 1 0 0 0 1 3 f
7 0 0 94 0 0 0 1 0 0 00 00 0 1 0 0 0 1 3 f
7 0 0 a8 0 0 0 1 0 0 00 00 0 1 0 0 0 1 3 f
7 0 0 45 0 0 0 1 0 0 00 00 0 1 0 0 0 1 3 f
7 0 0 0c 0 0 0 1 0 0 00 00 0 1 0 0 0 1 3 f
7 0 0 64 0 0 0 1 0 0 00 00 0 1 0 0 0 1 3 f
7 0 1 01 0 0 1 1 2 3 01 ff 0 1 0 0 0 1 7 f
7 0 1 01 0 0 0 1 0 0 00 00 1 1 2 3 0 1 7 f
7 0 1 2c 0 0 1 1 3 3 2c ff 0 1 0 0 0 1 f f
7 0 0 04 0 0 0 1 0 0 00 00 0 1 0 0 0 1 f f
7 0 0 1c 0 0 0 1 0 0 00 00 0 1 0 0 0 1 f f
7 0 0 8b 1 3 0 1 0 0 00 00 0 1 0 0 0 1 7 f
7 0 1 00 0 0 1 1 3 3 00 ff 0 1 0 0 0 1 f f
7 0 0 04 0 0 0 1 0 0 00 00 0 1 0 0 0 1 f f
7 0 0 3e 1 1 0 1 0 0 00 00 0 1 0 0 0 1 d f
7 0 0 cd 1 0 0 1 0 0 00 00 0 1 0 0 0 1 c f
7 0 1 00 0 0 0 1 0 0 00 00 1 1 3 3 0 1 c f
7 0 0 b8 1 2 0 1 0 0 00 00 0 1 0 0 0 1 8 f
7 0 1 55 0 0 1 1 0 3 55 ff 0 1 0 0 0 1 9 f
7 0 1 21 0 0 1 1 1 3 21 ff 0 1 0 0 0 1 b f
7 0 1 ea 0 0 1 1 2 3 ea ff 0 1 0 0 0 1 f f
7 0 0 84 1 0 0 1 0 0 00 00 0 1 0 0 0 1 e f
7 0 1 02 1 3 1 1 0 3 02 ff 0 1 0 0 0 1 7 f
7 0 0 8d 1 1 0 1 0 0 00 00 0 1 0 0 0 1 5 f
7 0 1 03 1 0 1 1 0 3 03 ff 0 1 0 0 0 1 5 f
7 0 1 d2 0 0 1 1 1 3 d2 ff 0 1 0 0 0 1 7 f
7 0 0 02 0 0 0 1 0 0 00 00 0 1 0 0 0 1 7 f
7 0 1 64 1 1 1 1 1 3 64 ff 0 1 0 0 0 1 7 f
7 0 1 05 1 1 1 1 1 3 05 ff 0 1 0 0 0 1 7 f
7 0 1 06 0 0 1 1 3 3 06 ff 0 1 0 0 0 1 f f
7 0 1 02 1 3 1 1 3 3 02 ff 0 1 0 0 0 1 f f
7 0 1 da 0 0 0 1 0 0 00 00 0 1 0 0 1 1 f f
7 0 1 97 0 0 0 1 0 0 00 00 0 1 0 0 1 1 f f
7 0 1 05 1 1 1 1 1 3 05 ff 0 1 0 0 0 1 f f
7 0 1 91 0 0 0 1 0 0 00 00 0 1 0 0 1 1 f f
7 0 1 a0 0 0 0 1 0 0 00 00 0 1 0 0 1 1 f f
7 0 0 06 0 0 0 1 0 0 00 00 0 1 0 0 0 1 f f
7 0 1 03 1 3 0 1 0 0 00 00 1 1 0 3 0 1 7 f
7 0 1 33 0 0 1 1 3 3 33 ff 0 1 0 0 0 1 f f
7 0 1 91 0 0 0 1 0 0 00 00 0 1 0 0 1 1 f f
7 0 1 10 1 2 1 1 2 3 10 ff 0 1 0 0 0 1 f f
7 0 1 06 0 0 0 1 0 0 00 00 0 1 0 0 1 1 f f
7 0 1 02 1 2 1 1 2 3 02 ff 0 1 0 0 0 1 f f
7 0 1 00 0 0 0 1 0 0 00 00 0 1 0 0 1 1 f f
7 0 0 06 0 0 0 1 0 0 00 00 0 1 0 0 0 1 f f
7 0 1 06 1 1 1 1 1 3 06 ff 0 1 0 0 0 1 f f
7 0 1 05 0 0 0 1 0 0 00 00 0 1 0 0 1 1 f f
7 0 0 05 0 0 0 1 0 0 00 00 0 1 0 0 0 1 f f
7 0 1 04 0 0 0 1 0 0 00 00 0 1 0 0 1 1 f f
7 0 0 46 1 0 0 1 0 0 00 00 0 1 0 0 0 1 e f
7 0 1 07 0 0 1 1 0 3 07 ff 0 1 0 0 0 1 f f
7 0 0 b2 1 3 0 1 0 0 00 00 0 1 0 0 0 1 7 f
7 0 1 06 1 1 1 1 1 3 06 ff 0 1 0 0 0 1 7 f
7 0 0 92 1 2 0 1 0 0 00 00 0 1 0 0 0 1 3 f
7 0 1 56 0 0 1 1 2 3 56 ff 0 1 0 0 0 1 7 f
7 0 1 76 0 0 1 1 3 3 76 ff 0 1 0 0 0 1 f f
7 0 1 f6 0 0 0 1 0 0 00 00 0 1 0 0 1 1 f f
7 0 1 1f 0 0 0 1 0 0 00 00 0 1 0 0 1 1 f f
7 0 0 b2 0 0 0 1 0 0 00 00 0 1 0 0 0 1 f f
7 0 1 47 0 0 0 1 0 0 00 00 0 1 0 0 1 1 f f
7 0 1 05 1 2 1 1 2 3 05 ff 0 1 0 0 0 1 f f
7 0 1 70 0 0 0 1 0 0 00 00 0 1 0 0 1 1 f f
7 0 1 33 1 3 1 1 3 3 33 ff 0 1 0 0 0 1 f f
7 0 1 b9 0 0 0 1 0 0 00 00 0 1 0 0 1 1 f f
7 0 1 55 1 0 1 1 0 3 55 ff 0 1 0 0 0 1 f f
7 0 1 04 0 0 0 1 0 0 00 00 0 1 0 0 1 1 f f
7 0 1 c6 0 0 0 1 0 0 00 00 0 1 0 0 1 1 f f
7 0 1 3f 0 0 0 1 0 0 00 00 0 1 0 0 1 1 f f
7 0 1 06 0 0 0 1 0 0 00 00 1 1 1 3 0 1 f f
7 0 0 06 0 0 0 1 0 0 00 00 0 1 0 0 0 1 f f
7 0 1 8a 0 0 0 1 0 0 00 00 0 1 0 0 1 1 f f
7 0 0 07 0 0 0 1 0 0 00 00 0 1 0 0 0 1 f f
7 0 1 07 0 0 0 1 0 0 00 00 0 1 0 0 1 1 f f
7 0 0 d6 0 0 0 1 0 0 00 00 0 1 0 0 0 1 f f
7 0 1 14 0 0 0 1 0 0 00 00 0 1 0 0 1 1 f f
7 0 1 90 0 0 0 1 0 0 00 00 0 1 0 0 1 1 f f
7 0 1 02 0 0 0 1 0 0 00 00 0 1 0 0 1 1 f f
7 0 0 82 1 2 0 1 0 0 00 00 0 1 0 0 0 1 b f
7 0 0 19 0 0 0 1 0 0 00 00 0 1 0 0 0 1 b f
7 0 1 06 0 0 0 1 0 0 00 00 1 1 1 3 0 1 b f
7 0 1 86 1 0 1 1 0 3 86 ff 0 1 0 0 0 1 b f
7 0 1 05 1 1 1 1 1 3 05 ff 0 1 0 0 0 1 b f
7 0 0 75 0 0 0 1 0 0 00 00 0 1 0 0 0 1 b f
7 0 1 3f 0 0 1 1 2 3 3f ff 0 1 0 0 0 1 f f
7 0 0 06 1 3 0 1 0 0 00 00 0 1 0 0 0 1 7 f
7 0 1 00 0 0 1 1 3 3 00 ff 0 1 0 0 0 1 f f
7 0 0 3f 0 0 0 1 0 0 00 00 0 1 0 0 0 1 f f
7 0 0 8f 0 0 0 1 0 0 00 00 0 1 0 0 0 1 f f
7 0 0 02 0 0 0 1 0 0 00 00 0 1 0 0 0 1 f f
7 0 1 38 0 0 0 1 0 0 00 00 0 1 0 0 1 1 f f
7 0 0 02 0 0 0 1 0 0 00 00 0 1 0 0 0 1 f f
7 0 0 04 1 2 0 1 0 0 00 00 0 1 0 0 0 1 b f
7 0 1 05 1 1 1 1 1 3 05 ff 0 1 0 0 0 1 b f
7 0 1 c9 0 0 1 1 2 3 c9 ff 0 1 0 0 0 1 f f
7 0 0 01 1 1 0 1 0 0 00 00 0 1 0 0 0 1 d f
7 0 1 f7 0 0 1 1 1 3 f7 ff 0 1 0 0 0 1 f f
7 0 0 4d 0 0 0 1 0 0 00 00 0 1 0 0 0 1 f f
7 0 0 05 1 3 0 1 0 0 00 00 0 1 0 0 0 1 7 f
7 0 0 03 1 0 0 1 0 0 00 00 0 1 0 0 0 1 6 f
7 0 1 04 1 1 1 1 0 3 04 ff 0 1 0 0 0 1 5 f
7 0 1 ee 1 0 1 1 0 3 ee ff 0 1 0 0 0 1 5 f
7 0 0 00 1 0 0 1 0 0 00 00 0 1 0 0 0 1 4 f
7 0 1 e4 0 0 1 1 0 3 e4 ff 0 1 0 0 0 1 5 f
7 0 1 06 1 0 1 1 0 3 06 ff 0 1 0 0 0 1 5 f
7 0 1 7f 0 0 1 1 1 3 7f ff 0 1 0 0 0 1 7 f
7 0 1 d7 1 0 1 1 0 3 d7 ff 0 1 0 0 0 1 7 f
7 0 0 00 0 0 0 1 0 0 00 00 0 1 0 0 0 1 7 f
7 0 0 04 0 0 0 1 0 0 00 00 0 1 0 0 0 1 7 f
7 0 1 9f 0 0 1 1 3 3 9f ff 0 1 0 0 0 1 f f
7 0 0 1d 0 0 0 1 0 0 00 00 0 1 0 0 0 1 f f
7 0 1 07 0 0 0 1 0 0 00 00 0 1 0 0 1 1 f f
7 0 0 07 0 0 0 1 0 0 00 00 0 1 0 0 0 1 f f
7 0 1 f4 0 0 0 1 0 0 00 00 0 1 0 0 1 1 f f
7 0 0 aa 0 0 0 1 0 0 00 00 0 1 0 0 0 1 f f
7 0 1 01 0 0 0 1 0 0 00 00 0 1 0 0 1 1 f f
7 0 1 98 1 3 1 1 3 3 98 ff 0 1 0 0 0 1 f f
7 0 1 24 0 0 0 1 0 0 00 00 0 1 0 0 1 1 f f
7 0 1 0e 1 2 1 1 2 3 0e ff 0 1 0 0 0 1 f f
7 0 0 ca 1 2 0 1 0 0 00 00 0 1 0 0 0 1 b f
7 0 1 04 0 0 1 1 2 3 04 ff 0 1 0 0 0 1 f f
7 0 1 07 0 0 0 1 0 0 00 00 0 1 0 0 1 1 f f
7 0 1 e5 0 0 0 1 0 0 00 00 0 1 0 0 1 1 f f
7 0 1 06 1 0 1 1 0 3 06 ff 0 1 0 0 0 1 f f
7 0 0 02 1 2 0 1 0 0 00 00 0 1 0 0 0 1 b f
7 0 0 01 0 0 0 1 0 0 00 00 0 1 0 0 0 1 b f
7 0 1 06 0 0 0 1 0 0 00 00 1 1 0 3 0 1 b f
7 0 0 07 1 3 0 1 0 0 00 00 0 1 0 0 0 1 3 f
7 0 1 04 0 0 1 1 2 3 04 ff 0 1 0 0 0 1 7 f
7 0 0 75 0 0 0 1 0 0 00 00 0 1 0 0 0 1 7 f
7 0 1 d1 0 0 1 1 3 3 d1 ff 0 1 0 0 0 1 f f
7 0 0 05 0 0 0 1 0 0 00 00 0 1 0 0 0 1 f f
7 0 1 04 0 0 0 1 0 0 00 00 1 1 2 3 0 1 f f
7 0 1 05 0 0 0 1 0 0 00 00 0 1 0 0 1 1 f f
7 0 1 05 0 0 0 1 0 0 00 00 0 1 0 0 1 1 f f
7 0 1 03 1 3 1 1 3 3 03 ff 0 1 0 0 0 1 f f
7 0 1 02 0 0 0 1 0 0 00 00 0 1 0 0 1 1 f f
7 0 0 04 0 0 0 1 0 0 00 00 0 1 0 0 0 1 f f
7 0 1 4d 1 0 1 1 0 3 4d ff 0 1 0 0 0 1 f f
7 0 1 b9 0 0 0 1 0 0 00 00 0 1 0 0 1 1 f f
7 0 1 02 1 0 1 1 0 3 02 ff 0 1 0 0 0 1 f f
7 0 1 cc 0 0 0 1 0 0 00 00 0 1 0 0 1 1 f f
7 0 1 04 1 1 0 1 0 0 00 00 1 1 2 3 0 1 d f
7 0 1 df 0 0 1 1 1 3 df ff 0 1 0 0 0 1 f f
7 0 0 f5 1 1 0 1 0 0 00 00 0 1 0 0 0 1 d f
7 0 1 05 0 0 1 1 1 3 05 ff 0 1 0 0 0 1 f f
7 0 1 06 1 2 1 1 2 3 06 ff 0 1 0 0 0 1 f f
7 0 1 07 0 0 0 1 0 0 00 00 0 1 0 0 1 1 f f
7 0 1 b0 1 1 1 1 1 3 b0 ff 0 1 0 0 0 1 f f
7 0 1 bd 1 2 1 1 2 3 bd ff 0 1 0 0 0 1 f f
7 0 1 02 1 2 0 1 0 0 00 00 1 1 0 3 0 1 b f
7 0 1 00 0 0 1 1 2 3 00 ff 0 1 0 0 0 1 f f
7 0 1 02 1 3 0 1 0 0 00 00 1 1 0 3 0 1 7 f
7 0 1 03 1 0 1 1 0 3 03 ff 0 1 0 0 0 1 7 f
7 0 1 97 0 0 1 1 3 3 97 ff 0 1 0 0 0 1 f f
7 0 1 bc 1 2 1 1 2 3 bc ff 0 1 0 0 0 1 f f
7 0 1 05 0 0 0 1 0 0 00 00 0 1 0 0 1 1 f f
7 0 1 05 1 0 1 1 0 3 05 ff 0 1 0 0 0 1 f f
7 0 0 99 0 0 0 1 0 0 00 00 0 1 0 0 0 1 f f
7 0 1 f4 0 0 0 1 0 0 00 00 0 1 0 0 1 1 f f
7 0 1 03 1 2 1 1 2 3 03 ff 0 1 0 0 0 1 f f
7 0 1 07 0 0 0 1 0 0 00 00 0 1 0 0 1 1 f f
7 0 0 c8 0 0 0 1 0 0 00 00 0 1 0 0 0 1 f f
7 0 0 00 0 0 0 1 0 0 00 00 0 1 0 0 0 1 f f
7 0 1 45 0 0 0 1 0 0 00 00 0 1 0 0 1 1 f f
7 0 1 05 1 3 0 1 0 0 00 00 1 1 0 3 0 1 7 f
7 0 1 ed 0 0 1 1 3 3 ed ff 0 1 0 0 0 1 f f
7 0 0 68 1 1 0 1 0 0 00 00 0 1 0 0 0 1 d f
7 0 0 04 1 3 0 1 0 0 00 00 0 1 0 0 0 1 5 f
7 1 1 07 0 0 0 1 0 0 00 00 0 1 0 0 0 1 0 f
7 0 1 7d 0 0 1 1 0 3 7d ff 0 1 0 0 0 1 1 f
7 0 1 02 0 0 1 1 1 3 02 ff 0 1 0 0 0 1 3 f
7 0 0 03 0 0 0 1 0 0 00 00 0 1 0 0 0 1 3 f
7 0 1 77 0 0 1 1 2 3 77 ff 0 1 0 0 0 1 7 f
7 0 1 ba 0 0 1 1 3 3 ba ff 0 1 0 0 0 1 f f
7 0 0 1f 0 0 0 1 0 0 00 00 0 1 0 0 0 1 f f
7 0 1 07 0 0 0 1 0 0 00 00 0 1 0 0 1 1 f f
7 0 0 f6 0 0 0 1 0 0 00 00 0 1 0 0 0 1 f f
7 0 1 04 1 0 1 1 0 3 04 ff 0 1 0 0 0 1 f f
7 0 0 9e 1 2 0 1 0 0 00 00 0 1 0 0 0 1 b f
7 0 1 37 1 3 1 1 2 3 37 ff 0 1 0 0 0 1 7 f
7 0 0 ce 0 0 0 1 0 0 00 00 0 1 0 0 0 1 7 f
7 0 1 e2 0 0 1 1 3 3 e2 ff 0 1 0 0 0 1 f f
7 0 0 00 0 0 0 1 0 0 00 00 0 1 0 0 0 1 f f
7 0 1 91 1 3 1 1 3 3 91 ff 0 1 0 0 0 1 f f
7 0 1 95 0 0 0 1 0 0 00 00 0 1 0 0 1 1 f f
7 0 0 54 1 3 0 1 0 0 00 00 0 1 0 0 0 1 7 f
7 0 0 00 1 2 0 1 0 0 00 00 0 1 0 0 0 1 3 f
7 0 1 04 0 0 0 1 0 0 00 00 1 1 0 3 0 1 3 f
7 0 1 c8 0 0 1 1 2 3 c8 ff 0 1 0 0 0 1 7 f
7 0 0 e8 1 0 0 1 0 0 00 00 0 1 0 0 0 1 6 f
7 0 1 bc 1 1 1 1 0 3 bc ff 0 1 0 0 0 1 5 f
7 0 0 02 0 0 0 1 0 0 00 00 0 1 0 0 0 1 5 f
7 0 1 03 0 0 1 1 1 3 03 ff 0 1 0 0 0 1 7 f
7 0 1 d0 0 0 1 1 3 3 d0 ff 0 1 0 0 0 1 f f
7 0 0 52 0 0 0 1 0 0 00 00 0 1 0 0 0 1 f f
7 0 1 84 0 0 0 1 0 0 00 00 0 1 0 0 1 1 f f
7 0 1 d9 0 0 0 1 0 0 00 00 0 1 0 0 1 1 f f
7 0 0 ea 1 0 0 1 0 0 00 00 0 1 0 0 0 1 e f
7 0 0 11 0 0 0 1 0 0 00 00 0 1 0 0 0 1 e f
7 0 1 f2 0 0 1 1 0 3 f2 ff 0 1 0 0 0 1 f f
7 0 0 00 0 0 0 1 0 0 00 00 0 1 0 0 0 1 f f
7 0 1 00 0 0 0 1 0 0 00 00 0 1 0 0 1 1 f f
7 0 1 b8 0 0 0 1 0 0 00 00 0 1 0 0 1 1 f f
7 0 0 02 0 0 0 1 0 0 00 00 0 1 0 0 0 1 f f
7 0 1 06 0 0 0 1 0 0 00 00 0 1 0 0 1 1 f f
7 0 1 01 1 1 1 1 1 3 01 ff 0 1 0 0 0 1 f f
7 0 1 01 1 1 1 1 1 3 01 ff 0 1 0 0 0 1 f f
7 0 0 22 1 2 0 1 0 0 00 00 0 1 0 0 0 1 b f
7 0 1 c2 0 0 1 1 2 3 c2 ff 0 1 0 0 0 1 f f
7 0 1 73 0 0 0 1 0 0 00 00 0 1 0 0 1 1 f f
7 0 0 00 1 3 0 1 0 0 00 00 0 1 0 0 0 1 7 f
7 0 1 00 0 0 1 1 3 3 00 ff 0 1 0 0 0 1 f f
7 0 1 67 0 0 0 1 0 0 00 00 0 1 0 0 1 1 f f
7 0 1 34 0 0 0 1 0 0 00 00 0 1 0 0 1 1 f f
7 0 1 83 0 0 0 1 0 0 00 00 0 1 0 0 1 1 f f
7 0 1 00 0 0 0 1 0 0 00 00 1 1 3 3 0 1 f f
7 0 0 01 1 0 0 1 0 0 00 00 0 1 0 0 0 1 e f
7 0 0 43 1 1 0 1 0 0 00 00 0 1 0 0 0 1 c f
7 0 1 07 0 0 1 1 0 3 07 ff 0 1 0 0 0 1 d f
7 0 0 07 1 2 0 1 0 0 00 00 0 1 0 0 0 1 9 f
7 0 0 5d 0 0 0 1 0 0 00 00 0 1 0 0 0 1 9 f
7 0 1 00 1 3 1 1 1 3 00 ff 0 1 0 0 0 1 3 f
7 0 1 05 1 0 1 1 0 3 05 ff 0 1 0 0 0 1 3 f
7 0 1 04 0 0 1 1 2 3 04 ff 0 1 0 0 0 1 7 f
7 0 1 52 0 0 1 1 3 3 52 ff 0 1 0 0 0 1 f f
7 0 0 32 1 1 0 1 0 0 00 00 0 1 0 0 0 1 d f
7 0 0 b0 0 0 0 1 0 0 00 00 0 1 0 0 0 1 d f
7 0 1 b1 0 0 1 1 1 3 b1 ff 0 1 0 0 0 1 f f
7 0 1 18 0 0 0 1 0 0 00 00 0 1 0 0 1 1 f f
7 0 1 04 0 0 0 1 0 0 00 00 1 1 2 3 0 1 f f
7 0 1 18 0 0 0 1 0 0 00 00 0 1 0 0 1 1 f f
7 0 1 02 1 0 1 1 0 3 02 ff 0 1 0 0 0 1 f f
7 0 0 fc 0 0 0 1 0 0 00 00 0 1 0 0 0 1 f f
7 0 0 d3 0 0 0 1 0 0 00 00 0 1 0 0 0 1 f f
7 0 1 06 0 0 0 1 0 0 00 00 0 1 0 0 1 1 f f
7 0 0 40 1 1 0 1 0 0 00 00 0 1 0 0 0 1 d f
7 0 1 06 1 2 1 1 1 3 06 ff 0 1 0 0 0 1 b f
7 1 1 a5 0 0 0 1 0 0 00 00 0 1 0 0 0 1 0 f
7 0 1 07 0 0 1 1 0 3 07 ff 0 1 0 0 0 1 1 f
7 0 0 05 0 0 0 1 0 0 00 00 0 1 0 0 0 1 1 f
7 0 1 05 1 0 1 1 0 3 05 ff 0 1 0 0 0 1 1 f
7 0 1 28 0 0 1 1 1 3 28 ff 0 1 0 0 0 1 3 f
7 0 1 38 0 0 1 1 2 3 38 ff 0 1 0 0 0 1 7 f
7 0 0 00 0 0 0 1 0 0 00 00 0 1 0 0 0 1 7 f
7 0 1 0e 0 0 1 1 3 3 0e ff 0 1 0 0 0 1 f f
7 0 1 45 0 0 0 1 0 0 00 00 0 1 0 0 1 1 f f
7 0 0 03 0 0 0 1 0 0 00 00 0 1 0 0 0 1 f f
7 0 1 d0 0 0 0 1 0 0 00 00 0 1 0 0 1 1 f f
7 0 0 06 0 0 0 1 0 0 00 00 0 1 0 0 0 1 f f
7 0 1 00 1 2 1 1 2 3 00 ff 0 1 0 0 0 1 f f
7 0 1 0d 0 0 0 1 0 0 00 00 0 1 0 0 1 1 f f
7 0 0 03 0 0 0 1 0 0 00 00 0 1 0 0 0 1 f f
7 0 0 48 0 0 0 1 0 0 00 00 0 1 0 0 0 1 f f
7 0 0 88 0 0 0 1 0 0 00 00 0 1 0 0 0 1 f f
7 0 1 04 0 0 0 1 0 0 00 00 0 1 0 0 1 1 f f
7 0 1 1d 1 2 1 1 2 3 1d ff 0 1 0 0 0 1 f f
7 0 1 06 1 0 1 1 0 3 06 ff 0 1 0 0 0 1 f f
7 0 1 84 0 0 0 1 0 0 00 00 0 1 0 0 1 1 f f
7 0 1 63 0 0 0 1 0 0 00 00 0 1 0 0 1 1 f f
7 0 1 03 0 0 0 1 0 0 00 00 0 1 0 0 1 1 f f
7 0 1 2e 0 0 0 1 0 0 00 00 0 1 0 0 1 1 f f
7 0 1 0f 0 0 0 1 0 0 00 00 0 1 0 0 1 1 f f
7 0 1 f9 1 1 1 1 1 3 f9 ff 0 1 0 0 0 1 f f
7 0 1 e7 0 0 0 1 0 0 00 00 0 1 0 0 1 1 f f
7 0 1 00 0 0 0 1 0 0 00 00 0 1 0 0 1 1 f f
7 0 0 74 0 0 0 1 0 0 00 00 0 1 0 0 0 1 f f
7 0 0 03 1 3 0 1 0 0 00 00 0 1 0 0 0 1 7 f
7 0 1 05 0 0 1 1 3 3 05 ff 0 1 0 0 0 1 f f
7 0 0 a1 1 2 0 1 0 0 00 00 0 1 0 0 0 1 b f
7 0 0 06 0 0 0 1 0 0 00 00 0 1 0 0 0 1 b f
7 0 0 00 1 1 0 1 0 0 00 00 0 1 0 0 0 1 9 f
7 0 1 6b 1 0 1 1 0 3 6b ff 0 1 0 0 0 1 9 f
7 0 1 05 0 0 0 1 0 0 00 00 1 1 3 3 0 1 9 f
7 0 1 04 0 0 1 1 1 3 04 ff 0 1 0 0 0 1 b f
7 0 1 d0 1 0 1 1 0 3 d0 ff 0 1 0 0 0 1 b f
7 0 1 87 0 0 1 1 2 3 87 ff 0 1 0 0 0 1 f f
7 0 1 00 1 0 1 1 0 3 00 ff 0 1 0 0 0 1 f f
7 0 0 03 1 2 0 1 0 0 00 00 0 1 0 0 0 1 b f
7 0 0 01 1 0 0 1 0 0 00 00 0 1 0 0 0 1 a f
7 0 1 18 1 1 1 1 0 3 18 ff 0 1 0 0 0 1 9 f
7 0 1 02 0 0 1 1 1 3 02 ff 0 1 0 0 0 1 b f
7 0 1 07 1 1 1 1 1 3 07 ff 0 1 0 0 0 1 b f
7 0 1 11 0 0 1 1 2 3 11 ff 0 1 0 0 0 1 f f
7 0 1 77 1 3 1 1 3 3 77 ff 0 1 0 0 0 1 f f
7 0 1 05 0 0 0 1 0 0 00 00 0 1 0 0 1 1 f f
7 0 1 01 0 0 0 1 0 0 00 00 0 1 0 0 1 1 f f
7 0 1 01 1 2 1 1 2 3 01 ff 0 1 0 0 0 1 f f
7 0 1 02 0 0 0 1 0 0 00 00 0 1 0 0 1 1 f f
7 0 1 6b 0 0 0 1 0 0 00 00 0 1 0 0 1 1 f f
7 0 1 03 0 0 0 1 0 0 00 00 0 1 0 0 1 1 f f
7 0 1 ad 0 0 0 1 0 0 00 00 0 1 0 0 1 1 f f
7 0 1 62 1 3 1 1 3 3 62 ff 0 1 0 0 0 1 f f
7 0 1 05 1 1 1 1 1 3 05 ff 0 1 0 0 0 1 f f
7 0 1 d3 1 0 1 1 0 3 d3 ff 0 1 0 0 0 1 f f
7 0 1 6e 1 2 1 1 2 3 6e ff 0 1 0 0 0 1 f f
7 0 1 02 0 0 0 1 0 0 00 00 0 1 0 0 1 1 f f
7 0 1 07 0 0 0 1 0 0 00 00 0 1 0 0 1 1 f f
7 0 1 03 1 3 1 1 3 3 03 ff 0 1 0 0 0 1 f f
7 0 0 04 0 0 0 1 0 0 00 00 0 1 0 0 0 1 f f
7 0 1 c0 1 0 1 1 0 3 c0 ff 0 1 0 0 0 1 f f
7 0 1 e1 0 0 0 1 0 0 00 00 0 1 0 0 1 1 f f
7 0 1 92 0 0 0 1 0 0 00 00 0 1 0 0 1 1 f f
7 0 1 59 1 1 1 1 1 3 59 ff 0 1 0 0 0 1 f f
7 0 1 41 0 0 0 1 0 0 00 00 0 1 0 0 1 1 f f
7 0 1 04 0 0 0 1 0 0 00 00 0 1 0 0 1 1 f f
7 0 0 04 0 0 0 1 0 0 00 00 0 1 0 0 0 1 f f
7 0 0 03 1 2 0 1 0 0 00 00 0 1 0 0 0 1 b f
7 0 0 45 0 0 0 1 0 0 00 00 0 1 0 0 0 1 b f
7 0 0 02 0 0 0 1 0 0 00 00 0 1 0 0 0 1 b f
7 0 0 87 1 1 0 1 0 0 00 00 0 1 0 0 0 1 9 f
7 0 1 03 0 0 0 1 0 0 00 00 1 1 3 3 0 1 9 f
7 0 1 03 1 0 0 1 0 0 00 00 1 1 3 3 0 1 8 f
7 0 1 c2 1 3 1 1 0 3 c2 ff 0 1 0 0 0 1 1 f
7 0 1 00 0 0 1 1 1 3 00 ff 0 1 0 0 0 1 3 f
7 0 1 2e 0 0 1 1 2 3 2e ff 0 1 0 0 0 1 7 f
7 0 1 52 0 0 1 1 3 3 52 ff 0 1 0 0 0 1 f f
7 0 1 b4 1 0 1 1 0 3 b4 ff 0 1 0 0 0 1 f f
7 0 1 63 0 0 0 1 0 0 00 00 0 1 0 0 1 1 f f
7 0 1 04 0 0 0 1 0 0 00 00 0 1 0 0 1 1 f f
7 0 1 b3 0 0 0 1 0 0 00 00 0 1 0 0 1 1 f f
7 0 0 03 0 0 0 1 0 0 00 00 0 1 0 0 0 1 f f
7 0 0 01 0 0 0 1 0 0 00 00 0 1 0 0 0 1 f f
7 0 1 38 0 0 0 1 0 0 00 00 0 1 0 0 1 1 f f
7 0 1 1c 0 0 0 1 0 0 00 00 0 1 0 0 1 1 f f
7 0 1 02 1 1 1 1 1 3 02 ff 0 1 0 0 0 1 f f
7 0 1 03 1 3 1 1 3 3 03 ff 0 1 0 0 0 1 f f
7 0 1 ac 0 0 0 1 0 0 00 00 0 1 0 0 1 1 f f
7 0 0 a6 0 0 0 1 0 0 00 00 0 1 0 0 0 1 f f
7 0 1 1a 0 0 0 1 0 0 00 00 0 1 0 0 1 1 f f
7 0 1 2b 0 0 0 1 0 0 00 00 0 1 0 0 1 1 f f
7 0 0 18 1 0 0 1 0 0 00 00 0 1 0 0 0 1 e f
7 0 1 07 0 0 1 1 0 3 07 ff 0 1 0 0 0 1 f f
7 0 0 06 0 0 0 1 0 0 00 00 0 1 0 0 0 1 f f
7 0 1 e4 0 0 0 1 0 0 00 00 0 1 0 0 1 1 f f
7 0 0 9f 1 2 0 1 0 0 00 00 0 1 0 0 0 1 b f
7 0 1 02 0 0 0 1 0 0 00 00 1 1 1 3 0 1 b f
7 0 0 06 1 1 0 1 0 0 00 00 0 1 0 0 0 1 9 f
7 0 1 aa 0 0 1 1 1 3 aa ff 0 1 0 0 0 1 b f
7 0 0 05 0 0 0 1 0 0 00 00 0 1 0 0 0 1 b f
7 0 1 bb 0 0 1 1 2 3 bb ff 0 1 0 0 0 1 f f
7 0 0 d8 1 0 0 1 0 0 00 00 0 1 0 0 0 1 e f
7 0 0 03 0 0 0 1 0 0 00 00 0 1 0 0 0 1 e f
7 0 0 9d 0 0 0 1 0 0 00 00 0 1 0 0 0 1 e f
7 0 0 04 1 3 0 1 0 0 00 00 0 1 0 0 0 1 6 f
7 0 1 03 0 0 1 1 0 3 03 ff 0 1 0 0 0 1 7 f
7 0 1 12 0 0 1 1 3 3 12 ff 0 1 0 0 0 1 f f
7 0 0 02 0 0 0 1 0 0 00 00 0 1 0 0 0 1 f f
7 0 1 12 0 0 0 1 0 0 00 00 1 1 3 3 0 1 f f
7 0 0 07 1 0 0 1 0 0 00 00 0 1 0 0 0 1 e f
7 0 0 0f 1 3 0 1 0 0 00 00 0 1 0 0 0 1 6 f
7 0 0 6e 0 0 0 1 0 0 00 00 0 1 0 0 0 1 6 f
7 0 0 01 0 0 0 1 0 0 00 00 0 1 0 0 0 1 6 f
7 0 1 2b 0 0 1 1 0 3 2b ff 0 1 0 0 0 1 7 f
7 0 1 04 1 0 1 1 0 3 04 ff 0 1 0 0 0 1 7 f
7 0 0 06 1 2 0 1 0 0 00 00 0 1 0 0 0 1 3 f
7 0 0 6b 0 0 0 1 0 0 00 00 0 1 0 0 0 1 3 f
7 0 1 5f 1 1 1 1 1 3 5f ff 0 1 0 0 0 1 3 f
7 0 0 05 1 1 0 1 0 0 00 00 0 1 0 0 0 1 1 f
7 0 1 03 0 0 1 1 1 3 03 ff 0 1 0 0 0 1 3 f
7 0 1 cb 0 0 1 1 2 3 cb ff 0 1 0 0 0 1 7 f
7 0 1 06 0 0 1 1 3 3 06 ff 0 1 0 0 0 1 f f
7 0 1 02 0 0 0 1 0 0 00 00 0 1 0 0 1 1 f f
7 0 1 05 0 0 0 1 0 0 00 00 0 1 0 0 1 1 f f
7 0 1 63 1 0 1 1 0 3 63 ff 0 1 0 0 0 1 f f
7 0 0 05 1 2 0 1 0 0 00 00 0 1 0 0 0 1 b f
7 0 0 05 0 0 0 1 0 0 00 00 0 1 0 0 0 1 b f
7 0 1 aa 0 0 1 1 2 3 aa ff 0 1 0 0 0 1 f f
7 0 1 07 1 3 1 1 3 3 07 ff 0 1 0 0 0 1 f f
7 0 1 05 1 1 1 1 1 3 05 ff 0 1 0 0 0 1 f f
7 0 0 ff 0 0 0 1 0 0 00 00 0 1 0 0 0 1 f f
7 0 0 b3 0 0 0 1 0 0 00 00 0 1 0 0 0 1 f f
7 0 1 47 1 1 1 1 1 3 47 ff 0 1 0 0 0 1 f f
7 0 1 07 0 0 0 1 0 0 00 00 1 1 3 3 0 1 f f
7 0 1 bd 0 0 0 1 0 0 00 00 0 1 0 0 1 1 f f
7 0 1 07 0 0 0 1 0 0 00 00 1 1 3 3 0 1 f f
7 0 1 cc 0 0 0 1 0 0 00 00 0 1 0 0 1 1 f f
7 0 0 ef 0 0 0 1 0 0 00 00 0 1 0 0 0 1 f f
7 0 1 01 0 0 0 1 0 0 00 00 0 1 0 0 1 1 f f
7 0 0 5e 0 0 0 1 0 0 00 00 0 1 0 0 0 1 f f
7 0 0 98 1 3 0 1 0 0 00 00 0 1 0 0 0 1 7 f
7 0 1 00 0 0 1 1 3 3 00 ff 0 1 0 0 0 1 f f
7 0 1 01 0 0 0 1 0 0 00 00 0 1 0 0 1 1 f f
7 0 1 97 1 1 1 1 1 3 97 ff 0 1 0 0 0 1 f f
7 0 1 55 1 2 1 1 2 3 55 ff 0 1 0 0 0 1 f f
7 0 1 01 0 0 0 1 0 0 00 00 0 1 0 0 1 1 f f
7 0 0 01 0 0 0 1 0 0 00 00 0 1 0 0 0 1 f f
7 0 1 65 0 0 0 1 0 0 00 00 0 1 0 0 1 1 f f
7 0 1 2a 0 0 0 1 0 0 00 00 0 1 0 0 1 1 f f
7 0 0 01 0 0 0 1 0 0 00 00 0 1 0 0 0 1 f f
7 0 1 64 0 0 0 1 0 0 00 00 0 1 0 0 1 1 f f
7 0 1 02 1 2 1 1 2 3 02 ff 0 1 0 0 0 1 f f
7 0 0 0f 0 0 0 1 0 0 00 00 0 1 0 0 0 1 f f
7 0 1 8e 1 0 1 1 0 3 8e ff 0 1 0 0 0 1 f f
7 0 1 02 1 3 0 1 0 0 00 00 1 1 2 3 0 1 7 f
7 0 0 05 0 0 0 1 0 0 00 00 0 1 0 0 0 1 7 f
7 0 1 f1 1 1 1 1 1 3 f1 ff 0 1 0 0 0 1 7 f
7 0 1 01 0 0 1 1 3 3 01 ff 0 1 0 0 0 1 f f
7 0 1 2e 0 0 0 1 0 0 00 00 0 1 0 0 1 1 f f
7 0 1 e0 1 0 1 1 0 3 e0 ff 0 1 0 0 0 1 f f
7 0 1 01 0 0 0 1 0 0 00 00 1 1 3 3 0 1 f f
7 0 1 13 0 0 0 1 0 0 00 00 0 1 0 0 1 1 f f
7 0 1 02 1 1 0 1 0 0 00 00 1 1 2 3 0 1 d f
7 0 1 62 0 0 1 1 1 3 62 ff 0 1 0 0 0 1 f f
7 0 0 04 1 3 0 1 0 0 00 00 0 1 0 0 0 1 7 f
7 0 0 00 1 1 0 1 0 0 00 00 0 1 0 0 0 1 5 f
7 0 1 a8 0 0 1 1 1 3 a8 ff 0 1 0 0 0 1 7 f
7 0 1 06 1 1 1 1 1 3 06 ff 0 1 0 0 0 1 7 f
7 0 0 58 0 0 0 1 0 0 00 00 0 1 0 0 0 1 7 f
7 0 0 45 0 0 0 1 0 0 00 00 0 1 0 0 0 1 7 f
7 0 1 06 0 0 0 1 0 0 00 00 1 1 1 3 0 1 7 f
7 0 1 d3 0 0 1 1 3 3 d3 ff 0 1 0 0 0 1 f f
7 0 0 06 1 0 0 1 0 0 00 00 0 1 0 0 0 1 e f
7 0 1 07 1 1 1 1 0 3 07 ff 0 1 0 0 0 1 d f
7 0 1 00 0 0 1 1 1 3 00 ff 0 1 0 0 0 1 f f
7 0 1 23 1 2 1 1 2 3 23 ff 0 1 0 0 0 1 f f
7 0 1 b9 0 0 0 1 0 0 00 00 0 1 0 0 1 1 f f
7 0 0 02 1 3 0 1 0 0 00 00 0 1 0 0 0 1 7 f
7 0 1 06 0 0 1 1 3 3 06 ff 0 1 0 0 0 1 f f
7 0 1 7b 1 0 1 1 0 3 7b ff 0 1 0 0 0 1 f f
7 0 1 03 1 2 1 1 2 3 03 ff 0 1 0 0 0 1 f f
7 0 0 ff 1 0 0 1 0 0 00 00 0 1 0 0 0 1 e f
7 0 0 11 1 1 0 1 0 0 00 00 0 1 0 0 0 1 c f
7 0 1 01 0 0 1 1 0 3 01 ff 0 1 0 0 0 1 d f
7 0 0 57 0 0 0 1 0 0 00 00 0 1 0 0 0 1 d f
7 0 1 06 0 0 0 1 0 0 00 00 1 1 3 3 0 1 d f
7 0 1 2d 1 2 1 1 1 3 2d ff 0 1 0 0 0 1 b f
7 0 0 07 1 1 0 1 0 0 00 00 0 1 0 0 0 1 9 f
7 0 0 60 1 0 0 1 0 0 00 00 0 1 0 0 0 1 8 f
7 0 0 65 1 3 0 1 0 0 00 00 0 1 0 0 0 1 0 f
7 0 0 87 0 0 0 1 0 0 00 00 0 1 0 0 0 1 0 f
7 0 1 02 0 0 1 1 0 3 02 ff 0 1 0 0 0 1 1 f
7 0 0 03 0 0 0 1 0 0 00 00 0 1 0 0 0 1 1 f
7 0 0 07 1 0 0 1 0 0 00 00 0 1 0 0 0 1 0 f
7 0 0 5b 0 0 0 1 0 0 00 00 0 1 0 0 0 1 0 f
7 0 1 fc 0 0 1 1 0 3 fc ff 0 1 0 0 0 1 1 f
7 0 0 71 0 0 0 1 0 0 00 00 0 1 0 0 0 1 1 f
7 0 1 06 0 0 1 1 1 3 06 ff 0 1 0 0 0 1 3 f
7 0 1 04 1 1 1 1 1 3 04 ff 0 1 0 0 0 1 3 f
7 0 0 07 0 0 0 1 0 0 00 00 0 1 0 0 0 1 3 f
7 0 0 06 0 0 0 1 0 0 00 00 0 1 0 0 0 1 3 f
7 0 1 01 0 0 1 1 2 3 01 ff 0 1 0 0 0 1 7 f
7 0 1 bf 1 2 1 1 2 3 bf ff 0 1 0 0 0 1 7 f
7 0 1 01 0 0 1 1 3 3 01 ff 0 1 0 0 0 1 f f
7 0 1 06 0 0 0 1 0 0 00 00 0 1 0 0 1 1 f f
7 0 1 00 0 0 0 1 0 0 00 00 0 1 0 0 1 1 f f
7 0 1 07 0 0 0 1 0 0 00 00 0 1 0 0 1 1 f f
7 0 1 28 1 2 1 1 2 3 28 ff 0 1 0 0 0 1 f f
7 0 0 a9 1 3 0 1 0 0 00 00 0 1 0 0 0 1 7 f
7 0 1 00 0 0 1 1 3 3 00 ff 0 1 0 0 0 1 f f
7 0 0 6b 0 0 0 1 0 0 00 00 0 1 0 0 0 1 f f
7 0 1 fd 0 0 0 1 0 0 00 00 0 1 0 0 1 1 f f
7 0 0 01 0 0 0 1 0 0 00 00 0 1 0 0 0 1 f f
7 0 0 1d 1 3 0 1 0 0 00 00 0 1 0 0 0 1 7 f
7 0 1 67 1 0 1 1 0 3 67 ff 0 1 0 0 0 1 7 f
7 0 0 51 1 0 0 1 0 0 00 00 0 1 0 0 0 1 6 f
7 0 1 05 0 0 1 1 0 3 05 ff 0 1 0 0 0 1 7 f
7 0 1 bd 0 0 1 1 3 3 bd ff 0 1 0 0 0 1 f f
7 0 0 00 0 0 0 1 0 0 00 00 0 1 0 0 0 1 f f
7 0 1 03 1 1 1 1 1 3 03 ff 0 1 0 0 0 1 f f
7 0 1 03 1 2 0 1 0 0 00 00 1 1 1 3 0 1 b f
7 0 1 94 0 0 1 1 2 3 94 ff 0 1 0 0 0 1 f f
7 0 0 01 0 0 0 1 0 0 00 00 0 1 0 0 0 1 f f
7 0 1 79 0 0 0 1 0 0 00 00 0 1 0 0 1 1 f f
7 0 1 a8 0 0 0 1 0 0 00 00 0 1 0 0 1 1 f f
7 0 1 0c 0 0 0 1 0 0 00 00 0 1 0 0 1 1 f f
7 0 0 5c 0 0 0 1 0 0 00 00 0 1 0 0 0 1 f f
7 0 1 b2 0 0 0 1 0 0 00 00 0 1 0 0 1 1 f f
7 0 1 01 0 0 0 1 0 0 00 00 0 1 0 0 1 1 f f
7 0 1 04 0 0 0 1 0 0 00 00 0 1 0 0 1 1 f f
7 0 1 04 0 0 0 1 0 0 00 00 0 1 0 0 1 1 f f
7 0 1 00 0 0 0 1 0 0 00 00 0 1 0 0 1 1 f f
7 0 0 02 0 0 0 1 0 0 00 00 0 1 0 0 0 1 f f
7 0 1 07 0 0 0 1 0 0 00 00 0 1 0 0 1 1 f f
7 0 1 05 0 0 0 1 0 0 00 00 1 1 0 3 0 1 f f
7 0 0 05 0 0 0 1 0 0 00 00 0 1 0 0 0 1 f f
7 0 1 00 0 0 0 1 0 0 00 00 0 1 0 0 1 1 f f
7 0 0 95 0 0 0 1 0 0 00 00 0 1 0 0 0 1 f f
7 0 1 48 1 0 1 1 0 3 48 ff 0 1 0 0 0 1 f f
7 0 0 06 0 0 0 1 0 0 00 00 0 1 0 0 0 1 f f
7 0 0 03 0 0 0 1 0 0 00 00 0 1 0 0 0 1 f f
7 0 0 f0 0 0 0 1 0 0 00 00 0 1 0 0 0 1 f f
7 0 0 f3 0 0 0 1 0 0 00 00 0 1 0 0 0 1 f f
7 0 1 90 0 0 0 1 0 0 00 00 0 1 0 0 1 1 f f
7 0 1 b4 1 0 1 1 0 3 b4 ff 0 1 0 0 0 1 f f
7 0 0 04 0 0 0 1 0 0 00 00 0 1 0 0 0 1 f f
7 0 0 04 0 0 0 1 0 0 00 00 0 1 0 0 0 1 f f
7 0 0 00 0 0 0 1 0 0 00 00 0 1 0 0 0 1 f f
7 0 1 e8 0 0 0 1 0 0 00 00 0 1 0 0 1 1 f f
7 0 0 00 0 0 0 1 0 0 00 00 0 1 0 0 0 1 f f
7 0 0 d1 1 3 0 1 0 0 00 00 0 1 0 0 0 1 7 f
7 0 0 01 1 2 0 1 0 0 00 00 0 1 0 0 0 1 3 f
7 0 0 78 0 0 0 1 0 0 00 00 0 1 0 0 0 1 3 f
7 0 1 05 0 0 1 1 2 3 05 ff 0 1 0 0 0 1 7 f
7 0 0 3a 0 0 0 1 0 0 00 00 0 1 0 0 0 1 7 f
7 0 0 a2 1 0 0 1 0 0 00 00 0 1 0 0 0 1 6 f
7 0 1 e8 0 0 1 1 0 3 e8 ff 0 1 0 0 0 1 7 f
7 0 0 ee 0 0 0 1 0 0 00 00 0 1 0 0 0 1 7 f
7 0 1 00 0 0 1 1 3 3 00 ff 0 1 0 0 0 1 f f
7 0 1 07 1 1 1 1 1 3 07 ff 0 1 0 0 0 1 f f
7 0 1 02 1 2 1 1 2 3 02 ff 0 1 0 0 0 1 f f
7 0 0 1a 0 0 0 1 0 0 00 00 0 1 0 0 0 1 f f
7 0 0 87 1 2 0 1 0 0 00 00 0 1 0 0 0 1 b f
7 0 0 8a 0 0 0 1 0 0 00 00 0 1 0 0 0 1 b f
7 0 0 07 0 0 0 1 0 0 00 00 0 1 0 0 0 1 b f
7 0 1 26 0 0 1 1 2 3 26 ff 0 1 0 0 0 1 f f
7 0 1 86 0 0 0 1 0 0 00 00 0 1 0 0 1 1 f f
7 0 1 73 1 0 1 1 0 3 73 ff 0 1 0 0 0 1 f f
7 0 0 02 1 0 0 1 0 0 00 00 0 1 0 0 0 1 e f
7 0 1 06 0 0 1 1 0 3 06 ff 0 1 0 0 0 1 f f
7 0 1 02 0 0 0 1 0 0 00 00 0 1 0 0 1 1 f f
7 0 1 07 1 0 0 1 0 0 00 00 1 1 1 3 0 1 e f
7 0 1 98 0 0 1 1 0 3 98 ff 0 1 0 0 0 1 f f
7 0 1 fc 0 0 0 1 0 0 00 00 0 1 0 0 1 1 f f
7 0 1 00 0 0 0 1 0 0 00 00 1 1 3 3 0 1 f f
7 0 0 8f 0 0 0 1 0 0 00 00 0 1 0 0 0 1 f f
7 0 1 87 0 0 0 1 0 0 00 00 0 1 0 0 1 1 f f
7 0 0 00 1 1 0 1 0 0 00 00 0 1 0 0 0 1 d f
7 0 0 00 1 3 0 1 0 0 00 00 0 1 0 0 0 1 5 f
7 0 0 9a 0 0 0 1 0 0 00 00 0 1 0 0 0 1 5 f
7 0 0 01 0 0 0 1 0 0 00 00 0 1 0 0 0 1 5 f
7 0 1 86 0 0 1 1 1 3 86 ff 0 1 0 0 0 1 7 f
7 0 1 06 1 2 1 1 2 3 06 ff 0 1 0 0 0 1 7 f
7 0 0 07 1 0 0 1 0 0 00 00 0 1 0 0 0 1 6 f
7 0 1 06 0 0 0 1 0 0 00 00 1 1 2 3 0 1 6 f
7 0 0 4b 1 1 0 1 0 0 00 00 0 1 0 0 0 1 4 f
7 0 1 03 0 0 1 1 0 3 03 ff 0 1 0 0 0 1 5 f
7 0 0 ae 1 2 0 1 0 0 00 00 0 1 0 0 0 1 1 f
7 0 1 07 0 0 1 1 1 3 07 ff 0 1 0 0 0 1 3 f
7 0 0 80 0 0 0 1 0 0 00 00 0 1 0 0 0 1 3 f
7 0 1 2b 1 0 1 1 0 3 2b ff 0 1 0 0 0 1 3 f
7 0 1 02 1 1 1 1 1 3 02 ff 0 1 0 0 0 1 3 f
7 0 1 07 0 0 1 1 2 3 07 ff 0 1 0 0 0 1 7 f
7 0 1 07 0 0 0 1 0 0 00 00 1 1 2 3 0 1 7 f
7 0 1 05 0 0 1 1 3 3 05 ff 0 1 0 0 0 1 f f
7 0 0 02 0 0 0 1 0 0 00 00 0 1 0 0 0 1 f f
7 0 0 4b 1 0 0 1 0 0 00 00 0 1 0 0 0 1 e f
7 0 0 c8 0 0 0 1 0 0 00 00 0 1 0 0 0 1 e f
7 0 0 da 0 0 0 1 0 0 00 00 0 1 0 0 0 1 e f
7 0 1 07 0 0 0 1 0 0 00 00 1 1 2 3 0 1 e f
7 0 0 04 1 3 0 1 0 0 00 00 0 1 0 0 0 1 6 f
7 0 1 44 0 0 1 1 0 3 44 ff 0 1 0 0 0 1 7 f
7 0 0 23 0 0 0 1 0 0 00 00 0 1 0 0 0 1 7 f
7 0 1 07 0 0 0 1 0 0 00 00 1 1 2 3 0 1 7 f
7 0 0 fb 0 0 0 1 0 0 00 00 0 1 0 0 0 1 7 f
7 0 0 ae 0 0 0 1 0 0 00 00 0 1 0 0 0 1 7 f
7 0 1 07 0 0 0 1 0 0 00 00 1 1 2 3 0 1 7 f
7 0 0 83 1 0 0 1 0 0 00 00 0 1 0 0 0 1 6 f
7 0 0 a4 0 0 0 1 0 0 00 00 0 1 0 0 0 1 6 f
7 0 1 c9 0 0 1 1 0 3 c9 ff 0 1 0 0 0 1 7 f
7 0 1 74 0 0 1 1 3 3 74 ff 0 1 0 0 0 1 f f
7 0 1 50 1 0 1 1 0 3 50 ff 0 1 0 0 0 1 f f
7 0 1 27 0 0 0 1 0 0 00 00 0 1 0 0 1 1 f f
7 0 1 01 1 0 1 1 0 3 01 ff 0 1 0 0 0 1 f f
7 0 1 01 0 0 0 1 0 0 00 00 1 1 0 3 0 1 f f
7 0 0 03 1 3 0 1 0 0 00 00 0 1 0 0 0 1 7 f
7 0 0 f7 0 0 0 1 0 0 00 00 0 1 0 0 0 1 7 f
7 0 0 04 0 0 0 1 0 0 00 00 0 1 0 0 0 1 7 f
7 0 1 90 0 0 1 1 3 3 90 ff 0 1 0 0 0 1 f f
7 0 1 d4 0 0 0 1 0 0 00 00 0 1 0 0 1 1 f f
7 0 0 05 0 0 0 1 0 0 00 00 0 1 0 0 0 1 f f
7 0 1 0c 0 0 0 1 0 0 00 00 0 1 0 0 1 1 f f
7 0 0 b5 0 0 0 1 0 0 00 00 0 1 0 0 0 1 f f
7 0 1 52 0 0 0 1 0 0 00 00 0 1 0 0 1 1 f f
7 0 0 95 0 0 0 1 0 0 00 00 0 1 0 0 0 1 f f
7 0 0 42 0 0 0 1 0 0 00 00 0 1 0 0 0 1 f f
7 0 1 18 0 0 0 1 0 0 00 00 0 1 0 0 1 1 f f
7 0 1 ef 0 0 0 1 0 0 00 00 0 1 0 0 1 1 f f
7 0 1 03 0 0 0 1 0 0 00 00 0 1 0 0 1 1 f f
7 0 0 93 0 0 0 1 0 0 00 00 0 1 0 0 0 1 f f
7 0 0 23 0 0 0 1 0 0 00 00 0 1 0 0 0 1 f f
7 0 1 d5 0 0 0 1 0 0 00 00 0 1 0 0 1 1 f f
7 0 0 78 0 0 0 1 0 0 00 00 0 1 0 0 0 1 f f
7 0 0 e2 0 0 0 1 0 0 00 00 0 1 0 0 0 1 f f
7 0 0 da 1 3 0 1 0 0 00 00 0 1 0 0 0 1 7 f
7 0 1 73 1 1 1 1 1 3 73 ff 0 1 0 0 0 1 7 f
7 0 0 06 1 0 0 1 0 0 00 00 0 1 0 0 0 1 6 f
7 0 1 03 1 1 1 1 0 3 03 ff 0 1 0 0 0 1 5 f
7 0 1 01 0 0 1 1 1 3 01 ff 0 1 0 0 0 1 7 f
7 0 1 07 1 0 0 1 0 0 00 00 1 1 2 3 0 1 6 f
7 0 1 98 0 0 1 1 0 3 98 ff 0 1 0 0 0 1 7 f
7 0 0 07 1 1 0 1 0 0 00 00 0 1 0 0 0 1 5 f
7 0 0 47 0 0 0 1 0 0 00 00 0 1 0 0 0 1 5 f
7 0 1 3a 0 0 1 1 1 3 3a ff 0 1 0 0 0 1 7 f
7 0 0 66 1 0 0 1 0 0 00 00 0 1 0 0 0 1 6 f
7 0 0 8a 0 0 0 1 0 0 00 00 0 1 0 0 0 1 6 f
7 0 0 13 0 0 0 1 0 0 00 00 0 1 0 0 0 1 6 f
7 0 0 a4 0 0 0 1 0 0 00 00 0 1 0 0 0 1 6 f
7 0 1 01 0 0 1 1 0 3 01 ff 0 1 0 0 0 1 7 f
7 0 0 32 0 0 0 1 0 0 00 00 0 1 0 0 0 1 7 f
7 0 1 03 0 0 1 1 3 3 03 ff 0 1 0 0 0 1 f f
7 0 1 07 1 3 0 1 0 0 00 00 1 1 2 3 0 1 7 f
7 0 1 5a 0 0 1 1 3 3 5a ff 0 1 0 0 0 1 f f
7 0 1 00 0 0 0 1 0 0 00 00 0 1 0 0 1 1 f f
7 0 0 02 0 0 0 1 0 0 00 00 0 1 0 0 0 1 f f
7 0 0 0d 0 0 0 1 0 0 00 00 0 1 0 0 0 1 f f
7 0 1 ff 0 0 0 1 0 0 00 00 0 1 0 0 1 1 f f
7 0 0 03 0 0 0 1 0 0 00 00 0 1 0 0 0 1 f f
7 0 1 6e 0 0 0 1 0 0 00 00 0 1 0 0 1 1 f f
7 0 1 01 0 0 0 1 0 0 00 00 1 1 0 3 0 1 f f
7 0 1 06 0 0 0 1 0 0 00 00 0 1 0 0 1 1 f f
7 0 1 05 1 0 1 1 0 3 05 ff 0 1 0 0 0 1 f f
7 0 1 04 1 3 1 1 3 3 04 ff 0 1 0 0 0 1 f f
7 0 1 24 1 2 1 1 2 3 24 ff 0 1 0 0 0 1 f f
7 0 1 06 0 0 0 1 0 0 00 00 0 1 0 0 1 1 f f
7 0 1 07 0 0 0 1 0 0 00 00 0 1 0 0 1 1 f f
7 0 0 d2 0 0 0 1 0 0 00 00 0 1 0 0 0 1 f f
7 0 1 05 0 0 0 1 0 0 00 00 1 1 0 3 0 1 f f
7 0 1 00 0 0 0 1 0 0 00 00 0 1 0 0 1 1 f f
7 0 1 05 0 0 0 1 0 0 00 00 1 1 0 3 0 1 f f
7 0 0 a1 0 0 0 1 0 0 00 00 0 1 0 0 0 1 f f
7 0 0 f5 0 0 0 1 0 0 00 00 0 1 0 0 0 1 f f
7 0 1 01 0 0 0 1 0 0 00 00 0 1 0 0 1 1 f f
7 0 0 31 1 1 0 1 0 0 00 00 0 1 0 0 0 1 d f
7 0 0 02 0 0 0 1 0 0 00 00 0 1 0 0 0 1 d f
7 0 1 02 1 2 1 1 1 3 02 ff 0 1 0 0 0 1 b f
7 0 0 01 0 0 0 1 0 0 00 00 0 1 0 0 0 1 b f
7 0 1 67 0 0 1 1 2 3 67 ff 0 1 0 0 0 1 f f
7 0 1 01 0 0 0 1 0 0 00 00 0 1 0 0 1 1 f f
7 0 1 ca 0 0 0 1 0 0 00 00 0 1 0 0 1 1 f f
7 0 1 e5 0 0 0 1 0 0 00 00 0 1 0 0 1 1 f f
7 0 1 4b 0 0 0 1 0 0 00 00 0 1 0 0 1 1 f f
7 0 1 05 0 0 0 1 0 0 00 00 1 1 0 3 0 1 f f
7 0 1 9f 0 0 0 1 0 0 00 00 0 1 0 0 1 1 f f
7 0 1 01 0 0 0 1 0 0 00 00 0 1 0 0 1 1 f f
7 0 1 04 1 3 1 1 3 3 04 ff 0 1 0 0 0 1 f f
7 0 1 b8 1 3 1 1 3 3 b8 ff 0 1 0 0 0 1 f f
7 0 0 07 0 0 0 1 0 0 00 00 0 1 0 0 0 1 f f
7 0 1 a8 1 2 1 1 2 3 a8 ff 0 1 0 0 0 1 f f
7 0 0 5d 0 0 0 1 0 0 00 00 0 1 0 0 0 1 f f
7 0 1 03 0 0 0 1 0 0 00 00 0 1 0 0 1 1 f f
7 0 1 03 1 3 1 1 3 3 03 ff 0 1 0 0 0 1 f f
7 0 1 bd 0 0 0 1 0 0 00 00 0 1 0 0 1 1 f f
7 0 1 e4 1 3 1 1 3 3 e4 ff 0 1 0 0 0 1 f f
7 0 1 00 0 0 0 1 0 0 00 00 0 1 0 0 1 1 f f
7 0 1 b2 0 0 0 1 0 0 00 00 0 1 0 0 1 1 f f
7 0 0 00 0 0 0 1 0 0 00 00 0 1 0 0 0 1 f f
7 1 1 1e 0 0 0 1 0 0 00 00 0 1 0 0 0 1 0 f
7 0 1 02 0 0 1 1 0 3 02 ff 0 1 0 0 0 1 1 f
7 0 1 ef 1 0 1 1 0 3 ef ff 0 1 0 0 0 1 1 f
7 0 1 05 1 0 1 1 0 3 05 ff 0 1 0 0 0 1 1 f
7 0 1 07 0 0 1 1 1 3 07 ff 0 1 0 0 0 1 3 f
7 0 1 00 0 0 1 1 2 3 00 ff 0 1 0 0 0 1 7 f
7 0 1 1b 0 0 1 1 3 3 1b ff 0 1 0 0 0 1 f f
7 0 0 01 1 0 0 1 0 0 00 00 0 1 0 0 0 1 e f
7 0 0 01 0 0 0 1 0 0 00 00 0 1 0 0 0 1 e f
7 0 0 76 0 0 0 1 0 0 00 00 0 1 0 0 0 1 e f
7 0 0 8d 0 0 0 1 0 0 00 00 0 1 0 0 0 1 e f
7 0 1 00 0 0 0 1 0 0 00 00 1 1 2 3 0 1 e f
7 0 1 e3 1 1 1 1 0 3 e3 ff 0 1 0 0 0 1 d f
7 0 1 9f 0 0 1 1 1 3 9f ff 0 1 0 0 0 1 f f
7 0 1 01 0 0 0 1 0 0 00 00 0 1 0 0 1 1 f f
7 0 0 04 0 0 0 1 0 0 00 00 0 1 0 0 0 1 f f
7 0 1 22 1 0 1 1 0 3 22 ff 0 1 0 0 0 1 f f
7 0 1 6f 0 0 0 1 0 0 00 00 0 1 0 0 1 1 f f
7 0 1 02 0 0 0 1 0 0 00 00 0 1 0 0 1 1 f f
7 0 1 40 0 0 0 1 0 0 00 00 0 1 0 0 1 1 f f
7 0 1 58 0 0 0 1 0 0 00 00 0 1 0 0 1 1 f f
7 0 0 04 0 0 0 1 0 0 00 00 0 1 0 0 0 1 f f
7 0 0 3d 0 0 0 1 0 0 00 00 0 1 0 0 0 1 f f
7 0 1 64 1 3 1 1 3 3 64 ff 0 1 0 0 0 1 f f
7 0 0 00 1 1 0 1 0 0 00 00 0 1 0 0 0 1 d f
7 0 0 03 0 0 0 1 0 0 00 00 0 1 0 0 0 1 d f
7 0 1 fc 1 2 1 1 1 3 fc ff 0 1 0 0 0 1 b f
7 0 1 05 0 0 1 1 2 3 05 ff 0 1 0 0 0 1 f f
7 0 1 04 0 0 0 1 0 0 00 00 0 1 0 0 1 1 f f
7 0 1 ad 0 0 0 1 0 0 00 00 0 1 0 0 1 1 f f
7 0 1 d1 1 2 1 1 2 3 d1 ff 0 1 0 0 0 1 f f
7 0 1 3e 0 0 0 1 0 0 00 00 0 1 0 0 1 1 f f
7 0 0 22 0 0 0 1 0 0 00 00 0 1 0 0 0 1 f f
7 0 0 7d 0 0 0 1 0 0 00 00 0 1 0 0 0 1 f f
7 0 1 04 0 0 0 1 0 0 00 00 0 1 0 0 1 1 f f
7 0 1 02 1 1 1 1 1 3 02 ff 0 1 0 0 0 1 f f
7 0 1 03 0 0 0 1 0 0 00 00 0 1 0 0 1 1 f f
7 0 1 06 0 0 0 1 0 0 00 00 0 1 0 0 1 1 f f
7 0 0 01 1 2 0 1 0 0 00 00 0 1 0 0 0 1 b f
7 0 1 b1 1 1 1 1 1 3 b1 ff 0 1 0 0 0 1 b f
7 0 0 04 0 0 0 1 0 0 00 00 0 1 0 0 0 1 b f
7 0 1 c0 0 0 1 1 2 3 c0 ff 0 1 0 0 0 1 f f
7 0 1 d1 0 0 0 1 0 0 00 00 0 1 0 0 1 1 f f
7 0 0 52 0 0 0 1 0 0 00 00 0 1 0 0 0 1 f f
7 0 1 00 0 0 0 1 0 0 00 00 0 1 0 0 1 1 f f
7 0 1 5c 0 0 0 1 0 0 00 00 0 1 0 0 1 1 f f
7 0 1 66 0 0 0 1 0 0 00 00 0 1 0 0 1 1 f f
7 0 1 05 0 0 0 1 0 0 00 00 0 1 0 0 1 1 f f
7 0 1 7e 0 0 0 1 0 0 00 00 0 1 0 0 1 1 f f
7 0 1 4d 0 0 0 1 0 0 00 00 0 1 0 0 1 1 f f
7 0 1 07 0 0 0 1 0 0 00 00 0 1 0 0 1 1 f f
7 0 1 97 0 0 0 1 0 0 00 00 0 1 0 0 1 1 f f
7 0 1 01 0 0 0 1 0 0 00 00 0 1 0 0 1 1 f f
7 0 1 f9 0 0 0 1 0 0 00 00 0 1 0 0 1 1 f f
7 0 1 03 0 0 0 1 0 0 00 00 0 1 0 0 1 1 f f
7 0 1 06 0 0 0 1 0 0 00 00 0 1 0 0 1 1 f f
7 0 0 01 0 0 0 1 0 0 00 00 0 1 0 0 0 1 f f
7 0 0 cc 0 0 0 1 0 0 00 00 0 1 0 0 0 1 f f
7 0 0 00 0 0 0 1 0 0 00 00 0 1 0 0 0 1 f f
7 0 0 8c 0 0 0 1 0 0 00 00 0 1 0 0 0 1 f f
7 0 1 16 0 0 0 1 0 0 00 00 0 1 0 0 1 1 f f
7 0 1 07 0 0 0 1 0 0 00 00 0 1 0 0 1 1 f f
7 0 0 02 0 0 0 1 0 0 00 00 0 1 0 0 0 1 f f
7 0 1 04 0 0 0 1 0 0 00 00 0 1 0 0 1 1 f f
7 0 0 05 0 0 0 1 0 0 00 00 0 1 0 0 0 1 f f
7 0 0 8a 1 3 0 1 0 0 00 00 0 1 0 0 0 1 7 f
7 0 1 07 0 0 1 1 3 3 07 ff 0 1 0 0 0 1 f f
7 0 1 01 1 3 1 1 3 3 01 ff 0 1 0 0 0 1 f f
7 0 0 4a 0 0 0 1 0 0 00 00 0 1 0 0 0 1 f f
7 0 1 05 0 0 0 1 0 0 00 00 0 1 0 0 1 1 f f
7 0 0 00 1 3 0 1 0 0 00 00 0 1 0 0 0 1 7 f
7 0 1 01 1 0 1 1 0 3 01 ff 0 1 0 0 0 1 7 f
7 0 1 5d 0 0 1 1 3 3 5d ff 0 1 0 0 0 1 f f
7 0 0 07 0 0 0 1 0 0 00 00 0 1 0 0 0 1 f f
7 0 0 cf 1 3 0 1 0 0 00 00 0 1 0 0 0 1 7 f
7 0 1 06 0 0 1 1 3 3 06 ff 0 1 0 0 0 1 f f
7 0 1 01 0 0 0 1 0 0 00 00 1 1 0 3 0 1 f f
7 0 0 03 0 0 0 1 0 0 00 00 0 1 0 0 0 1 f f
7 0 0 05 0 0 0 1 0 0 00 00 0 1 0 0 0 1 f f
7 0 0 78 1 0 0 1 0 0 00 00 0 1 0 0 0 1 e f
7 0 0 cf 1 3 0 1 0 0 00 00 0 1 0 0 0 1 6 f
7 0 0 d1 1 1 0 1 0 0 00 00 0 1 0 0 0 1 4 f
7 0 0 03 0 0 0 1 0 0 00 00 0 1 0 0 0 1 4 f
7 0 1 1b 1 2 1 1 0 3 1b ff 0 1 0 0 0 1 1 f
7 0 1 1a 1 0 1 1 0 3 1a ff 0 1 0 0 0 1 1 f
7 0 0 cf 0 0 0 1 0 0 00 00 0 1 0 0 0 1 1 f
7 0 0 03 1 0 0 1 0 0 00 00 0 1 0 0 0 1 0 f
7 0 0 5f 0 0 0 1 0 0 00 00 0 1 0 0 0 1 0 f
7 0 1 01 0 0 1 1 0 3 01 ff 0 1 0 0 0 1 1 f
7 0 0 03 0 0 0 1 0 0 00 00 0 1 0 0 0 1 1 f
7 0 0 06 0 0 0 1 0 0 00 00 0 1 0 0 0 1 1 f
7 0 0 04 0 0 0 1 0 0 00 00 0 1 0 0 0 1 1 f
7 0 1 06 1 0 1 1 0 3 06 ff 0 1 0 0 0 1 1 f
7 0 1 07 1 0 1 1 0 3 07 ff 0 1 0 0 0 1 1 f
7 0 1 00 0 0 1 1 1 3 00 ff 0 1 0 0 0 1 3 f
7 0 1 9a 0 0 1 1 2 3 9a ff 0 1 0 0 0 1 7 f
7 0 1 05 0 0 1 1 3 3 05 ff 0 1 0 0 0 1 f f
7 0 1 c8 1 1 1 1 1 3 c8 ff 0 1 0 0 0 1 f f
7 0 1 06 0 0 0 1 0 0 00 00 0 1 0 0 1 1 f f
7 0 1 07 1 0 1 1 0 3 07 ff 0 1 0 0 0 1 f f
7 0 1 06 1 2 1 1 2 3 06 ff 0 1 0 0 0 1 f f
7 0 0 26 0 0 0 1 0 0 00 00 0 1 0 0 0 1 f f
7 0 1 05 0 0 0 1 0 0 00 00 1 1 3 3 0 1 f f
7 0 1 22 0 0 0 1 0 0 00 00 0 1 0 0 1 1 f f
7 0 0 07 1 0 0 1 0 0 00 00 0 1 0 0 0 1 e f
7 0 0 55 0 0 0 1 0 0 00 00 0 1 0 0 0 1 e f
7 0 0 f7 0 0 0 1 0 0 00 00 0 1 0 0 0 1 e f
7 0 1 06 0 0 0 1 0 0 00 00 1 1 2 3 0 1 e f
7 0 0 e6 0 0 0 1 0 0 00 00 0 1 0 0 0 1 e f
7 0 0 03 0 0 0 1 0 0 00 00 0 1 0 0 0 1 e f
7 0 0 04 0 0 0 1 0 0 00 00 0 1 0 0 0 1 e f
7 0 1 48 0 0 1 1 0 3 48 ff 0 1 0 0 0 1 f f
7 0 0 59 1 2 0 1 0 0 00 00 0 1 0 0 0 1 b f
7 0 0 03 1 3 0 1 0 0 00 00 0 1 0 0 0 1 3 f
7 0 1 07 0 0 1 1 2 3 07 ff 0 1 0 0 0 1 7 f
7 0 0 03 0 0 0 1 0 0 00 00 0 1 0 0 0 1 7 f
7 0 0 06 0 0 0 1 0 0 00 00 0 1 0 0 0 1 7 f
7 0 0 ba 0 0 0 1 0 0 00 00 0 1 0 0 0 1 7 f
7 0 0 23 0 0 0 1 0 0 00 00 0 1 0 0 0 1 7 f
7 0 0 01 1 2 0 1 0 0 00 00 0 1 0 0 0 1 3 f
7 1 1 c5 0 0 0 1 0 0 00 00 0 1 0 0 0 1 0 f
7 0 0 c0 0 0 0 1 0 0 00 00 0 1 0 0 0 1 0 f
7 0 1 2c 0 0 1 1 0 3 2c ff 0 1 0 0 0 1 1 f
7 0 0 04 0 0 0 1 0 0 00 00 0 1 0 0 0 1 1 f
7 0 1 74 1 0 1 1 0 3 74 ff 0 1 0 0 0 1 1 f
7 0 0 01 0 0 0 1 0 0 00 00 0 1 0 0 0 1 1 f
7 0 1 52 1 0 1 1 0 3 52 ff 0 1 0 0 0 1 1 f
7 0 1 06 0 0 1 1 1 3 06 ff 0 1 0 0 0 1 3 f
7 0 0 a1 0 0 0 1 0 0 00 00 0 1 0 0 0 1 3 f
7 0 0 05 0 0 0 1 0 0 00 00 0 1 0 0 0 1 3 f
7 0 1 01 0 0 1 1 2 3 01 ff 0 1 0 0 0 1 7 f
7 0 0 01 0 0 0 1 0 0 00 00 0 1 0 0 0 1 7 f
7 0 0 01 0 0 0 1 0 0 00 00 0 1 0 0 0 1 7 f
7 0 1 02 0 0 1 1 3 3 02 ff 0 1 0 0 0 1 f f
7 0 0 49 1 1 0 1 0 0 00 00 0 1 0 0 0 1 d f
7 0 0 2f 0 0 0 1 0 0 00 00 0 1 0 0 0 1 d f
7 0 1 df 0 0 1 1 1 3 df ff 0 1 0 0 0 1 f f
7 0 1 00 0 0 0 1 0 0 00 00 0 1 0 0 1 1 f f
7 0 0 a7 0 0 0 1 0 0 00 00 0 1 0 0 0 1 f f
7 0 1 c8 1 2 1 1 2 3 c8 ff 0 1 0 0 0 1 f f
7 0 1 c5 1 1 1 1 1 3 c5 ff 0 1 0 0 0 1 f f
7 0 0 03 0 0 0 1 0 0 00 00 0 1 0 0 0 1 f f
7 0 1 92 0 0 0 1 0 0 00 00 0 1 0 0 1 1 f f
7 0 1 03 0 0 0 1 0 0 00 00 0 1 0 0 1 1 f f
7 0 1 04 0 0 0 1 0 0 00 00 0 1 0 0 1 1 f f
7 0 0 05 0 0 0 1 0 0 00 00 0 1 0 0 0 1 f f
7 0 1 80 0 0 0 1 0 0 00 00 0 1 0 0 1 1 f f
7 0 1 93 0 0 0 1 0 0 00 00 0 1 0 0 1 1 f f
7 0 0 04 0 0 0 1 0 0 00 00 0 1 0 0 0 1 f f
7 0 1 07 1 2 1 1 2 3 07 ff 0 1 0 0 0 1 f f
7 0 1 73 0 0 0 1 0 0 00 00 0 1 0 0 1 1 f f
7 0 1 81 0 0 0 1 0 0 00 00 0 1 0 0 1 1 f f
7 0 1 06 0 0 0 1 0 0 00 00 0 1 0 0 1 1 f f
7 0 1 04 0 0 0 1 0 0 00 00 0 1 0 0 1 1 f f
7 0 0 06 1 3 0 1 0 0 00 00 0 1 0 0 0 1 7 f
7 0 1 05 0 0 1 1 3 3 05 ff 0 1 0 0 0 1 f f
7 0 1 07 1 0 0 1 0 0 00 00 1 1 2 3 0 1 e f
7 0 1 08 1 3 1 1 0 3 08 ff 0 1 0 0 0 1 7 f
7 0 1 04 0 0 1 1 3 3 04 ff 0 1 0 0 0 1 f f
7 0 1 01 1 2 1 1 2 3 01 ff 0 1 0 0 0 1 f f
7 0 0 07 1 0 0 1 0 0 00 00 0 1 0 0 0 1 e f
7 0 0 45 1 2 0 1 0 0 00 00 0 1 0 0 0 1 a f
7 0 0 4e 0 0 0 1 0 0 00 00 0 1 0 0 0 1 a f
7 0 1 5a 0 0 1 1 0 3 5a ff 0 1 0 0 0 1 b f
7 0 1 03 0 0 1 1 2 3 03 ff 0 1 0 0 0 1 f f
7 0 0 0d 0 0 0 1 0 0 00 00 0 1 0 0 0 1 f f
7 0 1 04 0 0 0 1 0 0 00 00 1 1 3 3 0 1 f f
7 0 1 07 0 0 0 1 0 0 00 00 0 1 0 0 1 1 f f
7 0 1 a2 0 0 0 1 0 0 00 00 0 1 0 0 1 1 f f
7 0 1 03 0 0 0 1 0 0 00 00 1 1 2 3 0 1 f f
7 0 0 c2 1 0 0 1 0 0 00 00 0 1 0 0 0 1 e f
7 0 0 00 0 0 0 1 0 0 00 00 0 1 0 0 0 1 e f
7 0 0 d2 0 0 0 1 0 0 00 00 0 1 0 0 0 1 e f
7 0 1 a5 0 0 1 1 0 3 a5 ff 0 1 0 0 0 1 f f
7 0 1 05 0 0 0 1 0 0 00 00 0 1 0 0 1 1 f f
7 0 0 f2 0 0 0 1 0 0 00 00 0 1 0 0 0 1 f f
7 0 1 00 0 0 0 1 0 0 00 00 0 1 0 0 1 1 f f
7 0 1 ce 0 0 0 1 0 0 00 00 0 1 0 0 1 1 f f
7 0 1 17 0 0 0 1 0 0 00 00 0 1 0 0 1 1 f f
7 0 1 06 0 0 0 1 0 0 00 00 0 1 0 0 1 1 f f
7 0 1 f7 1 3 1 1 3 3 f7 ff 0 1 0 0 0 1 f f
7 0 0 04 0 0 0 1 0 0 00 00 0 1 0 0 0 1 f f
7 0 1 01 1 3 1 1 3 3 01 ff 0 1 0 0 0 1 f f
7 0 1 9b 1 3 1 1 3 3 9b ff 0 1 0 0 0 1 f f
7 0 0 f5 0 0 0 1 0 0 00 00 0 1 0 0 0 1 f f
7 1 1 12 1 0 0 1 0 0 00 00 0 1 0 0 0 1 0 f
7 0 0 28 0 0 0 1 0 0 00 00 0 1 0 0 0 1 0 f
7 0 1 34 0 0 1 1 0 3 34 ff 0 1 0 0 0 1 1 f
7 0 1 0c 0 0 1 1 1 3 0c ff 0 1 0 0 0 1 3 f
7 0 1 54 0 0 1 1 2 3 54 ff 0 1 0 0 0 1 7 f
7 0 1 7d 0 0 1 1 3 3 7d ff 0 1 0 0 0 1 f f
7 0 1 07 1 2 1 1 2 3 07 ff 0 1 0 0 0 1 f f
7 0 1 00 1 2 1 1 2 3 00 ff 0 1 0 0 0 1 f f
7 0 0 00 1 3 0 1 0 0 00 00 0 1 0 0 0 1 7 f
7 0 1 49 0 0 1 1 3 3 49 ff 0 1 0 0 0 1 f f
7 0 1 06 0 0 0 1 0 0 00 00 0 1 0 0 1 1 f f
7 0 0 01 0 0 0 1 0 0 00 00 0 1 0 0 0 1 f f
7 0 1 10 0 0 0 1 0 0 00 00 0 1 0 0 1 1 f f
7 0 1 05 1 3 1 1 3 3 05 ff 0 1 0 0 0 1 f f
7 0 0 fd 0 0 0 1 0 0 00 00 0 1 0 0 0 1 f f
7 0 1 05 1 1 0 1 0 0 00 00 1 1 3 3 0 1 d f
7 0 1 db 0 0 1 1 1 3 db ff 0 1 0 0 0 1 f f
7 0 0 05 0 0 0 1 0 0 00 00 0 1 0 0 0 1 f f
7 0 1 04 0 0 0 1 0 0 00 00 0 1 0 0 1 1 f f
7 0 1 77 0 0 0 1 0 0 00 00 0 1 0 0 1 1 f f
7 0 1 00 0 0 0 1 0 0 00 00 1 1 2 3 0 1 f f
7 0 1 f5 1 2 1 1 2 3 f5 ff 0 1 0 0 0 1 f f
7 0 1 4d 0 0 0 1 0 0 00 00 0 1 0 0 1 1 f f
7 0 1 01 0 0 0 1 0 0 00 00 0 1 0 0 1 1 f f
7 0 1 06 0 0 0 1 0 0 00 00 0 1 0 0 1 1 f f
7 0 0 4c 0 0 0 1 0 0 00 00 0 1 0 0 0 1 f f
7 0 1 05 1 3 1 1 3 3 05 ff 0 1 0 0 0 1 f f
7 0 1 d1 1 2 1 1 2 3 d1 ff 0 1 0 0 0 1 f f
7 0 1 50 0 0 0 1 0 0 00 00 0 1 0 0 1 1 f f
7 0 1 03 1 2 1 1 2 3 03 ff 0 1 0 0 0 1 f f
7 0 0 25 0 0 0 1 0 0 00 00 0 1 0 0 0 1 f f
7 0 1 03 0 0 0 1 0 0 00 00 1 1 2 3 0 1 f f
7 0 1 24 0 0 0 1 0 0 00 00 0 1 0 0 1 1 f f
7 0 1 cf 1 0 1 1 0 3 cf ff 0 1 0 0 0 1 f f
7 0 1 2d 0 0 0 1 0 0 00 00 0 1 0 0 1 1 f f
7 0 1 05 0 0 0 1 0 0 00 00 1 1 3 3 0 1 f f
7 0 1 05 0 0 0 1 0 0 00 00 1 1 3 3 0 1 f f
7 0 0 02 0 0 0 1 0 0 00 00 0 1 0 0 0 1 f f
7 0 0 07 1 3 0 1 0 0 00 00 0 1 0 0 0 1 7 f
7 0 0 00 0 0 0 1 0 0 00 00 0 1 0 0 0 1 7 f
7 0 0 01 0 0 0 1 0 0 00 00 0 1 0 0 0 1 7 f
7 0 0 07 0 0 0 1 0 0 00 00 0 1 0 0 0 1 7 f
7 0 0 fe 1 2 0 1 0 0 00 00 0 1 0 0 0 1 3 f
7 0 1 66 1 0 1 1 0 3 66 ff 0 1 0 0 0 1 3 f
7 0 0 05 1 1 0 1 0 0 00 00 0 1 0 0 0 1 1 f
7 0 1 01 0 0 1 1 1 3 01 ff 0 1 0 0 0 1 3 f
7 0 0 01 1 1 0 1 0 0 00 00 0 1 0 0 0 1 1 f
7 0 0 6c 0 0 0 1 0 0 00 00 0 1 0 0 0 1 1 f
7 0 0 0c 1 0 0 1 0 0 00 00 0 1 0 0 0 1 0 f
7 0 0 07 0 0 0 1 0 0 00 00 0 1 0 0 0 1 0 f
7 0 0 03 0 0 0 1 0 0 00 00 0 1 0 0 0 1 0 f
7 0 0 92 0 0 0 1 0 0 00 00 0 1 0 0 0 1 0 f
7 0 1 06 0 0 1 1 0 3 06 ff 0 1 0 0 0 1 1 f
7 0 1 01 0 0 1 1 1 3 01 ff 0 1 0 0 0 1 3 f
7 0 0 df 1 1 0 1 0 0 00 00 0 1 0 0 0 1 1 f
7 0 1 7e 0 0 1 1 1 3 7e ff 0 1 0 0 0 1 3 f
7 0 1 16 0 0 1 1 2 3 16 ff 0 1 0 0 0 1 7 f
7 0 1 01 0 0 1 1 3 3 01 ff 0 1 0 0 0 1 f f
7 0 1 1c 1 0 1 1 0 3 1c ff 0 1 0 0 0 1 f f
7 0 1 54 0 0 0 1 0 0 00 00 0 1 0 0 1 1 f f
7 0 1 05 1 2 1 1 2 3 05 ff 0 1 0 0 0 1 f f
7 0 1 00 0 0 0 1 0 0 00 00 0 1 0 0 1 1 f f
7 0 1 4d 1 1 1 1 1 3 4d ff 0 1 0 0 0 1 f f
7 0 0 00 0 0 0 1 0 0 00 00 0 1 0 0 0 1 f f
7 0 1 00 1 2 1 1 2 3 00 ff 0 1 0 0 0 1 f f
7 0 0 01 1 1 0 1 0 0 00 00 0 1 0 0 0 1 d f
7 0 0 b1 0 0 0 1 0 0 00 00 0 1 0 0 0 1 d f
7 0 0 04 1 3 0 1 0 0 00 00 0 1 0 0 0 1 5 f
7 0 1 03 0 0 1 1 1 3 03 ff 0 1 0 0 0 1 7 f
7 0 0 03 0 0 0 1 0 0 00 00 0 1 0 0 0 1 7 f
7 0 0 d2 1 2 0 1 0 0 00 00 0 1 0 0 0 1 3 f
7 0 1 05 0 0 1 1 2 3 05 ff 0 1 0 0 0 1 7 f
7 0 0 01 0 0 0 1 0 0 00 00 0 1 0 0 0 1 7 f
7 0 1 06 0 0 1 1 3 3 06 ff 0 1 0 0 0 1 f f
7 0 0 02 1 3 0 1 0 0 00 00 0 1 0 0 0 1 7 f
7 0 1 aa 0 0 1 1 3 3 aa ff 0 1 0 0 0 1 f f
7 0 0 a4 0 0 0 1 0 0 00 00 0 1 0 0 0 1 f f
7 0 0 05 1 3 0 1 0 0 00 00 0 1 0 0 0 1 7 f
7 0 0 7e 1 1 0 1 0 0 00 00 0 1 0 0 0 1 5 f
7 0 0 04 0 0 0 1 0 0 00 00 0 1 0 0 0 1 5 f
7 0 0 6a 0 0 0 1 0 0 00 00 0 1 0 0 0 1 5 f
7 0 0 01 0 0 0 1 0 0 00 00 0 1 0 0 0 1 5 f
7 0 0 04 0 0 0 1 0 0 00 00 0 1 0 0 0 1 5 f
7 0 0 9f 0 0 0 1 0 0 00 00 0 1 0 0 0 1 5 f
7 0 1 85 1 2 1 1 1 3 85 ff 0 1 0 0 0 1 3 f
7 0 0 00 0 0 0 1 0 0 00 00 0 1 0 0 0 1 3 f
7 0 1 04 0 0 1 1 2 3 04 ff 0 1 0 0 0 1 7 f
7 0 0 06 0 0 0 1 0 0 00 00 0 1 0 0 0 1 7 f
7 0 1 03 0 0 1 1 3 3 03 ff 0 1 0 0 0 1 f f
7 0 1 28 1 1 1 1 1 3 28 ff 0 1 0 0 0 1 f f
7 0 1 01 0 0 0 1 0 0 00 00 0 1 0 0 1 1 f f
7 0 1 11 1 1 1 1 1 3 11 ff 0 1 0 0 0 1 f f
7 0 1 00 1 1 1 1 1 3 00 ff 0 1 0 0 0 1 f f
7 0 0 04 1 0 0 1 0 0 00 00 0 1 0 0 0 1 e f
7 0 1 53 0 0 1 1 0 3 53 ff 0 1 0 0 0 1 f f
7 0 1 07 1 0 1 1 0 3 07 ff 0 1 0 0 0 1 f f
7 0 0 01 1 2 0 1 0 0 00 00 0 1 0 0 0 1 b f
7 0 1 01 1 0 1 1 0 3 01 ff 0 1 0 0 0 1 b f
7 0 1 d9 1 1 1 1 1 3 d9 ff 0 1 0 0 0 1 b f
7 0 1 fc 0 0 1 1 2 3 fc ff 0 1 0 0 0 1 f f
7 0 0 d9 0 0 0 1 0 0 00 00 0 1 0 0 0 1 f f
7 0 1 5e 0 0 0 1 0 0 00 00 0 1 0 0 1 1 f f
7 0 0 2a 0 0 0 1 0 0 00 00 0 1 0 0 0 1 f f
7 0 0 e4 0 0 0 1 0 0 00 00 0 1 0 0 0 1 f f
7 0 0 9b 1 1 0 1 0 0 00 00 0 1 0 0 0 1 d f
7 0 0 02 0 0 0 1 0 0 00 00 0 1 0 0 0 1 d f
7 0 1 5a 1 2 1 1 1 3 5a ff 0 1 0 0 0 1 b f
7 0 1 57 1 0 1 1 0 3 57 ff 0 1 0 0 0 1 b f
7 0 0 06 1 1 0 1 0 0 00 00 0 1 0 0 0 1 9 f
7 0 0 d1 0 0 0 1 0 0 00 00 0 1 0 0 0 1 9 f
7 0 1 00 0 0 1 1 1 3 00 ff 0 1 0 0 0 1 b f
7 0 1 06 0 0 1 1 2 3 06 ff 0 1 0 0 0 1 f f
7 0 0 03 1 3 0 1 0 0 00 00 0 1 0 0 0 1 7 f
7 0 1 02 0 0 1 1 3 3 02 ff 0 1 0 0 0 1 f f
7 0 0 07 0 0 0 1 0 0 00 00 0 1 0 0 0 1 f f
7 0 1 00 1 0 0 1 0 0 00 00 1 1 1 3 0 1 e f
7 0 1 ae 1 1 1 1 0 3 ae ff 0 1 0 0 0 1 d f
7 0 1 05 0 0 1 1 1 3 05 ff 0 1 0 0 0 1 f f
7 0 1 f6 1 2 1 1 2 3 f6 ff 0 1 0 0 0 1 f f
7 0 1 d3 1 1 1 1 1 3 d3 ff 0 1 0 0 0 1 f f
7 0 0 07 0 0 0 1 0 0 00 00 0 1 0 0 0 1 f f
7 0 1 03 0 0 0 1 0 0 00 00 0 1 0 0 1 1 f f
7 0 0 04 0 0 0 1 0 0 00 00 0 1 0 0 0 1 f f
7 0 0 d7 0 0 0 1 0 0 00 00 0 1 0 0 0 1 f f
7 0 0 03 0 0 0 1 0 0 00 00 0 1 0 0 0 1 f f
7 0 1 02 0 0 0 1 0 0 00 00 1 1 3 3 0 1 f f
7 0 0 fe 0 0 0 1 0 0 00 00 0 1 0 0 0 1 f f
7 0 0 03 0 0 0 1 0 0 00 00 0 1 0 0 0 1 f f
7 0 0 82 1 0 0 1 0 0 00 00 0 1 0 0 0 1 e f
7 0 1 d0 1 2 1 1 0 3 d0 ff 0 1 0 0 0 1 b f
7 0 1 02 0 0 0 1 0 0 00 00 1 1 3 3 0 1 b f
7 0 0 49 0 0 0 1 0 0 00 00 0 1 0 0 0 1 b f
7 0 1 06 0 0 1 1 2 3 06 ff 0 1 0 0 0 1 f f
7 0 0 1f 1 2 0 1 0 0 00 00 0 1 0 0 0 1 b f
7 0 1 8e 1 1 1 1 1 3 8e ff 0 1 0 0 0 1 b f
7 0 1 e4 0 0 1 1 2 3 e4 ff 0 1 0 0 0 1 f f
7 0 1 07 1 2 1 1 2 3 07 ff 0 1 0 0 0 1 f f
7 0 1 09 1 0 1 1 0 3 09 ff 0 1 0 0 0 1 f f
7 0 1 02 0 0 0 1 0 0 00 00 1 1 3 3 0 1 f f
7 0 1 05 0 0 0 1 0 0 00 00 0 1 0 0 1 1 f f
7 0 0 05 0 0 0 1 0 0 00 00 0 1 0 0 0 1 f f
7 0 1 04 0 0 0 1 0 0 00 00 0 1 0 0 1 1 f f
7 0 1 5e 0 0 0 1 0 0 00 00 0 1 0 0 1 1 f f
7 0 1 61 1 0 1 1 0 3 61 ff 0 1 0 0 0 1 f f
7 0 1 2c 0 0 0 1 0 0 00 00 0 1 0 0 1 1 f f
7 0 1 04 1 1 1 1 1 3 04 ff 0 1 0 0 0 1 f f
7 0 0 05 0 0 0 1 0 0 00 00 0 1 0 0 0 1 f f
7 0 0 05 0 0 0 1 0 0 00 00 0 1 0 0 0 1 f f
7 0 0 62 0 0 0 1 0 0 00 00 0 1 0 0 0 1 f f
7 0 0 ac 1 3 0 1 0 0 00 00 0 1 0 0 0 1 7 f
7 0 1 04 0 0 0 1 0 0 00 00 1 1 1 3 0 1 7 f
7 0 0 07 0 0 0 1 0 0 00 00 0 1 0 0 0 1 7 f
7 0 1 04 0 0 0 1 0 0 00 00 1 1 1 3 0 1 7 f
7 0 1 b4 1 1 1 1 1 3 b4 ff 0 1 0 0 0 1 7 f
7 0 1 9c 0 0 1 1 3 3 9c ff 0 1 0 0 0 1 f f
7 0 0 e0 0 0 0 1 0 0 00 00 0 1 0 0 0 1 f f
7 0 0 00 1 0 0 1 0 0 00 00 0 1 0 0 0 1 e f
7 0 1 af 0 0 1 1 0 3 af ff 0 1 0 0 0 1 f f
7 0 1 ad 1 1 1 1 1 3 ad ff 0 1 0 0 0 1 f f
7 0 1 04 0 0 0 1 0 0 00 00 0 1 0 0 1 1 f f
7 0 0 07 0 0 0 1 0 0 00 00 0 1 0 0 0 1 f f
7 0 1 6e 1 1 1 1 1 3 6e ff 0 1 0 0 0 1 f f
7 0 1 65 0 0 0 1 0 0 00 00 0 1 0 0 1 1 f f
7 0 1 07 0 0 0 1 0 0 00 00 1 1 2 3 0 1 f f
7 0 0 07 0 0 0 1 0 0 00 00 0 1 0 0 0 1 f f
7 0 1 02 0 0 0 1 0 0 00 00 0 1 0 0 1 1 f f
7 0 0 13 1 3 0 1 0 0 00 00 0 1 0 0 0 1 7 f
7 0 0 98 1 1 0 1 0 0 00 00 0 1 0 0 0 1 5 f
7 0 1 07 1 0 0 1 0 0 00 00 1 1 2 3 0 1 4 f
7 0 1 03 0 0 1 1 0 3 03 ff 0 1 0 0 0 1 5 f
7 0 1 02 0 0 1 1 1 3 02 ff 0 1 0 0 0 1 7 f
7 0 0 07 1 1 0 1 0 0 00 00 0 1 0 0 0 1 5 f
7 0 0 01 0 0 0 1 0 0 00 00 0 1 0 0 0 1 5 f
7 0 1 4f 0 0 1 1 1 3 4f ff 0 1 0 0 0 1 7 f
7 0 1 3d 0 0 1 1 3 3 3d ff 0 1 0 0 0 1 f f
7 0 1 de 0 0 0 1 0 0 00 00 0 1 0 0 1 1 f f
7 0 0 a4 0 0 0 1 0 0 00 00 0 1 0 0 0 1 f f
7 0 1 05 1 1 1 1 1 3 05 ff 0 1 0 0 0 1 f f
7 0 0 06 0 0 0 1 0 0 00 00 0 1 0 0 0 1 f f
7 0 1 5b 1 3 1 1 3 3 5b ff 0 1 0 0 0 1 f f
7 0 0 0c 0 0 0 1 0 0 00 00 0 1 0 0 0 1 f f
7 0 1 81 0 0 0 1 0 0 00 00 0 1 0 0 1 1 f f
7 0 0 06 0 0 0 1 0 0 00 00 0 1 0 0 0 1 f f
7 0 0 04 0 0 0 1 0 0 00 00 0 1 0 0 0 1 f f
7 0 1 c7 1 2 1 1 2 3 c7 ff 0 1 0 0 0 1 f f
7 0 1 05 0 0 0 1 0 0 00 00 1 1 1 3 0 1 f f
7 0 1 7e 0 0 0 1 0 0 00 00 0 1 0 0 1 1 f f
7 0 0 46 1 2 0 1 0 0 00 00 0 1 0 0 0 1 b f
7 0 1 04 0 0 1 1 2 3 04 ff 0 1 0 0 0 1 f f
7 0 1 00 0 0 0 1 0 0 00 00 0 1 0 0 1 1 f f
7 0 0 02 0 0 0 1 0 0 00 00 0 1 0 0 0 1 f f
7 0 1 81 0 0 0 1 0 0 00 00 0 1 0 0 1 1 f f
7 0 1 05 1 0 0 1 0 0 00 00 1 1 1 3 0 1 e f
7 0 0 02 0 0 0 1 0 0 00 00 0 1 0 0 0 1 e f
7 0 0 d3 0 0 0 1 0 0 00 00 0 1 0 0 0 1 e f
7 0 0 79 0 0 0 1 0 0 00 00 0 1 0 0 0 1 e f
7 0 1 0f 1 3 1 1 0 3 0f ff 0 1 0 0 0 1 7 f
7 0 1 06 0 0 1 1 3 3 06 ff 0 1 0 0 0 1 f f
7 0 0 00 0 0 0 1 0 0 00 00 0 1 0 0 0 1 f f
7 0 1 05 0 0 0 1 0 0 00 00 1 1 1 3 0 1 f f
7 0 0 07 0 0 0 1 0 0 00 00 0 1 0 0 0 1 f f
7 0 0 87 1 2 0 1 0 0 00 00 0 1 0 0 0 1 b f
7 0 1 73 0 0 1 1 2 3 73 ff 0 1 0 0 0 1 f f
7 0 1 03 0 0 0 1 0 0 00 00 0 1 0 0 1 1 f f
7 0 0 02 1 1 0 1 0 0 00 00 0 1 0 0 0 1 d f
7 0 1 58 0 0 1 1 1 3 58 ff 0 1 0 0 0 1 f f
7 0 1 06 1 2 0 1 0 0 00 00 1 1 3 3 0 1 b f
7 0 0 04 1 0 0 1 0 0 00 00 0 1 0 0 0 1 a f
7 0 1 d6 0 0 1 1 0 3 d6 ff 0 1 0 0 0 1 b f
7 0 1 00 0 0 1 1 2 3 00 ff 0 1 0 0 0 1 f f
7 0 0 02 1 1 0 1 0 0 00 00 0 1 0 0 0 1 d f
7 0 0 b9 0 0 0 1 0 0 00 00 0 1 0 0 0 1 d f
7 0 1 01 0 0 1 1 1 3 01 ff 0 1 0 0 0 1 f f
7 0 1 c1 0 0 0 1 0 0 00 00 0 1 0 0 1 1 f f
7 0 0 25 0 0 0 1 0 0 00 00 0 1 0 0 0 1 f f
7 0 1 03 0 0 0 1 0 0 00 00 0 1 0 0 1 1 f f
7 0 1 00 1 0 0 1 0 0 00 00 1 1 2 3 0 1 e f
7 0 0 05 0 0 0 1 0 0 00 00 0 1 0 0 0 1 e f
7 0 1 ee 0 0 1 1 0 3 ee ff 0 1 0 0 0 1 f f
7 0 0 b4 0 0 0 1 0 0 00 00 0 1 0 0 0 1 f f
7 0 0 87 0 0 0 1 0 0 00 00 0 1 0 0 0 1 f f
7 0 1 06 0 0 0 1 0 0 00 00 1 1 3 3 0 1 f f
7 0 0 65 0 0 0 1 0 0 00 00 0 1 0 0 0 1 f f
7 0 1 f9 1 2 1 1 2 3 f9 ff 0 1 0 0 0 1 f f
7 0 1 ff 1 1 1 1 1 3 ff ff 0 1 0 0 0 1 f f
7 0 0 07 0 0 0 1 0 0 00 00 0 1 0 0 0 1 f f
7 0 1 05 1 0 1 1 0 3 05 ff 0 1 0 0 0 1 f f
7 0 0 e5 0 0 0 1 0 0 00 00 0 1 0 0 0 1 f f
7 0 1 0a 0 0 0 1 0 0 00 00 0 1 0 0 1 1 f f
7 0 1 c4 0 0 0 1 0 0 00 00 0 1 0 0 1 1 f f
7 0 1 5a 0 0 0 1 0 0 00 00 0 1 0 0 1 1 f f
7 0 0 00 1 3 0 1 0 0 00 00 0 1 0 0 0 1 7 f
7 0 1 00 0 0 1 1 3 3 00 ff 0 1 0 0 0 1 f f
7 0 0 58 1 3 0 1 0 0 00 00 0 1 0 0 0 1 7 f
7 0 1 8e 1 0 1 1 0 3 8e ff 0 1 0 0 0 1 7 f
7 0 1 02 0 0 1 1 3 3 02 ff 0 1 0 0 0 1 f f
7 0 1 9a 0 0 0 1 0 0 00 00 0 1 0 0 1 1 f f
7 0 0 03 0 0 0 1 0 0 00 00 0 1 0 0 0 1 f f
7 0 1 ef 0 0 0 1 0 0 00 00 0 1 0 0 1 1 f f
7 0 1 a5 1 0 1 1 0 3 a5 ff 0 1 0 0 0 1 f f
7 0 1 5d 0 0 0 1 0 0 00 00 0 1 0 0 1 1 f f
7 0 1 71 0 0 0 1 0 0 00 00 0 1 0 0 1 1 f f
7 0 1 07 0 0 0 1 0 0 00 00 0 1 0 0 1 1 f f
7 0 1 9d 0 0 0 1 0 0 00 00 0 1 0 0 1 1 f f
7 0 1 07 0 0 0 1 0 0 00 00 0 1 0 0 1 1 f f
7 0 0 07 1 3 0 1 0 0 00 00 0 1 0 0 0 1 7 f
7 0 0 94 0 0 0 1 0 0 00 00 0 1 0 0 0 1 7 f
7 0 1 34 1 0 1 1 0 3 34 ff 0 1 0 0 0 1 7 f
7 0 1 e4 0 0 1 1 3 3 e4 ff 0 1 0 0 0 1 f f
7 0 0 2e 0 0 0 1 0 0 00 00 0 1 0 0 0 1 f f
7 0 1 03 0 0 0 1 0 0 00 00 0 1 0 0 1 1 f f
7 0 0 05 0 0 0 1 0 0 00 00 0 1 0 0 0 1 f f
7 0 1 01 0 0 0 1 0 0 00 00 0 1 0 0 1 1 f f
7 0 1 54 1 3 1 1 3 3 54 ff 0 1 0 0 0 1 f f
7 0 0 b7 1 2 0 1 0 0 00 00 0 1 0 0 0 1 b f
7 0 0 1c 0 0 0 1 0 0 00 00 0 1 0 0 0 1 b f
7 0 1 7e 1 1 1 1 1 3 7e ff 0 1 0 0 0 1 b f
7 0 0 37 0 0 0 1 0 0 00 00 0 1 0 0 0 1 b f
7 0 1 06 1 0 1 1 0 3 06 ff 0 1 0 0 0 1 b f
7 0 0 07 0 0 0 1 0 0 00 00 0 1 0 0 0 1 b f
7 0 1 9c 0 0 1 1 2 3 9c ff 0 1 0 0 0 1 f f
7 0 1 6c 0 0 0 1 0 0 00 00 0 1 0 0 1 1 f f
7 0 1 00 0 0 0 1 0 0 00 00 0 1 0 0 1 1 f f
7 0 0 a1 0 0 0 1 0 0 00 00 0 1 0 0 0 1 f f
7 0 1 04 0 0 0 1 0 0 00 00 0 1 0 0 1 1 f f
7 0 1 02 0 0 0 1 0 0 00 00 0 1 0 0 1 1 f f
7 0 1 04 0 0 0 1 0 0 00 00 0 1 0 0 1 1 f f
7 0 1 0b 0 0 0 1 0 0 00 00 0 1 0 0 1 1 f f
7 0 0 06 0 0 0 1 0 0 00 00 0 1 0 0 0 1 f f
7 0 1 67 0 0 0 1 0 0 00 00 0 1 0 0 1 1 f f
7 0 0 9e 0 0 0 1 0 0 00 00 0 1 0 0 0 1 f f
7 0 1 7c 0 0 0 1 0 0 00 00 0 1 0 0 1 1 f f
7 0 1 92 1 0 1 1 0 3 92 ff 0 1 0 0 0 1 f f
7 0 0 04 1 3 0 1 0 0 00 00 0 1 0 0 0 1 7 f
7 0 0 49 1 1 0 1 0 0 00 00 0 1 0 0 0 1 5 f
7 0 1 07 0 0 1 1 1 3 07 ff 0 1 0 0 0 1 7 f
7 0 0 05 0 0 0 1 0 0 00 00 0 1 0 0 0 1 7 f
7 0 1 01 1 2 1 1 2 3 01 ff 0 1 0 0 0 1 7 f
7 0 0 dd 1 0 0 1 0 0 00 00 0 1 0 0 0 1 6 f
7 0 0 01 0 0 0 1 0 0 00 00 0 1 0 0 0 1 6 f
7 0 1 01 0 0 0 1 0 0 00 00 1 1 2 3 0 1 6 f
7 0 1 2b 0 0 1 1 0 3 2b ff 0 1 0 0 0 1 7 f
7 0 0 5d 0 0 0 1 0 0 00 00 0 1 0 0 0 1 7 f
7 0 0 ba 1 2 0 1 0 0 00 00 0 1 0 0 0 1 3 f
7 0 0 01 1 0 0 1 0 0 00 00 0 1 0 0 0 1 2 f
7 0 1 cf 0 0 1 1 0 3 cf ff 0 1 0 0 0 1 3 f
7 0 1 02 1 1 1 1 1 3 02 ff 0 1 0 0 0 1 3 f
7 0 0 03 0 0 0 1 0 0 00 00 0 1 0 0 0 1 3 f
7 0 1 25 1 1 1 1 1 3 25 ff 0 1 0 0 0 1 3 f
7 0 0 02 1 0 0 1 0 0 00 00 0 1 0 0 0 1 2 f
7 0 1 4d 1 1 1 1 0 3 4d ff 0 1 0 0 0 1 1 f
7 0 1 e0 0 0 1 1 1 3 e0 ff 0 1 0 0 0 1 3 f
7 0 1 05 1 0 1 1 0 3 05 ff 0 1 0 0 0 1 3 f
7 0 0 25 1 0 0 1 0 0 00 00 0 1 0 0 0 1 2 f
7 0 1 33 0 0 1 1 0 3 33 ff 0 1 0 0 0 1 3 f
7 0 1 b1 0 0 1 1 2 3 b1 ff 0 1 0 0 0 1 7 f
7 0 1 0a 0 0 1 1 3 3 0a ff 0 1 0 0 0 1 f f
7 0 1 5f 1 3 1 1 3 3 5f ff 0 1 0 0 0 1 f f
7 0 1 59 0 0 0 1 0 0 00 00 0 1 0 0 1 1 f f
7 0 0 05 0 0 0 1 0 0 00 00 0 1 0 0 0 1 f f
7 0 1 05 1 0 1 1 0 3 05 ff 0 1 0 0 0 1 f f
7 0 1 04 0 0 0 1 0 0 00 00 0 1 0 0 1 1 f f
7 0 1 4a 0 0 0 1 0 0 00 00 0 1 0 0 1 1 f f
7 0 1 20 0 0 0 1 0 0 00 00 0 1 0 0 1 1 f f
7 1 0 04 0 0 0 1 0 0 00 00 0 1 0 0 0 1 0 f
7 0 1 06 0 0 1 1 0 3 06 ff 0 1 0 0 0 1 1 f
7 0 1 01 0 0 1 1 1 3 01 ff 0 1 0 0 0 1 3 f
7 0 0 05 0 0 0 1 0 0 00 00 0 1 0 0 0 1 3 f
7 0 0 f3 0 0 0 1 0 0 00 00 0 1 0 0 0 1 3 f
7 0 0 38 1 1 0 1 0 0 00 00 0 1 0 0 0 1 1 f
7 0 0 0f 0 0 0 1 0 0 00 00 0 1 0 0 0 1 1 f
7 0 1 01 0 0 1 1 1 3 01 ff 0 1 0 0 0 1 3 f
7 0 1 d2 0 0 1 1 2 3 d2 ff 0 1 0 0 0 1 7 f
7 0 1 00 0 0 1 1 3 3 00 ff 0 1 0 0 0 1 f f
7 0 0 67 1 1 0 1 0 0 00 00 0 1 0 0 0 1 d f
7 0 0 6f 0 0 0 1 0 0 00 00 0 1 0 0 0 1 d f
7 0 1 00 1 0 0 1 0 0 00 00 1 1 3 3 0 1 c f
7 0 0 13 1 2 0 1 0 0 00 00 0 1 0 0 0 1 8 f
7 0 1 5d 0 0 1 1 0 3 5d ff 0 1 0 0 0 1 9 f
7 0 0 8a 0 0 0 1 0 0 00 00 0 1 0 0 0 1 9 f
7 0 1 f2 1 3 1 1 1 3 f2 ff 0 1 0 0 0 1 3 f
7 0 1 c6 1 0 1 1 0 3 c6 ff 0 1 0 0 0 1 3 f
7 0 0 05 1 1 0 1 0 0 00 00 0 1 0 0 0 1 1 f
7 0 1 07 1 0 1 1 0 3 07 ff 0 1 0 0 0 1 1 f
7 0 1 02 0 0 1 1 1 3 02 ff 0 1 0 0 0 1 3 f
7 0 0 52 0 0 0 1 0 0 00 00 0 1 0 0 0 1 3 f
7 0 1 92 0 0 1 1 2 3 92 ff 0 1 0 0 0 1 7 f
7 0 0 a6 0 0 0 1 0 0 00 00 0 1 0 0 0 1 7 f
7 0 0 04 0 0 0 1 0 0 00 00 0 1 0 0 0 1 7 f
7 0 1 04 0 0 1 1 3 3 04 ff 0 1 0 0 0 1 f f
7 0 0 ca 0 0 0 1 0 0 00 00 0 1 0 0 0 1 f f
7 0 1 e5 0 0 0 1 0 0 00 00 0 1 0 0 1 1 f f
7 0 1 05 0 0 0 1 0 0 00 00 0 1 0 0 1 1 f f
7 0 1 01 1 3 1 1 3 3 01 ff 0 1 0 0 0 1 f f
7 0 1 05 1 2 1 1 2 3 05 ff 0 1 0 0 0 1 f f
7 0 0 84 0 0 0 1 0 0 00 00 0 1 0 0 0 1 f f
7 0 0 ea 1 2 0 1 0 0 00 00 0 1 0 0 0 1 b f
7 0 1 04 0 0 1 1 2 3 04 ff 0 1 0 0 0 1 f f
7 0 1 2b 0 0 0 1 0 0 00 00 0 1 0 0 1 1 f f
7 0 0 11 1 1 0 1 0 0 00 00 0 1 0 0 0 1 d f
7 0 1 02 0 0 1 1 1 3 02 ff 0 1 0 0 0 1 f f
7 0 0 53 1 0 0 1 0 0 00 00 0 1 0 0 0 1 e f
7 0 0 7f 0 0 0 1 0 0 00 00 0 1 0 0 0 1 e f
7 0 1 06 1 1 1 1 0 3 06 ff 0 1 0 0 0 1 d f
7 0 0 7b 0 0 0 1 0 0 00 00 0 1 0 0 0 1 d f
7 0 0 02 0 0 0 1 0 0 00 00 0 1 0 0 0 1 d f
7 0 0 80 0 0 0 1 0 0 00 00 0 1 0 0 0 1 d f
7 0 1 05 0 0 1 1 1 3 05 ff 0 1 0 0 0 1 f f
7 0 1 38 0 0 0 1 0 0 00 00 0 1 0 0 1 1 f f
7 0 0 04 0 0 0 1 0 0 00 00 0 1 0 0 0 1 f f
7 0 1 05 0 0 0 1 0 0 00 00 1 1 1 3 0 1 f f
7 0 1 06 0 0 0 1 0 0 00 00 1 1 0 3 0 1 f f
7 0 1 0d 0 0 0 1 0 0 00 00 0 1 0 0 1 1 f f
7 0 0 07 0 0 0 1 0 0 00 00 0 1 0 0 0 1 f f
7 0 0 61 1 3 0 1 0 0 00 00 0 1 0 0 0 1 7 f
7 0 1 00 1 2 1 1 2 3 00 ff 0 1 0 0 0 1 7 f
7 0 1 07 1 0 1 1 0 3 07 ff 0 1 0 0 0 1 7 f
7 0 1 06 0 0 1 1 3 3 06 ff 0 1 0 0 0 1 f f
7 0 1 05 1 1 1 1 1 3 05 ff 0 1 0 0 0 1 f f
7 0 1 06 0 0 0 1 0 0 00 00 1 1 3 3 0 1 f f
7 0 0 8d 1 1 0 1 0 0 00 00 0 1 0 0 0 1 d f
7 0 0 19 1 2 0 1 0 0 00 00 0 1 0 0 0 1 9 f
7 0 1 07 0 0 0 1 0 0 00 00 1 1 0 3 0 1 9 f
7 0 1 db 0 0 1 1 1 3 db ff 0 1 0 0 0 1 b f
7 0 0 17 0 0 0 1 0 0 00 00 0 1 0 0 0 1 b f
7 0 0 04 0 0 0 1 0 0 00 00 0 1 0 0 0 1 b f
7 0 1 02 1 1 1 1 1 3 02 ff 0 1 0 0 0 1 b f
7 0 1 02 0 0 0 1 0 0 00 00 1 1 1 3 0 1 b f
7 0 1 fb 0 0 1 1 2 3 fb ff 0 1 0 0 0 1 f f
7 0 1 9a 0 0 0 1 0 0 00 00 0 1 0 0 1 1 f f
7 0 0 db 1 0 0 1 0 0 00 00 0 1 0 0 0 1 e f
7 0 1 e9 0 0 1 1 0 3 e9 ff 0 1 0 0 0 1 f f
7 0 0 48 0 0 0 1 0 0 00 00 0 1 0 0 0 1 f f
7 0 1 07 0 0 0 1 0 0 00 00 0 1 0 0 1 1 f f
